Date,Ticker,Open,High,Low,Close,Volume
2021-05-03,AAPL,128.60637073689202,130.58359545105438,128.401839986388,129.09336853027344,75135100
2021-05-03,AMZN,174.2364959716797,174.33250427246094,168.63499450683594,169.32449340820312,117510000
2021-05-03,GOOGL,117.2762166409626,118.10139729687744,115.81777346888248,116.19366455078124,28242000
2021-05-03,META,323.6303723508017,325.991815642022,319.33406985399984,320.0682983398437,18719500
2021-05-03,MSFT,243.1524133181081,244.0640067134721,240.9646184526716,241.67469787597656,19626600
2021-05-04,AAPL,127.77848641989289,128.070688075214,123.40524078183633,124.52533721923828,137564700
2021-05-04,AMZN,167.8094940185547,168.3990020751953,163.60650634765625,165.593505859375,108788000
2021-05-04,GOOGL,114.7292632611338,115.29657305551342,111.9090738290094,114.3960189819336,44818000
2021-05-04,META,317.5281817062086,319.68129851653737,310.6819140012216,315.881103515625,24032600
2021-05-04,MSFT,240.8206636019488,241.05096316703924,235.8213518591053,237.76925659179688,32756100
2021-05-05,AAPL,125.84023086704354,127.05772538948398,124.6422204183204,124.7688446044922,84000900
2021-05-05,AMZN,166.9429931640625,167.73500061035156,163.21800231933594,163.52699279785156,74226000
2021-05-05,GOOGL,115.47708449305684,115.79297039823858,114.46792338467594,114.78976440429688,26636000
2021-05-05,META,315.712469321402,318.56011770266906,312.0412666392364,312.567138671875,15577600
2021-05-05,MSFT,238.987880033093,239.4100885439412,235.87891671087567,236.50262451171875,21901300
2021-05-06,AAPL,124.56429785702493,126.37593028448455,123.8240591134078,126.36619567871094,78128300
2021-05-06,AMZN,163.5,165.72000122070312,162.36000061035156,165.31849670410156,88954000
2021-05-06,GOOGL,114.37122673822532,115.90951538085938,113.71217637295206,115.90951538085938,25190000
2021-05-06,META,312.0710832071615,317.7465475313496,310.8308159184837,317.5282592773437,19012200
2021-05-06,MSFT,236.4834442394811,239.7555457646202,234.79462473056245,239.63079833984372,26491100
2021-05-07,AAPL,127.66379062246624,128.0637957522919,126.3271401858517,127.03937530517578,78973300
2021-05-07,AMZN,165.95449829101562,166.54449462890625,164.45350646972656,164.58050537109375,94206000
2021-05-07,GOOGL,117.22563540770174,117.59061507127338,116.34639717350244,116.63253021240234,28898000
2021-05-07,META,319.86978158576386,320.42541870358406,316.2680418642121,316.595458984375,15916700
2021-05-07,MSFT,241.9529667059604,244.0160287966021,241.01260232215404,242.2504425048828,27032900
2021-05-10,AAPL,126.25886120807225,126.38568557584613,123.72216543128324,123.76119232177734,88071200
2021-05-10,AMZN,164.11599731445312,164.14999389648438,159.5,159.52450561523438,116772000
2021-05-10,GOOGL,115.45277455769148,115.59460767080654,113.290644369783,113.648193359375,30914000
2021-05-10,META,311.902371315404,312.130561078937,302.4564778555259,303.5876159667969,24239200
2021-05-10,MSFT,240.72473760173244,241.5499595305945,237.1263887215293,237.1839599609375,29299900
2021-05-11,AAPL,120.4927657999539,123.19531281841267,119.78053807914272,122.84408569335938,126142800
2021-05-11,AMZN,156.81399536132812,161.89999389648438,156.36849975585938,161.19549560546875,92396000
2021-05-11,GOOGL,111.23415327092532,113.0793988394498,110.78039927471382,112.57258605957033,34186000
2021-05-11,META,298.40825581482176,304.45083332141724,297.3565117661836,304.14324951171875,18920100
2021-05-11,MSFT,234.6603010402085,236.62740113121532,232.76037714863403,236.27235412597656,33641600
2021-05-12,AAPL,120.39521236408822,121.60501628867117,119.27321336720668,119.78054809570312,112172300
2021-05-12,AMZN,159.25,160.39700317382812,156.65499877929688,157.5970001220703,98728000
2021-05-12,GOOGL,110.39707540750636,111.47764498191351,108.78192267103177,109.11070251464844,46376000
2021-05-12,META,298.78528750586537,302.5854522871309,295.8681770868444,300.1942138671875,24645500
2021-05-12,MSFT,232.37654952810317,234.49718271340848,228.44236390313688,229.33474731445312,36684400
2021-05-13,AAPL,121.54648377421124,123.07825403932372,121.23427605914434,121.92698669433594,105861300
2021-05-13,AMZN,159.27349853515625,160.19200134277344,156.64999389648438,158.07350158691406,67018000
2021-05-13,GOOGL,110.39360709363976,111.0541481508422,109.43155712442402,110.53841400146484,33204000
2021-05-13,META,303.6967097732454,306.4550622284353,300.41248534825166,302.88311767578125,18079200
2021-05-13,MSFT,232.0215127667873,235.66784215247608,231.6568754357032,233.20176696777344,29624300
2021-05-14,AAPL,123.17581868284024,124.7758841676664,122.7855571745272,124.34659576416016,81918000
2021-05-14,AMZN,159.2779998779297,161.4429931640625,159.14999389648438,161.14500427246094,66500000
2021-05-14,GOOGL,112.00131096781348,113.29957888960938,111.577809256897,112.98517608642578,31996000
2021-05-14,META,307.12978931670204,314.3828679110663,306.673349284258,313.4799499511719,19245700
2021-05-14,MSFT,235.6486398477899,239.10304549849076,235.5622830009087,238.1147003173828,23901100
2021-05-17,AAPL,123.73194592296774,123.83926802992455,122.12212176223488,123.1953353881836,74244600
2021-05-17,AMZN,162.29649353027344,164.6374969482422,161.72950744628906,163.51950073242188,74478000
2021-05-17,GOOGL,112.25074645700624,113.55050506879932,111.85105006420112,113.5078582763672,21598000
2021-05-17,META,311.10856102432524,313.2219808293489,309.1538990283127,313.0036926269531,15401300
2021-05-17,MSFT,236.57940755176028,236.61778349101087,233.67194331645007,235.26480102539065,24970200
2021-05-18,AAPL,123.47825894714308,123.8977887358132,121.74160317568686,121.80989837646484,63342900
2021-05-18,AMZN,164.62899780273438,165.60000610351562,161.51849365234375,161.61399841308594,56568000
2021-05-18,GOOGL,114.17384773504614,114.43816551572112,112.18230470309192,112.1961898803711,22204000
2021-05-18,META,313.1326760167942,314.0355939964766,307.3976828099841,307.5465087890625,14522400
2021-05-18,MSFT,236.31075341180204,236.44509117389677,233.07702751284305,233.249755859375,20168000
2021-05-19,AAPL,120.16104258276611,121.87818100914645,119.86834464183288,121.6537857055664,92612000
2021-05-19,AMZN,159.75,161.7375030517578,159.1999969482422,161.58999633789062,53594000
2021-05-19,GOOGL,110.50815409240448,112.81706629241611,110.35988157512776,112.6439971923828,23684000
2021-05-19,META,301.82148235708155,312.2099608190644,301.2063147190204,311.1482849121094,19106200
2021-05-19,MSFT,230.16246611695863,233.93262388279757,229.479613808698,233.8268280029297,25739800
2021-05-20,AAPL,122.18066775166191,124.61003446523176,122.05382847219842,124.21001434326172,76857100
2021-05-20,AMZN,162.22000122070312,162.98399353027344,161.8090057373047,162.38400268554688,52664000
2021-05-20,GOOGL,113.61101419771369,114.65240260155116,113.24007940429304,114.4019775390625,32352000
2021-05-20,META,311.1383774259706,316.76424276633463,310.72166460369823,316.12921142578125,17320200
2021-05-20,MSFT,234.63470174976987,238.472175691657,234.53851835238595,237.0583648681641,21800700
2021-05-21,AAPL,124.7075732975066,124.88319058200727,122.16112639405593,122.37577056884766,79295400
2021-05-21,AMZN,162.5,162.83450317382812,159.85049438476562,160.1540069580078,82098000
2021-05-21,GOOGL,114.92067995406296,114.99407844296304,113.52669887961432,113.76622009277344,40632000
2021-05-21,META,316.8039020331024,317.4389030180048,313.3509876603318,313.7677307128906,13600900
2021-05-21,MSFT,238.10671616214,238.83766010110827,235.38489032383157,235.79844665527344,21863100
2021-05-24,AAPL,122.9416492188892,124.82465387319236,122.87335402183648,124.0051040649414,63092900
2021-05-24,AMZN,160.77499389648438,162.8975067138672,160.52499389648438,162.24949645996094,48456000
2021-05-24,GOOGL,114.79570966912144,117.3079431253656,114.65041093317832,117.08429718017578,31832000
2021-05-24,META,315.73230041612777,323.4120547384483,315.5537092244351,322.1023254394531,16445400
2021-05-24,MSFT,238.3183170668216,241.5595101055293,238.04902113207515,241.19403076171875,21411500
2021-05-25,AAPL,124.7075784829674,125.19541091008112,123.24410353248182,123.80998229980467,72009500
2021-05-25,AMZN,163.33349609375,163.99099731445312,160.68800354003906,162.95249938964844,65222000
2021-05-25,GOOGL,117.6278039964334,118.22288412982375,116.78477317689254,117.175048828125,22440000
2021-05-25,META,324.53320796495933,326.6168625616901,322.27096218906894,325.2377014160156,16437000
2021-05-25,MSFT,242.14615993513493,243.08869557539975,241.2324763784631,242.0980682373047,17704300
2021-05-26,AAPL,123.86851440973156,124.28804417802036,123.34166255348856,123.76119232177734,56575900
2021-05-26,AMZN,163.72950744628906,164.7864990234375,162.92550659179688,163.25799560546875,47680000
2021-05-26,GOOGL,117.3560548531477,118.47034990255696,117.35308107918044,118.03990936279295,21572000
2021-05-26,META,325.79333340241755,327.2617901142244,323.2830342689029,325.10870361328125,9686900
2021-05-26,MSFT,241.81915798529013,243.271448088738,241.16515782189023,241.8768768310547,17771600
2021-05-27,AAPL,123.36119642849698,124.53197352741633,122.03431174645816,122.22943878173828,94625600
2021-05-27,AMZN,162.8000030517578,163.01800537109375,161.5019989013672,161.5054931640625,51224000
2021-05-27,GOOGL,118.47331515824985,118.47331515824985,116.84725869661128,117.1656265258789,35224000
2021-05-27,META,325.44610343491735,331.1810975830294,324.2157680993238,330.1591186523437,20477700
2021-05-27,MSFT,241.5690844118336,241.86723238709067,239.72247771865463,239.7801818847656,24426200
2021-05-28,AAPL,122.51236771666936,122.73677048730885,121.51720801205188,121.57574462890624,71311100
2021-05-28,AMZN,162.10000610351562,162.39950561523438,160.98500061035156,161.15350341796875,46596000
2021-05-28,GOOGL,117.7478111847202,117.82963157956378,116.67815310319966,116.8765106201172,21482000
2021-05-28,META,328.42269355471336,330.27812809646827,325.77346998443005,326.1703796386719,12037400
2021-05-28,MSFT,241.40559779033563,242.44431686460024,240.0206390246495,240.13604736328125,18270200
2021-06-01,AAPL,122.0342995003266,122.29772171588232,120.92205913488073,121.25377655029295,67637100
2021-06-01,AMZN,162.1750030517578,162.5489959716797,160.4530029296875,160.9324951171875,48600000
2021-06-01,GOOGL,117.74880281061728,118.30768309931028,116.74906245910417,118.08303833007812,23354000
2021-06-01,META,327.579338306124,328.839469050858,324.0966889019142,326.5672912597656,11765900
2021-06-01,MSFT,241.62677701036463,241.68448117371312,237.52000751313415,237.94317626953125,23213300
2021-06-02,AAPL,121.253779962891,122.19040306312084,121.02938463288338,122.01478576660156,59278900
2021-06-02,AMZN,161.15499877929688,161.75,160.39999389648438,161.69949340820312,40290000
2021-06-02,GOOGL,118.478278661861,118.70094093106418,116.65385700275765,117.55789184570312,21158000
2021-06-02,META,327.8075307847348,329.2859193445906,324.5729047910016,326.58709716796875,11654300
2021-06-02,MSFT,238.64532119633685,239.7417445032834,236.4428474366505,237.8470458984375,19406700
2021-06-03,AAPL,121.64403199734149,121.80989069682865,120.13177164794703,120.53179168701172,76229200
2021-06-03,AMZN,160.2115020751953,160.7220001220703,159.20150756835938,159.35049438476562,47966000
2021-06-03,GOOGL,116.3250837880577,116.88495540624524,115.52122648995612,116.41682434082033,18696000
2021-06-03,META,323.2433575381614,324.83090541378255,320.9612782844265,323.5013427734375,12610800
2021-06-03,MSFT,235.8465653458153,236.92374910031265,233.71142277848813,236.31784057617188,25307700
2021-06-04,AAPL,121.04889463757117,123.0880069987406,120.83425044759343,122.82457733154295,75169300
2021-06-04,AMZN,160.60000610351562,161.0500030517578,159.9405059814453,160.31100463867188,44994000
2021-06-04,GOOGL,117.49241971560096,118.96822109902912,117.15222909034824,118.69745635986328,24458000
2021-06-04,META,323.3624685477202,329.8713885966346,322.64807340674366,327.77783203125,13289400
2021-06-04,MSFT,238.2894353899083,242.0307405997001,238.0489915726324,241.20361328125,25281100
2021-06-07,AAPL,123.09775754946514,123.24410653680496,121.7903901347652,122.83433532714844,71057600
2021-06-07,AMZN,159.8665008544922,160.39999389648438,158.61000061035156,159.90049743652344,44316000
2021-06-07,GOOGL,118.492659417895,119.2399846738455,118.07412155900928,119.13038635253906,24120000
2021-06-07,META,326.9145364253234,335.060601318784,326.3688007963861,333.959228515625,20136700
2021-06-07,MSFT,240.42458368050268,244.377480722502,240.2610836417249,244.10818481445312,23079200
2021-06-08,AAPL,123.51729447658812,125.3320116033388,123.13679155370112,123.65388488769533,74403800
2021-06-08,AMZN,161.1304931640625,163.97650146484375,160.90049743652344,163.20550537109375,68334000
2021-06-08,GOOGL,119.61190790368995,119.98432577535812,118.757466274763,118.93896484375,24240000
2021-06-08,META,334.07832199527667,335.66583948741965,329.6530276600603,331.0818176269531,14580500
2021-06-08,MSFT,245.4065828203416,246.2240976747325,242.857869534934,242.91558837890625,22455000
2021-06-09,AAPL,124.11242420165917,124.63927604647924,123.43922338156383,124.03437042236328,56877900
2021-06-09,AMZN,163.64349365234375,164.87899780273438,163.53500366210938,164.0574951171875,49110000
2021-06-09,GOOGL,119.58315669372152,119.65505695022746,118.86261049023592,119.41008758544922,17942000
2021-06-09,META,333.12577058089494,334.1775145309496,327.4304744423022,327.67852783203125,13727900
2021-06-09,MSFT,244.10819819545324,245.76245296444787,243.531141793228,243.8966064453125,17937600
2021-06-10,AAPL,123.92706803553762,125.06858426923962,122.87337162202547,123.03923034667967,71186400
2021-06-10,AMZN,164.10049438476562,167.5500030517578,164.0574951171875,167.4824981689453,69530000
2021-06-10,GOOGL,119.35949314078805,120.801576684723,119.2037824110272,120.75843048095705,25904000
2021-06-10,META,328.2143580705369,331.339824976894,325.9917789291626,329.871337890625,13240200
2021-06-10,MSFT,244.5698397151397,247.6186657190944,243.97354371278732,247.40707397460935,24563600
2021-06-11,AAPL,123.44899833208645,124.33684344114933,123.02946851727128,124.24903106689452,53522400
2021-06-11,AMZN,167.4824981689453,168.32899475097656,166.67250061035156,167.3415069580078,56348000
2021-06-11,GOOGL,120.9999507112616,121.08524430564806,119.95657214998066,120.51396942138672,21958000
2021-06-11,META,329.99039355021097,330.2384469560632,326.3688198807592,328.6806945800781,13587900
2021-06-11,MSFT,248.1284111334516,248.6092988045353,246.8011564650918,248.03225708007807,18999700
2021-06-14,AAPL,124.70756306020408,127.36132438958391,123.97582567545628,127.30278778076172,96906500
2021-06-14,AMZN,167.3415069580078,169.25,166.77499389648438,169.19349670410156,51394000
2021-06-14,GOOGL,120.61611526440988,121.4422871946966,119.90896239653654,121.4417953491211,22098000
2021-06-14,META,329.315720759796,334.19742548380253,327.24199776174,334.1477966308594,12250800
2021-06-14,MSFT,248.04184249398912,250.0134994576514,246.98388380020117,249.95579528808597,19150500
2021-06-15,AAPL,126.77593613475452,127.41986856929492,126.2393257726375,126.48323822021484,62746300
2021-06-15,AMZN,169.1999969482422,169.84950256347656,168.15550231933594,169.156494140625,48524000
2021-06-15,GOOGL,121.44623409294724,121.76906634678456,120.06366395354094,120.42418670654295,21562000
2021-06-15,META,334.3660818011608,337.2732909264785,332.4213514465813,334.1279602050781,15795200
2021-06-15,MSFT,249.84035962759825,250.0519513680748,247.83025276859735,248.4842529296875,18038900
2021-06-16,AAPL,127.19546385620482,127.70280593735949,125.331983991057,126.98081970214844,91815000
2021-06-16,AMZN,169.60000610351562,171.3175048828125,168.02650451660156,170.7624969482422,84056000
2021-06-16,GOOGL,120.5754470648677,120.88687610628575,118.4906802089692,119.78250122070312,26472000
2021-06-16,META,334.07831019373776,334.92166747666334,326.16043526357373,328.5020446777344,17232200
2021-06-16,MSFT,249.48449295997696,250.6193807060856,244.69485634370264,247.54171752929688,27220000
2021-06-17,AAPL,126.6393832290609,129.3224209462561,126.49302678487064,128.58091735839844,96721700
2021-06-17,AMZN,170.15899658203125,174.86000061035156,170.0500030517578,174.46200561523438,102730000
2021-06-17,GOOGL,119.70812862525288,121.51816583028372,119.5122454403552,120.74555206298828,25842000
2021-06-17,META,327.9166858746589,335.348386848026,327.5793368606947,333.88983154296875,17794100
2021-06-17,MSFT,246.28180801711892,251.74468467468952,246.22410384722616,250.9271697998047,27565500
2021-06-18,AAPL,127.52723008894328,128.30773825283313,127.06867335467656,127.28331756591795,108953300
2021-06-18,AMZN,173.99949645996094,175.35000610351562,173.6855010986328,174.34500122070312,104954000
2021-06-18,GOOGL,120.37212004101572,120.60618554839238,119.03120533837756,119.1264190673828,46116000
2021-06-18,META,331.92524601348964,333.53262735380366,326.43830549404345,327.0931701660156,23039500
2021-06-18,MSFT,249.70574877610207,252.2736726264324,248.85938173817627,249.5133819580078,37202200
2021-06-21,AAPL,127.12717628510836,129.18579802932504,126.06372153950792,129.07847595214844,79663300
2021-06-21,AMZN,173.8209991455078,174.10000610351562,171.6999969482422,172.697998046875,65542000
2021-06-21,GOOGL,119.51273077628596,120.99993548875224,118.91566055698492,120.81397247314452,27414000
2021-06-21,META,328.51196839114846,330.3277360767431,325.09875148397424,329.70263671875,11337500
2021-06-21,MSFT,249.8884629766057,253.44701394017824,248.06109579519787,252.59104919433597,26696100
2021-06-22,AAPL,128.912661708904,130.8151765627034,128.41507059443637,130.7176055908203,74783600
2021-06-22,AMZN,172.9029998779297,176.18899536132812,172.80450439453125,175.27200317382812,66902000
2021-06-22,GOOGL,120.75198899495656,121.39666231815684,120.07161525109758,121.32772827148438,22390000
2021-06-22,META,330.0995068553798,337.273221255067,330.0102112752948,336.39013671875,15345300
2021-06-22,MSFT,252.67766108012304,255.6303189157584,252.3698858752037,255.36102294921875,24694100
2021-06-23,AAPL,130.51268434910727,131.04929474301073,129.98582509428016,130.4443817138672,60214200
2021-06-23,AMZN,175.25,176.0500030517578,174.16000366210938,175.1909942626953,56266000
2021-06-23,GOOGL,121.09265895404788,122.08644415141389,120.83578696282714,121.12588500976562,19148000
2021-06-23,META,336.7077140585252,340.7460309516775,335.5666743971073,337.93804931640625,14817800
2021-06-23,MSFT,255.82263695358807,256.63052479177776,254.32226963251347,255.13015747070312,19518700
2021-06-24,AAPL,131.17613794325877,131.36151382298493,129.69314579268672,130.16146850585938,68711000
2021-06-24,AMZN,175.3820037841797,176.2429962158203,171.54249572753906,172.45399475097656,76640000
2021-06-24,GOOGL,121.69419186972272,122.04677701360374,121.29747683144916,121.49583435058594,21362000
2021-06-24,META,339.18824270230544,342.214482226336,339.1287123056329,340.50787353515625,12329100
2021-06-24,MSFT,255.9860489754537,257.611451146261,255.32242184767824,256.49578857421875,21446900
2021-06-25,AAPL,130.2102425761428,130.6297648884673,129.57606120699057,129.86875915527344,70783700
2021-06-25,AMZN,173.1999969482422,173.24099731445312,169.70899963378906,170.072998046875,78820000
2021-06-25,GOOGL,120.99993398696203,121.62774832820789,120.5685022175003,121.50426483154295,34594000
2021-06-25,META,339.92247698416224,341.44056268544,337.035131575858,338.71197509765625,14594400
2021-06-25,MSFT,256.05344819862387,257.03444843637993,254.63963733626937,254.88967895507807,25611100
2021-06-28,AAPL,130.16151746378011,131.95671054445958,130.10298082442537,131.49815368652344,62111300
2021-06-28,AMZN,170.8000030517578,172.39999389648438,170.67550659179688,172.1945037841797,44856000
2021-06-28,GOOGL,121.67287369057478,121.77850698140657,120.4103137257864,121.53154754638672,28526000
2021-06-28,META,339.79342231886307,355.35135280958326,339.10879259035784,352.8708190917969,29156100
2021-06-28,MSFT,256.01495201827004,258.6213546854569,255.74565612665356,258.4482421875,19590000
2021-06-29,AAPL,131.51761747124857,133.16646828417475,131.07857796707717,133.01036071777344,64556100
2021-06-29,AMZN,171.9409942626953,172.80149841308594,171.15150451660156,172.40699768066406,41968000
2021-06-29,GOOGL,121.66494274006068,122.0125716067318,120.69347211365788,121.27020263671876,23108000
2021-06-29,META,353.49592502331853,353.9622666221002,346.33214168796724,349.1500549316406,21417300
2021-06-29,MSFT,258.5925879340712,261.26632279421653,257.73662295546177,261.02587890625,19937800
2021-06-30,AAPL,132.85424351014055,134.06405473109936,132.5615455661884,133.62501525878906,63261400
2021-06-30,AMZN,172.05299377441406,173.5800018310547,171.75,172.00799560546875,48080000
2021-06-30,GOOGL,120.99448449461066,121.25483726670456,120.35973131531956,121.08870697021484,24474000
2021-06-30,META,349.42785769169,350.172017850921,344.46678996348334,345.0025634765625,15107500
2021-06-30,MSFT,260.34298777501124,260.98736086236244,259.29465610147,260.5449523925781,21656500
2021-07-01,AAPL,133.27380646927242,133.98602685703514,132.45424909031448,133.927490234375,52485800
2021-07-01,AMZN,171.73049926757812,172.85000610351562,170.4709930419922,171.64849853515625,40742000
2021-07-01,GOOGL,120.72719613594724,121.58212967815209,120.5352855601365,121.44080352783205,18110000
2021-07-01,META,344.1195206582734,351.908403307656,343.80200504587583,351.6305847167969,17137000
2021-07-01,MSFT,259.30418711896345,261.4489562947867,259.2945893260647,261.2181396484375,16725300
2021-07-02,AAPL,134.54215013282746,136.59102140885628,134.39580856478537,136.552001953125,78852600
2021-07-02,AMZN,172.58200073242188,175.58599853515625,171.8459930419922,175.5489959716797,63388000
2021-07-02,GOOGL,122.14051324667714,124.3760345221276,122.05075521661516,124.2307357788086,25982000
2021-07-02,META,352.3350813174818,353.66464400562825,349.87438050780213,351.9382019042969,11521300
2021-07-02,MSFT,262.3915341487316,267.3735229640247,262.0837590204918,267.0368957519531,26458000
2021-07-06,AAPL,136.65926878574828,139.66425694043204,136.65926878574828,138.56178283691406,108181800
2021-07-06,AMZN,176.5054931640625,184.2740020751953,176.4499969482422,183.78700256347656,134896000
2021-07-06,GOOGL,124.61853639495152,125.3916495458416,123.56127270190932,125.15560150146484,26404000
2021-07-06,META,353.7241473646603,355.9963249803974,346.46113656672946,350.0331115722656,13488500
2021-07-06,MSFT,267.4024220376937,268.69119759373734,263.8149891119284,267.04656982421875,31565600
2021-07-07,AAPL,140.0447648918188,141.36189806872017,139.18620319634806,141.04969787597656,104911600
2021-07-07,AMZN,185.86900329589844,186.7100067138672,183.94549560546875,184.82899475097656,106562000
2021-07-07,GOOGL,126.11962731057842,126.240621316996,125.1188956447412,125.43726348876952,24060000
2021-07-07,META,352.49383434528966,353.7142377672384,347.2747808070036,347.7609558105469,14218900
2021-07-07,MSFT,268.7200270839339,269.960725504487,266.5560325451121,269.2297668457031,23260000
2021-07-08,AAPL,138.13252320539087,140.55213093920304,137.24467816832615,139.75210571289062,105575500
2021-07-08,AMZN,182.1779937744141,187.9994964599609,181.05599975585935,186.57049560546875,103612000
2021-07-08,GOOGL,123.0093289727932,124.56595957690324,123.005363941043,124.01898193359376,23790000
2021-07-08,META,343.03801220730537,345.61774329354535,339.8926818328373,342.9586181640625,14406500
2021-07-08,MSFT,266.31562334882244,268.07568890593086,264.3632203072105,266.8157653808594,24618600
2021-07-09,AAPL,139.27401905419063,142.1033977245654,139.17644811221814,141.57655334472656,99890800
2021-07-09,AMZN,186.12600708007807,187.3999938964844,184.6699981689453,185.9669952392578,74964000
2021-07-09,GOOGL,124.00014669515204,124.70382636334314,123.53052498165192,124.4896011352539,18632000
2021-07-09,META,342.631232536322,347.979248483668,342.58160368473915,347.6915283203125,13018700
2021-07-09,MSFT,265.1807143722743,267.4216381390511,264.7960100826157,267.3158569335937,23916700
2021-07-12,AAPL,142.64976728517905,142.7570893612842,140.49357462424308,140.9813995361328,76299700
2021-07-12,AMZN,187.1999969482422,187.864501953125,184.8394927978516,185.9275054931641,51432000
2021-07-12,GOOGL,125.14368334235166,126.0278778164032,124.58132987577834,125.93464660644533,17668000
2021-07-12,META,348.4952519836882,351.43219625308654,346.9176357291139,350.41021728515625,10018600
2021-07-12,MSFT,268.4891758346326,269.0758446344741,266.0077793129093,266.7195129394531,18931700
2021-07-13,AAPL,140.52287651879445,143.8693639556699,140.1326224508896,142.0936737060547,100827100
2021-07-13,AMZN,185.10499572753903,188.6540069580078,183.5659942626953,183.8679962158203,76918000
2021-07-13,GOOGL,125.99712795199184,127.00777214039664,125.63611333534344,126.29764556884766,19240000
2021-07-13,META,348.7630778385036,355.6986411619793,346.0840890261971,349.3484802246094,11456000
2021-07-13,MSFT,266.91183033818885,272.03810834879346,266.7868242229715,270.2395935058594,26120100
2021-07-14,AAPL,144.49378305932458,145.92798987044893,144.08399692422722,145.51820373535156,127050800
2021-07-14,AMZN,185.4425048828125,185.88299560546875,183.04150390625,184.08399963378903,65932000
2021-07-14,GOOGL,126.90910920406252,128.26639872838476,126.86596299550445,127.18582153320312,23742000
2021-07-14,META,351.79925073751554,352.4342819743491,344.03023159160176,344.9232177734375,13894200
2021-07-14,MSFT,271.55732455253013,272.817248138477,269.8261110020036,271.7112121582031,23113700
2021-07-15,AAPL,145.6060054508676,146.34749406137323,143.50834910364574,144.864501953125,106820300
2021-07-15,AMZN,184.7100067138672,184.7700042724609,181.04600524902344,181.55999755859372,63706000
2021-07-15,GOOGL,127.59444929137344,127.64502615274154,125.49281574408224,125.96392059326172,24218000
2021-07-15,META,346.5107713852772,346.5107713852772,337.57091703181555,341.77789306640625,14781600
2021-07-15,MSFT,271.22064297039645,271.7111577808716,269.1335775905223,270.2877197265625,22604200
2021-07-16,AAPL,144.84502714125577,146.11336042052585,142.3278479795718,142.82542419433594,93251400
2021-07-16,AMZN,181.66549682617188,182.3029937744141,178.5229949951172,178.68150329589844,80874000
2021-07-16,GOOGL,126.61651932695658,126.7638005858177,125.11939443436252,125.92919921875,20424000
2021-07-16,META,342.2244021364838,343.29597951923523,337.491554086067,338.50360107421875,11026100
2021-07-16,MSFT,271.28801379910107,273.24041682866897,268.7777645604806,270.0184631347656,26186800
2021-07-19,AAPL,140.24968646910114,140.56190161268026,138.2203326975493,138.98133850097656,121434600
2021-07-19,AMZN,176.62899780273438,177.510498046875,174.95799255371094,177.47950744628906,75692000
2021-07-19,GOOGL,125.05590815567552,125.170462760917,122.49259090531656,123.55680084228516,27968000
2021-07-19,META,334.94152251311635,337.1442377209551,331.93511678295374,334.32635498046875,14372300
2021-07-19,MSFT,268.2679481392744,269.6529067683761,263.9592140496688,266.4213562011719,32935600
2021-07-20,AAPL,139.96677643113202,143.51814236544809,139.47895135835654,142.5912628173828,96350000
2021-07-20,AMZN,178.36599731445312,179.60000610351562,175.89999389648438,178.6595001220703,65114000
2021-07-20,GOOGL,124.49852570882304,126.0016057985081,123.3311794114217,125.17494201660156,26312000
2021-07-20,META,336.16194824446416,340.77576560791334,331.8954419693958,338.99969482421875,11024300
2021-07-20,MSFT,267.40248963801645,270.23011246945754,265.7001572603384,268.6431884765625,26259700
2021-07-21,AAPL,141.98635160042446,142.57174758950413,141.10827250404336,141.85951232910156,74993500
2021-07-21,AMZN,178.81900024414062,179.32249450683594,177.1820068359375,179.25999450683594,46380000
2021-07-21,GOOGL,125.09955486427576,126.55006794062126,124.99045595333612,126.50345611572266,20746000
2021-07-21,META,338.84093751886803,343.82183878893244,338.59288412390543,343.5341186523437,9279700
2021-07-21,MSFT,268.23911651623393,270.75896302355244,266.69067242244347,270.6435546875,24364300
2021-07-22,AAPL,142.3863736933565,144.59133749363102,142.25953442025497,143.22543334960938,77338200
2021-07-22,AMZN,179.3614959716797,182.00100708007807,179.11349487304688,181.9015045166016,65308000
2021-07-22,GOOGL,126.79602416530378,127.4297860202273,126.4538510284207,127.36878204345705,14302000
2021-07-22,META,343.9806423586199,348.80281674381297,342.522086990995,348.4555358886719,12385400
2021-07-22,MSFT,272.99029182453523,275.4716884823561,272.58636264371466,275.202392578125,23384100
2021-07-23,AAPL,143.9571344380385,145.09864294509043,143.3424702853048,144.94253540039062,71447400
2021-07-23,AMZN,182.0,183.3054962158203,181.1020050048828,182.83200073242188,48726000
2021-07-23,GOOGL,129.36131958948965,132.3054917449223,128.73649417322727,131.9246368408203,41506000
2021-07-23,META,358.0998432345484,372.4075475574417,354.4088071301203,366.9107055664063,33694300
2021-07-23,MSFT,276.38534199654606,278.9051883924715,275.5486022461029,278.5974426269531,22768100
2021-07-26,AAPL,144.65963709619385,146.18164879238583,144.1035094217646,145.3621063232422,72434100
2021-07-26,AMZN,183.6584930419922,185.60400390625,182.3625030517578,184.99099731445312,58002000
2021-07-26,GOOGL,132.235558291507,133.13660404528258,131.21696903902344,132.93626403808594,30572000
2021-07-26,META,366.7022651435408,371.52443867186565,365.3528692695776,369.5598449707031,14925200
2021-07-26,MSFT,277.95311315206845,278.6167405799972,275.68333711241416,278.0011901855469,23176100
2021-07-27,AAPL,145.48895126026883,145.57677109148528,142.0058878307222,143.19618225097656,104818600
2021-07-27,AMZN,184.9250030517578,184.9250030517578,179.3074951171875,181.3195037841797,82638000
2021-07-27,GOOGL,133.1500131960715,133.29729444563313,129.0375036233096,130.8187713623047,54710000
2021-07-27,META,369.0141571846141,370.2444923376066,361.7114494701859,364.9460754394531,15705400
2021-07-27,MSFT,278.36655081608063,278.5108112060348,272.1342671616975,275.5870361328125,33604100
2021-07-28,AAPL,141.28387882976534,143.391286472983,139.06914908747908,141.44973754882812,118931200
2021-07-28,AMZN,181.68899536132807,182.92100524902344,180.0500030517578,181.51600646972656,59988000
2021-07-28,GOOGL,135.1946241311871,137.16335335815197,134.16860398036314,134.97840881347656,95130000
2021-07-28,META,371.64356750310543,374.6102768280347,364.0729719958504,370.37353515625,29676900
2021-07-28,MSFT,277.943434405772,279.0590972753007,272.9806703383041,275.2793273925781,33566900
2021-07-29,AAPL,141.16680912935195,142.9815188308623,141.05948702759235,142.0936737060547,56699500
2021-07-29,AMZN,181.3874969482422,181.8975067138672,179.00050354003906,179.99600219726562,110400000
2021-07-29,GOOGL,135.0339185360519,135.5407312408076,134.43189968224377,134.6644744873047,31716000
2021-07-29,META,358.18909332168226,362.6738876890814,353.96225388818993,355.52996826171875,33413200
2021-07-29,MSFT,275.2986045195014,277.58763486236643,275.1447169202856,275.5486755371094,18168300
2021-07-30,AAPL,140.8643007480157,142.7668145815472,140.60087117499373,142.30825805664062,70440600
2021-07-30,AMZN,167.3975067138672,168.40699768066406,165.3489990234375,166.37950134277344,199312000
2021-07-30,GOOGL,133.92808941978942,134.1953809902093,133.15448447715994,133.6221160888672,25576000
2021-07-30,META,351.24364693893176,357.92125598632435,350.1919028478955,353.5257263183594,15976200
2021-07-30,MSFT,274.26941906367057,275.7024545749451,273.0575730414376,274.01934814453125,20944800
2021-08-02,AAPL,142.79610475580563,143.37173456258094,141.7131328866216,141.9765625,62880000
2021-08-02,AMZN,167.65499877929688,167.9459991455078,165.85000610351562,166.57400512695312,67078000
2021-08-02,GOOGL,134.00942969336194,134.22712811804664,132.69727646334016,133.74908447265625,21634000
2021-08-02,META,355.3117024170683,356.6015680075973,348.00899444804065,349.2095947265625,13180400
2021-08-02,MSFT,275.41391286431883,275.808244190784,272.89406671324383,273.93280029296875,16267400
2021-08-03,AAPL,142.25955921779124,144.4352550861749,141.64489480221886,143.77182006835938,64786600
2021-08-03,AMZN,167.03599548339844,169.5500030517578,164.98849487304688,168.31199645996094,83146000
2021-08-03,GOOGL,134.0272511127054,134.61935743991577,132.2266425296642,134.51820373535156,20762000
2021-08-03,META,349.98348464822794,351.01536490403487,344.9926518703987,348.50506591796875,12406100
2021-08-03,MSFT,274.50995786548094,276.25076905660643,273.1442238318565,276.1449584960937,17879000
2021-08-04,AAPL,143.68398028393025,144.19130756729243,142.71808142038705,143.37176513671875,56368300
2021-08-04,AMZN,168.96749877929688,169.44400024414062,167.2779998779297,167.73599243164062,43678000
2021-08-04,GOOGL,134.24000035779645,134.53754419070725,133.38456751331833,134.01783752441406,19676000
2021-08-04,META,349.675976949346,357.67321721132265,348.77305881912804,356.1253662109375,14180600
2021-08-04,MSFT,275.2793045071055,276.59693186168965,273.76931036819576,275.5582275390625,16191300
2021-08-05,AAPL,143.40101116673,144.24007063545545,142.6107371680816,143.47906494140625,46397700
2021-08-05,AMZN,167.81100463867188,169.4499969482422,167.04600524902344,168.79949951171875,48670000
2021-08-05,GOOGL,134.56829449236173,135.23231626590845,133.74063191754414,135.13461303710938,17870000
2021-08-05,META,356.8397103759352,361.066519682921,354.121024546421,360.1437683105469,10247200
2021-08-05,MSFT,275.9140841592982,278.5589660559924,275.1639006499143,278.4531555175781,13900200
2021-08-06,AAPL,143.0003050001657,143.74290453377364,142.29678337483543,142.79510498046875,54126800
2021-08-06,AMZN,168.75,168.75,166.45199584960938,167.2469940185547,52752000
2021-08-06,GOOGL,134.9268333121691,135.3538006308955,134.10165272092112,134.6258087158203,20488000
2021-08-06,META,358.5860093865691,362.3068105982725,358.5860093865691,360.6795959472656,8925000
2021-08-06,MSFT,277.481777929583,278.4339260044122,276.62578389584934,278.3954467773437,16589300
2021-08-09,AAPL,142.8537292225246,143.34228507821692,142.18930041536296,142.74624633789062,48908700
2021-08-09,AMZN,167.1804962158203,167.74400329589844,166.42599487304688,167.093505859375,42964000
2021-08-09,GOOGL,134.8281458060164,136.05946972764093,134.23007678129167,135.79067993164062,17760000
2021-08-09,META,360.9276254852371,362.9318860379037,357.9410528872916,358.7943420410156,7798900
2021-08-09,MSFT,278.67441927109,280.4056032327832,276.808572666281,277.3086853027344,16117600
2021-08-10,AAPL,143.08827226738262,144.3292085832048,141.9743652724962,142.2675018310547,69023100
2021-08-10,AMZN,167.25050354003906,167.89999389648438,165.75,166.03399658203125,48252000
2021-08-10,GOOGL,136.21616508986884,136.64314754338798,135.246684585336,135.68556213378906,19414000
2021-08-10,META,359.01267718837187,361.2650217132256,356.24442270957024,358.3181457519531,7469900
2021-08-10,MSFT,277.7607120388484,278.1935226909762,274.2983442260447,275.4909362792969,18616600
2021-08-11,AAPL,142.70712266736663,143.3617855149169,142.19902056570945,142.52146911621094,48493500
2021-08-11,AMZN,166.57249450683594,166.88499450683594,163.88949584960938,164.60549926757812,58944000
2021-08-11,GOOGL,136.05700947405194,136.55389460315365,135.15446522499255,135.1619110107422,15352000
2021-08-11,META,359.2805476658655,359.5385026093773,355.0239428784297,357.1571960449219,8400300
2021-08-11,MSFT,276.23148694196493,277.62607292416914,274.9330843638876,275.9814453125,13955900
2021-08-12,AAPL,142.84396383015653,145.6385039280885,142.50196876649986,145.48216247558594,72282600
2021-08-12,AMZN,164.5,165.72549438476562,163.48350524902344,165.1750030517578,46282000
2021-08-12,GOOGL,134.86086429616063,136.1745155860973,134.31538491071916,136.0693817138672,16506000
2021-08-12,META,355.65898438949955,360.1735442509098,354.3293914916329,359.8262634277344,7170700
2021-08-12,MSFT,275.67367807710286,278.8860042800306,275.3947550024405,278.73211669921875,14561300
2021-08-13,AAPL,145.56034862237908,146.01959236929383,144.87637333214747,145.6873779296875,59375000
2021-08-13,AMZN,165.2834930419922,165.30349731445312,164.14999389648438,164.69850158691406,41134000
2021-08-13,GOOGL,136.124946779393,136.72648152836254,135.9097302737802,136.59852600097656,15948000
2021-08-13,META,360.143785948073,361.8206294212598,358.6653973147733,360.3521423339844,7195700
2021-08-13,MSFT,278.41470593926334,281.70396081045175,278.2415640899501,281.6558837890625,18249000
2021-08-16,AAPL,145.1401825389347,147.72953779617734,143.117568833467,147.6611328125,103296000
2021-08-16,AMZN,164.14999389648438,165.0,160.55650329589844,164.94949340820312,66394000
2021-08-16,GOOGL,136.39768127335614,137.22832524277518,134.1899301812805,137.17575073242188,22384000
2021-08-16,META,359.6972893525236,364.09281893078384,354.59732682572513,363.7058410644531,11222100
2021-08-16,MSFT,281.982882658373,283.5505809829247,278.9340422580359,283.3389892578125,22507600
2021-08-17,AAPL,146.79151932278535,148.20832862252,145.67761233221978,146.75244140625,92229700
2021-08-17,AMZN,163.875,164.02450561523438,161.28399658203125,162.09800720214844,67758000
2021-08-17,GOOGL,136.62082272063034,137.1320999211298,134.96649653381414,135.54124450683594,21716000
2021-08-17,META,360.1537232259015,361.8305667244716,352.30530958489106,355.65899658203125,12328700
2021-08-17,MSFT,281.21347728086533,282.21370240044297,279.953524710054,281.8770751953125,20075300
2021-08-18,AAPL,146.37133747643588,147.2702784625577,142.8048707810112,143.01007080078125,86326000
2021-08-18,AMZN,162.09950256347656,162.7050018310547,160.0,160.06100463867188,56086000
2021-08-18,GOOGL,135.38107897385382,135.98063113741676,134.21224206544025,134.3386993408203,19258000
2021-08-18,META,353.4760707252254,357.0579470408631,352.3846297841883,352.68231201171875,10042400
2021-08-18,MSFT,281.4146181894163,284.09347133334273,279.70899787712983,280.1522827148437,21813000
2021-08-19,AAPL,141.71051038649435,144.61253336364982,141.1926423719419,143.34228515625,86960300
2021-08-19,AMZN,159.7010040283203,161.64999389648438,159.1230010986328,159.3874969482422,75658000
2021-08-19,GOOGL,133.33353482355264,135.2348134478721,133.14955427531768,134.5678253173828,21782000
2021-08-19,META,348.6142545434324,354.7858243488867,348.2669737273142,352.3548889160156,12004500
2021-08-19,MSFT,278.1864346679161,286.6469859033091,278.1382656084222,285.9724426269531,29850500
2021-08-20,AAPL,144.06539901518747,145.10113537374198,143.42050150190195,144.79823303222656,60549600
2021-08-20,AMZN,160.19349670410156,160.3905029296875,158.78799438476562,159.99749755859375,67168000
2021-08-20,GOOGL,134.8851768373789,136.42643919078785,134.1413247592316,136.30296325683594,31194000
2021-08-20,META,351.8389597404687,357.1869754679856,350.55899567761094,356.5718078613281,8697700
2021-08-20,MSFT,288.81509036069724,294.7124176514308,287.21548370876025,293.2862548828125,40817600
2021-08-23,AAPL,144.91545125791524,146.7524262457425,144.50506608373868,146.28341674804688,60131800
2021-08-23,AMZN,160.59500122070312,164.0449981689453,160.50050354003906,163.2935028076172,65362000
2021-08-23,GOOGL,136.83853312618544,139.71971902868404,136.47950099945666,138.8935546875,28454000
2021-08-23,META,356.6412844176642,362.842619862997,356.3039354030331,360.5208435058594,10942000
2021-08-23,MSFT,292.21670814145693,294.2884777670295,290.8676509020545,293.5657653808594,22830200
2021-08-24,AAPL,146.02935786837372,147.40708910674363,145.7362213417673,146.19546508789062,48606400
2021-08-24,AMZN,164.0,165.77450561523438,163.72900390625,165.28900146484375,51036000
2021-08-24,GOOGL,139.45886528917006,140.9153334065435,139.1881081082897,140.10354614257812,19268000
2021-08-24,META,360.8284002547276,365.0949066090898,359.02256424131787,362.66400146484375,9235100
2021-08-24,MSFT,293.9222928481988,294.5293759454758,291.0121816186196,291.609619140625,18175800
2021-08-25,AAPL,146.3811034364789,146.87943995254733,144.41711425947602,144.96429443359375,58991300
2021-08-25,AMZN,165.49349975585938,166.0500030517578,164.3074951171875,164.95899963378906,33606000
2021-08-25,GOOGL,140.46407912749785,141.02395074867366,140.21712723901703,140.9143524169922,15848000
2021-08-25,META,362.75335212907527,367.97237585036623,362.5548972675981,365.5216369628906,9684500
2021-08-25,MSFT,293.2284806156416,293.5079376265004,289.48967340701506,291.0218200683594,20006100
2021-08-26,AAPL,144.95452843061085,145.70689371393732,144.13374326132688,144.16305541992188,48597200
2021-08-26,AMZN,164.9499969482422,166.60000610351562,164.8000030517578,165.8000030517578,41976000
2021-08-26,GOOGL,140.58805446280763,141.2500786299819,140.19827061437374,140.28109741210938,20610000
2021-08-26,META,365.5116090737357,366.5633529472369,361.2947017552792,361.5427551269531,7888700
2021-08-26,MSFT,290.0390265356093,291.42663715345464,288.0732693330389,288.2081604003906,17666100
2021-08-27,AAPL,144.10444664756716,145.34538283026907,143.46932993010927,145.19882202148438,55802400
2021-08-27,AMZN,166.6614990234375,167.61599731445312,165.6875,167.48150634765625,48048000
2021-08-27,GOOGL,140.49133697664018,143.3278934785733,140.3371093469741,142.8235626220703,28780000
2021-08-27,META,362.2572090986586,370.8299192755366,361.2451317980848,369.72857666015625,11219100
2021-08-27,MSFT,288.1116739143192,289.92327755138285,286.0302588466658,288.81512451171875,22605700
2021-08-30,AAPL,145.58964568755837,149.97688265994054,145.2085727146907,149.61534118652344,90956700
2021-08-30,AMZN,167.8715057373047,172.25,167.76100158691406,171.07850646972656,63844000
2021-08-30,GOOGL,143.2162985800799,144.77393543856925,142.98124183306933,143.40524291992188,24434000
2021-08-30,META,369.6591084438927,378.5195689135399,367.63498415552175,377.696044921875,13547300
2021-08-30,MSFT,290.1642382786574,293.1514557476792,290.106423632768,292.5443725585937,16348100
2021-08-31,AAPL,149.1658935130071,149.30268857096087,147.82724018566304,148.35488891601562,86453100
2021-08-31,AMZN,171.24000549316406,173.62899780273438,169.7794952392578,173.5395050048828,87128000
2021-08-31,GOOGL,143.9572070200469,143.98149662462504,143.09830844171228,143.51138305664062,22448000
2021-08-31,META,376.99156388391305,379.7796816364847,375.85049403674094,376.4259948730469,12345400
2021-08-31,MSFT,293.34417025857385,293.4212466452703,290.5303969246272,290.8965759277344,26285300
2021-09-01,AAPL,149.3319546921016,151.4327384864577,148.8531646821077,149.01927185058594,80313700
2021-09-01,AMZN,174.82000732421875,176.35000610351562,173.76199340820312,173.9499969482422,72598000
2021-09-01,GOOGL,143.8113978553602,145.05511631686906,143.69585198821633,144.02513122558594,21936000
2021-09-01,META,376.63438864602057,381.3374718182199,375.8604631837604,379.0752258300781,11567200
2021-09-01,MSFT,291.85055818104365,294.08615577563324,290.5207625531025,290.848388671875,18983800
2021-09-02,AAPL,150.34815971820325,151.1787105563669,148.91180444862712,150.13319396972656,71115500
2021-09-02,AMZN,174.73800659179688,175.59800720214844,172.75,173.156005859375,58474000
2021-09-02,GOOGL,144.02563035315396,144.32663982177834,142.01127317307444,142.11244201660156,32342000
2021-09-02,META,378.5295108429375,378.7775642576445,371.1474387988594,372.3579406738281,14832900
2021-09-02,MSFT,291.20493024605145,292.3226995544428,289.2584060139798,290.193115234375,16285600
2021-09-03,AAPL,150.24072279818162,151.09082030337387,149.5860596037749,150.76837158203125,57808700
2021-09-03,AMZN,172.60000610351562,174.1334991455078,171.82200622558594,173.90249633789062,51514000
2021-09-03,GOOGL,141.90763889729274,142.9733244158988,141.23320515681905,142.5612335205078,19850000
2021-09-03,META,371.8320395508646,374.2232779151266,370.20479474333473,373.3302917480469,7509600
2021-09-03,MSFT,290.0389056864893,291.5903434617449,289.33548449908074,290.1834716796875,14747900
2021-09-07,AAPL,151.42306471038157,153.66064487958212,150.8563378980687,153.10369873046875,82278300
2021-09-07,AMZN,173.89999389648438,176.4044952392578,173.8470001220703,175.46449279785156,54758000
2021-09-07,GOOGL,142.65545041675884,143.37996157191282,142.44171705325795,143.09779357910156,20124000
2021-09-07,META,372.95328945072,379.9781491056426,370.2445351558351,379.2042236328125,10793800
2021-09-07,MSFT,290.05821049267576,290.1352868730688,287.3504504950294,289.2583923339844,17180400
2021-09-08,AAPL,153.38702422166725,153.44564855103232,150.45568847705636,151.55982971191406,74420200
2021-09-08,AMZN,175.58250427246094,177.281494140625,174.7834930419922,176.27499389648438,61068000
2021-09-08,GOOGL,142.91879692732817,143.2163256757529,141.8278077374024,142.5131378173828,18344000
2021-09-08,META,377.1998953005184,377.9043584211516,371.87171354427096,374.6300659179688,11067200
2021-09-08,MSFT,288.8729444557402,289.67273318736136,286.6469927606512,289.28729248046875,15046800
2021-09-09,AAPL,151.9310910707807,152.5368955037672,150.42633082753412,150.54359436035156,57305700
2021-09-09,AMZN,176.30099487304688,177.49949645996094,174.01849365234375,174.20799255371094,54384000
2021-09-09,GOOGL,142.66140907531098,143.12755759724692,142.0038493948319,142.36436462402344,15314000
2021-09-09,META,374.6996108013545,376.872531031453,373.6379348337995,375.0567932128906,9098900
2021-09-09,MSFT,289.8750845523656,291.14706522320324,286.1940629476253,286.4349670410156,19927000
2021-09-10,AAPL,151.45233157203938,151.92134106933233,145.2965241455898,145.5603485107422,140893200
2021-09-10,AMZN,175.0915069580078,175.42250061035156,173.14549255371094,173.45750427246094,47946000
2021-09-10,GOOGL,143.030343356749,143.53220739667623,139.58433740573318,139.72120666503906,36840000
2021-09-10,META,378.39058756343474,380.8016897745919,375.3147494355466,375.7413940429688,11549600
2021-09-10,MSFT,287.5624411048134,289.007865815786,284.6330387898814,284.9510192871094,19633400
2021-09-13,AAPL,147.18234237769772,147.9542540722246,145.34536758274157,146.12705993652344,102404300
2021-09-13,AMZN,174.13999938964844,174.8979949951172,171.89999389648438,172.85850524902344,51380000
2021-09-13,GOOGL,140.7859154673757,141.77821775342676,140.09215589506022,141.16578674316406,22094000
2021-09-13,META,378.7080967281156,378.77755895045016,371.4351840339903,373.578369140625,13026300
2021-09-13,MSFT,286.7241016921292,287.6781021035082,283.38035098235275,286.1844787597656,23652900
2021-09-14,AAPL,146.9087519585389,147.61227358439965,143.5474852815467,144.7297821044922,109296300
2021-09-14,AMZN,173.77749633789062,174.3404998779297,171.885498046875,172.5,38738000
2021-09-14,GOOGL,141.82332937621524,142.18782475783476,140.5880403778888,141.3760223388672,19674000
2021-09-14,META,374.4614265997543,375.6421632692636,372.1892488559139,373.5982055664063,8711600
2021-09-14,MSFT,288.66098698942704,290.4244218394307,287.25411498430714,288.88262939453125,21853400
2021-09-15,AAPL,145.15972903193406,146.01959220126037,143.01985176888803,145.6189727783203,83281300
2021-09-15,AMZN,172.12600708007812,174.27099609375,170.10049438476562,173.7895050048828,59150000
2021-09-15,GOOGL,141.60116132377672,143.2663989340108,140.18883824930154,143.24557495117188,27408000
2021-09-15,META,374.0645804392223,374.6202177119076,364.80723955684,371.0085754394531,17940300
2021-09-15,MSFT,292.2263140162258,294.21136141464643,290.8387040707149,293.72955322265625,28356300
2021-09-16,AAPL,145.04244981377065,145.56031777444971,143.85037245648,145.38442993164062,68034100
2021-09-16,AMZN,172.9980010986328,174.62750244140625,172.3070068359375,174.41200256347656,51672000
2021-09-16,GOOGL,142.77049372933465,143.1171313122396,141.23419535655154,142.4327850341797,26190000
2021-09-16,META,369.88735611995554,370.65134977316575,366.8313209471961,370.1552429199219,11934200
2021-09-16,MSFT,292.7082096801,294.20180375871473,289.81735966426726,294.1150817871094,19550800
2021-09-17,AAPL,145.4137565229727,145.4137565229727,142.423782481279,142.7169189453125,129868800
2021-09-17,AMZN,174.42050170898438,174.87049865722656,172.60650634765625,173.12600708007812,92332000
2021-09-17,GOOGL,141.8580280226532,142.27408389785296,139.31851630513904,139.64581298828125,53384000
2021-09-17,META,368.5180380210946,368.5180380210946,358.7744936986694,361.880126953125,26299000
2021-09-17,MSFT,293.103255033234,293.4212355512948,288.6320601855472,288.9596862792969,41372500
2021-09-20,AAPL,140.50868223734292,141.52487196661303,138.0365905336095,139.66836547851562,123478900
2021-09-20,AMZN,169.8000030517578,170.9499969482422,165.25050354003906,167.7864990234375,93382000
2021-09-20,GOOGL,137.028942390243,137.86056989011584,135.2045285382964,137.58236694335938,46518000
2021-09-20,META,356.50236496446865,358.2189055405732,347.0763349554893,352.930419921875,19822800
2021-09-20,MSFT,285.54842520573646,287.8514824392424,278.98620009647595,283.59228515625,38278700
2021-09-21,AAPL,140.6356964105484,141.29037444715544,139.51202378684255,140.1471405029297,75834000
2021-09-21,AMZN,168.75,168.98500061035156,166.6195068359375,167.18150329589844,55618000
2021-09-21,GOOGL,138.60392895402697,138.86378985932566,137.14449465996216,137.893310546875,25332000
2021-09-21,META,355.7086107920459,357.236628365608,352.4243858735174,354.6965637207031,11751900
2021-09-21,MSFT,284.9317599819224,286.7144563554884,283.37070598587525,284.0741271972656,22364100
2021-09-22,AAPL,141.14376881169068,143.0784456211062,140.41093510559722,142.51173400878906,76404300
2021-09-22,AMZN,167.5500030517578,169.4499969482422,167.05250549316406,169.00250244140625,48228000
2021-09-22,GOOGL,138.1620970935906,139.73211352931875,137.41576307062647,139.13356018066406,25056000
2021-09-22,META,344.5263154319161,347.1159782146659,338.0372304577377,340.53759765625,43692900
2021-09-22,MSFT,285.9339770236081,289.29698969688434,283.7947469001605,287.7166442871094,26626300
2021-09-23,AAPL,143.29344195401745,143.71360778815728,142.30656438659437,143.46932983398438,64838200
2021-09-23,AMZN,169.00250244140625,171.447998046875,169.00250244140625,170.8000030517578,47588000
2021-09-23,GOOGL,139.83181383714714,140.53500172725538,139.25061879288333,140.05844116210938,20952000
2021-09-23,META,342.67090108913663,346.9473698962506,340.3292913448756,343.2662353515625,21806300
2021-09-23,MSFT,287.9767902418922,289.9521922582794,286.70480943359127,288.66094970703125,18604600
2021-09-24,AAPL,142.32606533068824,144.0946347683932,142.22834821641814,143.55722045898438,53477900
2021-09-24,AMZN,170.10049438476562,171.46299743652344,169.6699981689453,171.2760009765625,42324000
2021-09-24,GOOGL,139.3864691123975,141.16378703061662,139.0914071880992,141.04922485351562,22984000
2021-09-24,META,340.56741280535164,351.5909225024472,339.70419175115126,350.21173095703125,18801900
2021-09-24,MSFT,287.3794027439531,288.8922585277224,286.12668346058666,288.4586486816406,14999000
2021-09-27,AAPL,142.14044174425882,142.61923184992318,140.52821338546616,142.042724609375,74150700
2021-09-27,AMZN,168.5749969482422,170.77850341796875,166.98049926757812,170.2899932861328,72690000
2021-09-27,GOOGL,139.65030981604136,140.7750169200493,138.9193515942972,139.91561889648438,21882000
2021-09-27,META,347.0862393823371,352.38465640920737,344.3774853349106,350.8268737792969,15205800
2021-09-27,MSFT,285.36539716620223,285.6833776639269,282.28181268174734,283.4670715332031,23571700
2021-09-28,AAPL,139.9712677848058,141.43693551030117,138.44697573581757,138.6619415283203,108972300
2021-09-28,AMZN,167.885498046875,168.45950317382812,164.5050048828125,165.79800415039062,88616000
2021-09-28,GOOGL,137.51840770698303,137.95628643744843,134.25041949465725,134.71656799316406,45772000
2021-09-28,META,345.2605382784772,346.87785115390363,336.2810180731356,337.9975280761719,21710300
2021-09-28,MSFT,279.2559766285429,280.2003311372439,272.462493849823,273.2044677734375,43186200
2021-09-29,AAPL,139.2091064976362,141.14378350850296,138.77917495976774,139.5608673095703,74602000
2021-09-29,AMZN,166.10549926757812,167.56500244140625,164.89349365234375,165.05599975585938,51246000
2021-09-29,GOOGL,135.85714754159193,136.02675103167505,132.76769140885952,133.25218200683594,30848000
2021-09-29,META,340.47805090039293,342.54187190341224,336.24131022546914,336.9656066894531,14452200
2021-09-29,MSFT,274.7270371271494,276.33626002135594,272.7130824122316,273.66705322265625,26353700
2021-09-30,AAPL,140.37190261492736,141.07542439314534,138.0463714641766,138.26133728027344,89056700
2021-09-30,AMZN,165.8000030517578,166.3925018310547,163.69949340820312,164.2519989013672,56848000
2021-09-30,GOOGL,133.1609261171282,134.4314160804283,132.46120397036233,132.58021545410156,37996000
2021-09-30,META,337.7991194420631,340.13079708981513,335.5170100804958,336.74737548828125,16547100
2021-09-30,MSFT,275.31483525135485,277.35769732785985,271.37364767786374,271.6627502441406,32343600
2021-10-01,AAPL,138.65214546670165,139.64880358400276,135.9260103602956,139.38497924804688,94639600
2021-10-01,AMZN,164.45050048828125,165.45849609375,162.7969970703125,164.16299438476562,56712000
2021-10-01,GOOGL,133.34537891761596,135.78820139147504,132.9739523429522,135.4237060546875,35360000
2021-10-01,META,338.950049198345,342.3335009667382,336.00320408517933,340.33917236328125,14905300
2021-10-01,MSFT,271.8554890446492,279.42953021502547,271.05570026891905,278.58154296875,30086300
2021-10-04,AAPL,138.51535016597074,138.95506236159227,135.1052398519007,135.955322265625,98322000
2021-10-04,AMZN,163.96949768066406,163.99949645996094,158.8125,159.48899841308594,90462000
2021-10-04,GOOGL,134.84602208782988,134.84602208782988,129.9757816177571,132.5638885498047,51202000
2021-10-04,META,332.9174555014666,333.32426674467087,320.1873672849246,323.6898803710937,42885000
2021-10-04,MSFT,276.9434331461272,277.280704871904,270.05357963632,272.8095092773437,31350700
2021-10-05,AAPL,136.29730248452776,138.9843593851802,136.1702732054442,137.88021850585938,80861100
2021-10-05,AMZN,160.22500610351562,163.0364990234375,160.1230010986328,161.0500030517578,65384000
2021-10-05,GOOGL,132.942256683795,136.09966348549025,132.942256683795,134.9080047607422,32404000
2021-10-05,META,326.02153122963404,332.57014704290987,323.6203912754051,330.367431640625,35377900
2021-10-05,MSFT,273.7152814419423,279.83425268811834,273.7152814419423,278.2539367675781,24993000
2021-10-06,AAPL,136.27778622694314,138.8964387383312,135.20295726507902,138.7498779296875,83221100
2021-10-06,AMZN,160.67649841308594,163.2169952392578,159.93099975585938,163.10049438476562,50660000
2021-10-06,GOOGL,133.64543520241895,136.62084377835407,133.44707765743206,136.43736267089844,24364000
2021-10-06,META,327.17251785068817,331.77640370121645,323.26319366414805,331.04217529296875,26443000
2021-10-06,MSFT,275.3822919286594,282.9466865037661,275.1221260888592,282.4455871582031,28002600
2021-10-07,AAPL,139.78562915042673,140.9190825580318,139.45341467529775,140.01036071777344,61732700
2021-10-07,AMZN,164.57699584960938,166.28750610351562,164.1529998779297,165.1215057373047,48182000
2021-10-07,GOOGL,137.75347740127893,138.89405973958108,137.51445558203253,138.08375549316406,25110000
2021-10-07,META,334.3760068358188,336.201676355274,326.4184641021134,326.6565856933594,28307500
2021-10-07,MSFT,284.4402643887922,285.8471654194184,283.22612779643686,284.1222839355469,20430500
2021-10-08,AAPL,140.7334443423265,140.8800051828561,139.29708846695095,139.62930297851562,58773200
2021-10-08,AMZN,165.85000610351562,166.07150268554688,164.41000366210938,164.43099975585938,39964000
2021-10-08,GOOGL,138.4328463076523,139.1806633910254,138.07629612988345,138.6396484375,26526000
2021-10-08,META,328.928756267281,330.80402431715976,326.1505398838151,327.4801025390625,15946100
2021-10-08,MSFT,285.44243361714194,285.8471654194184,283.0719456530571,284.1222839355469,17685700
2021-10-11,AAPL,139.0137022391212,141.49555969160025,138.56422424355534,139.5413360595703,64452200
2021-10-11,AMZN,163.75,164.62950134277344,161.90499877929688,162.31500244140625,40684000
2021-10-11,GOOGL,138.15020647249565,139.55856466782143,137.72074204736637,137.77529907226562,17954000
2021-10-11,META,325.07894242521274,327.8868935538608,322.7769996356763,322.9159240722656,14708200
2021-10-11,MSFT,282.26256704142725,287.1288187573514,282.0987392920623,283.52490234375,19298600
2021-10-12,AAPL,139.95173660619236,139.9712830193318,137.8118591085372,138.27110290527344,73035900
2021-10-12,AMZN,162.85000610351562,163.37649536132812,161.81399536132812,162.3665008544922,36392000
2021-10-12,GOOGL,138.336634738434,138.36342140161824,134.64712752694695,135.3304901123047,36332000
2021-10-12,META,320.51476453054045,321.8542589738375,314.89883180646416,321.2489929199219,31658700
2021-10-12,MSFT,284.5944873273196,284.69085485665033,281.71328346594987,282.2239990234375,17974100
2021-10-13,AAPL,138.00726310614547,138.16358964828814,136.0139468710265,137.684814453125,78762700
2021-10-13,AMZN,163.48550415039062,164.41900634765625,163.05450439453125,164.21400451660156,48402000
2021-10-13,GOOGL,136.27619065855683,136.86879650740957,135.39993366753524,136.4542236328125,19654000
2021-10-13,META,324.4240721962077,324.4538373921097,320.1476341318763,322.01300048828125,14761500
2021-10-13,MSFT,284.1801177182295,286.4638838944547,282.8117694830256,285.5291748046875,23416300
2021-10-14,AAPL,138.8573456179309,140.58683751822448,138.27107262847971,140.46957397460938,69907100
2021-10-14,AMZN,165.12249755859375,165.6300048828125,164.53900146484375,164.9929962158203,42190000
2021-10-14,GOOGL,138.33068721492134,140.17890644011712,137.68700521186503,139.9939422607422,31894000
2021-10-14,META,325.8032036958003,327.9463884457826,324.5530353016082,325.9718933105469,14302200
2021-10-14,MSFT,288.32368317323034,292.2359637895139,286.9938877052562,291.7348937988281,27262900
2021-10-15,AAPL,140.47933964406647,141.58346561937512,140.22528108462743,141.52484130859375,67940300
2021-10-15,AMZN,165.5709991455078,170.52099609375,165.1999969482422,170.4510040283203,103598000
2021-10-15,GOOGL,140.4536525487432,140.55630449662968,139.60120099035484,140.20916748046875,30274000
2021-10-15,META,326.1207530110209,326.5077308425533,319.9988121641068,322.2312927246094,21596400
2021-10-15,MSFT,291.33982641094127,293.3730726386509,289.5860372188823,293.14178466796875,25384800
2021-10-18,AAPL,140.16667221392322,143.47908032380766,139.88331637742027,143.1957244873047,85589200
2021-10-18,AMZN,169.41799926757812,172.45849609375,169.2550048828125,172.33700561523438,63482000
2021-10-18,GOOGL,139.92007540027947,141.62547801674657,139.91312902751054,141.6076202392578,20396000
2021-10-18,META,326.3886830547869,333.2746480135661,324.94996119096635,332.7289123535156,21585000
2021-10-18,MSFT,292.52511657650416,296.9962825877865,291.6771292104213,296.1097717285156,22729300
2021-10-19,AAPL,143.6451724796259,145.75573713641117,143.19570948817753,145.35511779785156,76378900
2021-10-19,AMZN,171.71449279785156,172.7344970703125,171.10000610351562,172.20750427246094,47722000
2021-10-19,GOOGL,142.21211472454235,142.4848695628123,141.43107913400408,142.06285095214844,20164000
2021-10-19,META,337.00536339171015,339.7934813524964,334.6538218634987,337.3427124023437,18786300
2021-10-19,MSFT,297.1311321961775,298.04655016071644,296.0422409246639,297.0155029296875,17682100
2021-10-20,AAPL,145.29652399244392,146.32249438069462,144.72979735027167,145.8437042236328,58418800
2021-10-20,AMZN,172.63299560546875,173.14300537109375,170.01849365234375,170.7530059814453,42796000
2021-10-20,GOOGL,142.163011218959,142.3693139266215,140.2175881873202,140.60687255859375,23288000
2021-10-20,META,340.7758415998747,341.30171370248775,336.80698640129685,338.1266174316406,13639500
2021-10-20,MSFT,297.9597782829051,298.4319702516022,294.9725619677643,296.22528076171875,16537100
2021-10-21,AAPL,145.40399172614036,146.21499623763387,144.4855043297612,146.05865478515625,61421000
2021-10-21,AMZN,170.71249389648438,172.01400756835938,170.14999389648438,171.75050354003906,37628000
2021-10-21,GOOGL,140.6068703781535,140.9907066085893,139.34827557059145,140.72291564941406,26292000
2021-10-21,META,337.63046963499943,339.6446621931022,335.1697688091569,339.218017578125,16354400
2021-10-21,MSFT,295.99411129385413,299.70401151928974,295.2135548265935,299.4534912109375,16918100
2021-10-22,AAPL,146.26387023963363,146.74264548774926,145.23789985010384,145.28675842285156,58883400
2021-10-22,AMZN,171.0500030517578,171.49200439453125,166.56500244140625,166.77749633789062,62782000
2021-10-22,GOOGL,138.00935869132704,139.43061082473707,134.94072652552163,136.4388427734375,50588000
2021-10-22,META,323.80893083802226,327.0633903998745,318.60971071997267,322.0824584960937,35224500
2021-10-22,MSFT,299.1065265444657,299.77142421719265,296.6011180073885,297.9116516113281,17449300
2021-10-25,AAPL,145.27696242983234,145.95117189778182,144.24122639888336,145.23788452148438,50720600
2021-10-25,AMZN,166.75,167.38999938964844,164.88499450683594,166.01849365234375,44520000
2021-10-25,GOOGL,136.42249557119888,136.8688038613959,134.31391552734996,136.32034301757812,34412000
2021-10-25,META,317.8059602585115,326.9938666204369,317.23048977283963,326.1306457519531,38409000
2021-10-25,MSFT,298.10438841823645,298.14294131253496,295.309906430058,296.9191589355469,17554500
2021-10-26,AAPL,145.912078981119,147.387512149544,145.5993961083312,145.90231323242188,60893400
2021-10-26,AMZN,167.47549438476562,170.80599975585938,167.19900512695312,168.80349731445312,53966000
2021-10-26,GOOGL,138.12195088453703,138.93472200245623,137.1708122409943,138.1665802001953,49236000
2021-10-26,META,325.7040226955759,327.6388209090137,307.1893146121801,313.3509521484375,65654000
2021-10-26,MSFT,299.68472017039693,301.03377733794736,297.3720465392761,298.8270874023437,28107300
2021-10-27,AAPL,145.9414369460655,146.30296358535784,145.0913543468451,145.443115234375,56094900
2021-10-27,AMZN,169.39999389648438,171.85000610351562,168.57249450683594,169.62449645996094,54044000
2021-10-27,GOOGL,138.26227904833755,147.43149181607174,138.26227904833755,145.01893615722656,85782000
2021-10-27,META,311.74360248983976,316.7642010297312,309.63018261546694,309.7889404296875,29971800
2021-10-27,MSFT,304.50272403156487,314.23525368743805,304.50272403156487,311.411865234375,52588700
2021-10-28,AAPL,146.3908846714247,149.66419997930225,146.29316753585874,149.07794189453125,100077900
2021-10-28,AMZN,170.10499572753906,173.9499969482422,169.3000030517578,172.32850646972656,114174000
2021-10-28,GOOGL,145.92841199689116,145.9517179093353,143.44145926717053,144.6534423828125,36206000
2021-10-28,META,310.5529092792764,322.98534384775115,305.7109023111952,314.45233154296875,50806800
2021-10-28,MSFT,312.5296895645361,313.05005064705665,309.6677477215304,312.5489807128906,26297900
2021-10-29,AAPL,143.85037288076313,146.5081176612954,143.05891485963772,146.37132263183594,124953200
2021-10-29,AMZN,165.00100708007812,168.74099731445312,163.66600036621094,168.6215057373047,129722000
2021-10-29,GOOGL,143.8887552596137,147.0268204605567,143.46377046547764,146.83242797851562,43320000
2021-10-29,META,317.6968505547002,323.46160870461625,317.1114482093507,321.050537109375,37059400
2021-10-29,MSFT,312.33705592687465,319.9207139283914,312.11541352037625,319.5545349121094,34766000
2021-11-01,AAPL,145.57987978563986,146.2736207539483,144.4171144592604,145.55056762695312,74588300
2021-11-01,AMZN,168.08999633789062,168.79299926757812,164.6009979248047,165.90550231933594,72178000
2021-11-01,GOOGL,146.8324309481015,146.8324309481015,142.05143515277334,142.32070922851562,46924000
2021-11-01,META,323.50135079861377,330.8536576667593,323.46165377375024,327.4106750488281,31518900
2021-11-01,MSFT,319.3039092052296,319.429184039648,314.4954728847083,317.3863220214844,27073200
2021-11-02,AAPL,145.25743118168475,148.10082985163274,145.2476505224247,146.5863037109375,69122000
2021-11-02,AMZN,165.75050354003906,166.55599975585938,164.17750549316406,165.6374969482422,52552000
2021-11-02,GOOGL,143.39433663204673,145.40719548804785,143.15233350459803,144.24034118652344,33482000
2021-11-02,META,328.79977498067046,332.1832272718892,321.27877830987967,325.52545166015625,28353000
2021-11-02,MSFT,318.2921163018297,321.3178857761328,317.99339758395104,321.009521484375,26487100
2021-11-03,AAPL,146.9478455977698,148.49168405814817,146.3908996149076,148.02267456054688,54511500
2021-11-03,AMZN,165.4499969482422,169.74600219726562,164.87600708007812,169.1999969482422,67944000
2021-11-03,GOOGL,144.70452437779974,145.4667336808486,143.405764521186,145.3963165283203,27494000
2021-11-03,META,324.9400554002247,329.56377488260455,320.6834804225492,329.03790283203125,20786500
2021-11-03,MSFT,321.75153286235326,322.7151493305887,318.6197793405882,321.847900390625,21500100
2021-11-04,AAPL,148.11061107430388,148.94114717338857,147.19212358039826,147.5048065185547,60394600
2021-11-04,AMZN,168.5,174.93150329589844,168.25,173.85000610351562,107060000
2021-11-04,GOOGL,145.91847295050908,148.5060949140484,145.10866822451723,147.05210876464844,38412000
2021-11-04,META,331.40925503173617,334.64385059003166,330.0598288683122,333.23492431640625,22495300
2021-11-04,MSFT,320.7783608861972,324.2955557789169,317.52133190249214,324.1991882324219,23992200
2021-11-05,AAPL,148.6300964838691,148.93344079375584,146.83937063089465,148.03318786621094,65463900
2021-11-05,AMZN,173.85000610351562,178.3125,173.8489990234375,175.94949340820312,99940000
2021-11-05,GOOGL,147.94670774549678,149.0952199954821,146.98219111996391,147.63182067871094,38354000
2021-11-05,META,337.6602239773612,344.0897793143083,336.99545779027494,338.4738464355469,26872800
2021-11-05,MSFT,326.1938803589028,326.46369184358485,322.25269180428967,323.8330078125,22570100
2021-11-08,AAPL,148.1604409815022,148.3170106437663,146.93726849126057,147.2112579345703,55020900
2021-11-08,AMZN,176.16200256347656,178.9499969482422,174.39300537109375,174.44900512695312,61480000
2021-11-08,GOOGL,148.5968545496057,149.3803872526516,147.2137847900475,147.8093719482422,23052000
2021-11-08,META,341.7382250284052,342.10533921947234,335.70554932019894,335.9833679199219,18342500
2021-11-08,MSFT,325.0278447491498,325.36511641707693,322.2719155808302,324.7291259765625,20897000
2021-11-09,AAPL,146.97637928946335,148.17997664131613,146.83938459031998,147.5732879638672,56787900
2021-11-09,AMZN,175.7624969482422,179.68850708007812,175.07150268554688,178.81149291992188,85898000
2021-11-09,GOOGL,148.00969001611557,148.606260776847,146.03797976414563,147.69776916503906,19530000
2021-11-09,META,337.3526207608711,338.6524181419945,331.8656808167528,332.7586669921875,17556700
2021-11-09,MSFT,324.84478968180053,326.39622775578675,322.35867170289976,323.7270202636719,21307400
2021-11-10,AAPL,146.8002045627489,146.90784428839714,144.67677991250417,144.74526977539062,65187100
2021-11-10,AMZN,178.19349670410156,180.2725067138672,173.1544952392578,174.1024932861328,80548000
2021-11-10,GOOGL,146.29090824279103,146.85624308458767,143.35269859682205,144.69757080078125,29970000
2021-11-10,META,329.9011097263136,330.59567139945983,322.9754777670313,325.0888977050781,21872600
2021-11-10,MSFT,322.39716561372114,322.4549802486584,317.91635496264894,318.7643127441406,25500900
2021-11-11,AAPL,145.76302891424749,146.22292804332957,144.51048652142552,144.6964111328125,41000000
2021-11-11,AMZN,175.64999389648438,177.16200256347656,173.37350463867188,173.625,45288000
2021-11-11,GOOGL,145.28869002419106,146.32612090055292,144.40696987833476,144.5716094970703,16518000
2021-11-11,META,327.251870394534,329.8712983414455,324.45382100127904,325.18804931640625,12376600
2021-11-11,MSFT,319.197900756316,321.6262032562195,318.48483410154563,320.3349609375,16849800
2021-11-12,AAPL,145.2443426792842,147.1720631299846,144.3147348567186,146.7708740234375,63804000
2021-11-12,AMZN,174.25,177.0364990234375,172.3524932861328,176.25750732421875,53788000
2021-11-12,GOOGL,145.41365059304397,147.6298460762428,144.21902587009922,147.45924377441406,22360000
2021-11-12,META,327.6090584700832,339.1981053182596,327.2121791111643,338.2356872558594,25414300
2021-11-12,MSFT,321.77084906481406,324.96041747042767,321.6455742090313,324.4689636230469,23831000
2021-11-15,AAPL,147.1427090779816,148.6203105600799,146.22288125155492,146.78065490722656,59222800
2021-11-15,AMZN,176.85000610351562,179.69400024414062,176.29049682617188,177.28399658203125,58594000
2021-11-15,GOOGL,147.6799325584469,148.32361464376697,146.36529744247616,147.235107421875,23508000
2021-11-15,META,341.6588609660316,350.89636806742686,340.5277530964521,344.8537902832031,25076600
2021-11-15,MSFT,325.2591690047351,325.58679513357146,321.87686518692334,323.8426513671875,16723000
2021-11-16,AAPL,146.72196856987298,148.23870523347338,146.1348398835429,147.75921630859375,59256200
2021-11-16,AMZN,176.9499969482422,178.8249969482422,176.25750732421875,177.03500366210938,44342000
2021-11-16,GOOGL,146.93507493624475,147.54304137580007,146.10493053390076,146.663818359375,18904000
2021-11-16,META,341.1528329153276,343.95088289662846,338.2158887576288,340.28961181640625,18181100
2021-11-16,MSFT,323.4667726030353,328.27523883002146,323.3029742696654,327.1574401855469,20886800
2021-11-17,AAPL,147.7592208106454,151.67337235529826,147.7494408070529,150.19578552246094,88807000
2021-11-17,AMZN,178.23599243164062,179.3625030517578,177.2675018310547,177.4499969482422,51206000
2021-11-17,GOOGL,146.81407891963306,147.34171568581732,146.0330433290407,146.8334197998047,19594000
2021-11-17,META,341.55958996835096,344.5957610730092,337.4518415302655,338.1166076660156,13602800
2021-11-17,MSFT,327.2057248474174,330.34320817217764,326.2982657750648,327.3794860839844,19053400
2021-11-18,AAPL,150.411059635024,155.2645990140686,149.7652210699027,154.4817657470703,137827700
2021-11-18,AMZN,178.3175048828125,185.2100067138672,178.0500030517578,184.8029937744141,114070000
2021-11-18,GOOGL,147.026320462845,149.3461514524102,146.67225222682112,148.6102294921875,35608000
2021-11-18,META,337.07486594324405,339.7935220059401,332.68926772039174,336.0528869628906,17487200
2021-11-18,MSFT,326.4719680391964,330.59415654864347,325.4486683273101,329.4549865722656,22463500
2021-11-19,AAPL,154.26646446197273,157.56414670764048,153.17050700157068,157.10423278808594,117305600
2021-11-19,AMZN,185.63450622558597,188.1074981689453,183.78599548339844,183.82850646972656,98734000
2021-11-19,GOOGL,148.74610077592874,149.72898972518277,147.67843279309778,147.70570373535156,33682000
2021-11-19,META,339.5355508184028,349.358460698102,337.2534410694076,342.61138916015625,26488500
2021-11-19,MSFT,330.7776231911043,333.152448348102,330.3528538835382,331.2313232421875,21963400
2021-11-22,AAPL,158.210017461011,162.14374442137012,157.54461878472307,157.56419372558594,117467900
2021-11-22,AMZN,183.81900024414065,185.67300415039065,178.375,178.6284942626953,96844000
2021-11-22,GOOGL,148.10836700924503,148.60128697238446,144.94947812815403,145.1027069091797,30594000
2021-11-22,META,346.3321735643987,351.0749537528082,337.8586905223181,338.35479736328125,27116800
2021-11-22,MSFT,332.6891489561588,337.564334139124,327.7946667850872,328.0649719238281,31031100
2021-11-23,AAPL,157.6620164381372,158.32742995233392,155.64623082003743,157.94580078125,96041900
2021-11-23,AMZN,179.2519989013672,181.0525054931641,176.385498046875,179.0019989013672,73804000
2021-11-23,GOOGL,144.9549207712841,145.45776842701397,142.93363270451323,144.5869598388672,27218000
2021-11-23,META,336.29099629194184,338.7417654457569,330.9032829403436,334.62408447265625,17225000
2021-11-23,MSFT,325.38118601428096,327.69812064888646,322.0120206003462,325.9893798828125,30427600
2021-11-24,AAPL,157.29992381912578,158.66009052581524,156.21374645397813,158.46438598632812,69463600
2021-11-24,AMZN,178.1334991455078,180.6820068359375,176.84249877929688,179.02049255371094,46560000
2021-11-24,GOOGL,144.2810105888424,145.0506504792178,143.18953724894834,144.92221069335938,18040000
2021-11-24,META,333.3837897309682,339.1187834740705,330.2186257334472,338.4043884277344,13566200
2021-11-24,MSFT,324.6378523117165,326.4527706824411,322.34990736219254,326.21142578125,21661300
2021-11-26,AAPL,156.14526203093936,157.00636502097973,153.0041495633598,153.44448852539062,76959800
2021-11-26,AMZN,180.10499572753906,181.6750030517578,175.20750427246094,175.22799682617188,59826000
2021-11-26,GOOGL,143.16523224151518,143.3725186493825,140.67977786294543,141.01748657226562,30470000
2021-11-26,META,333.18530921855194,335.12013781830825,329.31568229899483,330.52618408203125,14750700
2021-11-26,MSFT,322.77463147147154,326.23067700890783,316.7603067714065,318.26629638671875,24217200
2021-11-29,AAPL,155.94955010034442,157.7304958999759,155.38199643665857,156.80088806152344,88748200
2021-11-29,AMZN,177.3820037841797,179.8000030517578,176.5749969482422,178.07850646972656,65312000
2021-11-29,GOOGL,142.81958339759728,145.098250620001,142.71395011842046,144.33753967285156,32596000
2021-11-29,META,334.2668110887607,338.01737680141184,332.6990968463574,335.3979187011719,16650900
2021-11-29,MSFT,323.3442446492078,327.2926436665053,323.1511569453452,324.9757385253906,28563500
2021-11-30,AAPL,156.55627065978888,161.9675835913138,156.48776584559891,161.75230407714844,174048100
2021-11-30,AMZN,178.1750030517578,179.2884979248047,174.60049438476562,175.35350036621094,80022000
2021-11-30,GOOGL,143.81981989380787,144.80319311094968,140.44075042064517,140.7343292236328,42068000
2021-11-30,META,332.39159586170115,333.1952865516864,320.9116758657948,321.93365478515625,25390000
2021-11-30,MSFT,323.71099964845,326.08582451918915,317.60013207363266,319.1447448730469,42885600
2021-12-01,AAPL,163.8854710804495,166.6449542460197,160.99878818170458,161.233642578125,152052500
2021-12-01,AMZN,177.25,177.99400329589844,172.0800018310547,172.18600463867188,74916000
2021-12-01,GOOGL,142.8195956469263,144.75410739029755,139.75691130496085,139.895263671875,34020000
2021-12-01,META,327.7182696583497,327.92662605582126,307.8739957669234,308.1815795898437,30329600
2021-12-01,MSFT,323.52768116178333,327.534000747028,317.98641149520125,318.6524963378906,33337600
2021-12-02,AAPL,155.33309702351335,160.6759050938818,154.4132690949476,160.24534606933594,136739200
2021-12-02,AMZN,173.0,174.63499450683594,171.1875,171.8679962158203,64726000
2021-12-02,GOOGL,140.09216072072763,142.68523136017433,139.0651416666331,141.79409790039062,29194000
2021-12-02,META,308.975320750198,312.1504165030923,304.80804163947613,307.97320556640625,24396200
2021-12-02,MSFT,318.864840789436,321.94440378728416,316.4513920112506,318.0828857421875,30766000
2021-12-03,AAPL,160.49976670029744,161.4195945786872,156.29205136899398,158.36654663085938,118023100
2021-12-03,AMZN,172.75,173.49349975585938,166.92999267578125,169.489501953125,80712000
2021-12-03,GOOGL,142.50321577437006,143.2163161657655,139.15091751675573,140.8374786376953,41230000
2021-12-03,META,311.2871716391293,311.30700500958125,297.167961754166,304.4508056640625,27471000
2021-12-03,MSFT,320.4963603630018,321.18180108322787,307.01966954803913,311.8272705078125,41779300
2021-12-06,AAPL,160.76394307511896,164.27690456731682,160.75416307393996,161.7718505859375,107497000
2021-12-06,AMZN,169.64999389648438,173.69549560546875,166.9344940185547,171.36849975585938,68860000
2021-12-06,GOOGL,141.86795825434288,142.67329857712156,139.00114949695094,141.9815216064453,30618000
2021-12-06,META,305.7307773330619,317.6075751777738,303.9547065343744,315.3949279785156,21758300
2021-12-06,MSFT,312.73477562707376,316.11360468541386,308.1781821185273,314.897216796875,30032600
2021-12-07,AAPL,165.45116789916565,167.89751232351225,164.72704457429052,167.50608825683594,120405400
2021-12-07,AMZN,174.60000610351562,177.49949645996094,173.33450317382812,176.1645050048828,66410000
2021-12-07,GOOGL,144.40301145252772,146.32166315012472,144.0370329543183,146.0623016357422,32240000
2021-12-07,META,319.0661430645048,323.9974459982289,318.5005740303453,320.2964782714844,18794000
2021-12-07,MSFT,320.1585374557871,324.1744910771266,318.67184447052034,323.3249816894531,31021900
2021-12-08,AAPL,168.43574938085715,172.1835516828611,167.03643228768738,171.3224334716797,116998900
2021-12-08,AMZN,176.15049743652344,177.17999267578125,174.75050354003906,176.1580047607422,45254000
2021-12-08,GOOGL,146.3866264476649,147.1766061373384,145.20589435210303,146.97178649902344,24270000
2021-12-08,META,322.46940948818246,330.15906463751605,320.5544445697957,327.9861145019531,19937700
2021-12-08,MSFT,323.7014860822497,323.88491059416486,319.3476139221357,323.3732604980469,24761000
2021-12-09,AAPL,171.15606234208923,172.95656843850207,170.18730447599066,170.81356811523438,108923700
2021-12-09,AMZN,175.75,176.96949768066406,174.13949584960938,174.17100524902344,46062000
2021-12-09,GOOGL,146.38115719853195,147.87779015183264,145.90906116663706,146.4282684326172,23270000
2021-12-09,META,326.97410398872734,333.51278849439655,325.44608644592824,327.2519226074219,16879200
2021-12-09,MSFT,322.832576975175,324.84055346464856,320.62184956942644,321.56793212890625,22214200
2021-12-10,AAPL,171.4496414446743,175.7747774084515,170.94079752796398,175.5986328125,115402700
2021-12-10,AMZN,175.41700744628906,175.927001953125,170.5,172.21200561523438,60690000
2021-12-10,GOOGL,147.481060069157,147.75628168931388,145.501419679147,146.7882843017578,24458000
2021-12-10,META,329.97058264885754,332.42135167676867,323.8287774793143,327.1824645996094,14528000
2021-12-10,MSFT,323.3827950413509,331.12512705634384,323.1993706024248,330.6810607910156,38095700
2021-12-13,AAPL,177.23278564494396,178.2211185132973,171.76276218304858,171.96826171875,153237000
2021-12-13,AMZN,172.0,172.10000610351562,169.1300048828125,169.5675048828125,62170000
2021-12-13,GOOGL,146.5700951293805,146.75705697342113,144.32466128723686,144.63113403320312,27070000
2021-12-13,META,328.37311410359496,338.43414460124114,327.0236878165198,331.8855285644531,22948700
2021-12-13,MSFT,328.8854647941473,331.8878102110468,327.3408517779993,327.6497802734375,28899400
2021-12-14,AAPL,171.48875398461132,173.92531854630914,168.51400556372403,170.5885009765625,139380400
2021-12-14,AMZN,167.5500030517578,169.49899291992188,166.44000244140625,169.0915069580078,55976000
2021-12-14,GOOGL,142.78787579064948,143.29567231486587,140.05743659724035,142.7273712158203,38446000
2021-12-14,META,325.4956596112595,333.08611788089667,325.09878022695415,331.141357421875,20461000
2021-12-14,MSFT,321.68377419361184,323.05462611476247,312.8891511907512,316.97271728515625,44438700
2021-12-15,AAPL,171.35172248646532,175.6475020222363,168.61181417618175,175.45179748535156,131063300
2021-12-15,AMZN,168.59800720214844,173.60000610351562,165.19500732421875,173.31500244140625,75794000
2021-12-15,GOOGL,142.23342665334246,145.51827360710053,140.51661343560883,145.24057006835938,36370000
2021-12-15,META,329.9010829872585,339.44617276651826,321.4573660255817,338.99969482421875,24681300
2021-12-15,MSFT,317.2333691168989,323.5855832409606,313.2656731909751,323.06427001953125,35381100
2021-12-16,AAPL,175.43223547777242,177.25231617436867,167.08531019517628,168.56289672851562,150185800
2021-12-16,AMZN,173.36849975585938,174.16600036621094,168.16050720214844,168.87100219726562,60876000
2021-12-16,GOOGL,145.96412418925743,146.4664725789084,142.42982768319294,143.26097106933594,33650000
2021-12-16,META,336.3406072064359,341.7779188431185,331.1413868855736,332.2923583984375,22635000
2021-12-16,MSFT,324.0875444975225,325.10121065165634,311.8368762553376,313.6517944335937,35034800
2021-12-17,AAPL,166.282881917165,169.74691327261917,166.04804245665855,167.4669189453125,195432700
2021-12-17,AMZN,167.7104949951172,170.89849853515625,165.61349487304688,170.0175018310547,85542000
2021-12-17,GOOGL,141.33188874138816,142.65545262972856,140.1417284945182,140.56324768066406,50416000
2021-12-17,META,330.20866697035297,334.4851050733317,328.1746412454397,331.19097900390625,40012600
2021-12-17,MSFT,309.77095234774947,313.6710934453868,306.2666203467996,312.58984375,47750300
2021-12-20,AAPL,164.66832933666538,166.91896912005944,163.86593615587674,166.10678100585938,107499100
2021-12-20,AMZN,166.85000610351562,167.87449645996094,165.60000610351562,167.07899475097656,57372000
2021-12-20,GOOGL,138.85237592178575,140.61233535579893,138.17894105107746,140.44619750976562,27192000
2021-12-20,META,327.2121955817415,327.3312563674149,320.0186470744069,322.9159240722656,17901800
2021-12-20,MSFT,308.96976308321786,311.62455727439425,306.57564026770206,308.8346252441406,28326500
2021-12-21,AAPL,167.8779657038139,169.48276731961977,165.49033075391415,169.27728271484375,91185900
2021-12-21,AMZN,167.85049438476562,170.7165069580078,165.6475067138672,170.41700744628906,55956000
2021-12-21,GOOGL,140.88905801007334,142.68968194664052,139.35077693447047,142.2964324951172,28756000
2021-12-21,META,323.86845614497594,333.3837812684171,321.2291642430061,331.5978088378906,16116800
2021-12-21,MSFT,312.0975879363911,316.3838758381777,308.7283930038444,315.9591064453125,24740600
2021-12-22,AAPL,169.32617236411534,172.08565609490324,168.45527432954148,171.87037658691406,92135300
2021-12-22,AMZN,169.27000427246094,172.0500030517578,168.50050354003906,171.03700256347656,55036000
2021-12-22,GOOGL,141.89473474558528,145.29909260146448,141.89473474558528,145.21478271484375,26322000
2021-12-22,META,331.20087485098674,331.9053682815048,325.7040335196158,327.8769836425781,16764600
2021-12-22,MSFT,316.93407613844363,322.06023889539006,314.4723702128299,321.6644592285156,24831500
2021-12-23,AAPL,172.07587897729215,173.05441678226669,171.50832525865067,172.49664306640625,68356600
2021-12-23,AMZN,170.42799377441406,171.97500610351562,170.14999389648438,171.06849670410156,36788000
2021-12-23,GOOGL,145.29906858101933,147.02827602537155,145.25145794388771,145.712158203125,26384000
2021-12-23,META,327.5297071595906,334.04855761445225,325.8032349487416,332.6296691894531,13987700
2021-12-23,MSFT,321.23000578456225,324.74400105600773,321.2107088019103,323.10284423828125,19617800
2021-12-27,AAPL,173.28929401973235,176.5478274113467,173.26973400991258,176.4597625732422,74919600
2021-12-27,AMZN,171.03700256347656,172.9429931640625,169.2154998779297,169.66949462890625,58688000
2021-12-27,GOOGL,146.04891135250273,147.1279902675561,145.9631183512344,146.69407653808594,15976000
2021-12-27,META,336.2115846993633,345.1613404781223,335.3781289082556,343.4844970703125,17795000
2021-12-27,MSFT,323.8462152014172,330.6231984892731,323.8172549933941,330.59423828125,19947000
2021-12-28,AAPL,176.29336988152778,177.43825729141835,174.69834852343934,175.44203186035156,79144300
2021-12-28,AMZN,170.1824951171875,172.17599487304688,169.135498046875,170.66099548339844,54638000
2021-12-28,GOOGL,147.02088732134416,147.08337441512606,144.85728115771545,145.48458862304688,18200000
2021-12-28,META,343.93104221062464,349.96368822790424,342.5121838763576,343.52423095703125,16637600
2021-12-28,MSFT,331.2699756899296,331.90712970709734,328.53796461701063,329.4357604980469,15661500
2021-12-29,AAPL,175.48120622634931,176.75330850310786,174.31674371757737,175.53013610839844,62348900
2021-12-29,AMZN,170.83999633789062,171.21200561523438,168.60049438476562,169.2010040283203,35754000
2021-12-29,GOOGL,145.44240783326498,146.2085820571264,144.45358650051998,145.45281982421875,17788000
2021-12-29,META,344.20883419741097,346.9671868790593,338.97987926535325,340.2697448730469,10747000
2021-12-29,MSFT,329.4839910257525,332.38012934520907,327.9200810470128,330.11151123046875,15042000
2021-12-30,AAPL,175.6181743920382,176.69457190920295,174.26778749437727,174.37542724609375,59773000
2021-12-30,AMZN,169.6999969482422,170.88800048828125,168.5240020751953,168.64450073242188,37584000
2021-12-30,GOOGL,145.4915143565753,146.09254961389885,144.79775486353165,145.00205993652344,15688000
2021-12-30,META,341.3214980377505,344.52635905092467,340.54757259642133,341.6786804199219,10593300
2021-12-30,MSFT,330.0728386067592,331.2506025262353,327.08982011766,327.572509765625,15994500
2021-12-31,AAPL,174.26780109643352,175.38333364161016,173.45561289396153,173.75897216796875,64062300
2021-12-31,AMZN,168.95599365234375,169.35000610351562,166.55850219726562,166.7169952392578,47830000
2021-12-31,GOOGL,144.85280491667777,145.4959875927401,143.6646270751953,143.6646270751953,18136000
2021-12-31,META,340.34909630287945,340.7658393357724,333.6516545396448,333.7310485839844,12870500
2021-12-31,MSFT,326.7906054612649,327.6111544209489,324.2226926014007,324.6764221191406,18000800
2022-01-03,AAPL,174.01337226981713,178.95499096160628,173.895952516217,178.10365295410156,104487900
2022-01-03,AMZN,167.5500030517578,170.70350646972656,166.16050720214844,170.4044952392578,63520000
2022-01-03,GOOGL,143.86593461715796,144.65541477911893,142.53494010406916,143.80296325683594,28646000
2022-01-03,META,335.66583985117506,338.42419237470216,334.5644973188107,335.90399169921875,14537900
2022-01-03,MSFT,323.7400307283668,326.2982805863168,318.3628596847403,323.1607971191406,28865100
2022-01-04,AAPL,178.7103855964708,179.013729963492,175.27570793184103,175.84326171875,99310400
2022-01-04,AMZN,170.43800354003906,171.39999389648438,166.34950256347656,167.52200317382812,70726000
2022-01-04,GOOGL,144.2041576289817,145.2842353697018,142.53843558316575,143.21583557128906,28400000
2022-01-04,META,337.30302124422224,340.4185561639644,329.2859184989826,333.9096374511719,15998000
2022-01-04,MSFT,323.2379929252775,323.5952080741863,314.82954604404773,317.6195068359375,32674300
2022-01-05,AAPL,175.75516158524204,176.3031403228598,170.8918278919333,171.1658172607422,94537600
2022-01-05,AMZN,166.88299560546875,167.12649536132812,164.35699462890625,164.35699462890625,64302000
2022-01-05,GOOGL,143.23614798069272,143.3149946024937,136.55933735130031,136.64561462402344,54618000
2022-01-05,META,330.4269709092636,333.1456568355286,321.318457087581,321.6459045410156,20564500
2022-01-05,MSFT,314.5785362245669,314.7812871228152,305.04061192128523,305.4267578125,40054300
2022-01-06,AAPL,168.99347567343597,171.53767993498516,167.95622799076347,168.30850219726562,96904000
2022-01-06,AMZN,163.45050048828125,164.8000030517578,161.93699645996094,163.25399780273438,51958000
2022-01-06,GOOGL,135.8754939287169,138.7928795446468,135.43909829641714,136.61834716796875,37348000
2022-01-06,META,320.3064141577774,336.529113208816,320.2071867379019,329.871337890625,27962800
2022-01-06,MSFT,302.30856806148427,307.66644167118665,300.7060346434731,303.0133056640625,39646100
2022-01-07,AAPL,169.1794172582698,170.40258963561612,167.35933616352636,168.47486877441406,86709100
2022-01-07,AMZN,163.83900451660156,165.24349975585938,162.031005859375,162.5540008544922,46606000
2022-01-07,GOOGL,137.01307300645394,137.31359818480337,134.65357655381715,135.89382934570312,29760000
2022-01-07,META,330.1491888852964,334.37602909098933,326.31925839804165,329.20660400390625,14722000
2022-01-07,MSFT,303.27396324795524,305.5426109592931,299.35452484498177,303.16778564453125,32720000
2022-01-10,AAPL,165.4511773077938,168.79777487885306,164.56070430318124,168.4944305419922,106765600
2022-01-10,AMZN,160.5854949951172,161.6614990234375,156.30450439453125,161.48599243164062,87798000
2022-01-10,GOOGL,133.97072480010584,137.68155536055949,132.07291243739996,137.53277587890625,44408000
2022-01-10,META,322.77695361227416,325.7833591416775,312.9738799235406,325.5154724121094,24942400
2022-01-10,MSFT,298.77531830555176,303.824264140596,294.1415080824136,303.38983154296875,44289500
2022-01-11,AAPL,168.62167398838997,171.42027831211996,167.15386700004245,171.3224334716797,76138300
2022-01-11,AMZN,161.5,166.35000610351562,160.70150756835938,165.36199951171875,62806000
2022-01-11,GOOGL,136.87574497844983,139.06663719581033,135.5720211712193,138.59056091308594,28730000
2022-01-11,META,324.23555155700546,332.02443419427567,322.74723119115595,331.7664489746094,16226800
2022-01-11,MSFT,302.53061283786786,305.64876956592934,299.1614480285225,304.0752258300781,29386800
2022-01-12,AAPL,172.34001357460605,173.3772608985998,171.06792681501932,171.76268005371094,74805200
2022-01-12,AMZN,166.5749969482422,166.8780059814453,164.41700744628906,165.20700073242188,50030000
2022-01-12,GOOGL,139.9929457226333,141.4390018146242,139.54118939726052,140.27114868164062,26108000
2022-01-12,META,332.5701638660356,333.7509005316702,327.4602696256606,330.6651306152344,14104900
2022-01-12,MSFT,308.60289772987363,312.2134078663537,306.10253873709456,307.2513427734375,34372200
2022-01-13,AAPL,172.00737775161056,172.82934594142114,168.10300645305696,168.4944305419922,84505800
2022-01-13,AMZN,165.25050354003906,166.22149658203125,161.09100341796875,161.21400451660156,52188000
2022-01-13,GOOGL,140.37977039221903,141.67904485341882,137.27443890098434,137.45098876953125,31436000
2022-01-13,META,332.3717120603452,333.016644823847,323.223501748033,323.9378967285156,14797100
2022-01-13,MSFT,309.37515937724777,309.7709684945666,293.4753583562799,294.2476501464844,45366000
2022-01-14,AAPL,167.6626336785782,170.05026788105346,167.41799927146064,169.3555145263672,80440800
2022-01-14,AMZN,160.14999389648438,162.25,159.80050659179688,162.13800048828125,45974000
2022-01-14,GOOGL,135.95533915327124,139.5883225969847,135.8755088296192,138.337158203125,29662000
2022-01-14,META,319.2844388795973,330.1392586318961,318.70893800587925,329.3157043457031,16868500
2022-01-14,MSFT,293.71673416868725,300.05928501415605,293.2340443836935,299.46075439453125,39846400
2022-01-18,AAPL,167.82902257608225,168.83691537487223,165.77410203397278,166.15573120117188,90956700
2022-01-18,AMZN,159.10499572753906,159.7344970703125,157.6645050048828,158.91749572753906,67292000
2022-01-18,GOOGL,135.05876027547475,136.00741694604665,134.32830144930435,134.88320922851562,34872000
2022-01-18,META,320.7727836078139,321.6856032779629,315.16678211800723,315.6727905273437,22645600
2022-01-18,MSFT,293.542848441252,299.0744521765594,291.2934984988216,292.1719970703125,42333200
2022-01-19,AAPL,166.3514456378891,167.40826837840387,162.37858408989868,162.662353515625,94815000
2022-01-19,AMZN,158.76199340820312,159.25,156.25,156.2989959716797,53242000
2022-01-19,GOOGL,135.40439065709728,136.82862410530518,133.90875636510398,134.00892639160156,28648000
2022-01-19,META,317.09163067373413,324.5530968357373,316.84357725675176,317.1015625,20814700
2022-01-19,MSFT,295.6860659770476,303.0422523236715,292.2203574511124,292.8285217285156,45933900
2022-01-20,AAPL,163.39625309442948,166.0383024176851,160.65634400941124,160.97926330566406,91420500
2022-01-20,AMZN,156.76600646972656,158.0,151.3509979248047,151.66749572753906,71974000
2022-01-20,GOOGL,135.13315249117488,136.4978803780089,131.8745767424866,132.2147674560547,29908000
2022-01-20,META,321.3780296650762,325.2675209136267,313.5197136706013,314.0951843261719,16925000
2022-01-20,MSFT,298.3698016436407,300.8604673943379,290.71435049782207,291.1584167480469,35380700
2022-01-21,AAPL,160.8911718694381,162.76018251834915,158.81667665863466,158.92431640625,122848900
2022-01-21,AMZN,149.9499969482422,150.89999389648438,142.07049560546875,142.64300537109375,163972000
2022-01-21,GOOGL,131.50663135157177,133.75999568673876,129.0201775821634,129.2830047607422,55652000
2022-01-21,META,312.3587368736268,315.83148420546536,300.68039460419897,300.80938720703125,28710700
2022-01-21,MSFT,292.21077366823675,293.5815962967534,285.3758691298615,285.7813415527344,57984400
2022-01-24,AAPL,156.58563920962845,158.8167044309835,151.3798104055977,158.1512908935547,162294600
2022-01-24,AMZN,139.0,144.94500732421875,135.3520050048828,144.54400634765625,155624000
2022-01-24,GOOGL,124.9453364502994,130.1275124017033,123.47945498392453,129.73178100585938,76622000
2022-01-24,META,295.52088719382215,307.1198662942084,286.7596546601461,306.3062438964844,38878100
2022-01-24,MSFT,282.0838813437784,286.82386842126607,266.49297997417904,286.1094970703125,85731500
2022-01-25,AAPL,155.56793581393717,159.26680751652682,153.65001008067688,156.35076904296875,115798400
2022-01-25,AMZN,142.24249267578125,143.60000610351562,138.14500427246094,139.98599243164062,90824000
2022-01-25,GOOGL,127.68468965184115,128.3382842647663,125.46354548795776,125.89447784423828,46960000
2022-01-25,META,297.614502679901,303.8456033215666,295.2629308448496,297.8129272460937,25108500
2022-01-25,MSFT,281.42744884707827,284.77731721920185,275.2973119894379,278.5023498535156,72848600
2022-01-26,AAPL,159.99093736491258,160.8618354481178,154.43284958250229,156.26271057128906,108275300
2022-01-26,AMZN,144.75,145.18499755859375,137.31849670410156,138.87249755859375,95602000
2022-01-26,GOOGL,130.04420204001252,131.90977994463373,126.09979711495389,128.1736602783203,49130000
2022-01-26,META,304.61954838040253,305.11565524775347,288.5853707940254,292.3359375,28348800
2022-01-26,MSFT,297.32722375809846,297.8195767322565,282.8851546395586,286.437744140625,90428900
2022-01-27,AAPL,158.96349957568594,160.3236668366123,154.8829977929069,155.80282592773438,121954600
2022-01-27,AMZN,140.8000030517578,144.24349975585938,139.35000610351562,139.6374969482422,77516000
2022-01-27,GOOGL,130.22766790037994,131.56510941651305,127.87560201075176,127.94751739501952,31950000
2022-01-27,META,295.4315949100361,299.3607522279332,291.96877918824987,292.3458251953125,21629900
2022-01-27,MSFT,292.1817275159188,296.66107253209896,287.615472429576,289.4593505859375,53481300
2022-01-28,AAPL,162.15352186578443,166.6939371213685,159.3059729952558,166.6743621826172,179935700
2022-01-28,AMZN,140.86050415039062,143.9980010986328,137.92950439453125,143.97799682617188,74392000
2022-01-28,GOOGL,128.59615164447928,132.26335206297418,127.43177919070502,132.2578887939453,34362000
2022-01-28,META,293.31814137032893,299.549240755271,290.7483121147507,299.3607177734375,21871600
2022-01-28,MSFT,289.8358945088993,297.80027529096344,284.2560022424525,297.587890625,49743700
2022-01-31,AAPL,166.5079991576081,171.24411862639118,165.87194061535732,171.02883911132812,115541600
2022-01-31,AMZN,144.75,150.36050415039062,144.30050659179688,149.57350158691406,78308000
2022-01-31,GOOGL,133.06225920242,134.3625173657848,131.1257647038749,134.19439697265625,39986000
2022-01-31,META,298.338767684822,311.3467032774815,296.98937176977,310.8208312988281,21579500
2022-01-31,MSFT,298.2539651589988,301.5652092942881,295.76326991115974,300.21368408203125,46444500
2022-02-01,AAPL,170.27534392743365,171.0875320298687,168.61183278338754,170.8624725341797,86213900
2022-02-01,AMZN,150.0,151.70799255371094,147.62750244140625,151.19349670410156,59220000
2022-02-01,GOOGL,136.4665770332093,136.66345141814793,133.26702398613858,136.5156707763672,68644000
2022-02-01,META,312.1107430101072,317.1710390003112,309.6897391289893,316.51617431640625,18023800
2022-02-01,MSFT,299.66348813934843,299.87587283189384,294.5662849793049,298.07061767578125,40950400
2022-02-02,AAPL,170.99945285212843,172.10520516503925,169.60993119295432,172.06605529785156,84914300
2022-02-02,AMZN,155.05050659179688,155.0749969482422,148.86349487304688,150.6125030517578,87330000
2022-02-02,GOOGL,150.01017866907893,150.3042417927189,144.32963459516995,146.7868194580078,123200000
2022-02-02,META,325.2674620596017,325.4460532362616,314.4027112801285,320.4849853515625,58458300
2022-02-02,MSFT,298.91045860750387,304.21038262271304,298.1864239841783,302.6078491210937,36636000
2022-02-03,AAPL,170.73530076821885,172.45753715088262,168.42595056253245,169.189208984375,89418100
2022-02-03,AMZN,141.7375030517578,144.24749755859375,138.33299255371094,138.8455047607422,225532000
2022-02-03,GOOGL,144.51109122384386,148.44804913070055,141.49600300849062,141.91702270507812,71518000
2022-02-03,META,242.74507365507444,246.0689955787632,233.91437785360253,235.90872192382807,188119900
2022-02-03,MSFT,298.7752738080084,300.4550540690847,289.57520891247447,290.820556640625,43730000
2022-02-04,AAPL,168.20942139418403,170.5805134014752,167.22963674500917,168.9050750732422,82465400
2022-02-04,AMZN,155.60650634765625,161.1999969482422,150.60800170898438,157.63949584960938,253456000
2022-02-04,GOOGL,142.26867081780298,143.6874410729593,139.36317994593287,142.118408203125,57998000
2022-02-04,META,233.14043894132064,240.72095050433083,228.3182800713967,235.24392700195312,89342200
2022-02-04,MSFT,289.81654049853466,298.1091459827031,289.58485887080843,295.3481750488281,35096500
2022-02-07,AAPL,169.36554243968104,170.4335039135459,167.4941505320522,168.18980407714844,77251200
2022-02-07,AMZN,158.52000427246094,162.6909942626953,157.25,157.9355010986328,102624000
2022-02-07,GOOGL,143.06756034988416,143.06756034988416,137.76140907718417,138.05995178222656,54974000
2022-02-07,META,235.8491892962452,236.4445235617217,222.26578156076957,223.1587829589844,88613800
2022-02-07,MSFT,295.5702886097434,297.18245606272853,289.5173395906922,290.531005859375,28533300
2022-02-08,AAPL,168.2583925780297,171.80522273077705,167.96445422996524,171.2957305908203,74829200
2022-02-08,AMZN,156.75050354003906,161.79249572753906,155.55050659179688,161.4134979248047,76040000
2022-02-08,GOOGL,137.8868730262489,138.8523885484705,135.8908729676065,138.25631713867188,54284000
2022-02-08,META,219.13038789094924,224.0120771704977,214.4669716828636,218.4655914306641,94729700
2022-02-08,MSFT,290.82058728101566,294.98137075377906,289.5656056597399,294.0159912109375,32421200
2022-02-09,AAPL,172.49108438879807,173.07894618735656,171.36432311182244,172.7164306640625,71285000
2022-02-09,AMZN,162.87350463867188,163.83450317382812,160.25,161.1894989013672,68786000
2022-02-09,GOOGL,139.80800827912688,141.35621719799786,139.03786885201475,140.4313507080078,40144000
2022-02-09,META,222.45427380011276,231.55287019256505,220.479778534801,230.19354248046875,86563300
2022-02-09,MSFT,299.1421858268908,301.130865538338,296.74806316280615,300.435791015625,31284700
2022-02-10,AAPL,170.61965636290995,171.9325638827204,168.08201833200982,168.64048767089844,90865900
2022-02-10,AMZN,158.35000610351562,160.7165069580078,157.75,159.0034942626953,68268000
2022-02-10,GOOGL,138.55833324032872,140.3247247602678,136.82614390542432,137.48370361328125,39330000
2022-02-10,META,226.49261389613997,233.1702075147075,224.93483120002207,226.29417419433597,49310400
2022-02-10,MSFT,293.5140020692782,298.41811714419794,290.289637957717,291.9114685058594,45386200
2022-02-11,AAPL,168.84625725787345,169.58109560057568,164.64297356543503,165.23085021972656,98670700
2022-02-11,AMZN,158.13450622558594,159.0,152.73399353027344,153.2935028076172,77100000
2022-02-11,GOOGL,137.46386044180338,138.01578678020195,132.30647428852177,133.18174743652344,39958000
2022-02-11,META,226.6811426049242,228.62587292741537,217.06658968226097,217.84051513671875,46156900
2022-02-11,MSFT,292.69342951887205,293.7553529211515,284.03397373558494,284.8255920410156,39175600
2022-02-14,AAPL,163.98651932384257,166.1518495458794,163.19289630795137,165.46600341796875,86185500
2022-02-14,AMZN,151.75100708007812,158.44850158691406,151.64999389648438,155.16700744628906,83230000
2022-02-14,GOOGL,132.16417235989616,135.1827270188193,132.16417235989616,134.41506958007812,34302000
2022-02-14,META,217.6023625756932,219.27920598503405,213.1076361709991,216.00489807128903,38184000
2022-02-14,MSFT,283.599498987924,286.4860034605709,281.263297311286,284.78692626953125,36359500
2022-02-15,AAPL,167.5137966342849,169.45376621533188,166.80835043202623,169.2969970703125,62527400
2022-02-15,AMZN,157.60549926757812,158.0070037841797,154.6374969482422,156.510498046875,56440000
2022-02-15,GOOGL,136.4427979327925,136.9763973849014,134.7081419187358,135.4886932373047,26680000
2022-02-15,META,218.75331810393428,219.42801603694065,213.38543927466827,219.27919006347656,42685500
2022-02-15,MSFT,289.62349961792046,290.3861281751453,286.7369950149994,290.06756591796875,27058300
2022-02-16,AAPL,168.3759520184021,169.83582117930217,166.61233714082573,169.06179809570312,61177400
2022-02-16,AMZN,155.79049682617188,158.83399963378906,154.7344970703125,158.10049438476562,52704000
2022-02-16,GOOGL,135.5263729022058,136.95407185843112,133.81798904852437,136.6089324951172,25022000
2022-02-16,META,210.7561106818888,215.7667927767548,210.70649697006257,214.85394287109372,45817500
2022-02-16,MSFT,288.6358951130052,291.0543344654578,284.0989005260468,289.7290344238281,29982100
2022-02-17,AAPL,167.57253401447812,168.43474911832254,165.06428820364812,165.46600341796875,69589300
2022-02-17,AMZN,158.14599609375,160.3489990234375,154.5,154.65249633789062,64032000
2022-02-17,GOOGL,135.1261616337196,135.98952448924578,131.39252475863216,131.45252990722656,38950000
2022-02-17,META,212.35354692497697,215.80644581888552,205.546961407573,206.0926818847656,38747500
2022-02-17,MSFT,286.6914169855192,287.1170646088115,280.53892237568306,281.2451171875,32461600
2022-02-18,AAPL,166.3870146722984,167.0924457737123,162.83039207397334,163.91795349121094,82772700
2022-02-18,AMZN,155.49949645996094,155.49949645996094,150.89300537109375,152.60150146484375,63604000
2022-02-18,GOOGL,132.37293985364457,132.97100892915242,129.12925617493363,129.3340606689453,45620000
2022-02-18,META,207.75962504929788,209.10903628047927,203.5823987305737,204.5547790527344,37128400
2022-02-18,MSFT,283.489365073195,284.2729368294198,276.96926395825363,278.5364074707031,34264000
2022-02-22,AAPL,161.6448612037598,163.3202994694817,158.87206895600934,160.9982147216797,91162800
2022-02-22,AMZN,150.47850036621094,152.9824981689453,148.48550415039062,150.19749450683594,66128000
2022-02-22,GOOGL,128.77367925061782,131.09697591573786,127.17241181915688,128.7493896484375,44990000
2022-02-22,META,200.76450085331825,205.86447827017005,198.50225500397403,200.50653076171875,39852400
2022-02-22,MSFT,275.70205013593005,282.02869492098785,275.21836232867406,278.33331298828125,41736100
2022-02-23,AAPL,162.19352949330056,162.7911986729469,156.52058346872764,156.83412170410156,90009200
2022-02-23,AMZN,151.65049743652344,151.76300048828125,144.6510009765625,144.82699584960938,64244000
2022-02-23,GOOGL,130.56933788926054,130.96853484878528,126.4821167334988,126.54212188720705,32786000
2022-02-23,META,202.57033145267047,205.32868403916532,196.5079057737242,196.90478515625,44481400
2022-02-23,MSFT,280.713006702901,282.183436310848,270.9618749583115,271.1263122558594,37811200
2022-02-24,AAPL,149.4955202088952,159.55791116992768,148.9272434071185,159.45013427734375,141147500
2022-02-24,AMZN,139.83749389648438,151.74899291992188,139.5,151.35800170898438,100786000
2022-02-24,GOOGL,123.9292178705829,131.9097594685947,123.9292178705829,131.60328674316406,54456000
2022-02-24,META,189.5723294747781,206.7277112312049,188.7388736778608,205.98355102539065,49957200
2022-02-24,MSFT,263.6195740429497,285.5306287899003,262.6618519792794,284.9792175292969,56989700
2022-02-25,AAPL,160.5278794584224,161.78200234869726,157.61791846840168,161.51747131347656,91974200
2022-02-25,AMZN,150.5500030517578,153.99000549316406,149.2135009765625,153.7884979248047,62396000
2022-02-25,GOOGL,132.45723763350745,134.16264009522365,130.67149031409218,133.3572998046875,36406000
2022-02-25,META,203.34425365392676,209.67458114367503,201.59794806228436,208.8411102294922,37627600
2022-02-25,MSFT,285.51122425806165,287.9199798483663,282.1350636287986,287.61041259765625,32546700
2022-02-28,AAPL,159.76368938483503,162.0759818545117,159.1464202451589,161.78204345703125,95056600
2022-02-28,AMZN,152.4250030517578,154.4499969482422,150.85000610351562,153.56300354003906,57684000
2022-02-28,GOOGL,131.95933857117558,134.63868565985877,131.50558464556352,133.94989013671875,38864000
2022-02-28,META,206.0629191087008,211.49032886803136,205.219546608426,209.3868408203125,34239800
2022-02-28,MSFT,284.7082917445892,289.3807321175086,283.44103215371325,289.0421447753906,34627500
2022-03-01,AAPL,161.37049453342058,163.23209394256236,158.69568719407653,159.90081787109375,83474400
2022-03-01,AMZN,152.7324981689453,154.0989990234375,149.9770050048828,151.14199829101562,44874000
2022-03-01,GOOGL,133.77284374365715,135.13855485924103,132.12646289912342,132.96253967285156,26496000
2022-03-01,META,208.2358762173396,210.10124274506424,200.64544776565825,201.9055633544922,27094900
2022-03-01,MSFT,286.7301305623066,290.1836686434819,282.6187841386107,285.32745361328125,31217800
2022-03-02,AAPL,161.06675601055625,163.97671685818776,159.6558640904533,163.19288635253906,79724800
2022-03-02,AMZN,150.8489990234375,152.99949645996094,148.75,152.05250549316406,47334000
2022-03-02,GOOGL,133.5244239122076,134.15371378545083,131.9806796935572,133.4683837890625,23520000
2022-03-02,META,203.18549004210848,207.52145842115084,200.4469860879729,206.48956298828125,29452100
2022-03-02,MSFT,285.7240436842559,291.63472396489,284.1182261639909,290.396484375,31873000
2022-03-03,AAPL,165.06430592514928,165.49541352335572,162.203336805619,162.8695831298828,76678400
2022-03-03,AMZN,153.531494140625,153.9290008544922,146.8560028076172,147.89849853515625,65198000
2022-03-03,GOOGL,134.8950992840664,135.3210829638196,131.93506660358148,132.80191040039062,24604000
2022-03-03,META,207.39249817950693,207.45202857519675,199.85166849923849,201.3896026611328,27263500
2022-03-03,MSFT,293.0083549237446,293.24051557735214,284.45673023777056,286.2657470703125,27314500
2022-03-04,AAPL,161.16475211398938,162.2033212553789,158.82306783943153,159.87142944335938,83737200
2022-03-04,AMZN,147.15899658203125,147.85000610351562,143.8070068359375,145.64100646972656,60934000
2022-03-04,GOOGL,131.8378523374268,132.75427399164153,129.26907196974855,130.82521057128906,30430000
2022-03-04,META,200.7942693856852,204.2868656360038,197.2421427393917,198.50225830078125,32130900
2022-03-04,MSFT,284.6889691786735,286.0142690066233,277.8012597369176,280.4034729003906,32356500
2022-03-07,AAPL,160.05760426701897,161.6840502038395,155.82492784594277,156.07968139648438,96418800
2022-03-07,AMZN,145.44349670410156,146.09449768066406,137.41650390625,137.4530029296875,86934000
2022-03-07,GOOGL,130.41017325885227,130.65514261832865,125.25973295853518,125.3425521850586,45112000
2022-03-07,META,199.2265616760848,199.32578909187365,185.82176141781613,186.01028442382807,38560600
2022-03-07,MSFT,279.11684688434497,280.2390059870798,269.4430920558965,269.8106994628906,43157200
2022-03-08,AAPL,155.60937048225745,159.58729287941838,152.65041731502816,154.25726318359375,131148300
2022-03-08,AMZN,136.68350219726562,140.69949340820312,133.57249450683594,136.01449584960938,91662000
2022-03-08,GOOGL,125.21509629053482,130.17411000501144,124.64431332771989,126.06259155273438,40428000
2022-03-08,META,186.3873306278225,195.16841189497072,184.66087351517345,188.80831909179688,37508100
2022-03-08,MSFT,268.7368585912487,274.69589424930484,261.1913427214112,266.8504943847656,48159500
2022-03-09,AAPL,158.21559935544633,160.10659124427465,156.1874531828048,159.6558837890625,91454900
2022-03-09,AMZN,139.5,140.25,136.8280029296875,139.2790069580078,82656000
2022-03-09,GOOGL,130.1741292671744,132.63925946578047,128.83568872512197,132.3263397216797,37026000
2022-03-09,META,194.2158875067939,197.54972567093756,192.41005156205975,196.9543914794922,31894700
2022-03-09,MSFT,274.1929119594873,280.1519485359989,271.6196896067693,279.0878295898437,35204500
2022-03-10,AAPL,156.9614757494235,157.14763719865718,152.82678391494153,155.31544494628906,105342000
2022-03-10,AMZN,145.68499755859375,148.67449951171875,143.97799682617188,146.8175048828125,135062000
2022-03-10,GOOGL,130.1899727829365,132.1795256255445,129.83937018372987,131.34393310546875,27102000
2022-03-10,META,193.32291884377045,194.7517090323724,189.5822839955329,193.69004821777344,24853000
2022-03-10,MSFT,273.7865737445616,277.2497941919624,271.42617541831936,276.2727355957031,30628000
2022-03-11,AAPL,155.71714267170483,156.06007322521145,151.37670453340775,151.60205078125,96970100
2022-03-11,AMZN,149.57449340820312,149.6750030517578,145.36900329589844,145.52450561523438,68900000
2022-03-11,GOOGL,132.39426221843516,132.698752456179,128.56888416798853,128.80592346191406,31526000
2022-03-11,META,191.14001813828725,192.0528527897436,185.2165020189651,186.1491851806641,34694500
2022-03-11,MSFT,278.56546999148014,280.0649198872489,270.31375729009164,270.9328918457031,27209300
2022-03-14,AAPL,148.38837253642478,151.00439558659642,147.06567231572745,147.5751495361328,108732100
2022-03-14,AMZN,145.9810028076172,147.4499969482422,140.88400268554688,141.85299682617188,74086000
2022-03-14,GOOGL,129.1823123139877,129.34000556632407,124.2480949884942,124.91854858398438,38812000
2022-03-14,META,185.57371350137103,190.79275173053884,184.3731434907347,185.1768341064453,31010500
2022-03-14,MSFT,271.19408479495587,276.08900319722903,266.8215575071672,267.4213256835937,30660700
2022-03-15,AAPL,147.8494883910694,152.4250955746164,147.34001116939965,151.9547882080078,92964300
2022-03-15,AMZN,142.85000610351562,147.98500061035156,142.0,147.3665008544922,75584000
2022-03-15,GOOGL,125.93516041311608,128.79007444618782,124.68995111051667,128.13894653320312,30920000
2022-03-15,META,189.3143714628746,190.7828434568231,184.4624472170767,190.5347900390625,31721700
2022-03-15,MSFT,271.2037487581612,278.4300454950149,269.63660504784883,277.7818908691406,34245100
2022-03-16,AAPL,153.8751690879972,156.76553056777536,151.3375306500096,156.3638153076172,102300200
2022-03-16,AMZN,148.5,153.14999389648438,147.35350036621094,153.10400390625,84958000
2022-03-16,GOOGL,129.66138476355394,132.24006351255295,127.67926184493992,132.18800354003906,35576000
2022-03-16,META,193.18400320920165,202.14369165553745,193.0054120114576,202.0444793701172,40640300
2022-03-16,MSFT,279.67793426336954,284.95982608211176,273.96077067732267,284.78570556640625,37826300
2022-03-17,AAPL,155.40362432397723,157.7453087439647,154.44343967423552,157.37298583984375,75615400
2022-03-17,AMZN,152.6405029296875,157.49850463867188,152.13999938964844,157.23899841308594,72934000
2022-03-17,GOOGL,132.05753605900716,132.9814035170428,131.1014338034284,132.74188232421875,28264000
2022-03-17,META,200.12948853216997,206.42011938787329,199.5440861170762,206.2216796875,29499700
2022-03-17,MSFT,283.7216255602985,285.9659147336933,279.92949985014275,285.5886535644531,30816600
2022-03-18,AAPL,157.26518605483486,161.15493125437885,156.53034776701656,160.6650390625,123511700
2022-03-18,AMZN,156.81300354003906,161.593994140625,156.01100158691406,161.25050354003906,102962000
2022-03-18,GOOGL,132.33076547882175,135.12715666182308,131.1743232843676,135.00962829589844,44566000
2022-03-18,META,205.09057109476467,215.11193563474245,204.39602452486065,214.80435180664065,52128000
2022-03-18,MSFT,285.7337436372442,291.1800733202025,283.17988724924487,290.628662109375,43390600
2022-03-21,AAPL,160.2045664067095,162.9871658912754,159.71467413165345,162.03677368164062,95811400
2022-03-21,AMZN,161.12100219726562,163.08399963378906,159.55299377441406,161.4915008544922,66538000
2022-03-21,GOOGL,135.04731283585534,135.9265509358955,132.9932904748799,134.98582458496094,26832000
2022-03-21,META,212.8298501847988,213.03822173468296,206.0133465411563,209.84329223632807,30142300
2022-03-21,MSFT,289.1388741774251,290.348093539092,285.27902590005374,289.4000549316406,28351200
2022-03-22,AAPL,162.16415722656538,165.99511891868582,161.57629538795769,165.40725708007812,81532000
2022-03-22,AMZN,161.8054962158203,166.16700744628906,161.69900512695312,164.88900756835938,64086000
2022-03-22,GOOGL,134.9858312898088,139.89376833061417,134.9858312898088,138.72145080566406,35496000
2022-03-22,META,209.72418705211007,217.75120670745483,208.54345042733237,214.96307373046875,31998800
2022-03-22,MSFT,290.01919868863627,295.04956371485423,289.0228029822153,294.1402282714844,27599700
2022-03-23,AAPL,164.59399656875675,169.14998832074127,164.26085849061369,166.7691192626953,98062700
2022-03-23,AMZN,163.7050018310547,166.3699951171875,162.68699645996094,163.4080047607422,55812000
2022-03-23,GOOGL,137.56551524552734,138.44425402347676,136.70513365586095,137.1420135498047,25154000
2022-03-23,META,211.66895048940947,215.1119332404473,210.508062276924,211.7979431152344,23717300
2022-03-23,MSFT,290.7060412894904,293.3373040144488,288.0070551895243,289.71929931640625,25715400
2022-03-24,AAPL,167.60194065734933,170.61967882805246,166.76913277034842,170.5511016845703,90131400
2022-03-24,AMZN,163.74949645996094,164.11849975585938,160.0500030517578,163.64950561523438,56798000
2022-03-24,GOOGL,138.058933800913,140.458110844999,136.62132231474047,140.4114990234375,26396000
2022-03-24,META,213.3259131158728,218.95176212403837,213.11754160891385,217.8603363037109,31502300
2022-03-24,MSFT,289.380749871962,294.2756680245102,288.58749479820733,294.1789245605469,24484500
2022-03-25,AAPL,170.3649271443604,171.73661941189775,169.2577659174967,171.1879425048828,80546200
2022-03-25,AMZN,164.0,165.36849975585938,162.25,164.77349853515625,49032000
2022-03-25,GOOGL,140.7526620000857,140.87068978159917,138.59202264033723,140.51165771484375,24126000
2022-03-25,META,218.79302190096212,223.74417336052977,217.18564066662415,220.09283447265625,40039000
2022-03-25,MSFT,295.27203273707045,295.5332134926127,289.5258199394837,293.7725830078125,22566500
2022-03-28,AAPL,168.68948719730128,172.17751745210523,168.52292563460833,172.05015563964844,90371900
2022-03-28,AMZN,164.97500610351562,169.03750610351562,164.89999389648438,168.99049377441406,59854000
2022-03-28,GOOGL,139.74550107592432,140.83847267217368,138.66542339972597,140.29595947265625,35050000
2022-03-28,META,220.4004213594452,222.29553791114893,217.830576517749,221.8490447998047,26224100
2022-03-28,MSFT,294.401361618458,300.66028204395406,294.401361618458,300.5635681152344,29578200
2022-03-29,AAPL,173.1181695912336,175.3912624334082,172.7752389491534,175.34228515625,100589400
2022-03-29,AMZN,170.38400268554688,170.8314971923828,167.86849975585938,169.31500244140625,66154000
2022-03-29,GOOGL,141.478175465126,142.6147774301301,140.87415893302065,141.3373260498047,34318000
2022-03-29,META,224.3097380278288,229.09219975413015,223.5357974834285,228.0702209472656,31417900
2022-03-29,MSFT,303.6688707174927,305.5165616109736,298.9674100649689,305.11993408203125,30393400
2022-03-30,AAPL,174.9405307860469,175.979099995584,173.12792342578476,174.17630004882812,92633200
2022-03-30,AMZN,168.50950622558594,168.95050048828125,165.5,166.30099487304688,56168000
2022-03-30,GOOGL,141.29223395375402,141.55059664678325,140.43928293794912,140.77500915527344,19884000
2022-03-30,META,227.12762598483724,229.35017482946435,224.94475902387336,226.0758819580078,25588000
2022-03-30,MSFT,303.5237389507756,305.642293606047,301.4148379753387,303.6204528808594,28163600
2022-03-31,AAPL,174.2448693810398,174.4310308254092,170.8744083575564,171.08016967773438,103049300
2022-03-31,AMZN,166.44500732421875,166.4949951171875,162.95350646972656,162.99749755859375,59966000
2022-03-31,GOOGL,140.88855215145054,140.9431091731122,137.88488921822,137.9275360107422,37524000
2022-03-31,META,226.6711935133181,226.7108905356395,220.5293889171824,220.6286163330078,24192300
2022-03-31,MSFT,303.6591822316137,304.8587480003614,297.8452751937795,298.2515563964844,33422100
2022-04-01,AAPL,170.51191638497735,171.3447392929013,168.46417011530542,170.7862548828125,78751300
2022-04-01,AMZN,164.14950561523438,165.82699584960938,162.3195037841797,163.55999755859375,57090000
2022-04-01,GOOGL,138.3564979945896,139.3195316638882,137.1737682495904,139.0016632080078,25942000
2022-04-01,META,222.80156080543097,225.5102996200444,220.9659596397171,223.09922790527344,19544800
2022-04-01,MSFT,299.27699192361627,300.012206844516,295.57195627521304,299.32537841796875,27110500
2022-04-04,AAPL,171.04100211349504,174.88175589117134,170.91362533338986,174.832763671875,76468400
2022-04-04,AMZN,164.125,168.39450073242188,163.20550537109375,168.34649658203125,49882000
2022-04-04,GOOGL,139.2079728997419,142.53398429656113,139.16036224405133,141.79954528808594,25942000
2022-04-04,META,224.22043413017903,232.52527259224505,224.10137333817107,232.06884765625,28054800
2022-04-04,MSFT,299.9735376348756,304.8297531887579,299.60593013266003,304.6943359375,24289600
2022-04-05,AAPL,173.9117334912033,174.695564012496,170.89399570193683,171.52105712890625,73401800
2022-04-05,AMZN,167.7415008544922,168.11050415039062,163.26600646972656,164.05499267578125,53728000
2022-04-05,GOOGL,141.69787954637118,141.8183741448747,139.23176584389168,139.4385528564453,21418000
2022-04-05,META,232.2573692886443,235.01572198026443,229.2211979906724,230.0348052978516,29727200
2022-04-05,MSFT,303.04974427141804,304.59755113932056,299.7606731283504,300.7377319335937,23156700
2022-04-06,AAPL,168.87566890286308,170.11999949152553,166.69075350018778,168.35638427734375,89058800
2022-04-06,AMZN,161.65049743652344,162.1999969482422,157.25450134277344,158.75599670410156,79056000
2022-04-06,GOOGL,137.61264137354576,138.2181411119585,134.40614115921403,135.42869567871094,32468000
2022-04-06,META,225.14320167620596,227.20700787328028,219.6860266322045,221.56130981445312,28995100
2022-04-06,MSFT,295.2334047517675,296.9843524811861,287.03004784034084,289.7290344238281,40110400
2022-04-07,AAPL,167.69991063657648,169.85543344405016,166.41639539463952,168.66009521484375,77594700
2022-04-07,AMZN,158.39999389648438,160.07899475097656,154.51150512695312,157.7845001220703,68136000
2022-04-07,GOOGL,134.89509176328988,136.04013849416,133.1272020827794,134.77459716796875,26234000
2022-04-07,META,222.18643084478177,223.7640623065019,216.85824753854064,221.2140655517578,21037200
2022-04-07,MSFT,286.9816933883639,293.7436404303179,286.6818092677771,291.5380249023437,31411200
2022-04-08,AAPL,168.30740398265033,168.30740398265033,165.7795578216243,166.6515655517578,76575500
2022-04-08,AMZN,156.75,157.36849975585938,154.2310028076172,154.4604949951172,46002000
2022-04-08,GOOGL,134.47206944780507,134.55786243440133,131.87553388786895,132.1949005126953,25142000
2022-04-08,META,220.6484754046232,223.3770629306576,218.3167672809296,220.59886169433597,18375700
2022-04-08,MSFT,290.6382881981249,291.2960964316169,286.61400270541924,287.281494140625,24361900
2022-04-11,AAPL,165.29944535757966,165.612968615415,162.1543306146452,162.39927673339844,72246700
2022-04-11,AMZN,152.71299743652344,154.13650512695312,150.5345001220703,151.1219940185547,52112000
2022-04-11,GOOGL,130.742917857672,131.0097100260204,127.61378123728949,127.76750946044922,36884000
2022-04-11,META,216.7192660715172,218.8922160109696,213.54418596956737,214.7745361328125,20516600
2022-04-11,MSFT,282.2704820396031,283.0637074472377,275.7019946723153,275.9535217285156,34569300
2022-04-12,AAPL,164.6233833916544,166.435975608999,163.27127610008927,164.27066040039062,79265200
2022-04-12,AMZN,153.6925048828125,155.0989990234375,150.38299560546875,150.78750610351562,55178000
2022-04-12,GOOGL,130.52125019058332,130.52125019058332,125.7496824779024,126.66759490966795,32710000
2022-04-12,META,218.52516630720245,220.30122229514643,211.47052579199595,212.47265625,20128800
2022-04-12,MSFT,279.80375250936805,281.2548161345049,271.33921469606946,272.8580017089844,30966700
2022-04-13,AAPL,164.00611547230426,167.5823226689275,163.39865390857594,166.95526123046875,70618900
2022-04-13,AMZN,150.01849365234375,156.02499389648438,149.60000610351562,155.54100036621094,53390000
2022-04-13,GOOGL,126.95075200878496,129.26561926423614,126.6938724329844,128.8292236328125,27928000
2022-04-13,META,210.17067915993812,214.92337535155505,209.6844890752935,213.3159942626953,19231800
2022-04-13,MSFT,273.50609081671024,279.1652139791266,272.1227213893597,278.2365417480469,21907200
2022-04-14,AAPL,167.17083120352376,167.80770011623432,161.70363174912274,161.94857788085938,75329400
2022-04-14,AMZN,155.38999938964844,155.89700317382812,151.4720001220703,151.7064971923828,51598000
2022-04-14,GOOGL,129.4099304660489,129.4099304660489,125.56321417081908,125.691162109375,31598000
2022-04-14,META,213.21678996958275,213.3160173902609,208.3648658420038,208.54345703125,18379500
2022-04-14,MSFT,278.6912463967013,278.9040702197633,270.2073726066549,270.7007141113281,28221600
2022-04-18,AAPL,160.60628625032533,163.23211669383912,160.2633706181813,161.73304748535156,69023900
2022-04-18,AMZN,151.52349853515625,154.0395050048828,150.25050354003906,152.78500366210938,46514000
2022-04-18,GOOGL,125.95894510688916,127.16149984822547,125.14764969712186,126.62989807128906,20808000
2022-04-18,META,208.3648821840085,211.71856941823995,206.67812188003876,209.1288909912109,16580800
2022-04-18,MSFT,269.8107036813086,273.2448748903174,269.2592925621962,271.3681640625,20778000
2022-04-19,AAPL,161.6840380358106,164.4274375522312,160.59647667199232,164.0159149169922,67723800
2022-04-19,AMZN,152.0294952392578,158.6490020751953,151.55050659179688,158.11549377441406,54926000
2022-04-19,GOOGL,126.6448053976767,129.26464770865982,125.95847641807728,128.9433135986328,26490000
2022-04-19,META,208.88082627442776,216.7292249062666,207.37265725519583,215.61795043945312,20089900
2022-04-19,MSFT,270.2654612496023,276.8339513319609,269.3271055235511,275.9923095703125,22297700
2022-04-20,AAPL,165.34841899344127,165.46600329408383,162.74220370933205,163.84934997558594,67929800
2022-04-20,AMZN,157.6024932861328,157.6024932861328,153.60350036621094,153.9980010986328,59630000
2022-04-20,GOOGL,129.81904388797793,130.3218916355038,126.45485065417712,126.99041748046876,31696000
2022-04-20,META,211.9467513240192,212.4924718413418,197.37113086850812,198.8594512939453,43036500
2022-04-20,MSFT,279.9585306840921,280.2487611166092,276.0600076685243,277.0177001953125,22906700
2022-04-21,AAPL,165.49540922825548,168.06243992326603,162.55605562621574,163.0557403564453,87227800
2022-04-21,AMZN,154.71400451660156,156.73800659179688,147.58949279785156,148.29600524902344,63970000
2022-04-21,GOOGL,128.1905009821093,129.03204110665789,123.50571776803208,123.7913589477539,36446000
2022-04-21,META,200.0302866580288,201.38961457327892,184.1350190495655,186.6056365966797,49954100
2022-04-21,MSFT,279.1652405373938,283.73125459736195,270.9232109682988,271.64874267578125,29454600
2022-04-22,AAPL,163.09492410815207,164.47640880332085,158.23518671810965,158.51931762695312,84882400
2022-04-22,AMZN,148.25,149.61500549316406,143.69749450683594,144.35000610351562,73078000
2022-04-22,GOOGL,123.97535142196246,124.37405657587937,117.95015236959706,118.65482330322266,56884000
2022-04-22,META,188.88772030853815,191.21942859760424,181.84301200749343,182.6764678955078,36426800
2022-04-22,MSFT,272.4903213915854,273.960751032886,264.46111662000084,265.08990478515625,29405800
2022-04-25,AAPL,157.862880430984,159.87144172970685,155.2566649146805,159.58731079101562,96046400
2022-04-25,AMZN,144.0229949951172,146.22149658203125,142.30650329589844,146.07400512695312,61874000
2022-04-25,GOOGL,118.12469276013913,122.26695521347696,117.53953279206785,122.06512451171876,46128000
2022-04-25,META,181.307172549528,185.72251969233,180.24551195428148,185.5340118408203,29281100
2022-04-25,MSFT,264.374023077913,271.9388760330394,261.9362182519749,271.5616149902344,35678900
2022-04-26,AAPL,158.9700412464134,159.0582182667308,153.55183394880203,153.63021850585938,95623200
2022-04-26,AMZN,144.8000030517578,144.8560028076172,138.92950439453125,139.39100646972656,77530000
2022-04-26,GOOGL,121.29202455748772,121.50575793064276,117.53953815889362,117.67739868164062,73054000
2022-04-26,META,185.17682720845232,185.73246439664177,178.10233946459232,179.54104614257812,31747400
2022-04-26,MSFT,268.4467603674442,269.2786893101123,261.19144251967543,261.4042663574219,46518400
2022-04-27,AAPL,152.75823050166923,156.55978483050606,152.2389458259476,153.40489196777344,88063200
2022-04-27,AMZN,140.19149780273438,141.94850158691406,135.7834930419922,138.16700744628906,71336000
2022-04-27,GOOGL,113.53115064455416,116.28092257156352,111.81236253154168,113.35758972167967,91820000
2022-04-27,META,173.07181323676826,179.79903546123612,167.68410058572994,173.5877685546875,71062900
2022-04-27,MSFT,272.89670744793256,281.47732570453576,270.0526203554486,273.98016357421875,63477700
2022-04-28,AAPL,156.030686213781,161.19415486672693,155.717147988404,160.33193969726562,130216800
2022-04-28,AMZN,142.17799377441406,145.9375,140.3000030517578,144.59649658203125,117316000
2022-04-28,GOOGL,115.46073395848472,118.66871748971224,113.17958429242572,117.55095672607422,48884000
2022-04-28,META,201.33999482037984,206.90631407931315,191.39800967095252,204.12811279296875,100890600
2022-04-28,MSFT,275.8858797797823,281.4869933800965,272.27755777079875,280.1810302734375,33646600
2022-04-29,AAPL,158.568327600733,162.84018882642286,154.07112011517893,154.46302795410156,131747600
2022-04-29,AMZN,129.8489990234375,130.76100158691406,121.625,124.28150177001952,272662000
2022-04-29,GOOGL,115.77758476702827,116.9533679106837,112.8815228143991,113.17410278320312,42676000
2022-04-29,META,202.867995252245,210.82553726399675,198.3434886093317,198.9090576171875,49193400
2022-04-29,MSFT,279.1942562573067,280.4228421568128,267.47935197429007,268.466064453125,37073900
2022-05-02,AAPL,153.54203875876948,155.03130046543404,150.17157761678854,154.7667694091797,123055300
2022-05-02,AMZN,122.4010009765625,124.66799926757812,118.375,124.5,148788000
2022-05-02,GOOGL,112.47539163673036,115.7885086604676,111.67699010622512,115.6273422241211,35534000
2022-05-02,META,199.60362883971555,210.2302442617145,199.4250376403443,209.486083984375,49915300
2022-05-02,MSFT,268.6498925117606,275.6440293239036,267.2085121919129,275.1893615722656,35151100
2022-05-03,AAPL,154.9528969165434,157.46115753940876,153.15990462040372,156.25601196289062,88966500
2022-05-03,AMZN,124.05349731445312,126.22049713134766,122.8249969482422,124.25350189208984,79134000
2022-05-03,GOOGL,115.4760951398774,117.4711116086196,115.08334509514572,116.3721923828125,24968000
2022-05-03,META,208.81134431020465,213.2266917010972,206.46971966222893,210.3790435791016,41556300
2022-05-03,MSFT,274.6959996581533,274.8604665193033,271.0103005471974,272.5871276855469,25978600
2022-05-04,AAPL,156.44222515548867,163.11455673679546,156.0405098303941,162.6638641357422,108256500
2022-05-04,AMZN,123.5999984741211,126.0,119.18299865722656,125.92849731445312,110746000
2022-05-04,GOOGL,116.07215712779916,121.8474221977112,114.17235467476031,121.2587890625,49916000
2022-05-04,META,209.00980002605064,222.5535254785159,205.34854436270368,221.6704559326172,41375900
2022-05-04,MSFT,273.3706722988792,281.39022443680767,267.7018653489587,280.51959228515625,33599300
2022-05-05,AAPL,160.53770657596968,160.76305283929582,151.8176149978829,153.600830078125,130525300
2022-05-05,AMZN,123.0,123.4990005493164,115.07250213623048,116.40699768066406,144392000
2022-05-05,GOOGL,119.21866011890872,120.04681450711568,114.06277194925556,115.55047607421876,45840000
2022-05-05,META,217.03684194471612,218.45570034538184,204.55479110579824,206.6582794189453,41129200
2022-05-05,MSFT,276.22447589864737,277.00804788297944,265.3898558476399,268.3016662597656,43260400
2022-05-06,AAPL,153.0807759379822,156.44638259515347,151.28513392702433,154.32693481445312,116124600
2022-05-06,AMZN,114.8499984741211,119.05049896240234,113.0814971923828,114.77249908447266,124260000
2022-05-06,GOOGL,114.240301729094,116.60773584446028,113.08088562376314,114.79769134521484,39710000
2022-05-06,META,205.72555946603092,207.74968364193572,199.45477753082457,202.1833648681641,34747200
2022-05-06,MSFT,265.8444974229105,270.13964762879215,262.41997938914824,265.7671203613281,37780300
2022-05-09,AAPL,152.02103374851995,152.90414437032263,148.6456356183626,149.20492553710938,131577900
2022-05-09,AMZN,111.3125,114.0,107.95700073242188,108.78900146484376,128124000
2022-05-09,GOOGL,112.3216628968711,114.13368999515002,111.08240885566522,111.5887222290039,40802000
2022-05-09,META,198.2839763057758,200.99273052738985,194.05715151927015,194.6822509765625,36303200
2022-05-09,MSFT,261.2494559206379,263.4744080237602,254.72935373016503,255.9482269287109,47726000
2022-05-10,AAPL,152.5999477156594,153.79704209180267,150.05856639249637,151.60890197753906,115366700
2022-05-10,AMZN,111.25,112.64250183105467,107.1709976196289,108.85900115966795,105434000
2022-05-10,GOOGL,114.56065130362704,115.29706511899676,111.97501939704058,113.45726776123048,39900000
2022-05-10,META,197.95654095400684,201.37969017738877,192.67797217965327,196.11102294921875,34452500
2022-05-10,MSFT,262.82625738724875,264.819048596667,256.4222361684426,260.70770263671875,39336400
2022-05-11,AAPL,150.6179132038416,152.53129738037643,143.07229678522884,143.7493438720703,142689800
2022-05-11,AMZN,108.10350036621094,110.15599822998048,104.42849731445312,105.37200164794922,109704000
2022-05-11,GOOGL,112.30827513659509,115.41063248936663,112.30827513659509,112.67127227783205,37534000
2022-05-11,META,194.80131449139864,199.107518248461,186.8040746168601,187.2704162597656,31153400
2022-05-11,MSFT,257.01235492970693,262.507041521962,250.84049357545092,252.0497131347656,48975900
2022-05-12,AAPL,140.08934914213407,143.45494014257622,136.1938888181264,139.88328552246094,182602000
2022-05-12,AMZN,102.75,110.78050231933594,102.40550231933594,106.93049621582033,132026000
2022-05-12,GOOGL,110.4645054940696,113.35808557765252,108.92423453859938,111.91898345947266,53836000
2022-05-12,META,185.60345521719108,196.50788705194628,183.341209644372,189.75091552734372,38262200
2022-05-12,MSFT,249.2830495439515,251.4016047146225,241.86327960551176,247.01939392089844,51033800
2022-05-13,AAPL,141.8751960845671,145.3193024291932,140.422988536555,144.34788513183594,113990900
2022-05-13,AMZN,109.06900024414062,113.18399810791016,107.8000030517578,113.05500030517578,93684000
2022-05-13,GOOGL,113.594142514748,116.90875017939356,112.67375572924637,115.09920501708984,35038000
2022-05-13,META,191.0804924673125,198.3335712924769,189.790611789272,197.07345581054688,24549800
2022-05-13,MSFT,248.95409441787507,254.45846345397297,247.0193433899871,252.60108947753903,34925100
2022-05-16,AAPL,142.8171338324465,144.75014600756265,141.47284698177492,142.80731201171875,86643800
2022-05-16,AMZN,113.0999984741211,113.99250030517578,110.35399627685548,110.8105010986328,74566000
2022-05-16,GOOGL,114.0131798264507,115.21772470104248,112.95592377559409,113.50686645507812,25990000
2022-05-16,META,195.5156975710409,203.7709070471389,194.4044080173516,198.4824066162109,27112600
2022-05-16,MSFT,251.47892245393152,257.14775813932226,247.43530001769813,252.96868896484372,32550900
2022-05-17,AAPL,146.06505720231044,146.95797495332027,143.92598033573168,146.43792724609375,78336300
2022-05-17,AMZN,113.2750015258789,115.8000030517578,111.27649688720705,115.36849975585938,76448000
2022-05-17,GOOGL,115.88272969753332,115.94174359590812,113.9283852135548,115.51824188232422,23054000
2022-05-17,META,200.5462058274132,203.8602107221061,196.81548818198343,201.0423126220703,24872700
2022-05-17,MSFT,257.42831538498064,259.5758904699336,253.8974002308721,258.1151733398437,28828800
2022-05-18,AAPL,144.09275951105042,144.59317839270622,137.27324030149254,138.1759796142578,109742900
2022-05-18,AMZN,111.4394989013672,112.85299682617188,106.2490005493164,107.1125030517578,108380000
2022-05-18,GOOGL,114.0573097597848,114.45403235058096,110.64104162864624,110.9822235107422,35126000
2022-05-18,META,198.4427367999453,199.43495048394504,190.13791310966096,190.7431640625,23960000
2022-05-18,MSFT,255.01236815888072,255.5941513427868,245.0930699203447,246.36328125,31356000
2022-05-19,AAPL,137.2536291483144,139.00020681352638,134.03521536260072,134.77113342285156,136095600
2022-05-19,AMZN,106.28050231933594,110.03399658203124,106.19300079345705,107.31900024414062,88142000
2022-05-19,GOOGL,110.51807817312684,112.08363775970766,109.09830918068056,109.47916412353516,34144000
2022-05-19,META,189.7112720202016,193.7694227534845,188.1237390535775,189.80056762695312,24446900
2022-05-19,MSFT,246.18872524247453,249.8442444423532,244.23008588747544,245.45181274414065,32692300
2022-05-20,AAPL,136.47845848613497,138.0582299092985,130.1201304167111,135.00662231445312,137426100
2022-05-20,AMZN,109.56849670410156,109.89800262451172,105.0094985961914,107.59100341796876,99500000
2022-05-20,GOOGL,111.03331404707964,111.26391395378204,104.92926830668526,108.0152587890625,48962000
2022-05-20,META,193.45189338862065,196.3690038943204,186.4071705328154,192.03302001953125,31465600
2022-05-20,MSFT,249.42729026419417,250.68782539404745,238.9553115969885,244.88943481445312,39199300
2022-05-23,AAPL,135.20286921997902,140.5701665253798,135.06549843768855,140.42298889160156,117726300
2022-05-23,AMZN,108.46099853515624,108.81900024414062,103.9499969482422,107.55699920654295,107798000
2022-05-23,GOOGL,108.68917072059126,111.228182996773,107.84960562904084,110.57408905029295,37184000
2022-05-23,META,193.670207008214,195.456194811324,189.7509656685992,194.7021026611328,25059200
2022-05-23,MSFT,247.73043098596384,253.55789389015007,245.73298352377532,252.73370361328125,33175400
2022-05-24,AAPL,138.16617251433556,139.30439614103204,134.7515166065387,137.72462463378906,104132700
2022-05-24,AMZN,104.0250015258789,105.4000015258789,101.26000213623048,104.0999984741211,102934000
2022-05-24,GOOGL,104.90496623527925,105.58583938493663,101.04932840845038,105.1013412475586,76780000
2022-05-24,META,179.14417279094744,182.24979113801103,174.73874187922655,179.8684844970703,50406300
2022-05-24,MSFT,250.05754672530148,253.3930420574841,245.80086274871203,251.7349853515625,29043900
2022-05-25,AAPL,135.83083742178036,139.12775081330722,135.7425308510417,137.88160705566406,92482700
2022-05-25,AMZN,103.65550231933594,108.1750030517578,103.6500015258789,106.7750015258789,93120000
2022-05-25,GOOGL,104.1249121947519,105.62700102602577,103.00516898284764,104.9376983642578,40258000
2022-05-25,META,178.99532022087533,184.00600172835072,177.92374289893897,182.39862060546875,28030200
2022-05-25,MSFT,250.2999268287792,256.5443074355939,249.32059252922636,254.546875,28547900
2022-05-26,AAPL,134.8103917996885,141.62989697300142,134.56508575048807,141.08041381835938,90601500
2022-05-26,AMZN,107.97000122070312,112.66549682617188,107.45349884033205,111.07749938964844,93002000
2022-05-26,GOOGL,104.81073736570944,107.75886699890704,104.36243908840518,106.90889739990234,37948000
2022-05-26,META,181.456053953202,191.32857765655257,180.8408711380723,190.13792419433597,23056500
2022-05-26,MSFT,254.30452267342017,258.9975222921612,253.49003807090028,257.82427978515625,25002100
2022-05-27,AAPL,142.66019542923442,146.86964094239937,142.5326314835253,146.8303985595703,90978500
2022-05-27,AMZN,113.5500030517578,115.18699645996094,112.62799835205078,115.14649963378906,93660000
2022-05-27,GOOGL,108.58554373009294,111.39730365863458,108.24386241128828,111.39581298828124,37914000
2022-05-27,META,189.8699770648532,193.80906589385668,188.3221264182881,193.61062622070312,22562700
2022-05-27,MSFT,260.32587260115366,265.0382529486752,259.4338013534661,264.9412841796875,26910800
2022-05-31,AAPL,146.2710719434681,147.8312145429356,144.08293159739236,146.04537963867188,103718400
2022-05-31,AMZN,116.27999877929688,121.99449920654295,115.6750030517578,120.20950317382812,144634000
2022-05-31,GOOGL,111.8222815933293,114.78628645360024,111.1597581140478,112.82946014404295,50012000
2022-05-31,META,193.37253032745087,196.0614361569242,190.51494998321056,192.13226318359372,26131100
2022-05-31,MSFT,264.2529346305631,266.4248936649032,260.7622650462861,263.61297607421875,37827700
2022-06-01,AAPL,147.08549081541827,148.8909545900905,144.90717205322113,145.9178466796875,74286600
2022-06-01,AMZN,122.25599670410156,125.1790008544922,120.62249755859376,121.68399810791016,127528000
2022-06-01,GOOGL,113.91351567650608,116.14159882441552,112.32166882859195,112.95840454101562,36606000
2022-06-01,META,194.9799210819024,197.9764108848216,183.5595461222057,187.17120361328125,36623500
2022-06-01,MSFT,266.841775770586,269.25614127320165,261.8384891459323,264.1462097167969,25292200
2022-06-02,AAPL,145.05435330119587,148.429766433254,144.1025647736461,148.3708953857422,72348100
2022-06-02,AMZN,121.68399810791016,125.61000061035156,120.04499816894533,125.51100158691406,100560000
2022-06-02,GOOGL,113.06550709942832,116.933039706465,112.0206456249851,116.65830993652344,37992000
2022-06-02,META,186.98266684419812,199.37542128214025,186.26827177623156,197.3116149902344,31951600
2022-06-02,MSFT,256.4183467798957,266.3085427385452,253.6548987948604,266.2406616210937,44008200
2022-06-03,AAPL,144.14180991397814,145.19172685572278,141.7476357595722,142.65036010742188,88570300
2022-06-03,AMZN,124.1999969482422,124.4000015258789,121.04650115966795,122.3499984741211,97604000
2022-06-03,GOOGL,115.11110884827522,115.3679884289148,112.5879638758018,113.60208129882812,26136000
2022-06-03,META,194.45401759307973,195.07911700749375,188.30229628512225,189.2945098876953,19465000
2022-06-03,MSFT,262.10032291361057,265.14497113506803,260.25803436231683,261.8191223144531,28059000
2022-06-06,AAPL,144.2693764860653,145.78046996633253,142.17936438712687,143.39608764648438,71598400
2022-06-06,AMZN,125.25,128.99000549316406,123.80999755859376,124.79000091552734,135269000
2022-06-06,GOOGL,115.74783813274163,118.3686786203438,115.2117719136744,115.8628921508789,33542000
2022-06-06,META,192.47950247435816,195.38668076457049,186.9330174983953,192.7374725341797,30574200
2022-06-06,MSFT,263.79720697367605,265.85281527967646,259.10420716791305,260.5877380371094,22400300
2022-06-07,AAPL,141.63970888221743,146.20239508903217,141.39440285018887,145.9178466796875,67808200
2022-06-07,AMZN,122.01000213623048,124.0999984741211,120.62999725341795,123.0,85156700
2022-06-07,GOOGL,114.53387621473068,116.72625878645412,114.10889140185589,116.18919372558594,31590000
2022-06-07,META,190.4355510703644,194.9997397364361,189.9989897991557,194.1265869140625,18828700
2022-06-07,MSFT,258.54183590473656,264.8347173104456,257.8630839124664,264.2238464355469,22860700
2022-06-08,AAPL,145.79028471849583,147.0560572730291,144.69131847131706,145.1819305419922,53950200
2022-06-08,AMZN,122.61000061035156,123.75,120.75,121.18000030517578,64926600
2022-06-08,GOOGL,115.80437996795136,117.59855692060148,115.64420478456094,116.23333740234376,26108000
2022-06-08,META,193.15422466525632,200.45691755476116,192.8962545730106,195.10888671875,22267200
2022-06-08,MSFT,263.4578322605081,264.7086616945771,261.4216058677899,262.19732666015625,17372300
2022-06-09,AAPL,144.3184761873374,145.17213656291415,139.85390249341205,139.9618377685547,69473000
2022-06-09,AMZN,119.98999786376952,121.3000030517578,116.0999984741211,116.1500015258789,67029800
2022-06-09,GOOGL,115.37393923285217,117.3292826235362,113.83515876761014,113.89417266845705,25798000
2022-06-09,META,192.7672452341674,197.89698741635377,182.24977565995093,182.5672912597656,23501600
2022-06-09,MSFT,259.647196979162,264.4274598263861,256.59287219967115,256.7480163574219,26439700
2022-06-10,AAPL,137.64610169004794,138.117085018381,134.48655920841233,134.5552520751953,91437900
2022-06-10,AMZN,113.41999816894533,114.5,109.0500030517578,109.6500015258789,87266000
2022-06-10,GOOGL,111.52325408711977,112.35041717414056,109.46129391687556,110.25027465820312,41452000
2022-06-10,META,181.6147791626238,181.6743246989857,173.65723661984313,174.2029571533203,27450800
2022-06-10,MSFT,252.6658293283701,252.6658293283701,244.86033026242535,245.30636596679688,31422800
2022-06-13,AAPL,130.37525676148604,132.6615109809625,128.97211331960065,129.4038543701172,122207100
2022-06-13,AMZN,104.19000244140624,106.54000091552734,101.86000061035156,103.66999816894533,99277700
2022-06-13,GOOGL,105.91115327755,107.89971525279756,105.24912911758592,105.5203857421875,47252000
2022-06-13,META,169.2617168018966,171.23622734441977,162.75279791555977,162.9810028076172,31749300
2022-06-13,MSFT,237.66570001230667,241.45695191998857,234.1944273628666,234.9022521972656,46135800
2022-06-14,AAPL,130.63036655754385,131.3760914682962,129.01133784221852,130.26730346679688,84784300
2022-06-14,AMZN,104.19000244140624,104.87999725341795,101.43000030517578,102.30999755859376,69728800
2022-06-14,GOOGL,105.66171211229964,107.03981794977923,104.9327364683916,105.84072875976562,33706000
2022-06-14,META,164.73721814492058,165.4516131279456,160.10358258056343,162.4551239013672,27244300
2022-06-14,MSFT,236.4536738145781,238.27658064725972,234.17504027372604,237.0645446777344,28651500
2022-06-15,AAPL,131.76856647591572,134.76130271815364,129.67856950370555,132.8871612548828,91533000
2022-06-15,AMZN,103.86000061035156,109.05999755859376,103.52999877929688,107.66999816894533,85011100
2022-06-15,GOOGL,107.6552372659266,110.5101436125187,106.7869179368398,108.86474609375,39698000
2022-06-15,META,165.8981189021135,170.81950525732464,162.70318974465354,168.03138732910156,30008300
2022-06-15,MSFT,240.76850759523,247.5462177447153,238.9359098872212,244.1137237548828,33111700
2022-06-16,AAPL,129.60009621204748,129.90427332336094,126.61716621170363,127.6180191040039,108123900
2022-06-16,AMZN,104.47000122070312,104.58000183105467,102.01000213623048,103.66000366210938,82186300
2022-06-16,GOOGL,106.34208771365974,107.75788407901256,104.27616231851944,105.16432189941406,51684000
2022-06-16,META,162.4452315414264,163.7946428069884,158.36723254432198,159.61741638183594,26944100
2022-06-16,MSFT,238.50925737974995,239.90552503927643,235.63916478659823,237.52993774414065,33169200
2022-06-17,AAPL,127.6278293830658,130.58130861525223,127.37270152778396,129.08984375,134520300
2022-06-17,AMZN,102.8000030517578,106.9800033569336,102.51000213623048,106.22000122070312,99772100
2022-06-17,GOOGL,105.16431896946578,107.80846549966309,104.18491071395393,106.26522064208984,51376000
2022-06-17,META,160.42109974328864,164.6082426639391,158.65496061258537,162.46507263183594,31374200
2022-06-17,MSFT,237.26816850622123,242.89201860259925,236.61851897442412,240.12857055664065,43084800
2022-06-21,AAPL,130.91494269803155,134.48659850718005,130.8168292526159,133.31893920898438,81000500
2022-06-21,AMZN,108.1999969482422,111.62999725341795,103.55999755859376,108.68000030517578,70901200
2022-06-21,GOOGL,108.03657603615588,111.56739902352788,107.70977872020164,110.62964630126952,47416000
2022-06-21,META,164.6379787621538,166.45373128366802,154.75554078208074,155.82713317871094,50724900
2022-06-21,MSFT,242.65928121254296,247.0129195467826,241.9320596633375,246.0335998535156,29928300
2022-06-22,AAPL,132.25918724085466,135.17342395812105,131.39572023105475,132.80868530273438,73409200
2022-06-22,AMZN,107.43000030517578,112.12999725341795,107.0199966430664,108.9499969482422,60040100
2022-06-22,GOOGL,109.65023274569889,112.41735547537324,109.4776555133554,110.57360076904295,30774000
2022-06-22,META,157.14680447815155,159.53802789484112,154.22969389233737,154.63650512695312,47267800
2022-06-22,MSFT,244.23977847011096,249.3594317398159,242.7659386682965,245.44212341308597,25939900
2022-06-23,AAPL,134.25110181028134,135.98785785879153,133.08344262037107,135.6738739013672,72433800
2022-06-23,AMZN,110.38999938964844,113.0,107.93000030517578,112.44000244140624,64345300
2022-06-23,GOOGL,111.3115103103694,111.81832309519362,109.5947045131696,111.3219223022461,28362000
2022-06-23,META,155.05323041722062,158.5061296598179,153.04895461675687,157.513916015625,40499200
2022-06-23,MSFT,247.8080352595046,251.4926127999007,245.92695305257084,250.9980926513672,25861400
2022-06-24,AAPL,137.27324957478913,139.24551965514786,137.1457006192552,139.00021362304688,89116800
2022-06-24,AMZN,112.37999725341795,116.70999908447266,111.43000030517578,116.45999908447266,69867600
2022-06-24,GOOGL,112.06875352459626,117.1110783002862,112.02659857865726,117.00792694091795,41164000
2022-06-24,META,160.4707283360058,168.92439387205752,160.0440836832847,168.83509826660156,68736000
2022-06-24,MSFT,253.8585729806044,259.84119709214264,253.77130991913447,259.5697021484375,33923200
2022-06-27,AAPL,140.02068012877845,140.79585557470105,138.32316657888146,139.00021362304688,70207900
2022-06-27,AMZN,117.08999633789062,117.9800033569336,112.6999969482422,113.22000122070312,62133200
2022-06-27,GOOGL,117.3034891434814,117.60747238809732,114.23534152789628,114.8839874267578,36420000
2022-06-27,META,169.9860407861088,170.41268536583237,166.70180106089464,168.1702880859375,29174600
2022-06-27,MSFT,260.0640847254071,260.1513477506031,255.2838227151279,256.8449401855469,24615100
2022-06-28,AAPL,139.46137923230657,140.72715167094702,134.74169394010806,134.85943603515625,67083400
2022-06-28,AMZN,113.5,114.8499984741211,107.04000091552734,107.4000015258789,74942900
2022-06-28,GOOGL,114.8532454023872,116.3478960242618,110.93116279588207,111.08935546875,35792000
2022-06-28,META,168.57707352864497,169.9661815615334,159.35941645073356,159.42886352539062,27744500
2022-06-28,MSFT,255.96261499134835,258.8036202038124,248.5352550148448,248.69039916992188,27295500
2022-06-29,AAPL,134.87905849783044,138.02877917366496,134.10388314834785,136.61581420898438,66242400
2022-06-29,AMZN,107.37999725341795,110.98999786376952,106.91000366210938,108.91999816894533,66375300
2022-06-29,GOOGL,110.63757801717348,112.23289031786092,109.96364371615972,110.78585052490234,24716000
2022-06-29,META,162.29638374229555,165.03488779285908,159.07168958356175,162.6634979248047,28595200
2022-06-29,MSFT,249.76665390613857,254.0136323572645,247.9922316052621,252.35557556152344,20069800
2022-06-30,AAPL,134.6730476071536,135.77201413346887,131.25839092017685,134.1529998779297,98964500
2022-06-30,AMZN,108.11000061035156,108.18000030517578,102.5199966430664,106.20999908447266,97679400
2022-06-30,GOOGL,109.09830333262894,109.97902466562924,105.87494437052855,108.0698013305664,43170000
2022-06-30,META,160.8874320004222,163.9434517587167,157.25594166723448,159.99444580078125,35250600
2022-06-30,MSFT,249.2430741608317,251.64776426602208,245.2191205112344,249.02975463867188,31730900
2022-07-01,AAPL,133.48571986150768,136.4293921589786,133.1128648849863,136.3214569091797,71051600
2022-07-01,AMZN,106.29000091552734,109.75,105.8499984741211,109.55999755859376,73021200
2022-07-01,GOOGL,107.04823602503195,108.35444147045118,105.85559392220436,107.8461456298828,35476000
2022-07-01,META,159.0617694192781,159.36935323149515,153.7931173068404,158.78395080566406,31423900
2022-07-01,MSFT,248.60313941391496,251.88045986451053,246.877186557772,251.69622802734372,22837700
2022-07-05,AAPL,135.18323666479031,138.95113328697806,134.35899711370092,138.90206909179688,73353800
2022-07-05,AMZN,107.5999984741211,114.08000183105467,106.31999969482422,113.5,76583700
2022-07-05,GOOGL,106.22256636530622,112.44761288334064,104.86478520912014,112.33454895019533,39342000
2022-07-05,META,156.90865227351182,166.93993200272172,155.7973779275584,166.88040161132812,28618600
2022-07-05,MSFT,248.3801241327607,254.99299984153143,247.0032529724364,254.866943359375,22941000
2022-07-06,AAPL,138.6960579320058,141.41403840686974,138.43112318423007,140.236572265625,74064300
2022-07-06,AMZN,113.20999908447266,115.4800033569336,112.01000213623048,114.33000183105467,66958900
2022-07-06,GOOGL,112.37324909089168,114.64199660987896,110.56221308112814,113.6328353881836,37432000
2022-07-06,META,166.89033737772058,170.2539411358276,164.17168159339727,168.4481201171875,23085900
2022-07-06,MSFT,255.7395691004037,259.8507853109402,254.430564439945,258.1248474121094,23824400
2022-07-07,AAPL,140.59953941553863,143.79833830599395,140.58973256841978,143.6020965576172,66253700
2022-07-07,AMZN,113.8499984741211,116.98999786376952,113.48999786376952,116.33000183105467,57872300
2022-07-07,GOOGL,114.13666975081996,118.2124805128393,113.89219223353552,117.80931091308594,40936000
2022-07-07,META,168.13060278464656,171.37514571376303,166.47360777815038,170.84927368164062,24083400
2022-07-07,MSFT,257.067970916459,260.8883105802799,256.97100212276746,260.24835205078125,20859900
2022-07-08,AAPL,142.5326123028861,144.7796239540416,142.2774994180926,144.27919006347656,64547800
2022-07-08,AMZN,114.5999984741211,116.58000183105467,113.69000244140624,115.54000091552734,45719700
2022-07-08,GOOGL,116.2888797500777,118.70391717679874,115.94323338269083,118.37513732910156,38238000
2022-07-08,META,168.65646764813104,171.05762280254982,166.84071489855444,169.54946899414062,19249200
2022-07-08,MSFT,256.7479931048278,259.9574617514012,255.29355004720043,259.53082275390625,19658800
2022-07-11,AAPL,142.93489980535588,143.88668829327412,141.08038702449986,142.14991760253906,63141600
2022-07-11,AMZN,114.08000183105467,114.3000030517578,110.87000274658205,111.75,53487600
2022-07-11,GOOGL,117.03074427714584,117.03074427714584,114.38510706026808,114.728271484375,31196000
2022-07-11,META,165.76911710966948,166.18584496387152,160.64929180379883,161.6117401123047,21885600
2022-07-11,MSFT,257.5818628153171,258.4351408209991,254.2172499828831,256.4765014648437,19455200
2022-07-12,AAPL,143.0232094985196,145.66270453987497,142.32654882035914,143.121337890625,77588800
2022-07-12,AMZN,112.16000366210938,113.2300033569336,108.33999633789062,109.22000122070312,54280300
2022-07-12,GOOGL,115.26235327439863,116.01513422724024,112.75805737728308,113.08584594726562,29960000
2022-07-12,META,163.51681925608725,164.61817705836836,160.83784531918116,161.9987335205078,16639700
2022-07-12,MSFT,257.8049185662981,257.8630939289556,244.38524428800383,245.9657440185547,35868500
2022-07-13,AAPL,140.30522551606126,143.700252180436,139.4515504526769,142.75828552246094,71185600
2022-07-13,AMZN,107.02999877929688,111.77999877929688,106.01000213623048,110.4000015258789,61353800
2022-07-13,GOOGL,110.78535950872109,113.25991018567451,110.28995752777116,110.44071197509766,43722000
2022-07-13,META,158.91292237226227,163.69538370726883,158.36720190354342,162.2169952392578,16555100
2022-07-13,MSFT,242.59142655470853,245.84937984355255,240.57459691919928,245.04458618164065,29497400
2022-07-14,AAPL,141.37475454509644,146.15331059436355,140.56033683517074,145.6823272705078,78140700
2022-07-14,AMZN,110.23999786376952,111.18000030517578,107.58000183105467,110.62999725341795,51163100
2022-07-14,GOOGL,109.30708070983805,110.18234634307092,107.48464162453595,109.4627914428711,37004000
2022-07-14,META,159.96469739428068,161.32402534796637,156.0553729091042,156.8193817138672,23765200
2022-07-14,MSFT,242.959889571624,247.39108538558796,238.47050360298064,246.36328125,25102800
2022-07-15,AAPL,146.9677717373696,148.02749575844047,145.41743557537487,147.35044860839844,76259900
2022-07-15,AMZN,112.5,115.58999633789062,111.58999633789062,113.5500030517578,84317800
2022-07-15,GOOGL,111.08240810060202,112.2130626372586,109.99092716981522,110.8612289428711,46770000
2022-07-15,META,159.2899896816727,163.69542117946563,158.57560970633634,163.4176025390625,23342800
2022-07-15,MSFT,247.95345174668597,252.4622192726145,247.0323074429904,248.92308044433597,29774100
2022-07-18,AAPL,147.9097302753274,148.7241480973096,143.9455764182645,144.3086395263672,81420900
2022-07-18,AMZN,115.0,117.23999786376952,113.1500015258789,113.76000213623048,59115400
2022-07-18,GOOGL,111.71665403211723,112.74812973437768,107.48165988903676,108.13624572753906,43164600
2022-07-18,META,165.4516286428729,170.35316657049168,164.35027086909628,165.92788696289062,23574300
2022-07-18,MSFT,251.86106474959865,252.91795652335915,245.60696234722732,246.52810668945312,20975000
2022-07-19,AAPL,145.14268358851726,148.3905333334654,144.1516525247905,148.16485595703125,82982400
2022-07-19,AMZN,115.6999969482422,118.9499969482422,114.02999877929688,118.20999908447266,60990000
2022-07-19,GOOGL,109.94133979066088,113.08535287704044,108.66191325988504,112.8770751953125,36530900
2022-07-19,META,169.0434363845627,175.11579427805594,168.19013203148896,174.41131591796875,25933700
2022-07-19,MSFT,249.7569629365393,251.8319826861172,245.975416691355,251.6477508544922,25012600
2022-07-20,AAPL,148.28258588894056,150.83377461851506,147.5466677906739,150.16653442382812,64823400
2022-07-20,AMZN,118.62000274658205,123.4800033569336,118.31999969482422,122.7699966430664,71268300
2022-07-20,GOOGL,112.24231974638516,114.45404329391756,111.55798096785529,112.96633911132812,35600400
2022-07-20,META,176.10796631891785,182.170390953514,175.32410923449112,181.6643524169922,24784300
2022-07-20,MSFT,252.00653450982264,256.8255911221819,251.046611408544,254.30455017089844,22788300
2022-07-21,AAPL,151.5991200487024,152.64903699884627,149.08718880462706,152.43316650390625,65086600
2022-07-21,AMZN,123.1999969482422,124.8499984741211,121.26000213623048,124.62999725341795,60239900
2022-07-21,GOOGL,113.34322710024298,113.61101810390475,110.19921392026372,113.4027328491211,32676200
2022-07-21,META,179.2235433302716,182.4184722606928,177.47723774446465,181.74375915527344,27195800
2022-07-21,MSFT,251.8998947859146,256.8450079874524,249.2237096105759,256.7965087890625,22404700
2022-07-22,AAPL,152.47241748797757,153.34570636779952,150.5295978961148,151.1968231201172,66675400
2022-07-22,AMZN,125.01000213623048,125.5,121.3499984741211,122.41999816894533,51463800
2022-07-22,GOOGL,110.09009735008291,111.41910930762468,105.62698529534984,107.01551055908205,48901200
2022-07-22,META,171.72241045744528,174.23270958756183,167.09869157067797,167.95199584960938,42583900
2022-07-22,MSFT,257.18430744869886,257.27157048099224,251.2017149281793,252.4525146484375,21881300
2022-07-25,AAPL,151.11828092871338,152.12894030432363,149.42076784719634,150.07818603515625,53623900
2022-07-25,AMZN,122.6999969482422,123.63999938964844,120.02999877929688,121.13999938964844,50221300
2022-07-25,GOOGL,107.52135488788926,108.96938619860532,105.42865018559648,106.62873077392578,34690900
2022-07-25,META,167.68410990943246,169.24189263554436,163.52673221768362,165.35240173339844,26166300
2022-07-25,MSFT,253.07313230301668,253.55794673271595,249.0103850148789,250.96902465820312,21056000
2022-07-26,AAPL,149.40118236976926,150.21560020375307,147.96860350790257,148.7535858154297,55138700
2022-07-26,AMZN,115.79000091552734,118.1500015258789,114.52999877929688,114.80999755859376,67075100
2022-07-26,GOOGL,105.72617651509084,106.3212566791784,103.21691665250424,104.15912628173828,47991000
2022-07-26,META,164.6479363142058,164.70746671110234,156.720143761273,157.91079711914062,28468400
2022-07-26,MSFT,251.9677179235894,251.98712943704783,241.9902591873935,244.24948120117188,39348000
2022-07-27,AAPL,149.7151553193297,154.37596918243503,149.30304304810883,153.84609985351562,78620700
2022-07-27,AMZN,117.30999755859376,121.9000015258789,117.16000366210938,120.97000122070312,61582000
2022-07-27,GOOGL,108.36437093577844,112.97625525163264,107.12461749425069,112.13321685791016,59858500
2022-07-27,META,161.32400407048306,169.53953138988183,160.75845019660002,168.25958251953125,43846600
2022-07-27,MSFT,253.2282601856269,261.8482448041291,250.98842003172436,260.5780334472656,45994000
2022-07-28,AAPL,154.0325363111874,154.68014773185416,151.5107984661639,154.39559936523438,81378700
2022-07-28,AMZN,121.56999969482422,122.83999633789062,118.08000183105467,122.27999877929688,82245500
2022-07-28,GOOGL,111.44888817788124,113.40273342218576,110.54634395877493,113.28372192382812,32816600
2022-07-28,META,159.8059311673132,160.25242429053662,153.6442927588761,159.4685821533203,73214300
2022-07-28,MSFT,261.5573746966984,269.40166831465785,259.7344677770861,268.0151062011719,33459300
2022-07-29,AAPL,158.21258113398608,160.55770616166393,156.50524578988953,159.45872497558594,101786900
2022-07-29,AMZN,134.89999389648438,137.64999389648438,132.41000366210938,134.9499969482422,148892900
2022-07-29,GOOGL,112.15306191622032,115.7533033393372,112.13322162287426,115.3665008544922,37223400
2022-07-29,META,156.4621811011794,158.8931016432451,153.96179833277887,157.8612060546875,42065400
2022-07-29,MSFT,269.26588177100365,273.4352730341739,268.22837203750606,272.2135314941406,32152800
2022-08-01,AAPL,157.98691167692704,160.51847204780725,157.86916955763294,158.47752380371094,67829400
2022-08-01,AMZN,134.9600067138672,138.8300018310547,133.50999450683594,135.38999938964844,76846900
2022-08-01,GOOGL,114.35486029276694,115.76321838407448,113.4027229923445,113.91846466064452,26034300
2022-08-01,META,156.02559756676067,163.90377642591454,154.02132174038147,158.68472290039062,40596700
2022-08-01,MSFT,269.3822659732868,272.7371731572371,267.4623903988592,269.5664978027344,21539600
2022-08-02,AAPL,157.09396729027588,159.36059231885778,156.63279081571793,157.00564575195312,59907000
2022-08-02,AMZN,134.72000122070312,137.44000244140625,134.08999633789062,134.16000366210938,61922400
2022-08-02,GOOGL,113.06552194158388,115.39625706472798,112.78781836154695,114.1862564086914,20236000
2022-08-02,META,157.07735186421888,160.97675966339588,156.7796847197048,158.94271850585938,27374500
2022-08-02,MSFT,267.6175128829661,269.45012527255744,264.1074618325668,266.4733581542969,22754200
2022-08-03,AAPL,157.82008857109244,163.46212742924678,157.73178199101062,163.01077270507812,82507500
2022-08-03,AMZN,136.2100067138672,140.49000549316406,136.0500030517578,139.52000427246094,71827800
2022-08-03,GOOGL,114.76150045832908,117.64765022278551,114.53339005300344,117.11207580566406,28499000
2022-08-03,META,161.42324581445072,168.2199004297414,160.31197133907014,167.4856719970703,31721900
2022-08-03,MSFT,268.3544501034442,274.8897381119249,268.20898212498906,273.8910217285156,23518900
2022-08-04,AAPL,162.8930191834261,164.05087149041262,161.3426831970874,162.69677734375,55474100
2022-08-04,AMZN,140.5800018310547,143.55999755859375,139.5500030517578,142.57000732421875,70585000
2022-08-04,GOOGL,116.51698189558792,117.80632083637464,115.93181438103124,117.22116088867188,21602900
2022-08-04,META,166.98955319565712,170.80956650112654,165.50123278418064,169.24188232421875,23938200
2022-08-04,MSFT,273.2413676766203,275.18062516074315,271.6608976832657,275.0351867675781,18098700
2022-08-05,AAPL,160.3680286094797,162.96205765324038,160.16167874542583,162.47076416015625,56697000
2022-08-05,AMZN,140.10000610351562,142.86000061035156,139.60000610351562,140.8000030517578,50686900
2022-08-05,GOOGL,115.27722403655466,117.1418102734219,115.04910610021622,116.5070571899414,19159500
2022-08-05,META,165.68976183936536,170.27378402922727,164.50902518076973,165.80882263183594,25832700
2022-08-05,MSFT,270.67184411090017,275.0351732354952,270.2161174409248,274.3176574707031,16774600
2022-08-08,AAPL,163.47301089783898,164.88793871959618,161.3407986917232,161.99913024902344,60276900
2022-08-08,AMZN,142.0500030517578,144.22999572753906,138.2899932861328,139.41000366210938,52229000
2022-08-08,GOOGL,117.4195241692398,119.16509908636492,115.92189993370644,116.33846282958984,19138300
2022-08-08,META,166.69188162513768,176.1278273310258,165.82866065437182,168.9243621826172,27299100
2022-08-08,MSFT,275.4229698634014,277.23620005590976,270.8366458919724,271.8062744140625,18739200
2022-08-09,AAPL,161.16391080154307,162.93257025599664,160.40731467514888,162.04823303222656,63135500
2022-08-09,AMZN,138.0500030517578,138.9499969482422,136.2100067138672,137.8300018310547,40434700
2022-08-09,GOOGL,116.1797640458468,116.35828882894792,114.76148592644728,115.67394256591795,19086500
2022-08-09,META,167.63450137417337,168.20998713624027,165.30280826612145,167.2177734375,18655100
2022-08-09,MSFT,271.1470097408237,274.4825055635908,269.1786348849365,273.7261962890625,23405200
2022-08-10,AAPL,164.76018146628317,166.3912794896035,163.99376480339055,166.29302978515625,70170500
2022-08-10,AMZN,142.89999389648438,144.60000610351562,141.00999450683594,142.69000244140625,54773800
2022-08-10,GOOGL,117.80632384689984,119.92878102588604,117.43936168959128,118.71878051757812,30930400
2022-08-10,META,174.6196622996065,179.0746913011571,172.59553824662777,176.95135498046875,30262100
2022-08-10,MSFT,279.4179151918508,281.0080908709291,278.2252612395024,280.3778381347656,24687800
2022-08-11,AAPL,167.0987759253846,168.01258981282774,165.26134266915503,165.55612182617188,57149200
2022-08-11,AMZN,143.86000061035156,144.49000549316406,139.75999450683594,140.63999938964844,44867300
2022-08-11,GOOGL,120.28583048192732,120.49410814131456,117.5881259219238,117.86582946777344,24293700
2022-08-11,META,178.3107171671491,181.6743207494852,174.99671215406823,176.10800170898438,24079100
2022-08-11,MSFT,282.0165514391727,282.3656036148159,277.80836586315127,278.3028564453125,20065900
2022-08-12,AAPL,166.86294364369544,169.1720142653812,166.45024387983412,169.10324096679688,68039400
2022-08-12,AMZN,142.0500030517578,143.57000732421875,140.1199951171875,143.5500030517578,47643500
2022-08-12,GOOGL,119.2741980957184,120.68255615234376,118.48075288719056,120.68255615234376,19096300
2022-08-12,META,179.402142516149,180.04709045423732,177.51694269092118,179.0945587158203,21274000
2022-08-12,MSFT,279.71855257086617,283.0443725585937,278.225315796299,283.0443725585937,22619700
2022-08-15,AAPL,168.53335189122956,170.37078506094434,168.36631387517275,170.1742706298828,54091700
2022-08-15,AMZN,142.8000030517578,143.75999450683594,141.49000549316406,143.17999267578125,39014600
2022-08-15,GOOGL,120.137067490984,121.29748248930952,119.62133337705964,121.07928466796876,19494800
2022-08-15,META,177.56654148581777,180.0272268217476,176.8124495070817,179.48150634765625,15878700
2022-08-15,MSFT,282.16193138302435,285.2453433252316,281.2989476986178,284.5569152832031,18085700
2022-08-16,AAPL,169.77139729331645,170.6852110892498,168.67090454328755,170.0170440673828,56377100
2022-08-16,AMZN,143.91000366210938,146.57000732421875,142.0,144.77999877929688,59102900
2022-08-16,GOOGL,120.5238753971858,121.42641959577723,119.65109163936246,120.70240020751952,19041200
2022-08-16,META,178.0428056048491,179.58073966791372,175.66148395043294,178.07257080078125,21156700
2022-08-16,MSFT,283.12187347946144,285.1096300607174,281.59957891566967,283.82000732421875,18102900
2022-08-17,AAPL,169.76157057327157,173.08270464114312,169.5650561598673,171.5105743408203,79542000
2022-08-17,AMZN,142.69000244140625,143.3800048828125,140.77999877929688,142.10000610351562,48149800
2022-08-17,GOOGL,119.13535751738875,120.2957650012785,118.4014179821148,118.57003021240234,22847000
2022-08-17,META,175.38367239848955,176.75293202621685,172.81384278005555,173.48855590820312,20118100
2022-08-17,MSFT,281.53652609959147,285.0443308942976,281.27418133685177,283.0718078613281,18253400
2022-08-18,AAPL,170.72447915963892,171.85444813238172,170.10544459568962,171.1175079345703,62290100
2022-08-18,AMZN,141.32000732421875,142.77000427246094,140.3800048828125,142.3000030517578,37458700
2022-08-18,GOOGL,118.45101217804252,119.82961750509602,117.74683307742816,119.18494415283205,17987700
2022-08-18,META,172.9825179454566,174.3914594614701,170.52183242030472,173.30003356933594,18844500
2022-08-18,MSFT,281.97382980141776,283.64513249063674,280.89524189994404,281.95440673828125,17186200
2022-08-19,AAPL,170.0170261568602,170.71466951867444,168.3269753298755,168.5333251953125,70346300
2022-08-19,AMZN,140.47000122070312,141.11000061035156,137.91000366210938,138.22999572753906,47792800
2022-08-19,GOOGL,118.08402472990431,118.17329090592166,115.8028831046548,116.24919128417967,21809500
2022-08-19,META,168.87473977974705,170.97824275855308,165.74927321620558,166.65219116210938,26240800
2022-08-19,MSFT,280.7202952926748,281.06039158484833,277.4748651159436,278.04815673828125,20570000
2022-08-22,AAPL,166.73519456201245,166.90223255698254,164.22959465128477,164.65211486816406,69026800
2022-08-22,AMZN,135.72000122070312,136.32000732421875,132.85000610351562,133.22000122070312,50461500
2022-08-22,GOOGL,114.25568050831777,114.6821560186315,112.91674823026226,113.30355072021484,21456600
2022-08-22,META,164.20141407757302,164.20141407757302,160.99655363986471,161.78041076660156,19499700
2022-08-22,MSFT,274.0933767758062,274.46262247376245,269.37099355295584,269.885986328125,25061100
2022-08-23,AAPL,164.1706263803019,165.77224787707962,163.74810620318166,164.31800842285156,54147100
2022-08-23,AMZN,133.41000366210938,134.99000549316406,132.9499969482422,133.6199951171875,36252100
2022-08-23,GOOGL,112.54978392368336,114.06724098148526,112.50019075744802,112.92666625976562,15870400
2022-08-23,META,161.21487292760173,163.76486932772292,159.44873380548583,159.8555450439453,18111800
2022-08-23,MSFT,268.6131286621094,270.96459435110165,267.6025659844231,268.6131286621094,17527400
2022-08-24,AAPL,164.40647334198977,165.1827105189657,163.35509799580043,164.61280822753906,53841500
2022-08-24,AMZN,132.75,135.47000122070312,132.10000610351562,133.8000030517578,38627000
2022-08-24,GOOGL,112.5696116974473,113.83911800192884,111.94477869138812,112.758056640625,17734600
2022-08-24,META,159.34952316474363,164.1716822581917,158.52598399302542,161.98880004882812,20891500
2022-08-24,MSFT,267.6122606253299,269.38073768829963,267.3207367981383,267.98150634765625,18137000
2022-08-25,AAPL,165.84104108991514,167.17736007756102,165.41853585512217,167.06927490234375,51218200
2022-08-25,AMZN,135.25999450683594,137.4199981689453,134.27999877929688,137.27999877929688,37496300
2022-08-25,GOOGL,113.3035459506188,115.76322014148404,113.17461431501371,115.69379425048828,16956800
2022-08-25,META,163.89383014741966,167.56503246665474,162.74287391315033,167.46580505371094,15550500
2022-08-25,MSFT,269.4779119694947,271.12006518473976,266.7474741827684,270.95489501953125,16583400
2022-08-26,AAPL,167.59986540800332,168.07150295198872,160.71192120457525,160.7708740234375,78961000
2022-08-26,AMZN,136.5500030517578,137.8300018310547,130.5,130.75,53322700
2022-08-26,GOOGL,113.77960949375512,114.17633209597903,109.28674437319086,109.43550872802734,37245700
2022-08-26,META,167.1681532011775,169.58915695402584,160.41118059882976,160.52032470703125,24023600
2022-08-26,MSFT,271.1783084366811,272.40264315538514,260.39260989894825,260.4994812011719,27549300
2022-08-29,AAPL,158.34389469961232,160.06342201093398,157.03706713692557,158.5699005126953,73314000
2022-08-29,AMZN,129.89999389648438,131.9499969482422,128.77000427246094,129.7899932861328,48101600
2022-08-29,GOOGL,109.08838330000286,110.040513040239,107.90814316272662,108.52305603027344,21191200
2022-08-29,META,159.40903722795167,161.78042707604678,157.77187573869497,157.93063354492188,20052700
2022-08-29,MSFT,258.3230223141001,259.82912546263174,256.3796481077176,257.7205810546875,20338500
2022-08-30,AAPL,159.3068453614504,159.7293506019625,154.97363281420544,156.14291381835938,77906200
2022-08-30,AMZN,131.25,132.07000732421875,126.8499984741211,128.72999572753906,49203000
2022-08-30,GOOGL,109.26691796550224,109.59421472143956,106.91635005815552,108.04700469970705,27513300
2022-08-30,META,159.10145839344236,160.40125579993304,154.6960275433671,155.93629455566406,19567900
2022-08-30,MSFT,259.11974353789395,259.4889596293657,253.27989612081268,255.5244903564453,22767100
2022-08-31,AAPL,157.51850501455607,157.7838076781036,154.4037063115704,154.48231506347656,87991100
2022-08-31,AMZN,129.4499969482422,130.58999633789062,126.73999786376952,126.7699966430664,53648700
2022-08-31,GOOGL,109.74298212503663,109.9413396597256,107.24363481356808,107.33290100097656,28627000
2022-08-31,META,165.76914071346795,166.53313431830148,160.87751957743515,161.66136169433594,40953000
2022-08-31,MSFT,257.8759654841176,259.5472382569848,253.93088992646184,254.0669403076172,24791800
2022-09-01,AAPL,153.91242016030444,155.66142374222144,151.97672265788725,155.20944213867188,74229900
2022-09-01,AMZN,126.0,128.02000427246094,123.66000366210938,127.81999969482422,56636100
2022-09-01,GOOGL,107.39240764031874,109.5446179336816,106.47995086620014,108.84043884277344,28360900
2022-09-01,META,162.30630965585266,166.05687601790066,159.10146382584418,164.07244873046875,30145700
2022-09-01,MSFT,251.5405724888761,253.50339892265927,248.1785442591348,253.0272521972656,23263400
2022-09-02,AAPL,156.9682732301626,157.56765189981036,152.2715085702032,153.0968780517578,76957800
2022-09-02,AMZN,129.5,131.3800048828125,126.38999938964844,127.51000213623048,57429800
2022-09-02,GOOGL,109.6834724156072,109.8322443549404,106.38077471005732,106.96593475341795,24160700
2022-09-02,META,166.14617414203198,166.62243245907325,157.98025996910707,159.0717010498047,22634200
2022-09-02,MSFT,254.2904474144496,257.24435393582866,247.26514117537187,248.81011962890625,22855400
2022-09-06,AAPL,153.7453935980758,154.35459275815265,151.0138028574181,151.83917236328125,73714800
2022-09-06,AMZN,127.91999816894533,128.6199951171875,124.73999786376952,126.11000061035156,43888600
2022-09-06,GOOGL,106.42042936854642,107.14444107919324,104.91288507482174,105.93444061279295,25068300
2022-09-06,META,158.85340797014467,160.43102400577848,156.46216949199575,157.3055419921875,19339800
2022-09-06,MSFT,248.9461693097005,250.5299938802092,244.8067740644057,246.0796813964844,21328200
2022-09-07,AAPL,152.12415964759478,153.94193699739438,150.93522252185548,153.2443084716797,87449600
2022-09-07,AMZN,126.12000274658205,129.82000732421875,125.4000015258789,129.47999572753906,47900300
2022-09-07,GOOGL,106.18240264265648,109.07847249571734,106.02371813346193,108.55281066894533,23167000
2022-09-07,META,156.5316171024006,159.7067128361439,155.58901718018615,159.14114379882812,16831200
2022-09-07,MSFT,247.4886209447781,251.50167728090952,246.05052865580475,250.7826385498047,24126700
2022-09-08,AAPL,151.9472900248741,153.63734127524165,150.0214124396559,151.7704315185547,84923800
2022-09-08,AMZN,127.72000122070312,130.27999877929688,127.0999984741211,129.82000732421875,43988500
2022-09-08,GOOGL,107.15436785234292,108.70157768967908,106.28158417405022,107.4915771484375,24238300
2022-09-08,META,157.47423484046743,160.96681598296698,156.51178639006864,160.7981414794922,22530800
2022-09-08,MSFT,250.21908643151144,253.056395384433,247.5760822267559,251.20046997070312,20319900
2022-09-09,AAPL,152.76282069447305,155.07190642293236,152.05535676886382,154.62973022460938,68028800
2022-09-09,AMZN,130.91000366210938,133.69000244140625,130.75999450683594,133.27000427246094,49387600
2022-09-09,GOOGL,108.17593072235994,110.08019027578452,108.12633755578808,109.74298095703124,23197700
2022-09-09,META,161.97886235913248,168.21987893943492,161.75065748137297,167.83291625976562,22086800
2022-09-09,MSFT,253.124418506028,257.7205078743252,252.9203725752876,256.9722900390625,22084700
2022-09-12,AAPL,156.81106723949068,161.39974706706778,156.52612358553827,160.58419799804688,104956000
2022-09-12,AMZN,134.10000610351562,136.49000549316406,134.0,136.4499969482422,53826900
2022-09-12,GOOGL,110.0801874345021,110.70502802301868,109.02887891863624,109.95125579833984,22966800
2022-09-12,META,166.0866417456848,170.05549633320575,165.9774976389288,167.64442443847656,23220400
2022-09-12,MSFT,258.25500923950574,259.87773982566915,257.65256795177487,259.1003723144531,18747700
2022-09-13,AAPL,157.11568505512628,157.74454025448654,150.69939192954584,151.1612091064453,122656600
2022-09-13,AMZN,131.00999450683594,131.39999389648438,126.2699966430664,126.81999969482422,72694000
2022-09-13,GOOGL,106.91634367306544,107.4122450675289,103.2367486673143,103.4648666381836,38172900
2022-09-13,META,160.2821724106022,160.3714831377137,151.48124294581012,151.9376678466797,44444100
2022-09-13,MSFT,251.51140761885284,253.02723665375865,244.4666783226264,244.85536193847656,33353300
2022-09-14,AAPL,152.09465656902455,154.36444545311878,150.93521094229624,152.60560607910156,87965400
2022-09-14,AMZN,127.36000061035156,128.83999633789062,126.33000183105467,128.5500030517578,45316800
2022-09-14,GOOGL,103.7128143662537,104.41699341820951,102.8102777889331,104.13928985595705,26395100
2022-09-14,META,152.1361216428672,152.34447803217273,147.88944840773684,150.2906036376953,43064200
2022-09-14,MSFT,246.35174947948744,247.031927263813,242.78566075681428,245.07884216308597,23913000
2022-09-15,AAPL,151.9570788549336,152.5368165999088,148.74403004784534,149.71678161621094,90481100
2022-09-15,AMZN,127.37999725341795,130.3699951171875,125.5,126.27999877929688,52887200
2022-09-15,GOOGL,103.17723571198331,104.40706896560022,101.51100684033769,102.06642150878906,34188300
2022-09-15,META,148.63359721808547,152.99933091133602,147.54215622478398,148.3855438232422,34606300
2022-09-15,MSFT,242.6982303424856,244.2820698366611,237.111030916621,238.4325256347656,31530900
2022-09-16,AAPL,148.57698038414023,148.71454195841454,145.7864220311532,148.0758514404297,162278800
2022-09-16,AMZN,122.77999877929688,123.87000274658205,120.6999969482422,123.52999877929688,115667800
2022-09-16,GOOGL,101.2333018624559,102.2846103090457,100.11256752914517,101.9573211669922,42797200
2022-09-16,META,146.8972457962903,147.4231178621415,143.16651248084165,145.15093994140625,40122800
2022-09-16,MSFT,237.34426376395265,238.3548265575082,235.20655530695487,237.8106842041016,39791800
2022-09-19,AAPL,146.71006595451675,151.8686478234834,146.50373107588743,151.7900390625,81474200
2022-09-19,AMZN,122.16000366210938,124.70999908447266,121.8000030517578,124.66000366210938,47279700
2022-09-19,GOOGL,100.91593353936474,102.4829837582816,100.71757600878112,102.22511291503906,23036800
2022-09-19,META,144.10907960107323,147.42306872197716,143.9701703307352,146.867431640625,22169500
2022-09-19,MSFT,235.60493213001268,238.19933446520724,234.0308040411177,237.59689331054688,26826900
2022-09-20,AAPL,150.7288529156578,155.3273682721185,150.41443284470995,154.16790771484375,107689800
2022-09-20,AMZN,123.3499984741211,124.4000015258789,121.13999938964844,122.19000244140624,47698400
2022-09-20,GOOGL,101.24322534010722,101.5308490422322,99.6960079229227,100.31092834472656,26517100
2022-09-20,META,144.64490033101634,147.68107158621052,144.08926312614136,144.95248413085938,23217400
2022-09-20,MSFT,235.21623357137693,236.6154501254237,232.8550269095676,235.58546447753903,26660300
2022-09-21,AAPL,154.60024966459952,155.97588059110078,150.92538353116046,151.0432891845703,101696800
2022-09-21,AMZN,122.48999786376952,123.76000213623048,118.4499969482422,118.54000091552734,58498900
2022-09-21,GOOGL,100.83658693545452,102.03666739252802,98.45625874751292,98.46617889404295,31487300
2022-09-21,META,145.25013796787374,148.4351500589386,140.89432117926867,141.0133819580078,38338600
2022-09-21,MSFT,237.35395148181905,240.64796931692135,232.13598300454865,232.1845703125,28625600
2022-09-22,AAPL,149.72662084225365,151.7802241971407,148.28221666613402,150.08035278320312,86652500
2022-09-22,AMZN,117.08000183105467,118.79000091552734,116.26000213623048,117.30999755859376,55229200
2022-09-22,GOOGL,98.00995057481283,100.4101114902342,97.98019770206167,99.31912994384766,34298600
2022-09-22,META,140.44784645009264,143.4542526254641,139.77313328922853,141.7079620361328,34418500
2022-09-22,MSFT,231.1351275230768,236.9555366202575,230.8436333531247,234.15707397460935,31061200
2022-09-23,AAPL,148.55732254844892,148.8324456934816,145.9731140864417,147.810546875,96029900
2022-09-23,AMZN,116.0,116.0500030517578,112.05999755859376,113.77999877929688,65126700
2022-09-23,GOOGL,98.81329918585423,98.84305962268306,96.67100931227311,97.93059539794922,31625400
2022-09-23,META,140.31885705271978,141.50951044279367,137.8085576491545,139.3167266845703,31710700
2022-09-23,MSFT,232.75787437724335,234.30286782239327,228.54075677381343,231.18374633789065,34176000
2022-09-26,AAPL,147.05398109807987,151.09241446222893,147.03432515906897,148.1446533203125,93339400
2022-09-26,AMZN,113.3000030517578,117.33999633789062,113.12999725341795,115.1500015258789,62723300
2022-09-26,GOOGL,97.29585425726316,99.06126205035564,96.99831795404086,97.3652801513672,27072700
2022-09-26,META,139.02898325699817,141.13248666363052,135.12959055815918,135.3081817626953,30497000
2022-09-26,MSFT,230.33838195306527,234.6137983701589,230.19262002242195,230.72705078125,27694200
2022-09-27,AAPL,150.08034720002962,152.02586530633175,147.33892101138343,149.11740112304688,84442700
2022-09-27,AMZN,117.1999969482422,118.31999969482422,113.0500030517578,114.41000366210938,60094700
2022-09-27,GOOGL,98.61494711523052,99.1802743765024,96.07593451258548,96.70076751708984,30072800
2022-09-27,META,136.84609644027194,138.33441682444828,133.0756817723629,133.35350036621094,30826500
2022-09-27,MSFT,233.18540604277877,234.95388322610452,227.86056625784224,229.71649169921875,27018700
2022-09-28,AAPL,145.0691465231535,148.01690757279204,142.31789987820665,147.2308349609375,146691400
2022-09-28,AMZN,114.37999725341795,118.6999969482422,113.8000030517578,118.01000213623048,55763800
2022-09-28,GOOGL,96.84954541208984,99.8745394269292,96.31397098941996,99.22987365722656,32466300
2022-09-28,META,133.5718204182048,140.92412850283898,133.2245546630758,140.5074005126953,32658500
2022-09-28,MSFT,230.10517219200625,235.46888802626256,228.0840616627681,234.24456787109372,29029700
2022-09-29,AAPL,143.55596808972413,144.16516723784525,138.2303333041484,139.99899291992188,128138200
2022-09-29,AMZN,115.5999984741211,116.06999969482422,113.05999755859376,114.8000030517578,58969700
2022-09-29,GOOGL,97.8314301011561,97.8314301011561,95.17339822616404,96.62142944335938,31047200
2022-09-29,META,138.27491274983208,138.75117112422268,134.1472997984984,135.34788513183594,38985400
2022-09-29,MSFT,232.1262635921422,233.15624924797467,227.77311079462305,230.77561950683597,27484200
2022-09-30,AAPL,138.8199033723931,140.60821907927374,135.59701890511008,135.7935333251953,124925300
2022-09-30,AMZN,114.08000183105467,116.91999816894533,112.83999633789062,113.0,59479600
2022-09-30,GOOGL,96.25446166796624,98.08929527552542,94.77667009540616,94.86593627929688,32941500
2022-09-30,META,134.9906797870416,139.8922179917955,134.4449592124269,134.62355041503906,33166400
2022-09-30,MSFT,231.5432539781558,233.7295494002438,226.14067744074515,226.3058624267578,35694800
2022-10-03,AAPL,135.8033685254817,140.57874239032802,135.29241903979042,139.9695281982422,114311700
2022-10-03,AMZN,113.58000183105467,116.91000366210938,112.4499969482422,115.87999725341795,50941900
2022-10-03,GOOGL,95.9668344859771,98.47609418773558,95.728796382115,97.8314208984375,27982000
2022-10-03,META,136.0721759608596,138.53286151227974,135.04028045219258,137.53073120117188,27723100
2022-10-03,MSFT,228.74479665745017,234.76925194456732,228.01603154626423,233.92388916015625,28880400
2022-10-04,AAPL,142.504593932989,143.67387488258018,141.7479977315321,143.55596923828125,87830100
2022-10-04,AMZN,119.88999938964844,123.0,119.79000091552734,121.08999633789062,62812600
2022-10-04,GOOGL,99.61667862054996,101.0051965284241,99.557165305316,100.8068389892578,28850800
2022-10-04,META,139.39611569046758,141.28131576627231,138.25506078986547,139.187744140625,34670700
2022-10-04,MSFT,238.15073348619765,243.2715274872376,238.0438473364952,241.83343505859372,34888400
2022-10-05,AAPL,141.56130887045842,144.8136692711772,140.51975411083046,143.85072326660156,79471000
2022-10-05,AMZN,118.58000183105467,121.75,117.69000244140624,120.9499969482422,48217500
2022-10-05,GOOGL,99.01166607108686,101.09445024273644,97.99011049341637,100.59854888916016,22176900
2022-10-05,META,137.1636140300522,139.11827604059891,133.73054829955544,137.89784240722656,27979300
2022-10-05,MSFT,239.0252719369114,243.48531136271737,237.18878424235805,242.14437866210935,20347100
2022-10-06,AAPL,143.27101666436323,144.97088807825529,142.69129389793306,142.8976287841797,68402200
2022-10-06,AMZN,120.7699966430664,121.52999877929688,119.5,120.3000030517578,42253800
2022-10-06,GOOGL,99.85470635132027,102.08626265455284,99.76544016442644,100.58863830566406,22324000
2022-10-06,META,136.6476425779958,140.34859464361045,135.53636831785929,137.9871368408203,36231100
2022-10-06,MSFT,240.9103348181627,243.25210389130189,239.11272288342423,239.8026123046875,20239900
2022-10-07,AAPL,140.05797036356424,140.60823177983056,137.0217795686969,137.650634765625,85925600
2022-10-07,AMZN,118.0,118.16999816894533,113.87999725341795,114.55999755859376,54678000
2022-10-07,GOOGL,99.03150884851112,99.7059350605101,97.49421903648668,97.87110137939452,27502800
2022-10-07,META,135.69511293757594,137.21319838280945,131.40875848632146,132.410888671875,33214800
2022-10-07,MSFT,234.0793797349826,234.4875013005094,226.56824378188696,227.6079559326172,37769600
2022-10-10,AAPL,137.97486877441406,139.4192729060871,136.15709176712548,137.97486877441406,74899000
2022-10-10,AMZN,115.0999984741211,116.25,112.43000030517578,113.66999816894533,42339700
2022-10-10,GOOGL,98.18847005614693,98.28764881556005,96.2147847464648,97.0578155517578,18225100
2022-10-10,META,132.51012367496634,135.05018796059127,130.84319702503913,132.7482452392578,24024000
2022-10-10,MSFT,226.45166042593948,227.91890247197844,220.31059141185503,222.75924682617188,29743600
2022-10-11,AAPL,137.46394548029593,138.8887089375452,135.8132061545904,136.55996704101562,77033700
2022-10-11,AMZN,112.70999908447266,115.4800033569336,110.38999938964844,112.20999908447266,56432200
2022-10-11,GOOGL,96.63133537448569,98.43641594865332,95.52051364928484,96.38338470458984,26507100
2022-10-11,META,130.59514309744893,131.6270536717178,126.00119706886444,127.53912353515624,38481400
2022-10-11,MSFT,221.17535850206903,222.5745899538486,217.76474295842996,219.02793884277344,30474000
2022-10-12,AAPL,136.70732814205925,137.9159059012539,135.7542175942047,135.9310760498047,70433700
2022-10-12,AMZN,112.48999786376952,113.83000183105467,111.4000015258789,112.9000015258789,45728700
2022-10-12,GOOGL,96.502421128834,97.94053224647044,95.9470063827848,96.76028442382812,21876400
2022-10-12,META,127.3208627550881,128.6603420977581,125.26697323369044,126.50724029541016,34605200
2022-10-12,MSFT,219.0181953206572,221.4085513345767,217.61897880529853,219.35829162597656,21903900
2022-10-13,AAPL,132.63942598399592,141.08966528093347,132.0302118420066,140.5001220703125,113224000
2022-10-13,AMZN,107.87999725341795,113.44000244140624,105.3499984741211,112.52999877929688,86868100
2022-10-13,GOOGL,94.37004071240932,98.96208508756952,93.60634829648116,98.24798583984376,34574500
2022-10-13,META,122.5681681884222,130.11891573104978,121.57595439906235,129.27552795410156,34325700
2022-10-13,MSFT,213.62538135038992,229.4152942481377,212.92576556201,227.6079559326172,42551800
2022-10-14,AAPL,141.79714775053986,142.00349764686453,135.78371925254498,135.9704132080078,88598000
2022-10-14,AMZN,114.0999984741211,114.95999908447266,106.5999984741211,106.9000015258789,67737300
2022-10-14,GOOGL,99.17034658633813,99.86461299357256,95.58002577343596,95.76846313476562,25410700
2022-10-14,META,129.9799863217405,130.76382843262456,125.53486590146892,125.77300262451172,23559400
2022-10-14,MSFT,228.871099486088,230.5229788868416,221.87495757893063,222.08872985839844,30198600
2022-10-17,AAPL,138.6135434297954,140.41166429206842,137.82747089841786,139.93020629882812,85250900
2022-10-17,AMZN,110.11000061035156,114.19000244140624,110.08999633789062,113.79000091552734,62782000
2022-10-17,GOOGL,98.04961868688342,100.1026500393658,98.01986581562132,99.15052032470705,28419200
2022-10-17,META,129.2854232793601,133.7404522461728,129.16634736306958,132.9962921142578,29612200
2022-10-17,MSFT,229.1431876734247,232.1942836241064,228.48243294129364,230.8047637939453,28142300
2022-10-18,AAPL,142.95659405664904,144.1455159806622,138.1615644966325,141.24688720703125,99136600
2022-10-18,AMZN,119.05999755859376,119.5199966430664,114.79000091552734,116.36000061035156,65607400
2022-10-18,GOOGL,102.28461724659432,102.62183412414964,99.15052441894925,99.94396209716795,24060700
2022-10-18,META,136.02258160736426,136.76674193219262,130.37688285393622,131.7659912109375,25445000
2022-10-18,MSFT,236.35313103627703,237.02358255454533,228.70594491704173,231.7473297119141,26329600
2022-10-19,AAPL,139.22278329462767,142.42601218125702,139.03608932702545,141.35499572753906,61758300
2022-10-19,AMZN,114.70999908447266,116.58999633789062,113.22000122070312,115.06999969482422,47198100
2022-10-19,GOOGL,99.19019861679422,100.1919139812081,98.10912964670428,98.81330871582033,23811100
2022-10-19,META,131.85527792886984,135.9332768396588,131.19049656696248,132.192626953125,30691000
2022-10-19,MSFT,230.3286576759404,232.82590014122383,227.6565186844232,229.78451538085935,19985700
2022-10-20,AAPL,140.52960554450746,143.34962560942563,140.16603813694184,140.89315795898438,64522000
2022-10-20,AMZN,113.83000183105467,118.23999786376952,113.51000213623048,115.25,48795100
2022-10-20,GOOGL,99.18027319596912,101.48125523144144,98.57527292412536,99.15052032470705,25323200
2022-10-20,META,131.8949678417137,135.70508018627078,130.28758639540368,130.50587463378906,26356300
2022-10-20,MSFT,229.094636228901,234.477775405208,228.220109078315,229.4638671875,21811000
2022-10-21,AAPL,140.38220497154572,145.27549920361895,140.1660346242772,144.70559692382812,86548600
2022-10-21,AMZN,114.79000091552734,119.58999633789062,114.5,119.31999969482422,55660500
2022-10-21,GOOGL,97.04790568020596,100.47954257381622,96.91897403600436,100.30101776123048,32458700
2022-10-21,META,125.32652313557696,129.10685530565786,124.46330197106496,128.99771118164062,46348600
2022-10-21,MSFT,228.09379217943177,236.1199207742884,227.86058198177213,235.26483154296875,26299700
2022-10-24,AAPL,144.62698448602487,147.6140424012265,143.45770354454174,146.84762573242188,75981900
2022-10-24,AMZN,119.9800033569336,120.38999938964844,116.56999969482422,119.81999969482422,49531500
2022-10-24,GOOGL,100.96553475767932,101.90774445337716,99.16045384473168,101.67962646484376,27176400
2022-10-24,META,126.25919191467688,132.440678957435,123.60005892557996,128.7099609375,63563400
2022-10-24,MSFT,236.858380322596,240.8228644348146,234.4680389836242,240.24957275390625,24911200
2022-10-25,AAPL,147.476495894735,149.83471395703802,146.75921150175503,149.68731689453125,74732300
2022-10-25,AMZN,119.6500015258789,121.31999969482422,118.9499969482422,120.5999984741211,50934600
2022-10-25,GOOGL,102.05650783204726,103.96076735839142,101.87798302852408,103.6235580444336,40611400
2022-10-25,META,129.86090495026457,137.27274084810597,129.5731545630256,136.43927001953125,38433200
2022-10-25,MSFT,240.2592898081023,243.93226498550916,238.86978470276068,243.5630340576172,34775500
2022-10-26,AAPL,148.33134005875115,149.34340346890698,145.4621728259598,146.74937438964844,88194300
2022-10-26,AMZN,116.0,119.3499984741211,114.76000213623048,115.66000366210938,68802300
2022-10-26,GOOGL,95.63954441159298,97.50413095357072,93.91380965641918,94.15184020996094,88114100
2022-10-26,META,130.65469177666142,134.49456906227655,127.52922470090856,128.80918884277344,82791500
2022-10-26,MSFT,224.62485269698536,231.5529848474216,223.5462796746697,224.77061462402344,82543200
2022-10-27,AAPL,145.49164292829627,146.45457384887203,141.6202483177286,142.27857971191406,109180200
2022-10-27,AMZN,113.91999816894533,114.12000274658205,109.7699966430664,110.95999908447266,129605400
2022-10-27,GOOGL,93.74519206481908,94.64773619425108,91.04749495639447,91.46405029296876,60710900
2022-10-27,META,97.21709576502856,101.70189808643512,95.62954788524888,97.17740631103516,232316600
2022-10-27,MSFT,224.4985009614089,227.07347975374336,219.38743397662293,220.32997131347656,40424600
2022-10-28,AAPL,145.6193777007102,154.75743900232175,145.24600486857483,153.02809143066406,164762400
2022-10-28,AMZN,97.91000366210938,103.95999908447266,97.66000366210938,103.41000366210938,223133400
2022-10-28,GOOGL,91.51363539732378,95.7585574763648,91.37478361921332,95.5006866455078,43697300
2022-10-28,META,98.80463544203202,100.06474342579838,96.75075352345948,98.4275894165039,95928300
2022-10-28,MSFT,219.83445281769383,229.9011298424008,219.6498299317037,229.19178771972656,40647700
2022-10-31,AAPL,150.49304812984573,151.55424402730603,149.27463469355658,150.66990661621094,97943200
2022-10-31,AMZN,103.55999755859376,104.87000274658205,100.73999786376952,102.44000244140624,99251400
2022-10-31,GOOGL,94.637811790529,95.242812042702,93.20962104840368,93.73527526855467,31675000
2022-10-31,META,97.45521412829656,98.54664749730443,91.87897136447218,92.4346160888672,121361400
2022-10-31,MSFT,227.14150237504404,228.2686626281402,224.60539921895972,225.5576629638672,28357300
2022-11-01,AAPL,152.37958612806426,152.74313850206963,146.53319676946654,148.02671813964844,80379300
2022-11-01,AMZN,103.98999786376952,104.58000183105467,96.05999755859376,96.79000091552734,153370000
2022-11-01,GOOGL,94.6675668774688,95.2428142728165,89.62921479576478,89.7283935546875,47161400
2022-11-01,META,93.5955040497576,96.73089486642364,92.82157870798524,94.45872497558594,110189600
2022-11-01,MSFT,227.95774742393277,229.0654698713663,220.89357967203037,221.7097930908203,30592300
2022-11-02,AAPL,146.35633217647393,149.5202635488904,142.47511648464766,142.5045928955078,93604600
2022-11-02,AMZN,97.31999969482422,97.73999786376952,92.01000213623048,92.12000274658205,135761800
2022-11-02,GOOGL,90.19453791873644,90.43256844263183,86.16781390238052,86.257080078125,57038300
2022-11-02,META,93.47646001488596,94.4587495449442,89.7755068265904,89.83503723144531,71821100
2022-11-02,MSFT,222.9632917416644,224.7511921525638,213.80998772072712,213.8683013916016,38407000
2022-11-03,AAPL,139.58630459413143,140.3134243600425,136.33394407491397,136.46168518066406,97918500
2022-11-03,AMZN,92.47000122070312,93.5,89.0199966430664,89.30000305175781,136683300
2022-11-03,GOOGL,85.61241063994241,85.81076815755338,82.6568351996716,82.74610137939453,61288000
2022-11-03,META,89.37859273607609,89.75563113598388,87.72159802939194,88.21770477294922,60664000
2022-11-03,MSFT,213.8585463345764,214.1694932304488,207.9215393357344,208.18389892578125,36633900
2022-11-04,AAPL,139.84740569973505,140.4182534262788,132.25910018387182,136.1959686279297,140814800
2022-11-04,AMZN,91.48999786376952,92.44000244140624,88.04000091552734,90.9800033569336,129101300
2022-11-04,GOOGL,84.69995747119829,85.92979077856455,83.02380838038178,85.87028503417969,51124900
2022-11-04,META,89.64649246454535,90.67839546190564,87.40408772855112,90.08306884765624,55638100
2022-11-04,MSFT,211.39047595404304,215.31608428144708,207.38711607311453,215.1217498779297,36789100
2022-11-07,AAPL,134.94601683421618,136.95381325392813,133.52874170596672,136.72744750976562,83374600
2022-11-07,AMZN,91.9499969482422,92.0999984741211,89.04000091552734,90.52999877929688,77495700
2022-11-07,GOOGL,86.56453757303696,88.1712606549143,86.13806211366017,87.76461791992188,34078900
2022-11-07,META,94.04199934191712,96.12564628921444,92.37508027008155,95.9668960571289,81987300
2022-11-07,MSFT,215.7047654290473,221.9429931186714,215.01486125373305,221.41827392578125,33498000
2022-11-08,AAPL,138.1938892139262,139.19777957129702,135.3199778618892,137.29824829101562,89908500
2022-11-08,AMZN,90.79000091552734,91.72000122070312,88.2300033569336,89.9800033569336,88703400
2022-11-08,GOOGL,88.1712646484375,89.57962271598969,86.87199792022133,88.1712646484375,30429000
2022-11-08,META,95.17312107695368,97.03848737963057,94.0519225003362,95.71884155273438,52088300
2022-11-08,MSFT,222.22476863616475,225.09124173650707,219.4457437895728,222.38995361328125,28192500
2022-11-09,AAPL,136.31406095143706,136.36327480735815,132.46576869499577,132.74134826660156,74917800
2022-11-09,AMZN,89.47000122070312,89.4800033569336,85.87000274658203,86.13999938964844,90796200
2022-11-09,GOOGL,87.72494420662868,88.70683431006073,86.56453688459513,86.60420989990234,31769100
2022-11-09,META,100.92796978473984,104.0832093724771,99.95559711456131,100.67991638183594,107677300
2022-11-09,MSFT,220.93243688127143,222.1567718154841,217.97851534706965,218.1534118652344,27852900
2022-11-10,AAPL,139.0108096143879,144.55194091796875,137.298266687944,144.55194091796875,118854000
2022-11-10,AMZN,92.94000244140624,98.69000244140624,91.6500015258789,96.62999725341795,173414900
2022-11-10,GOOGL,91.49379583808988,93.61625293565226,90.85904273789478,93.1699447631836,51620100
2022-11-10,META,106.28591024564254,111.87206938881984,103.79545230195777,110.9989242553711,80671000
2022-11-10,MSFT,228.7642252711611,236.44056019136823,228.34640704745317,236.1004638671875,46268000
2022-11-11,AAPL,143.51851370440974,147.64236984681628,142.09138720356083,147.33726501464844,93979700
2022-11-11,AMZN,97.87999725341795,101.19000244140624,96.66000366210938,100.79000091552734,111590500
2022-11-11,GOOGL,93.91380328731896,96.1354392923686,93.15011094483498,95.61970520019533,33090500
2022-11-11,META,108.3794936606284,114.00534289363566,107.9627582000439,112.13997650146484,59961700
2022-11-11,MSFT,236.1101955294159,240.9686298310699,235.0801950029828,240.1135406494141,34620200
2022-11-14,AAPL,146.61884006603,147.90816221784894,145.1031371412935,145.93972778320312,73374100
2022-11-14,AMZN,98.7699966430664,100.12000274658205,97.29000091552734,98.48999786376952,99533100
2022-11-14,GOOGL,94.31052701503693,95.99659635796957,93.73528712723773,94.91552734375,30179500
2022-11-14,META,110.12577449825304,115.36466057908343,109.93725908041222,113.33062744140624,53395000
2022-11-14,MSFT,235.1384973289977,237.00413423164647,232.437209173695,234.71095275878903,31123300
2022-11-15,AAPL,149.81750629168317,151.16587871608763,146.21526862726066,147.67190551757812,89868300
2022-11-15,AMZN,103.20999908447266,103.79000091552734,97.33999633789062,98.94000244140624,111336300
2022-11-15,GOOGL,97.45454708936435,99.31913366455171,95.9172496935556,97.63307189941406,41640800
2022-11-15,META,115.16622766282778,117.8154360525285,113.5191570888149,116.16836547851562,50670500
2022-11-15,MSFT,238.7045911196065,240.0066479183107,233.2339895014383,235.1190643310547,31390100
2022-11-16,AAPL,146.77626501882386,147.50457588314197,144.96529458424104,146.44161987304688,64218300
2022-11-16,AMZN,96.8499984741211,98.48999786376952,95.54000091552734,97.12000274658205,87958800
2022-11-16,GOOGL,97.09749375411836,98.82322847399864,96.83962291238991,98.03970336914062,29105200
2022-11-16,META,113.60846619527436,115.1761656241988,111.78279666031648,112.34835815429688,33287800
2022-11-16,MSFT,236.58070947272424,237.5648885308963,234.271326294768,235.54782104492188,24093300
2022-11-17,AAPL,144.1189020339811,149.08920136807347,143.84332244877638,148.34120178222656,80389400
2022-11-17,AMZN,95.37000274658205,96.97000122070312,94.02999877929688,94.8499984741211,82617900
2022-11-17,GOOGL,96.17510583563306,98.46616757515147,95.99658105288788,97.5537109375,26052600
2022-11-17,META,109.55030364781972,111.45535188108413,108.94505276589892,110.58219909667967,35093800
2022-11-17,MSFT,231.6988169778704,237.02892387588912,231.5526591490044,235.4990692138672,23123500
2022-11-18,AAPL,149.9060967599958,150.2899408094876,147.60303246304494,148.90219116210938,74829600
2022-11-18,AMZN,95.9499969482422,95.98999786376952,92.4800033569336,94.13999938964844,72428200
2022-11-18,GOOGL,97.96035978371822,98.08929899123864,95.5800391036644,96.63134765625,28342300
2022-11-18,META,112.91390204817824,113.429849749813,109.75866273936656,111.17752838134766,33357700
2022-11-18,MSFT,237.28230020466623,237.5064287297349,232.91687900998215,235.0508728027344,27613500
2022-11-21,AAPL,147.79005667966177,147.99673387925796,145.38856433603218,145.67398071289062,58724100
2022-11-21,AMZN,93.97000122070312,95.0199966430664,90.58999633789062,92.45999908447266,84330300
2022-11-21,GOOGL,96.49247882288012,97.5933803480094,94.57829944346967,94.81632995605467,21647400
2022-11-21,META,110.6516713733796,111.49505909632414,108.33981914539616,109.00460052490234,24351100
2022-11-21,MSFT,235.25551107407065,238.4126546407389,235.02165850001828,235.8596649169922,26394700
2022-11-22,AAPL,145.79205967642807,148.04590985414606,144.6109873377189,147.8096923828125,51804100
2022-11-22,AMZN,92.62000274658205,93.3499984741211,90.87000274658205,93.1999969482422,62192000
2022-11-22,GOOGL,95.1634740801226,96.42306785300386,93.27905484436155,96.25446319580078,23438500
2022-11-22,META,109.00458165162028,110.75087962631449,107.47657187001144,110.57228088378906,29029000
2022-11-22,MSFT,237.36023776801463,239.03625034999712,234.5539032214211,238.76341247558597,19665700
2022-11-23,AAPL,147.09124229312135,149.4336837921187,146.98297781162248,148.68568420410156,58301400
2022-11-23,AMZN,93.23999786376952,94.58000183105467,92.83000183105467,94.12999725341795,59414700
2022-11-23,GOOGL,96.29413568796969,97.95045220883328,96.29413568796969,97.65290832519533,18868100
2022-11-23,META,110.8500953924864,111.79269520616867,109.86780612970333,111.36604309082033,21343100
2022-11-23,MSFT,238.8413830694947,241.93030944994973,238.02286939557064,241.2482147216797,19508500
2022-11-25,AAPL,145.9692403249909,146.5302512983949,144.7980195359923,145.77239990234375,35195900
2022-11-25,AMZN,93.79000091552734,94.43000030517578,93.06999969482422,93.41000366210938,35088600
2022-11-25,GOOGL,97.43469959629758,97.83142220785663,96.60158892219252,96.66109466552734,9701400
2022-11-25,META,110.43337451628965,111.85224023892982,110.15554835501273,110.54251861572266,12007600
2022-11-25,MSFT,240.9850724325017,242.33952274547863,240.4199040824653,241.1604766845703,9200800
2022-11-28,AAPL,142.8492645206864,144.32559012136235,141.11704788902577,141.94378662109375,69246000
2022-11-28,AMZN,93.93000030517578,96.4000015258789,93.43000030517578,93.9499969482422,74943100
2022-11-28,GOOGL,96.24454747735288,96.78012191327572,94.8262691285725,95.26266479492188,26237500
2022-11-28,META,109.91743370890129,111.16762510453496,107.53611928816709,107.9330062866211,23309400
2022-11-28,MSFT,239.78655028531924,240.3419649067529,234.6415865199682,235.5770263671875,24778200
2022-11-29,AAPL,142.0126931655547,142.52449031453185,138.1348900130404,138.9419403076172,83763800
2022-11-29,AMZN,94.04000091552734,94.41000366210938,91.44000244140624,92.41999816894533,65567300
2022-11-29,GOOGL,94.94528050830176,95.33208297513312,93.33855733056448,94.40970611572266,20061700
2022-11-29,META,108.68707543565117,110.07617594853656,107.69486186501712,108.60769653320312,23899200
2022-11-29,MSFT,235.22625156300845,236.5807020782064,232.11784747654085,234.18362426757807,17956300
2022-11-30,AAPL,139.16827084330671,146.3727461321645,138.33169544585772,145.69363403320312,111380900
2022-11-30,AMZN,92.47000122070312,96.54000091552734,91.52999877929688,96.54000091552734,102805800
2022-11-30,GOOGL,94.04272698646724,100.21174068122266,93.6460044130284,100.16214752197266,43647500
2022-11-30,META,108.6573161495498,117.2399655163382,108.52832353355872,117.18042755126952,43348600
2022-11-30,MSFT,234.4174706302472,248.79998080802568,233.72562221636355,248.6148376464844,47594200
2022-12-01,AAPL,145.87081033178356,146.7762881829984,144.29605710134743,145.96922302246094,71250400
2022-12-01,AMZN,96.98999786376952,97.2300033569336,94.91999816894533,95.5,68488000
2022-12-01,GOOGL,100.19190039078116,101.4118209799062,99.42821567956572,100.16214752197266,28687100
2022-12-01,META,118.2718621676244,120.25628943600728,117.4780958022648,119.50221252441406,36551400
2022-12-01,MSFT,247.3773100588765,249.5697666639808,244.5027588170049,248.1763458251953,26041500
2022-12-02,AAPL,143.6563344518848,145.66413072697534,143.35121453595042,145.4771270751953,65447400
2022-12-02,AMZN,94.4800033569336,95.36000061035156,93.77999877929688,94.12999725341795,72496400
2022-12-02,GOOGL,98.23807103454332,99.94396550598157,98.08929910016104,99.6166763305664,21480700
2022-12-02,META,116.91253249670687,123.07417815982848,116.69424428941612,122.52845764160156,39950500
2022-12-02,MSFT,243.4309315609044,249.51133581657103,243.30425151606136,248.49794006347656,21528500
2022-12-05,AAPL,145.43772619787177,148.53800322701198,143.46929252401586,144.3157196044922,68826400
2022-12-05,AMZN,93.0500030517578,94.05999755859376,90.81999969482422,91.01000213623048,71535500
2022-12-05,GOOGL,98.585197113999,100.5489623663918,98.1884744915712,98.66454315185548,24405100
2022-12-05,META,120.80201710335388,123.69927926965116,120.40513011221968,121.47672271728516,35474900
2022-12-05,MSFT,245.5649005511503,247.3286227335452,241.7159238084992,243.8011932373047,23435300
2022-12-06,AAPL,144.74881132681773,144.97517704731527,139.68008441838234,140.6544647216797,64727200
2022-12-06,AMZN,90.5,91.04000091552734,87.9000015258789,88.25,75503600
2022-12-06,GOOGL,98.48601001120107,98.96207106432216,95.6296134250586,96.18502807617188,24910700
2022-12-06,META,118.97633224629033,119.61134832247026,112.85436879532276,113.23141479492188,43689200
2022-12-06,MSFT,244.4053403751184,245.41873605992336,237.5453785123422,238.85110473632807,22463700
2022-12-07,AAPL,139.94584768607433,141.10721678685633,137.7904095903231,138.715576171875,69721100
2022-12-07,AMZN,88.33999633789062,89.88999938964844,87.4800033569336,88.45999908447266,68086900
2022-12-07,GOOGL,95.61971746872926,96.08585845727798,93.94356821211184,94.1617660522461,31045400
2022-12-07,META,112.87423320178922,114.97772141162169,112.00108029658496,113.04290771484376,29461100
2022-12-07,MSFT,238.5685118877335,239.86449912487623,236.0155227459376,238.12026977539065,20481500
2022-12-08,AAPL,140.11314322681335,141.25483863673134,138.87303512029186,140.3985595703125,62128300
2022-12-08,AMZN,89.23999786376953,90.86000061035156,87.87999725341797,90.3499984741211,73305900
2022-12-08,GOOGL,94.59814224941027,94.79650733675184,92.6839626659769,92.94183349609376,32213300
2022-12-08,META,115.48375092633268,116.42635090508423,113.6977632539732,114.4320068359375,30619400
2022-12-08,MSFT,238.57825833331165,242.3785254696705,236.8437826963573,241.07278442382807,22611800
2022-12-09,AAPL,140.09347268821548,143.272505058159,138.676197516891,139.91632080078125,76097000
2022-12-09,AMZN,88.9000015258789,90.3000030517578,88.62999725341797,89.08999633789062,67398500
2022-12-09,GOOGL,93.00135082192593,93.4873396713005,91.98971523447791,92.06906127929688,28225400
2022-12-09,META,114.40223953329873,116.62479604138488,112.98337367800492,114.99756622314452,26033400
2022-12-09,MSFT,238.44187570641893,241.9595517487918,237.91569256943416,239.1434631347656,20609700
2022-12-12,AAPL,140.44774653895632,142.21933993621704,138.83363144766497,142.20950317382812,70462700
2022-12-12,AMZN,89.20999908447266,90.58000183105467,87.87000274658203,90.5500030517578,61999800
2022-12-12,GOOGL,91.9500324704772,92.79306329851202,90.85905095379364,92.54511260986328,29420000
2022-12-12,META,114.28317514988748,114.81897146041706,112.25905827788338,113.81683349609376,24747100
2022-12-12,MSFT,241.12151949404333,246.0813403319802,240.8486816199145,246.05210876464844,30665100
2022-12-13,AAPL,147.14043487810696,147.6030180487257,141.9634590975565,143.17404174804688,93886200
2022-12-13,AMZN,95.2300033569336,96.25,90.5199966430664,92.48999786376952,100212000
2022-12-13,GOOGL,96.95865247775106,98.71414026060432,94.25102726330849,94.84610748291016,40593700
2022-12-13,META,121.1790486702528,122.33994437785942,117.71622519933057,119.21446990966795,44701100
2022-12-13,MSFT,254.99736328565797,257.1703424453759,246.5978218209044,250.349365234375,42196900
2022-12-14,AAPL,143.05594605605327,144.3452679150581,138.9320744491566,140.94972229003906,82291200
2022-12-14,AMZN,92.5,93.45999908447266,89.87000274658203,91.58000183105467,70298000
2022-12-14,GOOGL,94.4196191950435,96.07593554575188,92.83273630132555,94.29068756103516,28733600
2022-12-14,META,118.46038259218837,123.17339725161956,118.46038259218837,120.64324951171876,36922000
2022-12-14,MSFT,250.5539526406465,255.8743058257112,247.8060664813451,250.6416473388672,35410900
2022-12-15,AAPL,138.88285224146853,139.5619643292127,133.88302841156911,134.34561157226562,98931900
2022-12-15,AMZN,89.88999938964844,89.97000122070312,87.47000122070312,88.44999694824219,84802900
2022-12-15,GOOGL,92.3665929050936,92.8724144565508,89.2721729828965,90.11520385742188,40107000
2022-12-15,META,117.40865463061223,117.70631421305104,113.12229154157816,115.2456283569336,34531000
2022-12-15,MSFT,247.2311972093182,247.69891720696876,241.0143588134877,242.6416473388672,35560400
2022-12-16,AAPL,134.53264031194206,135.47748033551235,131.6193510336839,132.3870391845703,160156900
2022-12-16,AMZN,88.2699966430664,89.3499984741211,86.7300033569336,87.86000061035156,146144100
2022-12-16,GOOGL,90.01602776214001,90.5813550775437,88.7861867939752,89.52012634277344,58011800
2022-12-16,META,119.29385024041144,122.34986252333044,117.8948253630125,118.50007629394533,67064000
2022-12-16,MSFT,242.19339565744824,243.4503976711588,237.28228413602537,238.4321136474609,86102000
2022-12-19,AAPL,132.97755207276447,133.0661279935264,129.24737645818792,130.28079223632812,79592600
2022-12-19,AMZN,87.51000213623047,87.62999725341797,84.51000213623047,84.91999816894531,83531500
2022-12-19,GOOGL,89.5201151224369,89.81765139665094,87.4869165311304,87.71503448486328,29493000
2022-12-19,META,115.92030806020487,116.88275639162993,113.43977424518718,113.58860778808594,29769900
2022-12-19,MSFT,238.59777136210013,238.9388261528124,232.60506192023936,234.3005523681641,29696400
2022-12-20,AAPL,129.31627297471567,131.14691722297425,127.83994745250584,130.2119140625,77432800
2022-12-20,AMZN,85.33000183105469,86.61000061035156,84.33000183105469,85.19000244140625,74348300
2022-12-20,GOOGL,87.38773902543626,88.44896764240224,86.7232330132954,88.29027557373047,23453800
2022-12-20,META,112.37811883780395,116.41642804447906,111.58434489885498,116.17829132080078,28742500
2022-12-20,MSFT,233.2773983167744,236.69764045155708,232.32246573736623,235.61602783203125,25150800
2022-12-21,AAPL,130.881192518899,134.6507460089221,130.65482677922608,133.3122100830078,85928000
2022-12-21,AMZN,86.18000030517578,87.2300033569336,85.20999908447266,86.7699966430664,59267200
2022-12-21,GOOGL,88.34979410199328,89.48044867408069,87.59602186498341,88.84569549560547,24745600
2022-12-21,META,115.7913281490696,119.40298517401476,114.71974317671535,118.82750701904295,20392800
2022-12-21,MSFT,235.5088410448142,239.33832514030232,233.9692473656318,238.1787567138672,23690600
2022-12-22,AAPL,132.22957105725172,132.43624823454394,128.24348886904642,130.1430206298828,77852100
2022-12-22,AMZN,85.5199966430664,85.68000030517578,82.25,83.79000091552734,81431300
2022-12-22,GOOGL,87.43731855125017,87.81420080528288,85.61239788042421,87.04059600830078,27658300
2022-12-22,META,116.2874325542046,117.69638163953562,113.48939046500924,116.20806121826172,23618100
2022-12-22,MSFT,235.08982055529697,235.80116166317555,227.8888188559996,232.0983428955078,28651700
2022-12-23,AAPL,128.85370313619094,130.3300288114699,127.5939064280565,129.77886962890625,63814900
2022-12-23,AMZN,83.25,85.77999877929688,82.93000030517578,85.25,57433700
2022-12-23,GOOGL,86.39594104938888,88.81594226177606,86.35626803003854,88.49856567382812,23003000
2022-12-23,META,115.12653641136644,117.259797047044,114.64035389392922,117.12088775634766,17796600
2022-12-23,MSFT,230.07152258563397,232.760930644904,227.95702179597365,232.62451171875,21207000
2022-12-27,AAPL,129.30640557151355,129.33593087352486,126.68838532816508,127.97770690917967,69007800
2022-12-27,AMZN,84.97000122070312,85.3499984741211,83.0,83.04000091552734,57284000
2022-12-27,GOOGL,88.07209058240402,88.21094236734609,86.29676268423916,86.67364501953125,20097300
2022-12-27,META,117.01175995140878,117.67654130229182,115.14640095236707,115.96993255615234,21392300
2022-12-27,MSFT,232.59531655901404,232.81943021522733,229.79872070086748,230.8998260498047,16688600
2022-12-28,AAPL,127.62340977201892,128.96194542125178,123.88338987714543,124.05070495605467,85438400
2022-12-28,AMZN,82.80000305175781,83.4800033569336,81.69000244140625,81.81999969482422,58228600
2022-12-28,GOOGL,86.26701007977196,87.31831861670652,85.23553426923881,85.31487274169922,19523200
2022-12-28,META,115.34482600764323,117.23003328004548,114.6105900950194,114.71973419189452,19612500
2022-12-28,MSFT,230.8315806687688,233.5892057168544,228.18114298539857,228.5319366455078,17457100
2022-12-29,AAPL,125.9699273840094,128.42062552699434,125.71403637929804,127.56436157226562,75703700
2022-12-29,AMZN,82.87000274658203,84.55000305175781,82.55000305175781,84.18000030517578,54995900
2022-12-29,GOOGL,85.90995189306291,88.12166765847456,85.90003174742517,87.72494506835938,23333500
2022-12-29,META,115.4936633371896,120.08760953159305,114.86856393098248,119.3236083984375,22366200
2022-12-29,MSFT,229.62330203859167,235.73295246137508,229.62330203859167,234.84622192382807,19770700
2022-12-30,AAPL,126.38331908581098,127.8990067839709,125.41878304163788,127.87931823730467,77034200
2022-12-30,AMZN,83.12000274658203,84.05000305175781,82.47000122070312,84.0,62401200
2022-12-30,GOOGL,86.2669986892601,87.57617789768041,85.86035596660308,87.50675201416016,23986300
2022-12-30,META,117.2399586814086,119.48235589188384,116.8232232301799,119.4029769897461,19583800
2022-12-30,MSFT,232.1178507416716,233.82309496882053,230.60748859534408,233.68667602539065,21938500
2023-01-03,AAPL,128.22379338136977,128.8340031338152,122.2102267313656,123.09602355957033,112117500
2023-01-03,AMZN,85.45999908447266,86.95999908447266,84.20999908447266,85.81999969482422,76706000
2023-01-03,GOOGL,88.85560627643153,90.30364497529531,87.79437761826055,88.38946533203125,28131200
2023-01-03,META,121.86368174801888,125.38604327854202,121.32788546177092,123.76873016357422,35528500
2023-01-03,MSFT,236.86329296068055,239.4650066094032,231.32854977617052,233.4528045654297,25740000
2023-01-04,AAPL,124.88729543343348,126.62936374107429,123.10586505340991,124.36566162109376,89113600
2023-01-04,AMZN,86.55000305175781,86.9800033569336,83.36000061035156,85.13999938964844,68885100
2023-01-04,GOOGL,89.60937532240884,89.90691916874918,86.55462109181812,87.35798645019531,34854800
2023-01-04,META,126.3881744377628,128.04517701826012,124.8700887353222,126.37825775146484,32397100
2023-01-04,MSFT,226.3394946084548,226.9144019342719,220.1811347947113,223.24082946777344,50623400
2023-01-05,AAPL,125.12351256937882,125.75341088924934,122.79092293482029,123.04681396484376,80962700
2023-01-05,AMZN,85.33000183105469,85.41999816894531,83.06999969482422,83.12000274658203,67930800
2023-01-05,GOOGL,86.75297891657829,86.8521576681051,85.195849060361,85.4933853149414,27194400
2023-01-05,META,125.14790094273113,127.51929845470175,123.57028492333292,125.95159912109376,25447100
2023-01-05,MSFT,221.3893890276127,221.7304437743296,216.08851388241624,216.62445068359372,39585600
2023-01-06,AAPL,124.02115734074498,128.23359640764676,122.91883185466376,127.5741729736328,87754700
2023-01-06,AMZN,83.02999877929688,86.4000015258789,81.43000030517578,86.08000183105469,83303400
2023-01-06,GOOGL,86.07855178597063,86.97117567277324,84.16437239360367,86.62403869628906,41381500
2023-01-06,META,127.96578684693004,129.3151979236821,125.05860074966128,129.0076141357422,27584500
2023-01-06,MSFT,217.2968412887799,219.98624975653695,213.7401949012042,219.17747497558597,43613600
2023-01-09,AAPL,128.4108124086458,131.30441322455866,127.83996466106092,128.09585571289062,70790800
2023-01-09,AMZN,87.45999908447266,89.4800033569336,87.08000183105469,87.36000061035156,65266100
2023-01-09,GOOGL,87.63569405206921,89.31184316795068,87.13979266316744,87.29847717285156,29003900
2023-01-09,META,130.1387577046288,131.91481363671815,128.27339102960076,128.4619140625,26649100
2023-01-09,MSFT,220.658614469924,225.32612015800373,220.61964399862748,221.3114776611328,27369800
2023-01-10,AAPL,128.20410381019116,129.18832083166097,126.09787998496417,128.66668701171875,63896200
2023-01-10,AMZN,87.56999969482422,90.19000244140624,87.29000091552734,89.87000274658203,67756600
2023-01-10,GOOGL,85.2752044746708,87.94314874861813,85.12643254757823,87.69519805908203,30467800
2023-01-10,META,126.2789982471746,132.40096078307965,126.15993748193009,131.9544677734375,28684400
2023-01-10,MSFT,221.93508808498305,225.39430067277647,221.516092367223,222.99722290039065,27033900
2023-01-11,AAPL,129.17849644752224,131.402821722743,128.40097153395064,131.38314819335938,69458900
2023-01-11,AMZN,90.93000030517578,95.26000213623048,90.93000030517578,95.08999633789062,103126200
2023-01-11,GOOGL,88.44896825112974,90.8491290549015,88.28036360214634,90.76978302001952,26862000
2023-01-11,META,129.94030532233305,132.80780214441828,129.32512256861318,131.8552703857422,25423000
2023-01-11,MSFT,225.3748137271428,229.91563904515135,225.1994243157805,229.74024963378903,28669300
2023-01-12,AAPL,131.76699610111268,132.14098840377943,129.36550386584642,131.30441284179688,71379600
2023-01-12,AMZN,96.93000030517578,97.19000244140624,93.5,95.2699966430664,85254800
2023-01-12,GOOGL,90.730117356761,91.11691981733598,89.01429529901861,90.38298034667967,30258100
2023-01-12,META,132.40099536982513,136.6079716671771,130.7340685210791,135.64553833007812,30757700
2023-01-12,MSFT,229.24330435430056,233.76463742036097,227.58678421952712,232.41018676757807,27269500
2023-01-13,AAPL,129.94617875784812,132.79056549396478,129.58202324711493,132.63308715820312,57809700
2023-01-13,AMZN,94.18000030517578,98.37000274658205,94.12000274658205,98.12000274658205,85549400
2023-01-13,GOOGL,90.1052744877532,91.4342940509324,89.3911753274604,91.3648681640625,26329200
2023-01-13,META,133.919047573612,136.32020225231057,133.79005498319407,135.91339111328125,22423800
2023-01-13,MSFT,230.93879116175304,233.24817431543465,228.91198479686696,233.11175537109372,21333300
2023-01-17,AAPL,132.7019674841355,135.12313266732727,132.01301865225,133.79444885253906,63646600
2023-01-17,AMZN,98.68000030517578,98.88999938964844,95.7300033569336,96.0500030517578,72755000
2023-01-17,GOOGL,91.30535652243567,91.49380146174484,89.3118384915669,90.54167175292967,32602400
2023-01-17,META,135.11963753309317,135.68520653868867,133.20467259831045,134.3060302734375,21147600
2023-01-17,MSFT,231.883988045912,234.7488007848325,231.0264890305752,234.203125,29831300
2023-01-18,AAPL,134.6605941996835,136.42233624485746,132.898837136548,133.0760040283203,69672800
2023-01-18,AMZN,97.25,99.31999969482422,95.37999725341795,95.45999908447266,79570400
2023-01-18,GOOGL,91.38471295870488,92.03930646438202,89.89700870055337,90.37307739257812,29116700
2023-01-18,META,134.75253769902895,136.181327823177,131.76597996728842,131.98426818847656,20215500
2023-01-18,MSFT,235.39190402162816,236.18118605908887,229.49662855484155,229.7792053222656,30028700
2023-01-19,AAPL,131.9638347529944,134.0995841255356,131.6587298451973,133.1350555419922,58280400
2023-01-19,AMZN,94.73999786376952,95.44000244140624,92.86000061035156,93.68000030517578,69002700
2023-01-19,GOOGL,89.9763445358991,92.84265380940695,89.88707835577257,92.28724670410156,37000400
2023-01-19,META,131.45838403334974,136.37975496300405,131.1111032207427,135.08987426757812,28625200
2023-01-19,MSFT,227.80112090293807,229.4966260949552,224.7803968509481,225.99842834472656,28623000
2023-01-20,AAPL,133.14488168206822,135.84164181281548,132.10161400912494,135.69400024414062,80223600
2023-01-20,AMZN,93.86000061035156,97.3499984741211,93.1999969482422,97.25,67481500
2023-01-20,GOOGL,94.3204372009586,97.49421044649549,94.24109116727796,97.21649932861328,63191100
2023-01-20,META,134.831906191301,138.85037431994746,133.56187398797255,138.28480529785156,28688600
2023-01-20,MSFT,228.85351141709936,234.58313656009625,228.5124566372356,234.0764312744141,35389800
2023-01-23,AAPL,135.9400590430552,141.0579999020067,135.72353008280908,138.88287353515625,81760300
2023-01-23,AMZN,97.55999755859376,97.77999877929688,95.86000061035156,97.5199966430664,76501100
2023-01-23,GOOGL,97.1470790758333,99.21995081656388,96.70077085248676,98.97200012207033,40005100
2023-01-23,META,138.20542835766489,142.6406244467156,137.5803440727501,142.15444946289062,27470100
2023-01-23,MSFT,234.9339533057935,238.8998566722334,233.52102468067665,236.3760986328125,31934000
2023-01-24,AAPL,138.0954634232415,140.90048744485267,138.08562666123444,140.28042602539062,66435100
2023-01-24,AMZN,96.93000030517578,98.08999633789062,96.0,96.31999969482422,66929500
2023-01-24,GOOGL,97.29585441335684,98.79347877926642,96.40323036854797,96.89913177490234,33078500
2023-01-24,META,140.58672988863236,143.87095407300615,140.25929762463457,142.0254364013672,21970200
2023-01-24,MSFT,236.2981109084017,237.71102447414427,234.2907973761476,235.8498687744141,40234400
2023-01-25,AAPL,138.6663258108729,140.18201330953534,136.61915274790366,139.6210174560547,65799300
2023-01-25,AMZN,92.55999755859376,97.23999786376952,91.5199966430664,97.18000030517578,94261600
2023-01-25,GOOGL,94.78659020973076,95.37175777745864,92.99142962152445,94.43946075439452,42330000
2023-01-25,META,140.1204205097815,142.05523420485764,139.21750240541942,140.3982391357422,26622000
2023-01-25,MSFT,228.4832200942032,237.07765762154605,224.9947760426561,234.4564514160156,66526600
2023-01-26,AAPL,140.9103416541343,141.9732977828438,139.6603818984353,141.68788146972656,54105100
2023-01-26,AMZN,98.23999786376952,99.48999786376952,96.91999816894533,99.22000122070312,68523600
2023-01-26,GOOGL,95.70896088534776,96.77018947539196,94.59813913338816,96.72059631347656,30114000
2023-01-26,META,143.2756175369354,146.36140200246518,142.18419181515765,146.15304565429688,25482100
2023-01-26,MSFT,237.41871476554945,241.95954016253597,235.81091899256552,241.657470703125,33454500
2023-01-27,AAPL,140.90049992434123,144.9062550377642,140.82176076743906,143.62677001953125,70555800
2023-01-27,AMZN,99.52999877929688,103.48999786376952,99.52999877929688,102.23999786376952,87775600
2023-01-27,GOOGL,96.5123165113975,99.49764470130869,96.5123165113975,98.55543518066406,33879800
2023-01-27,META,147.08576938685857,151.99722434243992,146.24238165691892,150.5585174560547,35771900
2023-01-27,MSFT,242.62214447980068,243.44065810829167,240.51738240492455,241.81336975097656,26498900
2023-01-30,AAPL,142.6721140707524,143.2527985417942,140.59541543784155,140.7430419921875,64015300
2023-01-30,AMZN,101.08999633789062,101.73999786376952,99.01000213623048,100.5500030517578,70691900
2023-01-30,GOOGL,96.68093725731848,97.48429507886306,95.60978845068932,96.1453628540039,27226200
2023-01-30,META,148.24664030943237,149.9433171179442,145.80578814738973,145.91493225097656,28040100
2023-01-30,MSFT,238.25671541727397,239.31885025276583,236.00579544141556,236.5027618408203,25867400
2023-01-31,AAPL,140.4477633640219,142.06187864867766,140.03439402480078,142.01266479492188,65874500
2023-01-31,AMZN,101.16000366210938,103.3499984741211,101.13999938964844,103.12999725341795,66527300
2023-01-31,GOOGL,96.07593251835176,98.06945054380512,96.02633935545111,98.02977752685548,29870700
2023-01-31,META,146.7980116547346,148.71299193940402,146.3713670374125,147.81007385253906,29842100
2023-01-31,MSFT,237.22382584140607,241.60873949787776,236.73661321290928,241.47232055664065,26541100
2023-02-01,AAPL,141.69774073810188,144.29607334830789,139.08957136310852,143.1346893310547,77663600
2023-02-01,AMZN,102.52999877929688,106.23999786376952,101.23999786376952,105.1500015258789,80450100
2023-02-01,GOOGL,97.90085604626204,100.36053038415383,96.78012157695186,99.60675811767578,35531100
2023-02-01,META,146.87738577590028,152.38417457555312,145.91493732172768,151.92774963378906,55661000
2023-02-01,MSFT,241.65746031930016,248.6538264287376,239.19216564343,246.28598022460935,31259900
2023-02-02,AAPL,146.54991104174482,148.79392468833726,145.83143680858885,148.4396209716797,118339000
2023-02-02,AMZN,110.25,114.0,108.87999725341795,112.91000366210938,158154200
2023-02-02,GOOGL,104.93273458159672,106.9659256907038,104.74428963661704,106.85682678222656,69883800
2023-02-02,META,181.95214004621323,195.62484263627772,178.75721095112047,187.3001708984375,150475700
2023-02-02,MSFT,252.20070989004705,257.9205804321698,250.67085535602516,257.8328857421875,39940400
2023-02-03,AAPL,145.69363837431163,154.8960731461596,145.4967979818679,152.0615234375,154357300
2023-02-03,AMZN,105.26000213623048,108.77999877929688,102.5199966430664,103.38999938964844,144374800
2023-02-03,GOOGL,102.08625562934304,106.92625024321528,101.73912618609936,103.92108917236328,65309300
2023-02-03,META,182.0414499405052,195.2378952647881,181.4659641739447,185.0776214599609,76809700
2023-02-03,MSFT,252.9023510805395,257.4431765540325,250.52475096588475,251.74278259277344,29077300
2023-02-06,AAPL,150.1620046015634,150.6836384438328,148.40024764766747,149.3352508544922,69858300
2023-02-06,AMZN,102.93000030517578,103.9499969482422,100.6500015258789,102.18000030517578,81945200
2023-02-06,GOOGL,101.56060951901542,103.50454212360086,101.04486781904797,102.05651092529295,31999600
2023-02-06,META,185.0775934136337,189.2151221258964,184.0754631723348,184.6112518310547,42483800
2023-02-06,MSFT,250.8560488043869,251.6940402792033,248.26407396693392,250.2031707763672,22518000
2023-02-07,AAPL,148.26246234257331,152.7800151967711,148.26246234257331,152.20916748046875,83322600
2023-02-07,AMZN,101.16999816894533,102.41000366210938,98.08000183105467,102.11000061035156,119501300
2023-02-07,GOOGL,102.37387111123238,107.293211364871,102.27469235924704,106.75763702392578,49010200
2023-02-07,META,184.13499687970855,192.27114515851267,182.96417698960028,190.12796020507807,47080700
2023-02-07,MSFT,253.8670156294018,261.8962703770989,253.4285123609448,260.7172241210937,50841400
2023-02-08,AAPL,151.45133472995892,152.14028370808583,148.7840997356859,149.5222625732422,64120100
2023-02-08,AMZN,102.04000091552734,102.66999816894533,98.77999877929688,100.0500030517578,75878300
2023-02-08,GOOGL,101.21346666964877,102.29452796034936,97.23633579827845,98.55543518066406,94743500
2023-02-08,META,188.52055872974464,189.34409772415063,181.49568556659705,182.001708984375,36139100
2023-02-08,MSFT,266.2129795710124,269.6819309436082,259.4017271241036,259.908447265625,54686000
2023-02-09,AAPL,151.3528748543498,151.89419715713953,148.04590544398496,148.48880004882812,56007100
2023-02-09,AMZN,101.31999969482422,101.77999877929688,97.56999969482422,98.23999786376952,64622500
2023-02-09,GOOGL,99.18027975409596,99.21003262732542,92.86249320969232,94.23118591308594,119455000
2023-02-09,META,184.68074948948785,185.1966897369062,175.8897350894869,176.53466796875,37118800
2023-02-09,MSFT,266.79756966634966,266.9729887774278,256.07889400099884,256.8779296875,42375100
2023-02-10,AAPL,147.32569243849323,149.1788354914484,147.08911426452642,148.85354614257812,57450700
2023-02-10,AMZN,97.55999755859376,98.81999969482422,96.2300033569336,97.61000061035156,52740100
2023-02-10,GOOGL,94.6675682304884,95.95691481547424,93.47740797269714,93.79478454589844,54980700
2023-02-10,META,174.97688855603946,177.49710464211017,172.00024751549427,172.79400634765625,33433600
2023-02-10,MSFT,254.8414828208016,257.3360095553817,253.99373745030576,256.371337890625,25818500
2023-02-13,AAPL,148.79437344145694,152.05710297296255,148.7648030561656,151.65296936035156,62199000
2023-02-13,AMZN,97.8499984741211,99.68000030517578,96.91000366210938,99.54000091552734,52841500
2023-02-13,GOOGL,93.96338902898977,94.4196173792314,93.07076505379771,93.83445739746094,50076100
2023-02-13,META,176.83232784369244,179.59068073438124,174.45102100596873,178.03289794921875,31463200
2023-02-13,MSFT,260.7951650159258,267.5771558270563,260.3176764646167,264.38104248046875,44630900
2023-02-14,AAPL,149.94765859116993,151.5741049324063,148.70565732767898,151.01223754882812,61707600
2023-02-14,AMZN,98.41000366210938,100.91999816894533,97.5199966430664,99.6999969482422,56202900
2023-02-14,GOOGL,93.65594180887688,94.07249718262943,91.50373147763352,93.90389251708984,54726100
2023-02-14,META,175.78057644351702,180.096696800279,174.51054416410403,178.08250427246094,24034600
2023-02-14,MSFT,265.69656324255214,267.9377295681392,262.39324715689656,265.2093505859375,37047900
2023-02-15,AAPL,150.92354792770303,153.27941747242824,150.69683660205456,153.11184692382812,65573800
2023-02-15,AMZN,99.08999633789062,101.16999816894533,98.4499969482422,101.16000366210938,47957600
2023-02-15,GOOGL,93.7154415296958,96.32388765510876,93.37823222030585,96.1453628540039,50169000
2023-02-15,META,175.04631984701354,176.80254214167127,173.96481066679146,175.7805633544922,25308900
2023-02-15,MSFT,262.1126422431033,264.4668924311176,260.0221350925757,263.0895080566406,28922400
2023-02-16,AAPL,151.3178281549916,154.09756497312395,151.16012443154224,151.51498413085938,68167900
2023-02-16,AMZN,99.20999908447266,100.62999725341795,98.0999984741211,98.1500015258789,56339200
2023-02-16,GOOGL,94.58824475775732,96.87930702230064,93.96340409153235,94.7270965576172,42462600
2023-02-16,META,171.40488907292328,174.48075710359464,170.4523574127226,171.09730529785156,25827500
2023-02-16,MSFT,257.91212263576193,260.569199060256,255.8411717100615,256.0853881835937,29603600
2023-02-17,AAPL,150.17441057100683,150.81512239489066,148.69583093968438,150.37155151367188,59144100
2023-02-17,AMZN,97.8000030517578,97.94000244140624,95.6500015258789,97.1999969482422,60029400
2023-02-17,GOOGL,94.07248521564688,94.77666422937034,92.44592938203276,93.57658386230467,34284100
2023-02-17,META,168.8946130194248,171.83155701990117,168.3786576690787,171.53390502929688,24171300
2023-02-17,MSFT,253.3892599372768,254.0730481798603,250.0776702289824,252.0900115966797,30000100
2023-02-21,AAPL,148.05510409777494,149.1394018439348,146.29067235544915,146.3596649169922,58867200
2023-02-21,AMZN,95.33999633789062,95.61000061035156,94.2699966430664,94.58000183105467,56580400
2023-02-21,GOOGL,92.23765518012942,92.33683394114578,90.96814887866952,91.0375747680664,33629300
2023-02-21,META,172.95274431832965,176.78268928982402,170.54167261942416,170.7401123046875,34592600
2023-02-21,MSFT,248.5928319386973,249.5794760448662,245.7696900625751,246.82470703125,28397400
2023-02-22,AAPL,146.74411685820635,147.80869615626176,145.0585442502877,146.78355407714844,51011300
2023-02-22,AMZN,95.0999984741211,97.01000213623048,94.8000030517578,95.79000091552734,59534100
2023-02-22,GOOGL,90.94830538293208,91.35494812568692,89.86724406227897,90.89871978759766,30884000
2023-02-22,META,169.73798383060884,171.41481205762443,168.36872424999137,169.78758239746094,22433200
2023-02-22,MSFT,248.21185945581917,248.4560759372167,244.548612234856,245.6915435791016,22491100
2023-02-23,AAPL,147.946689634791,148.19311959888688,145.13739706863274,147.26654052734375,48394200
2023-02-23,AMZN,96.12000274658205,96.43000030517578,93.66999816894533,95.81999969482422,48467000
2023-02-23,GOOGL,91.1665064831145,91.18634677544836,89.02421648917793,90.14495086669922,41206400
2023-02-23,META,170.66074231120285,172.33758574816875,168.06114747660433,170.70042419433594,20017800
2023-02-23,MSFT,249.6478466517071,250.89823380940385,244.68536609831472,248.87612915039065,29219100
2023-02-24,AAPL,145.00924162382364,145.0881010134071,143.6390916917033,144.61495971679688,55469600
2023-02-24,AMZN,93.52999877929688,94.13999938964844,92.31999969482422,93.5,57053800
2023-02-24,GOOGL,88.70683991186095,89.15314812025682,87.85388894602733,88.39937591552734,36585100
2023-02-24,META,167.3269345664425,169.39074108650073,166.35456928198565,169.0633087158203,19791300
2023-02-24,MSFT,244.1773996603897,245.1933336076266,242.36042854419725,243.4545135498047,24990900
2023-02-27,AAPL,145.60067024018994,147.039812645864,145.34437348016522,145.8076629638672,44998500
2023-02-27,AMZN,94.27999877929688,94.77999877929688,93.13999938964844,93.76000213623048,47470300
2023-02-27,GOOGL,89.13330841064453,89.4209320921076,88.60764664095792,89.13330841064453,27502300
2023-02-27,META,170.54168584068796,171.77202106868893,167.74363609963024,168.2198944091797,19277000
2023-02-27,MSFT,246.61958212194187,246.971254457074,243.62059652709385,244.37278747558597,21190000
2023-02-28,AAPL,144.95011764317968,146.95112788301643,144.73325805691135,145.3049774169922,50547000
2023-02-28,AMZN,93.13999938964844,94.69000244140624,92.91999816894533,94.2300033569336,43959300
2023-02-28,GOOGL,88.59775024323443,90.48217716813194,88.58783009603324,89.32176208496094,30142000
2023-02-28,META,170.56152750026024,176.16754394080883,170.5317623007158,173.57786560058594,46051100
2023-02-28,MSFT,243.30800820629165,245.6720220057633,242.97586245641224,243.64990234375,22491000
2023-03-01,AAPL,144.73320702328428,145.12748883698703,142.9391901768966,143.2349090576172,55479000
2023-03-01,AMZN,93.87000274658205,94.68000030517578,91.58999633789062,92.16999816894533,52299500
2023-03-01,GOOGL,89.24242610290563,90.28381458248744,88.9349620659149,89.61930847167969,31111200
2023-03-01,META,173.23057502664264,176.46520116867393,171.70257268922543,172.06968688964844,30998400
2023-03-01,MSFT,244.9589030496448,245.12496847434377,240.10387803031043,240.57278442382807,27565300
2023-03-02,AAPL,142.31823534576338,144.6149643784106,141.8450789930105,143.82638549804688,52238100
2023-03-02,AMZN,91.41000366210938,92.2300033569336,90.38999938964844,92.12999725341795,55509400
2023-03-02,GOOGL,88.92503489270483,91.52355315835904,88.85560143860462,91.245849609375,32204400
2023-03-02,META,171.0377826149936,173.64729404817407,170.09516759732804,173.17103576660156,17352000
2023-03-02,MSFT,240.8463053757084,245.58409633737872,239.9280489885474,245.30081176757807,24808200
2023-03-03,AAPL,145.9259379185379,148.95210462024477,145.2260853537234,148.8732452392578,70732300
2023-03-03,AMZN,92.73999786376952,94.94000244140624,92.66000366210938,94.9000015258789,55759600
2023-03-03,GOOGL,91.72191687766424,92.96167025066715,91.69215644055474,92.88232421875,35160100
2023-03-03,META,177.52685743761492,185.16689921321293,175.67142283010665,183.8075714111328,45877700
2023-03-03,MSFT,246.35581882878407,249.7064617806796,245.5743231113751,249.38409423828125,30760100
2023-03-06,AAPL,151.59384830577196,154.0680147422593,151.26857399298945,151.63328552246094,87558000
2023-03-06,AMZN,95.19000244140624,96.5500030517578,93.73999786376952,93.75,52112400
2023-03-06,GOOGL,93.2492875940104,95.1833074213031,93.22945486919876,94.35018920898438,32639300
2023-03-06,META,186.5361649817629,188.183243263601,183.20232653393649,183.46029663085935,33209400
2023-03-06,MSFT,250.49771263487293,254.10235014838744,250.05812596620328,250.9275360107422,24109800
2023-03-07,AAPL,151.50513754277677,151.83042689733767,148.97184535612897,149.4351348876953,56182000
2023-03-07,AMZN,94.05999755859376,95.08999633789062,92.77999877929688,93.5500030517578,49100700
2023-03-07,GOOGL,94.20142849315206,94.8857672449639,92.76330996601668,93.09060668945312,27835500
2023-03-07,META,187.5283940758748,188.8778053478401,182.57724213638883,183.07334899902344,36701500
2023-03-07,MSFT,250.3707177547005,251.72857566259853,247.5280493196724,248.2704620361328,21473200
2023-03-08,AAPL,150.6278251668401,151.27840377958802,149.6618240709013,150.6869659423828,47204800
2023-03-08,AMZN,93.5999984741211,94.16999816894533,92.18000030517578,93.91999816894533,44899100
2023-03-08,GOOGL,93.3484777291188,95.1733911604508,93.229458674828,93.47740936279295,34103300
2023-03-08,META,181.44609997913568,183.81748992709475,179.92801435060838,183.52975463867188,19432400
2023-03-08,MSFT,248.1630024049233,248.65143534651412,245.00772977586783,247.83087158203125,17340200
2023-03-09,AAPL,151.3671337581158,152.33313497413033,148.08468493947933,148.43954467773438,53833600
2023-03-09,AMZN,93.68000030517578,96.20999908447266,92.18000030517578,92.25,56218700
2023-03-09,GOOGL,93.27904678973223,94.74691054558716,91.1466694752936,91.56322479248048,28813500
2023-03-09,META,184.89901827847532,187.4589161521496,178.89612271521787,180.2752990722656,26582800
2023-03-09,MSFT,249.90183388794475,253.555302700135,245.7599172352188,246.48280334472656,26653400
2023-03-10,AAPL,148.0649820559655,148.78455331931613,145.50210448552664,146.37939453125,68572400
2023-03-10,AMZN,92.66999816894533,93.56999969482422,90.25,90.7300033569336,69827500
2023-03-10,GOOGL,91.41445442058324,92.02937482791764,89.65896694454361,89.88707733154297,35941000
2023-03-10,META,179.60057931970218,183.33131216676875,177.40779572946437,178.1122589111328,25665000
2023-03-10,MSFT,245.2714821705408,246.94191444562173,241.8719931478548,242.83908081054688,28333900
2023-03-13,AAPL,145.69922529511118,150.95311305935627,145.59079552733544,148.3212432861328,84457100
2023-03-13,AMZN,89.97000122070312,94.0199966430664,88.12000274658203,92.43000030517578,72397100
2023-03-13,GOOGL,89.35150848107031,91.81118269560834,88.687002437022,90.36315155029295,37335600
2023-03-13,META,176.5743594721353,182.3490354235612,173.45880901106162,179.491455078125,24728000
2023-03-13,MSFT,241.67660681243697,251.9434764987176,240.04524262160945,248.0457763671875,33339700
2023-03-14,AAPL,149.11967456920323,151.2093955139033,147.95653254628945,150.4109649658203,73695900
2023-03-14,AMZN,93.83000183105467,95.06999969482422,92.70999908447266,94.87999725341795,60912700
2023-03-14,GOOGL,91.80126150060728,93.58650950422468,91.6822500116025,93.19970703125,36050200
2023-03-14,META,186.1194196549206,192.806944436952,185.1073575940248,192.50927734375,41642600
2023-03-14,MSFT,250.81031987110975,255.03038771466515,249.9409098161816,254.75686645507807,33620300
2023-03-15,AAPL,149.03096880678774,151.06154904978908,147.7791005346977,150.80526733398438,77167900
2023-03-15,AMZN,93.22000122070312,96.66999816894533,93.06999969482422,96.1999969482422,70731800
2023-03-15,GOOGL,92.45586439440324,96.135452119845,91.88061691598348,95.32217407226562,50622100
2023-03-15,META,191.44763715687185,196.24003131413545,189.3540655702409,196.21026611328125,42123600
2023-03-15,MSFT,253.96557655248083,260.3152041308793,253.21337082147616,259.2992553710937,46028000
2023-03-16,AAPL,149.98711209240733,154.225709780364,149.47453364061312,153.62442016601562,76161100
2023-03-16,AMZN,95.75,100.98999786376952,95.61000061035156,100.04000091552734,84446900
2023-03-16,GOOGL,95.41142746724536,100.36052894620208,94.71716852573586,99.4976577758789,65492000
2023-03-16,META,196.71625735908384,204.15785915002036,194.56315572437015,203.33432006835935,50447100
2023-03-16,MSFT,259.0746462505788,270.1620822859904,257.18930185989086,269.8104248046875,54768800
2023-03-17,AAPL,153.85112382009055,154.50170239485772,152.07682545294745,152.7865447998047,98944600
2023-03-17,AMZN,99.79000091552734,100.66000366210938,97.45999908447266,98.9499969482422,87300200
2023-03-17,GOOGL,99.4381501594508,101.9969956149556,99.27945808045726,100.78700256347656,61028500
2023-03-17,META,198.99836863693588,200.3279313037972,193.90830773144071,194.0869140625,50141100
2023-03-17,MSFT,271.82275116350945,276.77543928091814,269.92762867957384,272.9656677246094,69527400
2023-03-20,AAPL,152.85555389921095,155.5662829465371,151.94867858194203,155.1522674560547,73641400
2023-03-20,AMZN,98.41000366210938,98.4800033569336,95.6999969482422,97.70999908447266,62388900
2023-03-20,GOOGL,99.29930009920032,100.9159359560501,99.05134939660562,100.3902816772461,32960400
2023-03-20,META,196.9345413943134,197.8076941641237,192.13223144031136,196.26976013183597,25186300
2023-03-20,MSFT,270.57233358465885,271.0607665452562,263.607274796688,265.9322204589844,43466600
2023-03-21,AAPL,155.07342994575768,157.1237136794573,154.30455474450915,157.00543212890625,73938300
2023-03-21,AMZN,98.13999938964844,100.8499984741211,98.0,100.61000061035156,58597300
2023-03-21,GOOGL,100.4200298260466,104.23846895297474,100.39027695383191,104.05994415283205,42110300
2023-03-21,META,201.61783314955352,201.9651140217964,196.408710905793,200.5859375,31827000
2023-03-21,MSFT,268.52093921101067,268.6381583648071,263.2849217859486,267.4463806152344,34558700
2023-03-22,AAPL,157.0251659140942,159.82460651427928,155.5564380089166,155.57615661621094,75701800
2023-03-22,AMZN,100.4499969482422,102.0999984741211,98.61000061035156,98.6999969482422,57475400
2023-03-22,GOOGL,103.41527577821408,105.71625799716358,102.48298628129344,102.5226593017578,43427400
2023-03-22,META,200.92325316226012,205.75532852932008,198.1152868691705,198.2541961669922,28477800
2023-03-22,MSFT,267.0751210074597,274.5383905110529,265.8833434620223,265.9908142089844,34873300
2023-03-23,AAPL,156.56188320802048,159.24304236266408,155.428296373163,156.6604461669922,67622100
2023-03-23,AMZN,100.43000030517578,101.05999755859376,97.62000274658205,98.70999908447266,57559300
2023-03-23,GOOGL,104.19880057571584,105.4286415056372,103.60372040435178,104.734375,40797800
2023-03-23,META,201.26063239229535,206.2613981452381,200.57600248588224,202.68942260742188,27389700
2023-03-23,MSFT,271.51012405626466,274.5579410451168,268.83352089762093,271.2366027832031,36610900
2023-03-24,AAPL,156.5914437450547,158.0503047976887,155.59587218901564,157.9615936279297,59196500
2023-03-24,AMZN,98.06999969482422,98.3000030517578,96.4000015258789,98.12999725341795,56095400
2023-03-24,GOOGL,104.12937541633212,104.62527682377592,102.98880066584036,104.57569122314452,30393300
2023-03-24,META,203.58237521787427,205.96369689550627,201.96507737654167,204.40591430664065,27716400
2023-03-24,MSFT,270.82627422927686,274.1378637154936,268.9116255422268,274.0792541503906,28172000
2023-03-27,AAPL,157.6560126824132,158.47416184588545,155.61556566491817,156.01971435546875,52390300
2023-03-27,AMZN,99.06999969482422,99.33999633789062,97.08000183105467,98.04000091552734,46721300
2023-03-27,GOOGL,103.7624149352095,103.90126672624382,101.0944628976051,101.6201171875,31120900
2023-03-27,META,203.2152668797388,204.2570941974041,199.79213295596276,201.26060485839844,18527200
2023-03-27,MSFT,274.01079593260914,274.9485785447106,269.14599459885903,269.9861145019531,26840200
2023-03-28,AAPL,155.714149696992,156.22672817707905,153.7525619849842,155.39871215820312,45992200
2023-03-28,AMZN,98.11000061035156,98.44000244140624,96.29000091552734,97.23999786376952,38720100
2023-03-28,GOOGL,101.60027347597008,101.6101860550758,98.9224015808462,100.20182800292967,32057900
2023-03-28,META,198.59157482623783,199.4647277658422,196.35909390200592,199.1174468994141,19127300
2023-03-28,MSFT,269.40989660765126,269.75180568788846,265.7563973042853,268.86285400390625,21878600
2023-03-29,AAPL,157.09415020907082,158.75016719414856,157.074446643704,158.4741668701172,51305700
2023-03-29,AMZN,98.69000244140624,100.41999816894533,98.55999755859376,100.25,49783300
2023-03-29,GOOGL,101.44158753942646,101.64986521604924,99.82495172553269,100.5588836669922,28779600
2023-03-29,META,201.9750275505156,204.1182128737428,200.96296529121707,203.7510986328125,18851100
2023-03-29,MSFT,272.5065003836282,274.63609068107115,271.9692360686493,274.0206604003906,25087000
2023-03-30,AAPL,159.22330893800608,160.1498879032855,158.96702721945866,160.0414581298828,49501700
2023-03-30,AMZN,101.5500030517578,103.04000091552734,101.01000213623048,102.0,53633400
2023-03-30,GOOGL,100.08281331374552,100.33076398682464,98.96207142864132,100.06297302246094,33086200
2023-03-30,META,201.7964153232587,206.4697330979613,201.240778106222,206.2216796875,22608300
2023-03-30,MSFT,277.65458775561683,277.8792478188559,274.9682067021936,277.4787292480469,25053400
2023-03-31,AAPL,160.12033413577524,162.64377453412575,159.597903820846,162.54519653320312,68749800
2023-03-31,AMZN,102.16000366210938,103.48999786376952,101.9499969482422,103.29000091552734,56750300
2023-03-31,GOOGL,100.4696262399886,103.03839184898722,100.21175539436456,102.87970733642578,36863400
2023-03-31,META,205.62637817550564,210.5179845810368,205.1600365127496,210.28977966308597,25440300
2023-03-31,MSFT,277.1661475082968,282.57796264121714,276.4530247335296,281.6304016113281,32766000
2023-04-03,AAPL,161.92416632467473,163.91530912930577,161.87487733545584,163.79702758789062,56976200
2023-04-03,AMZN,102.3000030517578,103.29000091552734,101.43000030517578,102.41000366210938,41135700
2023-04-03,GOOGL,101.55069427340956,103.67315178936734,101.09446586563742,103.50454711914062,25035400
2023-04-03,META,207.2138904189796,211.8276928727448,206.5788743027168,211.4109649658203,17924600
2023-04-03,MSFT,279.8916392622568,281.6011547846993,277.3811162661027,280.5852355957031,24883300
2023-04-04,AAPL,164.22088919279193,164.45745226747852,162.7521615936014,163.26473999023438,46278300
2023-04-04,AMZN,102.75,104.1999969482422,102.11000061035156,103.9499969482422,48662500
2023-04-04,GOOGL,103.47479264955224,104.71454620597784,103.18716891643886,103.8615951538086,24420100
2023-04-04,META,211.72846502268536,214.5562799124581,210.885077384689,213.0481109619141,21026400
2023-04-04,MSFT,280.58517709537364,283.7306861933116,279.0612688180202,280.53631591796875,25824300
2023-04-05,AAPL,162.38747921010668,162.69304993016723,159.48946069965243,161.4214630126953,51511700
2023-04-05,AMZN,103.91000366210938,103.91000366210938,100.75,101.0999984741211,45175400
2023-04-05,GOOGL,104.9128913544011,105.23026792467864,102.81027441388282,103.61363220214844,28290500
2023-04-05,META,212.48253674679611,213.51444737094567,208.30532596205177,209.8333282470703,19396600
2023-04-05,MSFT,279.2371315346284,280.5070453166388,276.3749215198196,277.7620544433594,22064800
2023-04-06,AAPL,160.1104583059446,162.60434321282244,159.686606015777,162.30862426757812,45390100
2023-04-06,AMZN,100.75,102.37999725341795,99.8000030517578,102.05999755859376,43808000
2023-04-06,GOOGL,104.39715731293522,108.2751020463202,103.47478047282404,107.53125,48711500
2023-04-06,META,207.6206893922116,215.25081416311983,207.0253551945941,214.4173583984375,26104400
2023-04-06,MSFT,276.65823572723315,285.32303313576494,275.50554090112394,284.8541564941406,29770300
2023-04-10,AAPL,159.11485120764732,159.7161407470703,157.793990593468,159.7161407470703,47716900
2023-04-10,AMZN,100.95999908447266,102.1999969482422,99.56999969482422,102.16999816894533,37261200
2023-04-10,GOOGL,106.10305636159114,106.70804904814692,104.2583027310059,105.5674819946289,27067400
2023-04-10,META,213.0381837191073,213.9807835889956,209.0197157053964,213.07786560058597,16106100
2023-04-10,MSFT,282.519301441331,282.9002933478488,278.12340609176294,282.6951599121094,23103000
2023-04-11,AAPL,160.03159161422226,160.04144339602837,158.21785602238293,158.50372314453125,47644200
2023-04-11,AMZN,100.8000030517578,101.0,99.01000213623048,99.91999816894533,60417800
2023-04-11,GOOGL,105.67658753468932,105.85511233488984,103.82191364187592,104.48641967773438,26311800
2023-04-11,META,213.80218866814147,214.33799250651623,211.74831432764745,212.1848907470703,16710100
2023-04-11,MSFT,279.1393873695439,279.3640772236538,275.1244834565677,276.28692626953125,27276600
2023-04-12,AAPL,158.9177526201656,159.74575366976245,157.49831365463328,157.81375122070312,50133100
2023-04-12,AMZN,100.4000015258789,100.51000213623048,97.70999908447266,97.83000183105467,56735000
2023-04-12,GOOGL,105.70634162712136,105.87494628290852,103.484697961902,103.78224182128906,24370300
2023-04-12,META,213.16718082320352,215.151608159424,210.9247833836669,212.33372497558597,18972200
2023-04-12,MSFT,278.20161454678106,280.3702577764048,275.4370676878089,276.9316711425781,27403400
2023-04-13,AAPL,159.32186881483895,163.43231787231758,159.11486107428212,163.19573974609375,68445600
2023-04-13,AMZN,98.9499969482422,102.56999969482422,98.70999908447266,102.4000015258789,67925100
2023-04-13,GOOGL,104.97240702008682,106.6088831893166,104.97240702008682,106.54937744140624,24843600
2023-04-13,META,214.05024012163284,219.42803612820575,214.0105582384014,218.63427734375,23310400
2023-04-13,MSFT,277.02941440172174,283.1934362329106,276.6191473924416,283.13482666015625,24222700
2023-04-14,AAPL,162.23961256067847,163.94491858408577,161.48061917083933,162.85076904296875,49386500
2023-04-14,AMZN,102.06999969482422,103.1999969482422,101.11000061035156,102.51000213623048,51450500
2023-04-14,GOOGL,106.01380426968532,108.04700310514492,105.96421110126722,107.97757720947266,26578000
2023-04-14,META,216.183504409984,220.3805637065013,215.85607210458505,219.7653961181641,21591200
2023-04-14,MSFT,280.36053721344047,281.80630960092736,277.12711319357106,279.5204467773437,20987900
2023-04-17,AAPL,162.73245273206868,163.02817163401676,161.68759231395518,162.87045288085938,41516200
2023-04-17,AMZN,103.16000366210938,103.7300033569336,101.58999633789062,102.73999786376952,39919500
2023-04-17,GOOGL,103.80208203407156,105.2897861961485,103.66322268410477,105.1013412475586,37571200
2023-04-17,META,218.07863523228383,219.25937191854013,215.43935838415817,217.1558837890625,15481900
2023-04-17,MSFT,283.22272922701467,284.85410843164084,279.53995543823305,282.1188659667969,23836200
2023-04-18,AAPL,163.72804670609275,165.019337094876,163.28446081239204,164.09275817871094,49923000
2023-04-18,AMZN,103.9499969482422,104.1999969482422,101.5199966430664,102.3000030517578,39790500
2023-04-18,GOOGL,105.61707995911009,105.6666731267469,103.21691895584505,103.64339447021484,26596400
2023-04-18,META,218.19769611867787,218.7235681147785,214.52650883156812,216.19342041015625,12281000
2023-04-18,MSFT,284.8248357623357,285.0104426931192,280.3703290467019,281.6988525390625,20161800
2023-04-19,AAPL,163.43233711220313,165.7586363174907,163.17604035173306,165.2362060546875,47720200
2023-04-19,AMZN,101.58000183105467,105.12000274658205,101.38999938964844,104.3000030517578,58398900
2023-04-19,GOOGL,102.73093151613256,104.11945689106092,102.22510999070306,103.32601165771484,20905700
2023-04-19,META,211.80784513578436,215.6377903591232,211.27204129636544,214.02047729492188,15898100
2023-04-19,MSFT,279.3738357310493,282.3630426420024,277.9573982326938,281.7769470214844,17150300
2023-04-20,AAPL,163.71820194187683,165.47278202514906,163.19577163848064,164.27020263671875,52456400
2023-04-20,AMZN,103.52999877929688,105.25,103.20999908447266,103.80999755859376,57696900
2023-04-20,GOOGL,103.05821782699525,105.37903241467328,103.01854481265195,104.4269027709961,27820800
2023-04-20,META,211.8177610468795,215.0623038493368,211.11329784945184,211.4109649658203,16475400
2023-04-20,MSFT,278.65093764946266,282.3434887595937,278.4848573653218,279.49102783203125,23244400
2023-04-21,AAPL,162.6930683177726,164.07307012591417,162.141067594516,162.6634979248047,58337300
2023-04-21,AMZN,106.0999984741211,108.1500015258789,105.08000183105467,106.95999908447266,86774200
2023-04-21,GOOGL,104.6054346972307,105.13108893118996,103.92108839505885,104.54592895507812,25800100
2023-04-21,META,208.5732355565436,211.74831617092383,207.9481361196577,211.23236083984372,17717200
2023-04-21,MSFT,278.41658147472793,279.64741233312054,276.5116808961058,279.14923095703125,21676400
2023-04-24,AAPL,162.64378106752824,163.2352190150396,161.54963139325648,162.9690704345703,41949600
2023-04-24,AMZN,107.66000366210938,109.2300033569336,105.06999969482422,106.20999908447266,69575600
2023-04-24,GOOGL,104.62527258627792,105.75592714410804,103.8417474862282,105.1013412475586,23542800
2023-04-24,META,212.0161871423672,212.2543238481798,209.06932678531544,211.13311767578125,15750900
2023-04-24,MSFT,275.564099605755,278.35795159650013,272.27206627526,275.2514953613281,26611000
2023-04-25,AAPL,162.83105575677226,163.93505711689548,161.3918982344198,161.43133544921875,48714100
2023-04-25,AMZN,104.91000366210938,105.4499969482422,102.4499969482422,102.56999969482422,65026800
2023-04-25,GOOGL,104.96248334111876,105.8154342829649,102.98879048643646,102.99871063232422,46664100
2023-04-25,META,209.17847205585224,209.61503330899023,205.51720156083385,205.93392944335935,19198200
2023-04-25,MSFT,273.04374758827026,275.0853933705517,268.999509188266,269.0483703613281,45772200
2023-04-26,AAPL,160.73146218660858,162.91976126426218,160.47518046288778,161.4214630126953,45498800
2023-04-26,AMZN,105.04000091552734,106.62000274658205,104.0999984741211,104.9800033569336,73803800
2023-04-26,GOOGL,104.05993599383254,105.47821413741524,101.78870693498448,102.85985565185548,53347600
2023-04-26,META,210.845399606128,212.44286418050763,207.25359105527792,207.76953125,41992700
2023-04-26,MSFT,289.8361135268747,292.63971378431694,285.95795485763057,288.536865234375,64599200
2023-04-27,AAPL,162.83104713478986,166.1529178634098,162.83104713478986,166.00506591796875,64902300
2023-04-27,AMZN,108.16000366210938,110.86000061035156,106.8000030517578,109.81999969482422,149961200
2023-04-27,GOOGL,103.5938009849624,107.48167377000752,102.69126435820807,106.70806121826172,50089200
2023-04-27,META,238.02213009217323,239.8081176766573,234.9264283723866,236.70248413085935,71196500
2023-04-27,MSFT,289.1229976897944,298.13948055653924,288.419653058881,297.77801513671875,46462600
2023-04-28,AAPL,166.08393356927388,167.424513091262,165.4826438930684,167.25692749023438,55275900
2023-04-28,AMZN,107.7300033569336,109.4800033569336,104.33000183105467,105.4499969482422,130715900
2023-04-28,GOOGL,106.16256960456028,106.47002604243367,104.22854965938166,106.4601058959961,36139800
2023-04-28,META,237.1489637299281,238.5579052051941,233.91435289009024,238.4487762451172,39554000
2023-04-28,MSFT,296.97710137133566,301.7832663544596,296.2932831104535,300.15191650390625,36469600
2023-05-01,AAPL,166.86264216717663,168.01593249804148,166.2317821133474,167.168212890625,52472900
2023-05-01,AMZN,104.9499969482422,105.2300033569336,101.81999969482422,102.0500030517578,74728100
2023-05-01,GOOGL,105.9642089268328,107.1047836753476,105.94437619998564,106.32125854492188,26681700
2023-05-01,META,236.7620073727801,242.10012145288675,234.618837476138,241.2864990234375,29143900
2023-05-01,MSFT,299.8685344351108,301.460830664017,298.0906312953761,298.4911499023437,21294100
2023-05-02,AAPL,167.66107793363267,167.91737470896658,165.1474894240389,166.13320922851562,48425700
2023-05-02,AMZN,101.47000122070312,103.9000015258789,101.1500015258789,103.62999725341795,73469400
2023-05-02,GOOGL,106.26174573640694,106.3212514798493,102.85986201062076,104.4566650390625,30997200
2023-05-02,META,241.2865218093042,243.01297910850477,237.1291590978612,237.3772125244141,24350100
2023-05-02,MSFT,300.640306719622,302.02743982366337,296.8793664443899,298.3446655273437,26404400
2023-05-03,AAPL,167.07952089132834,168.47924132633688,164.7729399649435,165.0587921142578,65136000
2023-05-03,AMZN,103.73999786376952,105.95999908447266,103.27999877929688,103.6500015258789,65051900
2023-05-03,GOOGL,104.66494043938329,106.60887287386204,104.09961318837088,104.54592895507812,21795400
2023-05-03,META,237.6053753853161,239.8676210238987,230.93769924844847,235.1843719482422,34463900
2023-05-03,MSFT,299.5266454015473,301.4705991840016,297.05517563669,297.3580017089844,22360800
2023-05-04,AAPL,162.53534351356944,164.6546351492701,161.9636242025262,163.4224853515625,81235400
2023-05-04,AMZN,104.04000091552734,105.38999938964844,103.30999755859376,104.0,45345500
2023-05-04,GOOGL,104.62527054996112,104.73436945840508,103.117733691147,103.8318328857422,23419500
2023-05-04,META,234.22193704205745,236.3452735137011,231.1163036684001,231.70172119140625,17889400
2023-05-04,MSFT,299.155451236147,300.640306719622,296.3811552164781,298.3446655273437,22519900
2023-05-05,AAPL,168.53837432535954,171.81097141948842,168.32151475691046,171.09140014648438,113453200
2023-05-05,AMZN,104.2699966430664,105.76000213623048,103.5500030517578,105.66000366210938,56951700
2023-05-05,GOOGL,103.96075311756312,105.0120615016026,103.25657414647502,104.70460510253906,26639300
2023-05-05,META,230.43169483131584,232.85268332838044,228.0603049028967,230.9674835205078,27000500
2023-05-05,MSFT,298.6473772180535,304.7527877249224,297.23091005583007,303.4633178710937,28197100
2023-05-08,AAPL,170.0169614090474,171.36740787815765,169.65224986499234,171.02239990234375,55962800
2023-05-08,AMZN,105.04000091552734,106.0999984741211,104.6999969482422,105.83000183105467,49430900
2023-05-08,GOOGL,104.3178233192634,107.07503401183828,104.29799059182162,106.88658905029295,26511400
2023-05-08,META,229.61808820959843,233.7853826412468,228.4770485325923,231.4536895751953,16400500
2023-05-08,MSFT,302.95541576842186,303.02380353381574,299.0088693228521,301.5096435546875,21318600
2023-05-09,AAPL,170.5788283985824,171.06182151405454,169.14953757945025,169.31710815429688,45326900
2023-05-09,AMZN,105.4800033569336,106.79000091552734,105.16000366210938,106.62000274658205,44089400
2023-05-09,GOOGL,107.50150758418664,109.24708267470773,106.31134722106393,106.47003173828124,36360100
2023-05-09,META,229.6577704607354,234.043352831237,229.2807244414687,231.55288696289065,16865600
2023-05-09,MSFT,300.8746930349145,302.86750779057024,299.2237873018419,299.8978271484375,21340800
2023-05-10,AAPL,170.5492304195713,171.54480192353225,169.44521410372417,171.08151245117188,53724500
2023-05-10,AMZN,108.0999984741211,110.66999816894533,108.0500030517578,110.19000244140624,78627600
2023-05-10,GOOGL,107.0849481613148,112.01420922516128,107.04527514179809,110.8339614868164,63153400
2023-05-10,META,234.3311038856675,234.9065896390676,228.9235423369668,231.26516723632807,19119000
2023-05-10,MSFT,301.48038400167883,305.7590619061941,300.55237917677385,305.08502197265625,30078000
2023-05-11,AAPL,171.3673768150292,172.09679977091955,169.71135988855104,171.268798828125,49514700
2023-05-11,AMZN,111.02999877929688,113.27999877929688,110.48999786376952,112.18000030517578,74924800
2023-05-11,GOOGL,114.45403357017952,116.95337305517585,113.47215101180822,115.61444091796876,78900000
2023-05-11,META,231.2354000059932,236.35522620301435,230.49123974968128,233.9540557861328,20449000
2023-05-11,MSFT,302.92610366423224,303.922496091225,299.17494240713177,302.93585205078125,31680200
2023-05-12,AAPL,171.3773676163626,171.8116866019269,168.79121464447562,170.3409423828125,45533100
2023-05-12,AMZN,112.16000366210938,112.63999938964844,109.31999969482422,110.26000213623048,49852700
2023-05-12,GOOGL,115.72354718741605,117.06247940985592,115.15821991274792,116.54674530029295,41102300
2023-05-12,META,234.89666530724,235.11495352176897,229.6478466124004,231.98947143554688,16161400
2023-05-12,MSFT,303.3656393200101,303.46333185493665,299.5070375888062,301.8222045898437,19774700
2023-05-15,AAPL,170.92332917405315,170.97268634600138,169.2551561693846,169.847412109375,37266700
2023-05-15,AMZN,111.1500015258789,112.29000091552734,109.25,111.1999969482422,53011100
2023-05-15,GOOGL,115.15820905774292,117.5087841186648,115.05903030373588,115.554931640625,36266800
2023-05-15,META,235.07525568820336,238.38924563922228,233.4976396213384,237.00015258789065,20653200
2023-05-15,MSFT,301.94930688136526,302.7307878093196,300.47422958239594,302.30096435546875,16336500
2023-05-16,AAPL,169.7684436465967,170.903583292935,169.58089543020992,169.847412109375,42110300
2023-05-16,AMZN,111.0500030517578,114.79000091552734,111.0500030517578,113.4000015258789,71472900
2023-05-16,GOOGL,115.5351086013426,119.76019074124378,115.47560285342378,118.53035736083984,45035600
2023-05-16,META,233.95402820885016,237.7740564636248,233.68614144894,236.96044921875,18163800
2023-05-16,MSFT,302.66235026842685,306.452594750173,302.66235026842685,304.5281677246094,26730300
2023-05-17,AAPL,169.4920742376562,170.69630196545663,168.21872838992437,170.45941162109375,57951600
2023-05-17,AMZN,114.88999938964844,115.83000183105467,114.22000122070312,115.5,65655200
2023-05-17,GOOGL,118.62953592633984,120.67264731450432,117.91543668511788,119.84944915771484,33323600
2023-05-17,META,236.5933464897594,241.9413775633412,236.2857626745779,240.60189819335935,21193100
2023-05-17,MSFT,305.7323794637119,307.8274270875237,304.2149092490743,307.4064636230469,24315000
2023-05-18,AAPL,170.76538642479474,172.97645812210007,170.35081330561755,172.78890991210938,65496700
2023-05-18,AMZN,116.69000244140624,118.5999984741211,116.33999633789062,118.1500015258789,73174100
2023-05-18,GOOGL,119.95854884860572,122.29920412469264,119.83953735220288,121.8231430053711,35234200
2023-05-18,META,239.42117407342295,245.16608486045604,239.31202995843717,244.92796325683597,22943300
2023-05-18,MSFT,307.92533659511486,312.3406428632518,307.1323477805687,311.83154296875,27276000
2023-05-19,AAPL,174.11159953538055,174.11159953538055,172.68033195301507,172.89749145507812,55809500
2023-05-19,AMZN,118.16000366210938,118.30999755859376,115.6999969482422,116.25,55056300
2023-05-19,GOOGL,122.53723296740392,124.93739380984856,121.1487076020142,121.7537078857422,41353400
2023-05-19,META,245.5430933479089,246.7535951143533,241.51470867661692,243.7273406982422,21733600
2023-05-19,MSFT,310.0888957303577,312.05669811668946,309.7266699904712,311.6553039550781,27546700
2023-05-22,AAPL,171.73274586766902,172.45332751081392,171.2095929310653,171.9499053955078,43570900
2023-05-22,AMZN,116.7699966430664,116.7699966430664,114.25,115.01000213623048,70741100
2023-05-22,GOOGL,121.93223602252743,125.39362560112352,121.73387092669454,124.02494049072266,35253000
2023-05-22,META,243.49914464158917,251.5956112987984,243.2113942175092,246.3864898681641,27738500
2023-05-22,MSFT,311.9098584271612,315.81606453289896,311.3322511744977,314.4356689453125,24115700
2023-05-23,AAPL,170.8936912226268,171.14046198217582,169.06758157728734,169.34396362304688,50747300
2023-05-23,AMZN,114.2699966430664,117.13999938964844,113.77999877929688,114.98999786376952,67576300
2023-05-23,GOOGL,123.14222636559452,123.60836727655008,121.2082065683112,121.55533599853516,34046300
2023-05-23,META,244.8882489627154,249.65087751904687,244.72949114484263,244.8188018798828,17748100
2023-05-23,MSFT,313.3098099504378,315.94332604860966,308.63018455651456,308.6399841308594,30797200
2023-05-24,AAPL,168.88006417332414,170.19288666082696,168.317434571077,169.62037658691406,45143500
2023-05-24,AMZN,115.3499984741211,117.33999633789062,115.0199966430664,116.75,63487900
2023-05-24,GOOGL,120.12715625884692,120.9106813684256,118.87748262878496,119.9089584350586,34182600
2023-05-24,META,243.3701694042358,247.6466079283188,243.04273707413475,247.2695770263672,17724300
2023-05-24,MSFT,308.121169702086,309.85399169622406,306.0456613121004,307.2596435546875,23384900
2023-05-25,AAPL,170.18302884098296,171.65377326209193,169.47232768730396,170.7555389404297,56058300
2023-05-25,AMZN,116.62999725341795,116.87000274658205,114.30999755859376,115.0,66496700
2023-05-25,GOOGL,123.49927213144792,124.2927173391139,120.9602595738836,122.46780395507812,42317000
2023-05-25,META,251.4269363674874,253.6296519124668,247.2298768085311,250.72247314453125,22371400
2023-05-25,MSFT,316.4524252321356,320.03557419335544,313.2804700336066,319.076171875,43301700
2023-05-26,AAPL,171.08127033696854,173.49962120538788,170.87397623432938,173.16400146484375,54835000
2023-05-26,AMZN,116.04000091552734,121.5,116.0199966430664,120.11000061035156,96779900
2023-05-26,GOOGL,122.1603483083236,124.2332200823341,121.44624908602052,123.58854675292967,35635900
2023-05-26,META,250.9605530664596,260.2675205330431,250.7422800254305,259.9996337890625,25727200
2023-05-26,MSFT,317.2160130284429,326.39905065575283,317.0789683726066,325.8997802734375,36630600
2023-05-30,AAPL,174.6742524991613,176.67803022234617,174.28929064745816,175.00985717773438,55964400
2023-05-30,AMZN,122.37000274658205,122.91999816894533,119.86000061035156,121.66000366210938,64314800
2023-05-30,GOOGL,124.61011047029687,124.62995076489533,120.999948672626,122.65625762939452,35076700
2023-05-30,META,263.1846758495301,266.5581962700264,259.25551819647967,260.4759216308594,23816500
2023-05-30,MSFT,328.19060914102903,328.68987947656177,323.579491610932,324.2550048828125,29503100
2023-05-31,AAPL,175.03946345752533,177.03337571367211,174.4768188110026,174.9604949951172,99625300
2023-05-31,AMZN,121.4499969482422,122.04000091552734,119.16999816894533,120.58000183105467,72800800
2023-05-31,GOOGL,121.74378917189809,123.04304837018029,121.49583848112027,121.86280822753906,37325800
2023-05-31,META,257.9755335993669,262.93660155320083,256.43761464566063,262.6587829589844,25473700
2023-05-31,MSFT,325.3123928059222,328.8857420420062,320.45652421282057,321.4942932128906,45950600
2023-06-01,AAPL,175.40468096744894,177.79342049505456,174.64462268903534,177.76380920410156,68901800
2023-06-01,AMZN,120.69000244140624,123.48999786376952,119.93000030517578,122.7699966430664,54375100
2023-06-01,GOOGL,121.8132170497212,123.40009998321425,121.6148595206051,122.70584106445312,30772700
2023-06-01,META,263.8295904214734,271.8665266446984,263.81968887583463,270.4873352050781,25609500
2023-06-01,MSFT,319.08592941453026,326.52634626965755,317.90134604784606,325.5962829589844,26773900
2023-06-02,AAPL,178.69166987914852,179.43198227661338,176.94452840385708,178.61270141601562,61996900
2023-06-02,AMZN,124.91999816894533,126.38999938964844,124.0199966430664,124.25,61264400
2023-06-02,GOOGL,122.97361463292732,125.1159120966453,122.74550424940524,123.64804077148438,26980100
2023-06-02,META,270.5369640530964,273.2060210618952,269.0089466293334,270.4873352050781,19416900
2023-06-02,MSFT,327.23127088245394,330.41302594713,325.5669562825361,328.35711669921875,25873800
2023-06-05,AAPL,180.27101332814428,182.56103856696868,175.74028990045602,177.26040649414062,121946500
2023-06-05,AMZN,123.36000061035156,125.8000030517578,123.02999877929688,125.3000030517578,47950100
2023-06-05,GOOGL,122.9934605496602,126.385424122163,122.82484833216864,124.97706604003906,32305500
2023-06-05,META,268.1953160303984,273.42430092681104,267.46108767771483,269.27685546875,20742900
2023-06-05,MSFT,328.18082951193753,331.4506903935802,327.6325911531441,328.8857116699219,21307100
2023-06-06,AAPL,177.64536518975015,177.79342164547316,175.13816542041533,176.8951873779297,64848400
2023-06-06,AMZN,125.06999969482422,127.4000015258789,125.0,126.61000061035156,45695200
2023-06-06,GOOGL,124.97706418870804,127.2383656366913,124.3323909005138,126.2664031982422,26638300
2023-06-06,META,268.036591718684,274.4165177871543,267.5900834945639,269.0089416503906,19419000
2023-06-06,MSFT,328.2885336264792,328.32770204884184,325.1949154251328,326.6731872558594,20396200
2023-06-07,AAPL,176.135134367242,178.86935913776645,175.02960596689772,175.5231475830078,61944600
2023-06-07,AMZN,127.01000213623048,127.37000274658205,120.62999725341795,121.2300033569336,95663300
2023-06-07,GOOGL,125.92919376166726,127.98221754198131,121.11895203748432,121.49583435058594,52539000
2023-06-07,META,269.5547184887687,272.11461659977925,260.753757231396,261.54754638671875,26163600
2023-06-07,MSFT,324.6858083621168,327.4661687531418,315.7279515267093,316.5894775390625,40717100
2023-06-08,AAPL,175.6020846245424,178.50411146672758,175.16778069465795,178.23760986328125,50214900
2023-06-08,AMZN,123.01000213623048,125.62999725341795,122.26000213623048,124.25,62159300
2023-06-08,GOOGL,121.22806013248872,122.21986293706264,120.24616990782498,121.1387939453125,29389200
2023-06-08,META,258.59067941544686,265.56593916023627,256.8642376024119,262.51983642578125,20899400
2023-06-08,MSFT,317.13779488825486,319.7811112772647,316.56018750361386,318.4300842285156,23277700
2023-06-09,AAPL,179.15559212759166,179.8761586114367,178.29683460490384,178.62257385253906,48900000
2023-06-09,AMZN,124.08000183105467,125.8000030517578,123.19000244140624,123.43000030517578,51396000
2023-06-09,GOOGL,121.2478905876319,122.74551491320052,120.9106812724846,121.22805786132812,23778300
2023-06-09,META,260.4362247170968,265.8636340720592,259.6622993556924,262.8869934082031,16949800
2023-06-09,MSFT,318.16566645574613,323.06067362544843,317.597858769832,319.9278869628906,22529000
2023-06-12,AAPL,178.92856174317663,181.51471470308877,178.6324337942364,181.4160003662109,54274900
2023-06-12,AMZN,124.0199966430664,126.77999877929688,123.52999877929688,126.56999969482422,51338000
2023-06-12,GOOGL,121.78345693305364,123.0331304793446,120.66272258318774,122.6264877319336,28306400
2023-06-12,META,265.0897503979936,269.6340758695962,263.2640505240302,268.93951416015625,15442500
2023-06-12,MSFT,321.6802383812358,325.1263421252022,318.3320706206992,324.881591796875,24260300
2023-06-13,AAPL,180.4388079672042,181.7713612206094,180.08345742062403,180.9422149658203,54929100
2023-06-13,AMZN,128.1199951171875,128.41000366210938,125.18000030517578,126.66000366210938,50564800
2023-06-13,GOOGL,123.95550842884325,124.1340332227792,122.17026048948374,122.81493377685548,22278300
2023-06-13,META,272.73973724122914,273.5731932089615,266.994810796544,269.2074584960937,16164000
2023-06-13,MSFT,327.44665989144784,329.9039634195645,323.45234658796926,327.2704467773437,22951300
2023-06-14,AAPL,181.00144926283195,182.00827838693,179.66889592317074,181.57395935058597,57462900
2023-06-14,AMZN,126.6999969482422,126.9499969482422,124.12000274658205,126.41999816894533,52422500
2023-06-14,GOOGL,122.0909303030245,123.0331475582114,120.45445407399907,122.65625762939452,30592300
2023-06-14,META,269.7729647864291,272.8488026603034,266.2307550388256,271.2215881347656,19175100
2023-06-14,MSFT,327.319282795224,331.9206007397858,325.8214120391003,330.2562866210937,26003800
2023-06-15,AAPL,181.5838370156226,184.1107676661695,181.4061542027307,183.6073455810547,65433200
2023-06-15,AMZN,125.20999908447266,127.69000244140624,124.31999969482422,127.11000061035156,60458500
2023-06-15,GOOGL,122.13059332494936,124.43157546435972,121.39666138886584,124.06460571289062,35246300
2023-06-15,META,270.1797642281489,281.7787441952247,269.3066416531064,279.63555908203125,25973500
2023-06-15,MSFT,330.3933556478273,342.49379686840723,330.1192364903732,340.79034423828125,38899100
2023-06-16,AAPL,184.31803597311568,184.57468723659963,181.88981981135748,182.5314178466797,101256200
2023-06-16,AMZN,127.70999908447266,127.9000015258789,125.3000030517578,125.48999786376952,84247100
2023-06-16,GOOGL,124.89772318191494,125.07624798326508,122.26944432692576,122.51739501953124,45535600
2023-06-16,META,282.532843511724,285.6087119553762,277.94882118522963,278.8120422363281,43127700
2023-06-16,MSFT,343.9427835453764,344.0896277819588,334.769545086919,335.1415405273437,46552000
2023-06-20,AAPL,182.0279984336963,183.69617128575536,182.0279984336963,182.6202392578125,49799100
2023-06-20,AMZN,124.97000122070312,127.25,124.5,125.77999877929688,56930100
2023-06-20,GOOGL,121.9223072208865,123.5488630569753,121.13878217339122,122.09091186523438,26097500
2023-06-20,META,276.5597765809872,282.58249162181085,274.06931013447524,282.1161499023437,20701600
2023-06-20,MSFT,332.18496735769014,334.8967905185413,328.8074005290605,330.951416015625,26375400
2023-06-21,AAPL,182.5116773416917,183.015099412311,180.23151756348105,181.58383178710935,49515700
2023-06-21,AMZN,125.63999938964844,126.7300033569336,123.8499984741211,124.83000183105467,52137700
2023-06-21,GOOGL,121.39666224993184,121.654533092438,119.11551282046044,119.56182861328124,30306300
2023-06-21,META,281.32231995476303,281.78866155656544,276.1925623349365,279.4470520019531,20556200
2023-06-21,MSFT,329.306655264913,330.63811253956635,325.09696171811146,326.5556640625,25117800
2023-06-22,AAPL,181.3666782979256,184.6339213828765,181.2975752421376,184.5845642089844,51245300
2023-06-22,AMZN,125.30999755859376,130.3300018310547,125.13999938964844,130.14999389648438,90354600
2023-06-22,GOOGL,119.01633780765464,122.22977680974192,117.8559303300752,122.14051818847656,26952200
2023-06-22,META,276.9070071679863,283.0389113138924,275.6270731990497,282.661865234375,17563100
2023-06-22,MSFT,327.10398419095304,332.9779933308651,326.3403641978348,332.5765991210937,23556800
2023-06-23,AAPL,183.15329819733583,185.13733008755813,182.620264813178,184.2686920166016,53117000
2023-06-23,AMZN,129.11000061035156,130.83999633789062,128.27999877929688,129.3300018310547,71927800
2023-06-23,GOOGL,120.38501322694266,121.78345871511222,120.06763665447824,121.33714294433594,34913600
2023-06-23,META,279.31808843197484,287.41455585917544,276.7780237818679,286.4818725585937,51092000
2023-06-23,MSFT,327.3389018615229,330.8633129640672,326.4480368570244,327.98504638671875,23146900
2023-06-26,AAPL,184.4167701068108,185.62101290744985,182.8374308418657,182.87692260742188,48088700
2023-06-26,AMZN,129.3300018310547,131.49000549316406,127.0999984741211,127.33000183105467,59989300
2023-06-26,GOOGL,119.77009470813596,120.9999279223986,117.30050056715868,117.36992645263672,33969900
2023-06-26,META,286.45208350341085,287.5335927129634,275.4385062924321,276.3017272949219,24232700
2023-06-26,MSFT,326.7123419071995,329.0521396707675,321.59215393137123,321.6998596191406,21520600
2023-06-27,AAPL,183.48890577659213,185.95661391553264,183.27174625542972,185.63087463378903,50730800
2023-06-27,AMZN,128.6300048828125,130.08999633789062,127.5500030517578,129.17999267578125,46801000
2023-06-27,GOOGL,116.12026248820284,118.10386789770332,115.1482925081318,117.36001586914062,39535900
2023-06-27,META,279.8142059678566,287.09705117182915,278.4647795384772,284.81494140625,26108300
2023-06-27,MSFT,324.8913794122553,329.0913036434743,322.38513830210024,327.54449462890625,24354100
2023-06-28,AAPL,185.5025391579117,187.44709427325768,185.17681495512895,186.8054962158203,51216800
2023-06-28,AMZN,128.94000244140625,131.47999572753906,128.44000244140625,129.0399932861328,52149500
2023-06-28,GOOGL,116.13017287240947,119.40312476297248,115.89214234648703,119.1948471069336,27091400
2023-06-28,META,282.60232288476834,287.29547446574816,281.84823075760875,283.06866455078125,16722100
2023-06-28,MSFT,327.63259343214776,330.8828850652817,326.80043631423547,328.797607421875,20259500
2023-06-29,AAPL,186.6376910187253,187.61490879718235,186.49949997485515,187.1410980224609,46347300
2023-06-29,AMZN,128.77000427246094,129.25999450683594,127.26000213623048,127.9000015258789,40761000
2023-06-29,GOOGL,118.26256241740738,119.07584040154654,117.33027294139968,118.12371063232422,24090900
2023-06-29,META,282.2847661968472,284.33865559418587,278.50443484346164,279.337890625,15395700
2023-06-29,MSFT,327.6815778955593,329.0521739959321,325.6354683820109,328.0144348144531,16997000
2023-06-30,AAPL,189.1547523169529,191.96793030893548,188.7895213028153,191.4645233154297,85213200
2023-06-30,AMZN,129.47000122070312,131.25,128.9499969482422,130.36000061035156,54350700
2023-06-30,GOOGL,119.184928998666,120.08747309044963,118.70886793868348,118.71878051757812,29532200
2023-06-30,META,282.5427376087658,286.799311897848,282.2053886384394,284.7454528808594,19694900
2023-06-30,MSFT,330.6577680291321,335.533206422914,330.1193291362637,333.3891906738281,26832800
2023-07-03,AAPL,191.27697146600815,191.37568580561535,189.28305928715224,189.9740295410156,31458200
2023-07-03,AMZN,130.82000732421875,131.85000610351562,130.07000732421875,130.22000122070312,28264800
2023-07-03,GOOGL,118.26255895127434,119.2047761131289,117.8460036082336,118.91715240478516,14467900
2023-07-03,META,284.4676665294726,287.1466252255622,282.6320652147703,283.7929382324219,8629300
2023-07-03,MSFT,332.0674526684901,333.7415365226296,329.5024740479347,330.89263916015625,12508700
2023-07-05,AAPL,189.09551742767215,190.4872931571664,188.15777642969252,188.85861206054688,46920300
2023-07-05,AMZN,130.24000549316406,131.39999389648438,129.63999938964844,130.3800048828125,35895400
2023-07-05,GOOGL,118.26256411758467,121.60494228794852,118.25265153768966,120.75199127197266,27584800
2023-07-05,META,285.41023480138307,295.79871236153565,284.13027078429906,292.0779113769531,33865500
2023-07-05,MSFT,328.0535745216964,334.4758212956056,327.701148359632,331.04931640625,18172400
2023-07-06,AAPL,187.38784264698543,189.5396915286371,186.75611009728527,189.3323974609375,45094300
2023-07-06,AMZN,128.25,128.72999572753906,127.37000274658205,128.36000061035156,40639900
2023-07-06,GOOGL,118.81797842897954,119.31387982882194,117.42945299604987,119.12543487548828,24745200
2023-07-06,META,293.5861187368782,295.79873585225204,289.0417631500449,289.7164611816406,47600500
2023-07-06,MSFT,330.21715360852994,335.78767385230776,328.45496307477555,334.1037902832031,28161200
2023-07-07,AAPL,188.93760736945492,190.1813268348204,187.7827217812524,188.21702575683597,46815000
2023-07-07,AMZN,128.58999633789062,130.97000122070312,128.1300048828125,129.77999877929688,41992300
2023-07-07,GOOGL,119.11551561978511,120.0577328266466,118.4212566815545,118.50060272216795,21709500
2023-07-07,META,289.90496868523604,293.89368682314864,286.4123876380687,288.267822265625,25586000
2023-07-07,MSFT,332.1946717833944,334.61280577816376,329.92338198329867,330.1387634277344,21214800
2023-07-10,AAPL,186.8153498480431,187.53593138541007,184.62402407003376,186.1737518310547,59922200
2023-07-10,AMZN,129.07000732421875,129.27999877929688,125.91999816894533,127.12999725341795,61889300
2023-07-10,GOOGL,117.330255676654,117.34016825494793,115.1879583359944,115.49541473388672,35315200
2023-07-10,META,293.24871963934146,295.8086477039445,284.8149039740183,291.8100280761719,37058300
2023-07-10,MSFT,327.5738523279874,328.1906279486803,320.7110434161663,324.86199951171875,32791400
2023-07-11,AAPL,186.7166251852394,186.8548162037268,184.1896950976459,185.65057373046875,46638100
2023-07-11,AMZN,127.75,129.77000427246094,127.3499984741211,128.77999877929688,49951500
2023-07-11,GOOGL,115.33674061449469,116.74509867791642,114.40444362500358,116.17977142333984,23078800
2023-07-11,META,291.6115448608104,297.8426444994166,289.6271178385797,295.9673767089844,27585900
2023-07-11,MSFT,324.10819090994494,325.8703814238738,320.1334477409768,325.48858642578125,26698200
2023-07-12,AAPL,187.22995293607855,189.2238654174545,186.0355905787657,187.3188018798828,60750200
2023-07-12,AMZN,130.30999755859375,131.25999450683594,128.8300018310547,130.8000030517578,54022800
2023-07-12,GOOGL,117.82616938013048,119.34362637246984,117.4393669141167,117.9551010131836,30404400
2023-07-12,META,299.400438249948,307.0404946851265,297.7632919509681,306.93133544921875,36677100
2023-07-12,MSFT,329.5319168444775,334.47586255833005,328.62145260340657,330.11932373046875,29995300
2023-07-13,AAPL,188.0393349477294,188.72042471252908,187.32863389417255,188.0788116455078,41342300
2023-07-13,AMZN,134.0399932861328,134.6699981689453,132.7100067138672,134.3000030517578,61170900
2023-07-13,GOOGL,119.938710617678,123.80674297722868,119.4626419533475,123.51911926269533,44297900
2023-07-13,META,311.17802190329286,313.7776166697492,307.8739639648475,310.9696655273437,30281000
2023-07-13,MSFT,332.4296290254562,336.5218466733825,331.9009600375023,335.46453857421875,20567200
2023-07-14,AAPL,187.77283329330808,188.71055932283983,187.18059240914323,188.22689819335935,41616200
2023-07-14,AMZN,134.05999755859375,136.64999389648438,134.05999755859375,134.67999267578125,54487100
2023-07-14,GOOGL,123.77700142993456,125.74076687870004,122.47773452238808,124.39191436767578,33283100
2023-07-14,META,309.36227324592335,312.428209501779,304.966744178056,306.4649963378906,23054100
2023-07-14,MSFT,340.2910459095937,344.0504071797022,337.0799229574127,337.9903869628906,28352700
2023-07-17,AAPL,189.42129821436023,191.81005329386747,189.33246432327124,191.48431396484372,50520200
2023-07-17,AMZN,134.55999755859375,135.6199951171875,133.2100067138672,133.55999755859375,48450200
2023-07-17,GOOGL,124.9076384065508,126.05812564014278,123.18189620588134,123.62821197509766,25716200
2023-07-17,META,305.1454111292581,309.2829253198248,302.3374293890318,308.201416015625,25323100
2023-07-17,MSFT,338.4211553009667,339.7036445876305,335.0142499676755,338.4701232910156,20363900
2023-07-18,AAPL,190.85253399958413,191.8198712739852,189.93453883356676,191.2276153564453,48288200
2023-07-18,AMZN,132.7100067138672,133.86000061035156,131.35000610351562,132.8300018310547,54882900
2023-07-18,GOOGL,123.57860925503611,123.6579552834524,121.95205350677138,122.74549865722656,26193600
2023-07-18,META,308.4593967151567,311.75355343232627,305.22477039697566,309.6202697753906,20731900
2023-07-18,MSFT,338.5679716235415,359.0780587005071,334.98485352547675,351.9411315917969,64738600
2023-07-19,AAPL,190.6057743707706,195.66950100927124,190.16157487576123,192.57994079589844,80507300
2023-07-19,AMZN,133.38999938964844,135.99000549316406,132.52999877929688,135.36000061035156,54531000
2023-07-19,GOOGL,123.5786186884508,124.1538660880998,120.80157558357864,121.0296859741211,37224000
2023-07-19,META,310.59263096242654,316.1986319082592,308.1021650649504,313.5494384765625,21763700
2023-07-19,MSFT,354.1537002264066,354.84878274456844,345.0392010295171,347.6237487792969,39732900
2023-07-20,AAPL,192.57003512669965,193.93221460154035,190.0134935554866,190.63536071777344,59581200
2023-07-20,AMZN,134.07000732421875,134.7899932861328,129.3300018310547,129.9600067138672,59820600
2023-07-20,GOOGL,120.42468068272518,123.0727920463188,117.25091510465651,118.2228775024414,37906800
2023-07-20,META,311.05900751288084,313.0831320210186,299.866837736056,300.1644897460937,23836900
2023-07-20,MSFT,346.1455024073654,350.4531022216543,338.11767966688456,339.586181640625,33778400
2023-07-21,AAPL,191.59285775033445,192.4516153262713,188.7599186858544,189.46075439453125,71951700
2023-07-21,AMZN,131.33999633789062,131.3699951171875,128.4199981689453,130.0,133307300
2023-07-21,GOOGL,119.63125870411923,119.99822090421564,117.7567519823055,119.03617095947266,72937900
2023-07-21,META,302.1985317891098,303.0815862304324,288.93263955652174,291.96881103515625,42139300
2023-07-21,MSFT,341.8183323536975,342.944177986763,332.6940321481153,336.5513000488281,69405400
2023-07-24,AAPL,190.91174763146105,192.392372294224,189.76672761078476,190.26026916503903,45377800
2023-07-24,AMZN,130.30999755859375,131.66000366210938,128.35000610351562,128.8000030517578,45591100
2023-07-24,GOOGL,120.6627297925078,121.99174188501856,119.98830359973758,120.5337905883789,29686100
2023-07-24,META,293.4769299160423,295.2033718464492,286.0551614764398,289.3393859863281,24915700
2023-07-24,MSFT,338.5876099496475,339.63514852458513,335.1219369374352,337.8631286621094,26678100
2023-07-25,AAPL,190.83275585655383,191.9284185755816,190.42804821671228,191.11900329589844,37283200
2023-07-25,AMZN,129.30999755859375,129.5800018310547,128.52999877929688,129.1300048828125,39236700
2023-07-25,GOOGL,120.36519055392536,122.14051850552042,120.02797366116376,121.20822143554688,52509600
2023-07-25,META,292.89151898756404,295.97728858041813,289.587430923496,292.1771240234375,19585600
2023-07-25,MSFT,339.82113359671973,344.5007885845888,337.8239924166346,343.6098937988281,41637700
2023-07-26,AAPL,191.1683596967669,193.11291438010988,190.8228896893944,191.98764038085935,47471900
2023-07-26,AMZN,126.51000213623048,129.0800018310547,126.11000061035156,128.14999389648438,53910100
2023-07-26,GOOGL,129.00377226018543,129.90630113026324,127.26811769923354,128.2103271484375,61682100
2023-07-26,META,298.8448649834203,299.42033564139683,289.62719066887496,296.2452697753906,47256900
2023-07-26,MSFT,334.2702247265649,337.43240985586726,326.11512671611416,330.6772766113281,58383700
2023-07-27,AAPL,193.48807951397325,194.65283061947835,190.06289913711865,190.7242431640625,47460200
2023-07-27,AMZN,131.0,132.6300048828125,127.79000091552734,128.25,52610700
2023-07-27,GOOGL,130.59066029279523,132.14779780312753,127.73426366088836,128.33926391601562,44952100
2023-07-27,META,322.5885180117678,322.81673806688707,307.4274936654851,309.2829284667969,64229200
2023-07-27,MSFT,333.3304238013421,334.1625511308161,322.14041454334006,323.7753601074219,39635300
2023-07-28,AAPL,192.15548645475204,194.09017617119656,191.63233355900985,193.30050659179688,48291400
2023-07-28,AMZN,129.69000244140625,133.00999450683594,129.3300018310547,132.2100067138672,46317400
2023-07-28,GOOGL,129.7079618698937,132.64370465595107,129.49969176817697,131.4932098388672,36591200
2023-07-28,META,314.4126063726026,323.6600430964914,311.8030801253295,322.9456481933594,39220300
2023-07-28,MSFT,326.6634206723763,332.8702861605579,326.1739199568092,331.26470947265625,28484900
2023-07-31,AAPL,193.52752900074864,193.95198260711592,192.7378594315981,193.91249084472656,38824100
2023-07-31,AMZN,133.1999969482422,133.8699951171875,132.3800048828125,133.67999267578125,41901500
2023-07-31,GOOGL,131.64199265883678,132.43543799339955,130.6997829450421,131.632080078125,28055500
2023-07-31,META,321.1696263444991,323.1242883704477,315.11711725806254,316.1192626953125,25799600
2023-07-31,MSFT,329.8452124789138,330.60883248614635,326.3599395048651,328.8662109375,25446000
2023-08-01,AAPL,193.7051954277144,194.1888565133771,192.75758901252783,193.0833282470703,35175100
2023-08-01,AMZN,133.5500030517578,133.69000244140625,131.6199951171875,131.69000244140625,42098500
2023-08-01,GOOGL,129.70798718682403,131.5428286779553,129.60880083941242,130.4716796875,23166800
2023-08-01,META,315.06747783999896,321.6160928831616,312.2098981644406,320.1972045898437,22817900
2023-08-01,MSFT,328.151498059074,331.431158888361,326.69279546072005,329.27734375,18311900
2023-08-02,AAPL,192.5206842922117,192.65887532596588,189.37190180440743,190.09246826171875,50389300
2023-08-02,AMZN,130.14999389648438,130.22999572753906,126.81999969482422,128.2100067138672,51027600
2023-08-02,GOOGL,128.38887313460415,129.02362633955516,126.51436639391204,127.32765197753906,26273300
2023-08-02,META,315.5239725768037,315.910950473779,308.2311954565364,311.8627014160156,20461100
2023-08-02,MSFT,326.62420753627333,326.62420753627333,319.5068489851388,320.6229248046875,27761300
2023-08-03,AAPL,189.09555647139584,189.8852110681393,188.2269183409429,188.70071411132807,61235200
2023-08-03,AMZN,127.4800033569336,129.83999633789062,126.41000366210938,128.91000366210938,88585200
2023-08-03,GOOGL,126.9209955105974,128.32935355941024,126.37550098690372,127.39705657958984,20089500
2023-08-03,META,307.516807733087,313.4899540322173,307.516807733087,310.7514343261719,15180200
2023-08-03,MSFT,319.15439272906985,322.9529221835479,319.10545461953365,319.800537109375,18253700
2023-08-04,AAPL,183.12368481919472,184.95966022717985,179.57017917093492,179.6392822265625,115956800
2023-08-04,AMZN,141.05999755859375,143.6300048828125,139.32000732421875,139.57000732421875,153128500
2023-08-04,GOOGL,128.22025231793552,130.43196810964983,126.8614874567136,127.05984497070312,26147200
2023-08-04,META,312.50759107890946,315.9307401558167,307.7846748712968,308.310546875,17612800
2023-08-04,MSFT,324.910975755622,328.10252974603515,320.3683951097149,320.8970642089844,23741500
2023-08-07,AAPL,179.7774569305225,180.7645400695484,175.05920073091434,176.53982543945312,97576100
2023-08-07,AMZN,140.99000549316406,142.5399932861328,138.9499969482422,142.22000122070312,71213100
2023-08-07,GOOGL,128.10126008485418,130.53117404718972,127.96240829082672,130.4518280029297,22746300
2023-08-07,META,310.791125840305,314.6012230315597,308.0426743557045,314.0951843261719,16236500
2023-08-07,MSFT,321.4746479067205,324.15710187316535,320.64249083722723,323.1781005859375,17741500
2023-08-08,AAPL,177.3689898212007,177.94149990785485,175.2862435821482,177.47756958007812,67823000
2023-08-08,AMZN,140.6199951171875,140.83999633789062,138.4199981689453,139.94000244140625,51710500
2023-08-08,GOOGL,129.54927103822243,130.43197488498015,128.4781222465879,130.3228759765625,23535200
2023-08-08,META,311.9519639012192,315.4148101122984,307.6953588862012,310.2056884765625,15183500
2023-08-08,MSFT,320.09426392900343,321.84668466116545,316.21742705872686,319.203369140625,22327600
2023-08-09,AAPL,178.53374257918168,178.59296516430098,174.72360063232372,175.88836669921875,60378500
2023-08-09,AMZN,139.97000122070312,140.32000732421875,137.10000610351562,137.85000610351562,50017300
2023-08-09,GOOGL,130.58074278541653,130.95761750800182,127.94254405878128,128.59713745117188,24912900
2023-08-09,META,310.44385008974183,311.1880104193689,300.49194715939456,302.83355712890625,19955800
2023-08-09,MSFT,319.6146411443904,320.2411866081632,314.3084395325247,315.46368408203125,22373300
2023-08-10,AAPL,177.16166309157035,178.41526279292168,175.30595718386297,175.67117309570312,54686900
2023-08-10,AMZN,139.07000732421875,140.41000366210938,137.49000549316406,138.55999755859375,58928400
2023-08-10,GOOGL,130.2435507528464,130.9675625582551,128.38886922887625,128.6269073486328,20857800
2023-08-10,META,305.5422877592659,309.90802196268254,301.503970752123,303.3594055175781,14358900
2023-08-10,MSFT,319.1740366258562,321.3670201533067,314.4356732724542,316.14892578125,20113700
2023-08-11,AAPL,175.26597277471524,176.55090180538758,174.50488805624465,175.7305145263672,52036700
2023-08-11,AMZN,137.39999389648438,139.3300018310547,137.0,138.41000366210938,42905800
2023-08-11,GOOGL,127.60533894622364,128.86491747828384,127.11935017534717,128.49795532226562,19591100
2023-08-11,META,300.21410278081095,302.3473561535605,298.021288729232,299.2913513183594,14046300
2023-08-11,MSFT,313.5349750777225,315.63982195899507,312.50700575657817,314.26922607421875,24355500
2023-08-14,AAPL,175.90840396188517,177.60848075837384,175.2560457553654,177.3811492919922,43675600
2023-08-14,AMZN,138.3000030517578,140.58999633789062,137.75,140.57000732421875,47148700
2023-08-14,GOOGL,128.3293638886943,130.29312919834737,127.90289594820356,130.2534637451172,24695600
2023-08-14,META,298.63648342400137,303.8257415758813,295.9277291848271,303.805908203125,15641900
2023-08-14,MSFT,314.6412784517124,317.25519549333154,313.3587591141242,317.2356262207031,18836100
2023-08-15,AAPL,176.80786722765603,177.40090780634856,174.99906405268155,175.39442443847656,43622600
2023-08-15,AMZN,140.0500030517578,141.27999877929688,137.22999572753906,137.6699981689453,42781500
2023-08-15,GOOGL,130.0253428626258,130.3427118640274,128.22025464503122,128.71615600585938,19770700
2023-08-15,META,303.75625391993054,304.8377629959797,297.69381371938107,299.598876953125,11623600
2023-08-15,MSFT,316.21745534246327,318.2635647035866,314.161546406682,315.10137939453125,16966300
2023-08-16,AAPL,175.0781688700227,176.47182426987777,174.4554618287455,174.524658203125,46964900
2023-08-16,AMZN,137.19000244140625,137.27000427246094,135.00999450683594,135.07000732421875,41675900
2023-08-16,GOOGL,127.64501190185548,129.21206207522133,126.8218213636926,127.64501190185548,25216100
2023-08-16,META,297.862520891398,298.735643383371,291.9886033311289,291.99853515625,18547700
2023-08-16,MSFT,314.72857479436016,318.2800883607637,313.7475006460735,314.3361511230469,20698900
2023-08-17,AAPL,175.08804707675128,175.4537562487029,171.47044012349116,171.9844207763672,66062900
2023-08-17,AMZN,135.4600067138672,136.08999633789062,133.52999877929688,133.97999572753906,48354100
2023-08-17,GOOGL,128.7359842548602,130.90803443349202,128.23015522856085,128.85499572753906,33446300
2023-08-17,META,290.76825292476497,293.74489443682864,282.7313450661638,282.8702392578125,23950100
2023-08-17,MSFT,314.4734552303401,315.77827042233105,310.2253882210739,310.8827209472656,21257200
2023-08-18,AAPL,170.30407088404175,173.07163855529046,169.96801308135534,172.4687042236328,61172200
2023-08-18,AMZN,131.6199951171875,134.07000732421875,131.14999389648438,133.22000122070312,48497700
2023-08-18,GOOGL,127.45657242122108,128.19051194159474,125.34403518060336,126.4151840209961,30504800
2023-08-18,META,276.8574122643297,283.4655597310148,272.24362420262435,281.0445556640625,35347900
2023-08-18,MSFT,308.53805918730814,312.3544527359379,305.65369823641936,310.49041748046875,24755000
2023-08-21,AAPL,173.0420157807921,174.08973444525807,171.7274205434044,173.80308532714844,46311900
2023-08-21,AMZN,133.74000549316406,135.19000244140625,132.7100067138672,134.67999267578125,41442500
2023-08-21,GOOGL,126.13746322133102,127.6747528117732,125.52254284504184,127.31770324707033,25248700
2023-08-21,META,281.24294100791803,288.23803437738405,279.6553932823788,287.6427001953125,20181500
2023-08-21,MSFT,311.91289216820854,316.6612873829202,311.03975175794454,315.78814697265625,24040000
2023-08-22,AAPL,175.0089272735848,175.62174034186654,174.20831275998293,175.1769561767578,42038900
2023-08-22,AMZN,135.0800018310547,135.64999389648438,133.72999572753906,134.25,32905400
2023-08-22,GOOGL,127.45656155015928,129.21205659443743,127.2681317464859,128.0218963623047,22054900
2023-08-22,META,290.2721272656967,290.6194081423425,284.5172994925657,285.3606872558594,12980200
2023-08-22,MSFT,319.339590071102,319.90859982297314,315.37604268978373,316.35711669921875,16084600
2023-08-23,AAPL,176.45205395893973,179.44695366375947,176.264252478764,179.0219268798828,52722800
2023-08-23,AMZN,134.5,135.9499969482422,133.22000122070312,135.52000427246094,42801000
2023-08-23,GOOGL,129.11289189432017,132.31642609894942,128.80543542234216,131.28494262695312,27819700
2023-08-23,META,286.253587402413,295.08428126975525,285.43006354173065,291.9488830566406,18287000
2023-08-23,MSFT,317.69140993027924,322.96959317403787,317.3382076991705,320.81121826171875,21166400
2023-08-24,AAPL,178.57713623123834,179.0021629998802,173.97111355320405,174.3368377685547,54945800
2023-08-24,AMZN,136.39999389648438,136.77999877929688,131.8300018310547,131.83999633789062,43646300
2023-08-24,GOOGL,132.85197153912117,133.14951538235977,128.50788590918833,128.71615600585938,28500700
2023-08-24,META,296.17575192971134,297.1282684826556,284.40811347284574,284.5172424316406,18360900
2023-08-24,MSFT,326.55054687218063,326.6780913060097,313.9044863180203,313.914306640625,23281400
2023-08-25,AAPL,175.3252679389123,177.07475372946672,173.78334110152613,176.541015625,51449600
2023-08-25,AMZN,132.47000122070312,133.8699951171875,130.5800018310547,133.25999450683594,44147500
2023-08-25,GOOGL,128.47811371877063,129.68811421046675,126.20689221900474,128.81533813476562,26762900
2023-08-25,META,283.90210752516674,286.1445201506835,273.8807432156826,283.2770080566406,23701400
2023-08-25,MSFT,315.3859085389872,319.20227141780845,312.7664273820528,316.8673400878906,21684100
2023-08-28,AAPL,178.003859262239,178.49806733287568,176.48170504077262,178.1027069091797,43820700
2023-08-28,AMZN,133.77999877929688,133.9499969482422,131.85000610351562,133.13999938964844,34108400
2023-08-28,GOOGL,130.2335942154537,131.4535071500769,129.07318701417225,129.93605041503906,20543300
2023-08-28,META,285.75749618346293,289.1806449684755,283.5746143089688,287.9999084472656,14239300
2023-08-28,MSFT,319.49659681490056,319.9773135458313,315.63116244372804,317.5736999511719,14808500
2023-08-29,AAPL,177.61837000977968,182.7581307092116,177.4206898063463,181.98716735839844,53003900
2023-08-29,AMZN,133.3800048828125,135.13999938964844,133.25,134.91000366210938,38646100
2023-08-29,GOOGL,131.1560164514264,135.45052467736468,131.1560164514264,133.4669189453125,43075600
2023-08-29,META,286.3329750441115,296.8206796120224,285.93609567718016,295.6697082519531,20844500
2023-08-29,MSFT,315.7881368695037,322.7537689845137,315.7881368695037,322.1945495605469,19284600
2023-08-30,AAPL,182.7976884731864,185.67398314097,182.6000082560471,185.47628784179688,60813900
2023-08-30,AMZN,134.92999267578125,135.67999267578125,133.9199981689453,135.07000732421875,36137000
2023-08-30,GOOGL,133.67518514236738,135.16288939766932,132.97101360306888,134.76617431640625,28315800
2023-08-30,META,294.8561048281346,295.9673791248622,291.1452056759041,292.8022155761719,17717000
2023-08-30,MSFT,322.4496587032038,323.5680676815254,320.2716728612012,322.5673828125,15222100
2023-08-31,AAPL,185.664059053514,186.9292303353549,185.30822868786927,185.69371032714844,60794500
2023-08-31,AMZN,135.05999755859375,138.7899932861328,135.0,138.00999450683594,58781300
2023-08-31,GOOGL,134.8950799084139,136.8687727314443,134.6768821035077,135.05377197265625,30053800
2023-08-31,META,293.49676421952233,298.7555143501628,293.3578700641985,293.5860900878906,17229900
2023-08-31,MSFT,322.9696339885842,324.6472624633452,320.5954212849975,321.556884765625,26411000
2023-09-01,AAPL,187.29497110047916,187.7199827815663,186.09898099052413,187.26531982421875,45766500
2023-09-01,AMZN,139.4600067138672,139.9600067138672,136.8800048828125,138.1199951171875,40991500
2023-09-01,GOOGL,136.3332062668677,136.3332062668677,133.74460060567057,134.54795837402344,21543700
2023-09-01,META,297.03900536445764,299.39054694781646,292.17716437490265,294.0722961425781,12842300
2023-09-01,MSFT,325.03962896571977,325.70675210919285,320.5953648828727,322.4397888183594,14942000
2023-09-05,AAPL,186.09898389331408,187.77928826308653,185.4367469097816,187.5025329589844,45280000
2023-09-05,AMZN,137.72999572753906,137.8000030517578,135.82000732421875,137.27000427246094,40636700
2023-09-05,GOOGL,134.32977722585983,135.30173975827023,133.47682618982745,134.65707397460938,19403100
2023-09-05,META,294.70729361157686,299.0432927883047,293.2090715589828,297.8129272460937,14956000
2023-09-05,MSFT,322.77339871686183,328.51268854223,322.4398370951833,327.2372741699219,18553900
2023-09-06,AAPL,186.2175936548533,186.6623929808804,179.3678770840619,180.79119873046875,81755800
2023-09-06,AMZN,136.32000732421875,137.4499969482422,134.61000061035156,135.36000061035156,41785500
2023-09-06,GOOGL,134.9050132008134,135.41082715108524,132.5742707036897,133.35780334472656,18684500
2023-09-06,META,299.3607770852688,300.9383931826944,293.35789651003546,296.840576171875,15418100
2023-09-06,MSFT,327.0705236753987,328.13007064456224,323.9310742393436,326.5799865722656,17535800
2023-09-07,AAPL,173.15070839406067,176.14562276256126,171.5297067502884,175.50314331054688,112488800
2023-09-07,AMZN,133.89999389648438,138.02999877929688,133.16000366210938,137.85000610351562,48498900
2023-09-07,GOOGL,132.49492113945962,134.46861399155742,131.8601680068501,134.15122985839844,18844300
2023-09-07,META,295.6796250140112,304.65914513819365,289.9446321561456,296.34442138671875,33748700
2023-09-07,MSFT,325.0200859411969,326.7761872339446,322.8028486285546,323.66619873046875,18381000
2023-09-08,AAPL,176.2840107997074,178.15211655476327,175.7304851357375,176.115966796875,65551300
2023-09-08,AMZN,136.86000061035156,138.85000610351562,136.75,138.22999572753906,38348200
2023-09-08,GOOGL,133.80410329196144,135.53975798327252,133.74459755250976,135.26205444335938,23558300
2023-09-08,META,296.8901875518962,302.87323501269304,294.46918367681815,295.570556640625,17548000
2023-09-08,MSFT,323.84272127726,329.797847793835,323.22463985119003,327.943603515625,19530100
2023-09-11,AAPL,177.98410020535158,178.21143169284028,175.28571330476424,177.28231811523438,58953100
2023-09-11,AMZN,138.75,143.6199951171875,138.63999938964844,143.10000610351562,56764500
2023-09-11,GOOGL,135.42074803161276,136.35304508761172,134.676895929534,135.79763793945312,20763400
2023-09-11,META,299.063114388511,306.6337092437882,298.93412177158643,305.16522216796875,19489300
2023-09-11,MSFT,330.85739514094394,332.01508524670345,329.0816535480456,331.5441589355469,16583300
2023-09-12,AAPL,177.4108165912451,178.043402311121,172.79491507430097,174.2577667236328,90370200
2023-09-12,AMZN,142.32000732421875,143.0,140.61000061035156,141.22999572753906,42668500
2023-09-12,GOOGL,135.14304760406196,135.74804793318728,134.08182644991695,134.2305908203125,18405500
2023-09-12,META,303.94480875658803,306.2566836294878,297.89232942332416,299.3111877441406,13480400
2023-09-12,MSFT,329.464366041868,330.4160092741613,325.20650733511536,325.4909973144531,17565500
2023-09-13,AAPL,174.46530026870357,175.2461573436229,171.96460903055169,172.19195556640625,84267900
2023-09-13,AMZN,140.9499969482422,144.97999572753906,140.8699951171875,144.85000610351562,60465200
2023-09-13,GOOGL,133.9826247837674,135.7777852717878,133.05032781273377,135.58935546875,20749500
2023-09-13,META,300.00570342701496,304.78818046723666,298.97382303689284,302.6846923828125,13210900
2023-09-13,MSFT,325.0396960586879,330.4748555977099,324.90236123727334,329.6997985839844,16544400
2023-09-14,AAPL,171.9844348895405,174.06011513653888,171.56930185654795,173.70428466796875,60895800
2023-09-14,AMZN,145.0800018310547,145.86000061035156,142.9499969482422,144.72000122070312,64033600
2023-09-14,GOOGL,136.4720856086748,137.56305972256655,135.12323305423436,136.96798706054688,24751000
2023-09-14,META,304.3516116982113,310.4338863451406,302.65493479949475,309.2928466796875,19343100
2023-09-14,MSFT,332.73122972518746,334.40885782457457,330.20007206541044,332.2897644042969,20267000
2023-09-15,AAPL,174.43566940930015,174.45544195430384,171.806494041059,172.98269653320312,109259500
2023-09-15,AMZN,142.69000244140625,143.57000732421875,140.08999633789062,140.38999938964844,102909300
2023-09-15,GOOGL,136.84894433199983,137.3845263119322,135.36124015129133,136.27369689941406,38919600
2023-09-15,META,309.18365018768327,309.5706280070703,296.4237984522829,297.9716491699219,28131100
2023-09-15,MSFT,330.5434840282613,331.01438041340634,323.41105648154235,323.97027587890625,37679800
2023-09-18,AAPL,174.4356561798522,177.30207170667876,174.12924962468128,175.9084014892578,67257600
2023-09-18,AMZN,140.47999572753906,141.75,139.22000122070312,139.97999572753906,42823500
2023-09-18,GOOGL,135.49015144003303,138.019251052884,135.49015144003303,137.07704162597656,21861300
2023-09-18,META,295.8681770868444,301.23605631967,295.4811992467907,300.1942138671875,14234200
2023-09-18,MSFT,321.59608191122635,324.1468805902184,320.1833327948617,322.8322448730469,16834200
2023-09-19,AAPL,175.4636488877364,177.54920768301113,175.07816717117066,176.99569702148438,51826900
2023-09-19,AMZN,138.6999969482422,138.83999633789062,135.55999755859375,137.6300048828125,61482500
2023-09-19,GOOGL,136.2935192027612,137.2754092805613,135.50007405103756,136.90843200683594,20353700
2023-09-19,META,300.1247810021013,303.78605161305194,297.47555736362534,302.6946105957031,15924400
2023-09-19,MSFT,319.9969783891352,323.15603844559445,318.36839165791633,322.4300231933594,16505900
2023-09-20,AAPL,177.18347129792434,177.61837681135137,173.36818440563272,173.4571533203125,58436200
2023-09-20,AMZN,138.5500030517578,139.3699951171875,135.1999969482422,135.2899932861328,46263700
2023-09-20,GOOGL,136.94811189062173,136.94811189062173,132.5246654075392,132.64369201660156,29927500
2023-09-20,META,302.67472271647927,305.66129510671567,297.0984875686937,297.3366394042969,19379500
2023-09-20,MSFT,323.27370381191565,323.35217655843377,314.4440377985017,314.6990966796875,21436500
2023-09-21,AAPL,172.52805046683002,174.25777881422758,171.84604087673063,171.91522216796875,63149100
2023-09-21,AMZN,131.94000244140625,132.24000549316406,129.30999755859375,129.3300018310547,70343300
2023-09-21,GOOGL,130.3625454686309,131.14606291971518,129.00378065244968,129.37074279785156,31503900
2023-09-21,META,293.39757244980257,297.92206402517564,290.9864703987509,293.4273376464844,21319600
2023-09-21,MSFT,313.2176952609193,319.19243233651446,309.03831043424583,313.4825744628906,35560400
2023-09-22,AAPL,172.6466384244914,175.0287248458324,172.03382526857388,172.76524353027344,56725400
2023-09-22,AMZN,131.11000061035156,132.02999877929688,128.52000427246094,129.1199951171875,59904300
2023-09-22,GOOGL,129.68812598105728,130.94771974828387,128.5376462586181,129.18231201171875,26397300
2023-09-22,META,296.9695088993633,303.00218435179124,295.94753013514656,296.751220703125,25369600
2023-09-22,MSFT,315.23883478155665,315.36637924452054,310.1666669376181,311.0104064941406,21447900
2023-09-25,AAPL,172.18207147695253,174.91998813589507,172.13264765845275,174.04029846191406,46172700
2023-09-25,AMZN,129.36000061035156,131.77999877929688,128.77000427246094,131.27000427246094,46017800
2023-09-25,GOOGL,128.76574160428865,130.0947535411447,127.90287812992364,130.03524780273438,20094600
2023-09-25,META,293.33807902616303,298.6067314625518,291.4131819849256,298.4876403808594,18987000
2023-09-25,MSFT,310.5983019329907,311.65787891913794,309.0383974245064,311.53033447265625,17836000
2023-09-26,AAPL,172.79493440563715,173.17052232124786,169.6715354659317,169.9680633544922,64588900
2023-09-26,AMZN,130.1199951171875,130.38999938964844,125.27999877929688,125.9800033569336,73048200
2023-09-26,GOOGL,128.70626610077014,129.2914261775441,126.17716568825698,127.51610565185548,25718700
2023-09-26,META,295.3423364379203,297.9617648857279,293.7051898730457,296.6322021484375,19417200
2023-09-26,MSFT,309.1658848784398,309.9016904509528,304.15258067558153,306.23248291015625,26297600
2023-09-27,AAPL,170.62039864934732,171.03553164114703,167.0917606780329,168.4557647705078,66921800
2023-09-27,AMZN,125.76000213623048,127.4800033569336,124.12999725341795,125.9800033569336,66553400
2023-09-27,GOOGL,127.5161024517244,129.8269898246319,127.5161024517244,129.46994018554688,22746500
2023-09-27,META,298.1106127734607,298.9539701789239,284.5569702480841,295.42169189453125,36429800
2023-09-27,MSFT,306.3894924906997,308.351641094393,303.8289029340856,306.8702392578125,19410100
2023-09-28,AAPL,167.37840061261642,170.03724268196555,165.6783234920371,168.7127685546875,56294400
2023-09-28,AMZN,124.04000091552734,126.58000183105467,123.04000091552734,125.9800033569336,54555000
2023-09-28,GOOGL,128.77564913871086,132.2072928784644,128.72605598074225,131.22540283203125,22513100
2023-09-28,META,296.61232993196177,303.9447725402208,294.38978120306416,301.5932312011719,22167100
2023-09-28,MSFT,305.1042614505791,309.50930504825243,303.59342871178666,307.7041320800781,19683600
2023-09-29,AAPL,170.0273449898337,171.06518493104676,168.36679806748614,169.2267303466797,51861100
2023-09-29,AMZN,128.1999969482422,129.14999389648438,126.31999969482422,127.12000274658205,62411700
2023-09-29,GOOGL,132.1874685646927,132.9511609153293,129.29140636705122,129.7873077392578,30859800
2023-09-29,META,304.98662136210095,308.22124738927045,297.0290489070334,297.8724365234375,25373700
2023-09-29,MSFT,311.7362875557097,313.4237361635249,309.01872314440465,309.7741394042969,24147300
2023-10-02,AAPL,169.2365980179806,172.28092127496365,168.94994891630552,171.73728942871094,52164500
2023-10-02,AMZN,127.27999877929688,130.47000122070312,126.54000091552734,129.4600067138672,48029700
2023-10-02,GOOGL,130.1344474612235,133.31812586216128,130.09476687574428,133.07017517089844,22288000
2023-10-02,META,300.3827511018216,304.78818213594394,299.28140848326984,304.4309997558594,16265600
2023-10-02,MSFT,310.29410713051254,315.79794825806266,309.21491966040423,315.7096252441406,20570000
2023-10-03,AAPL,170.2645306917589,171.61867083541966,168.84122435442626,170.4029083251953,49594600
2023-10-03,AMZN,128.05999755859375,128.52000427246094,124.25,124.72000122070312,51565000
2023-10-03,GOOGL,132.8420531161101,133.1594221035501,130.75926143877368,131.34442138671875,22989400
2023-10-03,META,301.89092774805414,304.38136336068993,297.30690563751256,298.5967712402344,17362300
2023-10-03,MSFT,314.7580581543042,315.3074873135017,305.32012806899473,307.4588928222656,21033500
2023-10-04,AAPL,169.10812432832188,172.19199313339385,168.98951921036945,171.6483612060547,53020300
2023-10-04,AMZN,126.05999755859376,127.36000061035156,125.68000030517578,127.0,44203900
2023-10-04,GOOGL,131.70149484137792,134.45872070934675,131.44363154646038,134.1314239501953,26752300
2023-10-04,META,296.4039835330329,304.51035179503504,296.1757635012426,303.2006225585937,16880500
2023-10-04,MSFT,308.086742575961,313.9830083427308,308.0573115463436,312.9234313964844,20720100
2023-10-05,AAPL,171.7767987357052,173.41757280776133,170.6796564443942,172.8838348388672,48527900
2023-10-05,AMZN,126.70999908447266,126.7300033569336,124.33000183105467,125.95999908447266,39660600
2023-10-05,GOOGL,133.96278381347656,134.3793390874644,132.35605331814455,133.96278381347656,19832600
2023-10-05,META,302.25805126327083,303.8257355185984,297.1679903566098,302.41680908203125,19130000
2023-10-05,MSFT,313.0508861901558,313.92405638543994,308.94018390404534,313.3157653808594,16965600
2023-10-06,AAPL,171.78670253501804,175.9281679572511,171.173874363808,175.4339599609375,57266700
2023-10-06,AMZN,124.16000366210938,128.4499969482422,124.12999725341795,127.95999908447266,46836700
2023-10-06,GOOGL,132.91148163496393,137.02747214489506,132.91148163496393,136.4522247314453,27597600
2023-10-06,META,299.0929081606846,313.8471214300376,298.5670360967991,312.9739685058594,21803900
2023-10-06,MSFT,310.5589896881692,322.9597804960645,310.31372116687385,321.0663146972656,25673600
2023-10-09,AAPL,174.76185568517045,176.9759132731787,173.76356081110382,176.91661071777344,42390800
2023-10-09,AMZN,126.22000122070312,128.7899932861328,124.76000213623048,128.25999450683594,38773700
2023-10-09,GOOGL,135.8174754746164,137.8010810398745,134.49837595767465,137.28533935546875,19278100
2023-10-09,META,310.066746421115,317.8357654962619,309.392048448092,315.881103515625,22503700
2023-10-09,MSFT,318.60385781984473,324.0488078481523,317.063564085275,323.5779113769531,19891200
2023-10-10,AAPL,176.03691333055846,177.6381425852869,175.88864186643335,176.32354736328125,43698000
2023-10-10,AMZN,128.82000732421875,130.74000549316406,128.0500030517578,129.47999572753906,42178600
2023-10-10,GOOGL,137.36466401043336,138.5746644275756,136.20425675144423,136.9282684326172,27786600
2023-10-10,META,316.63516248463407,322.1320336698553,315.68264601743215,319.333984375,19038000
2023-10-10,MSFT,324.69629510828605,324.8336598616772,321.4685826836827,322.1749572753906,20557100
2023-10-11,AAPL,176.13575227199846,177.76664794425923,175.54271164011269,177.71722412109375,47551100
2023-10-11,AMZN,129.74000549316406,132.0500030517578,129.61000061035156,131.8300018310547,40741800
2023-10-11,GOOGL,137.44405047915075,139.9533106562274,137.44405047915075,139.3979034423828,25884300
2023-10-11,META,320.49497139971857,326.2795642087612,320.435440997427,325.2675170898437,22036300
2023-10-11,MSFT,324.94160171688293,326.5211468658979,322.91080072530764,326.12872314453125,20063200
2023-10-12,AAPL,177.98411345020415,180.2278073787141,176.96603088257305,178.61669921875,56743100
2023-10-12,AMZN,132.1699981689453,134.47999572753906,131.22999572753906,132.3300018310547,55528600
2023-10-12,GOOGL,139.89379277540957,140.06239744116,137.12665439341535,137.83084106445312,24765500
2023-10-12,META,325.446021422368,327.9662521398181,320.1773702662497,321.63592529296875,20530500
2023-10-12,MSFT,324.313686937738,327.3157714229003,322.4986937835042,324.8925170898437,19313100
2023-10-13,AAPL,179.31843486264313,179.82252160984507,176.07643148158712,176.77821350097656,51427100
2023-10-13,AMZN,132.97999572753906,133.30999755859375,128.9499969482422,129.7899932861328,45786600
2023-10-13,GOOGL,138.23748528968676,138.85239821040267,135.50009975367846,136.23403930664062,23420500
2023-10-13,META,321.0108805983314,322.5190344437851,309.93777264367094,312.2397155761719,21341000
2023-10-13,MSFT,326.0894240178062,327.5119635418574,320.1833385954494,321.5274353027344,21072400
2023-10-16,AAPL,174.7025383958498,177.00554962273654,174.46531311220224,176.64971923828125,52517000
2023-10-16,AMZN,130.69000244140625,133.07000732421875,130.42999267578125,132.5500030517578,42832900
2023-10-16,GOOGL,137.03739334313434,138.4854321140924,136.85887610034075,137.95977783203125,28501900
2023-10-16,META,316.15894806212225,319.3141799633307,313.0632162730603,318.6493835449219,16536100
2023-10-16,MSFT,324.784609097418,329.77830323276595,324.34314366168616,326.34454345703125,22158000
2023-10-17,AAPL,174.60370757241088,176.3532083879715,172.77514673671925,175.09791564941406,57549400
2023-10-17,AMZN,130.38999938964844,132.5800018310547,128.7100067138672,131.47000122070312,49344600
2023-10-17,GOOGL,137.49363032645,138.75320901659043,136.05550412475992,138.57469177246094,23515800
2023-10-17,META,315.7025429737858,321.87411330466125,314.8293900863371,321.47723388671875,16387800
2023-10-17,MSFT,323.3521975217721,327.148949363288,321.21346324546664,325.77545166015625,18338500
2023-10-18,AAPL,173.54610256783715,175.52293478970745,173.08154578913502,173.80308532714844,54764400
2023-10-18,AMZN,129.89999389648438,130.6699981689453,127.51000213623048,128.1300048828125,42699500
2023-10-18,GOOGL,138.30689326315832,139.56648701861894,136.25386939858822,136.82911682128906,23375000
2023-10-18,META,318.8875506594912,323.4021105297396,313.1029282837248,314.501953125,16851000
2023-10-18,MSFT,326.1973269355328,329.2386627175147,322.0866239478229,323.86236572265625,23153600
2023-10-19,AAPL,174.0007735918687,175.77992569036093,173.16062890788183,173.42750549316406,59302900
2023-10-19,AMZN,130.57000732421875,132.24000549316406,127.47000122070312,128.39999389648438,60961400
2023-10-19,GOOGL,137.36470178510663,138.5151967823289,136.25388737880166,136.620849609375,26066000
2023-10-19,META,317.3893483300357,319.38370771452566,309.3226454655626,310.3743896484375,18709200
2023-10-19,MSFT,325.86374730098373,330.50423844384994,324.6472250314816,325.0494689941406,25052100
2023-10-20,AAPL,173.27923973046956,173.3879661145723,170.64017031492207,170.8773956298828,64244000
2023-10-20,AMZN,128.0500030517578,128.1699981689453,124.97000122070312,125.16999816894533,56406400
2023-10-20,GOOGL,136.2042789444492,136.73984579212933,133.97272266731449,134.48846435546875,26335700
2023-10-20,META,311.6940081053693,312.8449492839968,304.08371614626304,306.2467346191406,22312300
2023-10-20,MSFT,325.441961975503,325.638188807879,319.2906370066579,320.487548828125,25027700
2023-10-23,AAPL,168.93020088937016,171.99428177951037,167.96154224302492,170.99598693847656,55980100
2023-10-23,AMZN,124.62999725341795,127.87999725341795,123.9800033569336,126.55999755859376,48260000
2023-10-23,GOOGL,133.9330343496389,136.53156779993722,132.85197300320976,135.38107299804688,26317900
2023-10-23,META,307.090139491986,314.8889246228949,304.8675904983353,311.5650329589844,17796800
2023-10-23,MSFT,319.3102300618242,326.432838535165,318.2506830695963,323.0873718261719,24374700
2023-10-24,AAPL,171.04542648826694,171.6582397062376,169.46395453488128,171.430908203125,43816600
2023-10-24,AMZN,127.73999786376952,128.8000030517578,126.33999633789062,128.55999755859375,46477400
2023-10-24,GOOGL,136.70017196237376,138.21762892713875,136.2935292113691,137.67213439941406,44814300
2023-10-24,META,314.31340722600686,315.871189767034,308.21129994817363,310.1163330078125,19525500
2023-10-24,MSFT,325.02986091343166,325.5596493490343,321.3999044443215,324.2744445800781,31153600
2023-10-25,AAPL,169.88894421827058,171.05526784044204,168.67318169844384,169.11798095703125,57157000
2023-10-25,AMZN,126.04000091552734,126.33999633789062,120.79000091552734,121.38999938964844,74577500
2023-10-25,GOOGL,127.10943743152842,127.25820178277296,124.04476315937148,124.58033752441406,84366200
2023-10-25,META,307.5862320515774,308.4593849099364,296.5131240641257,297.19775390625,42192500
2023-10-25,MSFT,338.4901826566504,339.6478728745452,331.2302401447983,334.2225341796875,55053800
2023-10-26,AAPL,168.3964558542296,169.39476582537458,163.75090293239452,164.95677185058594,70625300
2023-10-26,AMZN,120.62999725341795,121.63999938964844,118.3499984741211,119.56999969482422,100419500
2023-10-26,GOOGL,122.25952391827924,123.31083999813282,120.27591838168972,121.27764129638672,57061100
2023-10-26,META,292.703011741462,292.703011741462,277.22447353914265,286.10479736328125,66684100
2023-10-26,MSFT,334.0949997460641,335.1643669777935,320.75238530520863,321.6844177246094,37828500
2023-10-27,AAPL,164.97655472973753,167.00281099505466,164.89747962237493,166.27137756347656,58499100
2023-10-27,AMZN,126.1999969482422,130.02000427246094,125.5199966430664,127.73999786376952,125309300
2023-10-27,GOOGL,121.87272000373476,122.29919549173574,119.22460845972752,121.16854095458984,44566500
2023-10-27,META,292.1870750395305,296.9794534570117,290.6888227974808,294.4195556640625,29596300
2023-10-27,MSFT,324.176284790296,330.3472488268226,322.1847057055033,323.5680236816406,29856500
2023-10-30,AAPL,167.06207484672964,169.1871631923404,166.91380339901636,168.31735229492188,51131000
2023-10-30,AMZN,129.72000122070312,133.0,128.55999755859375,132.7100067138672,72485500
2023-10-30,GOOGL,122.20002007986204,124.37207059770444,121.74379170735196,123.43977355957033,28940100
2023-10-30,META,296.7611050692193,306.99082290068003,296.7214080544459,300.3033142089844,28435100
2023-10-30,MSFT,327.09993377177346,333.02562998161824,325.54981985866505,330.9261169433594,22828100
2023-10-31,AAPL,167.38826013413149,168.92029290970513,165.9550448299652,168.79180908203125,44846000
2023-10-31,AMZN,132.75,133.57000732421875,131.7100067138672,133.08999633789062,51589400
2023-10-31,GOOGL,124.03485157297696,124.34231557609246,121.68428385885797,123.0628890991211,26292300
2023-10-31,META,300.9483186528854,301.31543285724274,294.5485285219265,298.9241943359375,19434200
2023-10-31,MSFT,332.4369832511366,332.5841383863149,328.355711175483,331.7109680175781,20265300
2023-11-01,AAPL,169.01913054110156,172.21170989502042,168.1493196629443,171.95472717285156,56934900
2023-11-01,AMZN,133.9600067138672,137.35000610351562,133.7100067138672,137.0,61529400
2023-11-01,GOOGL,123.0529643757322,125.45312516564948,122.7058349336953,125.4134521484375,30082400
2023-11-01,META,299.4996485301172,310.3048377093164,299.4996485301172,309.4217834472656,20434600
2023-11-01,MSFT,333.3592104526516,340.84481138122624,333.22184569359115,339.5203552246094,28158800
2023-11-02,AAPL,173.4868054165182,175.7206204672586,173.42750286114074,175.5130615234375,77334800
2023-11-02,AMZN,138.72999572753906,138.80999755859375,136.47000122070312,138.07000732421875,52236700
2023-11-02,GOOGL,127.36730020942196,127.92270729693898,125.88951631336192,126.4449234008789,27124600
2023-11-02,META,314.8293584584188,316.3375424870294,305.92920138835984,308.4494323730469,21631800
2023-11-02,MSFT,340.66814542171755,342.2280495770279,338.24489130724083,341.72772216796875,24348100
2023-11-03,AAPL,172.2216424329047,174.77175801380423,171.34195262679097,174.6037139892578,79829200
2023-11-03,AMZN,138.99000549316406,139.49000549316406,137.4499969482422,138.60000610351562,44059800
2023-11-03,GOOGL,126.970599202535,128.4682159884043,126.81190712180836,128.041748046875,26393100
2023-11-03,META,310.1163953056302,313.0930365542395,308.59830948003787,312.15045166015625,16764300
2023-11-03,MSFT,343.0129972120425,347.68292025544054,340.7565084572868,346.1229858398437,23637700
2023-11-06,AAPL,174.33684685023218,177.35150406781844,174.16881791314302,177.15382385253906,63841300
2023-11-06,AMZN,138.75999450683594,140.72999572753906,138.36000061035156,139.74000549316406,44970400
2023-11-06,GOOGL,127.9921517032279,129.2715706297709,127.61526180428386,129.18231201171875,19052700
2023-11-06,META,313.5196859262533,315.8513638236548,312.0016002243908,313.341064453125,12887700
2023-11-06,MSFT,346.7606838240873,350.7732736613575,346.66257041725754,349.7823791503906,23828300
2023-11-07,AAPL,177.10437340755996,180.32661925220768,176.89681449142668,179.71380615234375,70530000
2023-11-07,AMZN,140.5500030517578,143.3699951171875,140.5,142.7100067138672,53553500
2023-11-07,GOOGL,129.63854481279463,130.8287050924927,128.8153467097953,129.8964080810547,29757300
2023-11-07,META,314.59124926347897,318.50057336518654,312.6663524101526,316.3375549316406,14055600
2023-11-07,MSFT,352.59810729381,355.60019234057427,350.8616165126462,353.70672607421875,25833900
2023-11-08,AAPL,180.23768527185777,181.32493395317235,179.4864793691692,180.77142333984372,49340300
2023-11-08,AMZN,142.97000122070312,143.1199951171875,141.22000122070312,142.0800018310547,44521700
2023-11-08,GOOGL,129.89641375169958,131.1262546701782,129.70796879855988,130.75927734375,26425800
2023-11-08,META,315.66285499199586,318.8279885761275,312.4282289074521,317.2900695800781,13609700
2023-11-08,MSFT,354.8348894957631,356.9834442680157,353.7262709217689,356.3261413574219,26767800
2023-11-09,AAPL,180.8406289798602,181.98718027395728,179.70394133589065,180.2969970703125,53763500
2023-11-09,AMZN,142.02000427246094,142.64999389648438,139.83999633789062,140.60000610351562,36235400
2023-11-09,GOOGL,130.8782957156304,131.46345569784398,129.0037891497348,129.17239379882812,23747800
2023-11-09,META,316.9329011458724,321.6558175852299,316.3177032404489,318.0540771484375,16103100
2023-11-09,MSFT,355.4431318616368,357.8860267120237,353.53984572631765,353.8636169433594,24847300
2023-11-10,AAPL,182.07846664625703,184.65174012268164,181.6429882023789,184.4834747314453,66133400
2023-11-10,AMZN,140.4600067138672,143.64999389648438,139.91000366210938,143.55999755859375,49287800
2023-11-10,GOOGL,129.0335338225466,131.71139801314916,128.34918755672095,131.50311279296875,26913300
2023-11-10,META,317.4488791718297,326.5375610295446,316.97260565667915,326.2101135253906,19096200
2023-11-10,MSFT,354.6484666487655,363.0955302142946,354.23643229337705,362.6736755371094,28042100
2023-11-13,AAPL,183.9094496896321,184.1172820619318,182.31600272709323,182.89993286132807,43627500
2023-11-13,AMZN,142.0800018310547,143.22999572753906,140.6699981689453,142.58999633789062,35680600
2023-11-13,GOOGL,130.69977620897475,131.50313408284546,130.17412191783197,131.00723266601562,18324800
2023-11-13,META,323.66012177465035,329.74236633406514,323.16401492354265,326.6268310546875,16908900
2023-11-13,MSFT,361.2511581241037,361.49642668428953,358.97505869997684,359.74029541015625,19986500
2023-11-14,AAPL,185.7701081675421,186.17589626502485,184.38450869065176,185.5127868652344,60108400
2023-11-14,AMZN,145.0,147.25999450683594,144.67999267578125,145.8000030517578,56674600
2023-11-14,GOOGL,133.0899929477425,134.58760942147106,132.22712953091224,132.524658203125,32395200
2023-11-14,META,331.9351380866725,335.46741599370006,330.7345378585308,333.6913452148437,17179400
2023-11-14,MSFT,363.9883443604661,364.9105564931209,360.3976092367264,363.2623291015625,27683900
2023-11-15,AAPL,185.9185913616288,187.55162053928348,185.84930383072196,186.07693481445312,53790500
2023-11-15,AMZN,147.05999755859375,147.2899932861328,142.58999633789062,143.1999969482422,63875700
2023-11-15,GOOGL,133.76443017621472,133.92312224608222,132.4750987262402,133.5164794921875,23861500
2023-11-15,META,335.29880306180473,335.765144760248,327.4503882492599,330.11944580078125,14531200
2023-11-15,MSFT,364.9925415414589,366.8112186363993,360.89314538692616,363.4098205566406,26860100
2023-11-16,AAPL,187.62088524737388,188.99659293267837,186.71033121940587,187.7594451904297,54412900
2023-11-16,AMZN,140.91000366210938,143.32000732421875,139.52000427246094,142.8300018310547,49653500
2023-11-16,GOOGL,134.08182888951592,136.09518745195533,133.21896525810195,135.80755615234375,28013200
2023-11-16,META,326.8053532872348,331.9747771064704,323.83864463327063,331.5878295898437,18932600
2023-11-16,MSFT,364.6779209606421,369.97665770103697,363.911131172692,369.7997131347656,27182300
2023-11-17,AAPL,188.29390964052357,188.42257785422723,186.63119011836693,187.7396697998047,50922700
2023-11-17,AMZN,142.66000366210938,145.22999572753906,142.5399932861328,145.17999267578125,49636700
2023-11-17,GOOGL,134.88516720728182,134.94467294789172,132.5544248086727,134.20082092285156,37240600
2023-11-17,META,327.6885243942522,332.8877147805215,326.7856062436665,332.4313049316406,14494400
2023-11-17,MSFT,367.2830363259732,368.03017560302834,360.7849886688486,363.5867309570313,40157000
2023-11-20,AAPL,187.9376243703497,189.93685974559065,187.92773262314063,189.4815826416016,46505100
2023-11-20,AMZN,145.1300048828125,146.6300048828125,144.72999572753906,146.1300048828125,41951200
2023-11-20,GOOGL,132.59412016100978,135.53977571897755,132.524686700092,135.1331329345703,27815500
2023-11-20,META,332.2824138935604,339.2080451684162,331.5878522890542,337.3228454589844,16960500
2023-11-20,MSFT,364.9335195928064,372.45396350296016,364.7172440162698,371.0481872558594,52465100
2023-11-21,AAPL,189.441988462836,189.55085808280583,187.78916067013205,188.67990112304688,38134500
2023-11-21,AMZN,143.91000366210938,144.0500030517578,141.5,143.89999389648438,71226000
2023-11-21,GOOGL,135.17278005589571,136.05548383220494,134.8454984904721,135.8472137451172,22635300
2023-11-21,META,335.6956348737611,337.2534175899777,333.28456294277595,334.3561706542969,12027900
2023-11-21,MSFT,369.30817317536815,369.8488471174716,364.8352078331243,366.752197265625,28423100
2023-11-22,AAPL,189.52117473642568,190.9463564933125,188.8679569924961,189.343017578125,39617700
2023-11-22,AMZN,144.57000732421875,147.74000549316406,144.57000732421875,146.7100067138672,45669100
2023-11-22,GOOGL,136.34312381394363,138.2771361292862,136.34312381394363,137.35476684570312,17813900
2023-11-22,META,336.5687782957013,340.2499126792458,335.9436788615161,338.8310241699219,10702700
2023-11-22,MSFT,371.598747765699,373.3584433577172,368.6200605907828,371.4512939453125,23345300
2023-11-24,AAPL,188.9075250877743,188.93721542830764,187.3041862913633,188.01678466796875,24048300
2023-11-24,AMZN,146.6999969482422,147.1999969482422,145.32000732421875,146.74000549316406,22378400
2023-11-24,GOOGL,136.8985310833705,136.99771741092056,134.87526015124462,135.56951904296875,12514300
2023-11-24,META,337.4816354360319,339.1981456805994,334.1477818085071,335.596435546875,5467500
2023-11-24,MSFT,370.9400175476793,371.569193741914,368.7871321350111,371.038330078125,10176600
2023-11-27,AAPL,187.9673065232965,188.70959528304604,186.957789581504,187.8386383056641,40552600
2023-11-27,AMZN,147.52999877929688,149.25999450683594,146.8800048828125,147.72999572753906,53762400
2023-11-27,GOOGL,134.914934431914,137.28534253189412,134.88518155844346,135.2918243408203,23436500
2023-11-27,META,333.5623899828544,337.253426109188,331.59782626203656,332.09393310546875,15684500
2023-11-27,MSFT,370.39942857640807,374.1940771162927,369.8292637703006,372.1984252929688,22179200
2023-11-28,AAPL,187.8287622192218,189.11539919710927,187.45266438364885,188.4423828125,38415400
2023-11-28,AMZN,146.97999572753906,147.60000610351562,145.52999877929688,147.02999877929688,42711700
2023-11-28,GOOGL,134.96450328347996,136.12491054089853,134.30990991764168,136.0753173828125,18730000
2023-11-28,META,330.8040537479839,336.73750279402384,330.8040537479839,336.3505249023437,12637200
2023-11-28,MSFT,371.94283633917263,376.51408489452496,371.7560514949069,376.21917724609375,20453100
2023-11-29,AAPL,188.9371954713077,190.11496252773424,187.02704662321503,187.4229278564453,43014200
2023-11-29,AMZN,147.85000610351562,148.5399932861328,145.97000122070312,146.32000732421875,40610900
2023-11-29,GOOGL,136.4422906284374,137.15637457576435,133.73465864047404,133.88343811035156,23967200
2023-11-29,META,337.04504303961954,337.2533994189833,328.20441615571,329.6133728027344,16024500
2023-11-29,MSFT,377.261118974004,377.7919525930189,371.0481395744182,372.4342651367188,28963400
2023-11-30,AAPL,187.888109148078,188.36318478193425,186.2550800746654,187.9969787597656,48794400
2023-11-30,AMZN,144.75999450683594,146.92999267578125,144.3300018310547,146.08999633789062,65814000
2023-11-30,GOOGL,133.94296597089948,134.43886735166274,130.2038653225059,131.44361877441406,38988300
2023-11-30,META,329.305804972317,330.9032544248157,319.88967678227107,324.6026916503906,23146400
2023-11-30,MSFT,372.0804464632099,373.6533572420955,369.11159949363696,372.4933471679688,30554400
2023-12-01,AAPL,188.37308016671423,189.5904294104457,187.2843840288066,189.2737274169922,45704800
2023-12-01,AMZN,146.0,147.25,145.5500030517578,147.02999877929688,39951800
2023-12-01,GOOGL,130.77911376953125,131.02706446186437,129.5988660526321,130.77911376953125,31442300
2023-12-01,META,322.9457277162317,324.314957194441,318.26247781580844,322.2908630371094,15276400
2023-12-01,MSFT,370.37971321362784,371.7559987121957,365.0219950218624,368.1678161621094,33040500
2023-12-04,AAPL,188.02667840765253,188.09596593756663,185.52269231677565,187.4823303222656,43389500
2023-12-04,AMZN,145.25,145.35000610351562,142.80999755859375,144.83999633789062,48294200
2023-12-04,GOOGL,128.8153273436033,128.9640916810593,126.85155485379651,128.2103271484375,36669900
2023-12-04,META,314.8195348980479,318.3617152617396,311.2177938469335,317.5282592773437,19037100
2023-12-04,MSFT,362.84946292716745,363.2623336149724,356.7544451480774,362.8887939453125,32063300
2023-12-05,AAPL,188.25433276481263,192.40123993854132,188.22462732075607,191.4313201904297,66628400
2023-12-05,AMZN,143.5500030517578,148.57000732421875,143.1300048828125,146.8800048828125,46822400
2023-12-05,GOOGL,127.8929584712312,131.05681158807658,127.19869958988002,129.91624450683594,27384800
2023-12-05,META,316.4963364172633,319.3737500866392,312.9342928735929,315.81170654296875,16952100
2023-12-05,MSFT,360.2443330697854,366.76203156592914,359.4283719754838,366.2115173339844,23065000
2023-12-06,AAPL,192.4507413057332,192.75755159573396,190.1348038567878,190.3426513671875,41089700
2023-12-06,AMZN,147.5800018310547,147.85000610351562,144.27999877929688,144.52000427246094,39679000
2023-12-06,GOOGL,130.3625665785439,130.75928165761354,128.81535658297804,128.95420837402344,23576200
2023-12-06,META,319.4232769230243,319.74079250239515,314.5713687730627,314.9781799316406,11294300
2023-12-06,MSFT,367.2142547508921,367.8434010010659,361.7975548433351,362.5545043945313,21182100
2023-12-07,AAPL,191.63916388460837,192.99507315570867,191.5995666945876,192.2725830078125,47477700
2023-12-07,AMZN,146.14999389648438,147.9199981689453,145.33999633789062,146.8800048828125,52352800
2023-12-07,GOOGL,133.93304938270325,137.42419963070353,133.59584004786453,135.80755615234375,56767100
2023-12-07,META,315.29569659562253,325.6841739294483,315.29569659562253,324.0470275878906,15905100
2023-12-07,MSFT,361.9941519618629,365.15962347811006,360.11649360898355,364.6680908203125,23118900
2023-12-08,AAPL,192.20330005396383,193.9749043529612,191.67875053796885,193.69778442382807,53406400
2023-12-08,AMZN,145.47999572753906,147.83999633789062,145.39999389648438,147.4199981689453,41906000
2023-12-08,GOOGL,133.09990558330048,135.2818682714779,132.93130095773793,133.88343811035156,32260100
2023-12-08,META,320.5743303870982,330.5758617421196,320.4850347849948,330.1591186523437,14087400
2023-12-08,MSFT,362.9477302195792,368.11863343182006,361.994155653696,367.8925476074219,20154400
2023-12-11,AAPL,191.12451418849048,191.5006120000344,189.4518877342921,191.19378662109372,60943700
2023-12-11,AMZN,145.66000366210938,146.19000244140625,143.63999938964844,145.88999938964844,50907300
2023-12-11,GOOGL,131.29485865478858,132.24698086173262,130.28321556791462,132.1973876953125,31138000
2023-12-11,META,326.8351996970143,327.3214050196853,317.5083966027991,322.7472839355469,25802500
2023-12-11,MSFT,362.239924558734,365.3070835963392,359.90022426700926,365.01214599609375,27708800
2023-12-12,AAPL,191.09482308550776,192.7179605945877,189.7488055095461,192.70806884765625,52696900
2023-12-12,AMZN,145.52000427246094,147.5,145.3000030517578,147.47999572753906,44944300
2023-12-12,GOOGL,130.72952914922644,131.9097769432704,130.18403456369643,131.4337158203125,29032800
2023-12-12,META,322.07255485448627,331.86569867463805,322.0328578303436,331.6176452636719,18485500
2023-12-12,MSFT,364.5697890781994,368.079339558926,364.1863791933993,368.0400085449219,24838300
2023-12-13,AAPL,193.0841501529296,195.96423418895137,192.8466274130704,195.92465209960935,70404200
2023-12-13,AMZN,148.1199951171875,149.4600067138672,146.82000732421875,148.83999633789062,52766200
2023-12-13,GOOGL,132.28666474618618,132.40567624159368,130.49150406647652,131.48330688476562,30104800
2023-12-13,META,331.32988483456126,335.7353157028349,330.04995107415203,332.1335754394531,16353300
2023-12-13,MSFT,369.6522337632604,371.2448248811306,364.4911405130115,368.0301818847656,30955500
2023-12-14,AAPL,195.9840185786185,197.56755876987648,194.14314196862804,196.07308959960935,66831600
2023-12-14,AMZN,149.92999267578125,150.5399932861328,145.52000427246094,147.4199981689453,58400800
2023-12-14,GOOGL,132.28665787823817,132.6238671868591,128.62690324736187,130.85845947265625,38722400
2023-12-14,META,331.250595358399,332.0939831753832,326.0811697488284,330.5758972167969,19607300
2023-12-14,MSFT,366.98815141610726,367.430542857679,357.9636180145618,359.7331237792969,43277500
2023-12-15,AAPL,195.49903806818725,196.3600880838065,194.97448862167192,195.53863525390625,128538400
2023-12-15,AMZN,148.3800048828125,150.57000732421875,147.8800048828125,149.97000122070312,110089300
2023-12-15,GOOGL,130.54108385219968,132.41559059857232,130.10468818490273,131.5130615234375,50847100
2023-12-15,META,329.40498594080213,336.02306402754414,328.64099236363404,332.31219482421875,31776900
2023-12-15,MSFT,360.6375447439286,366.09354566450713,360.0771902707865,364.4518432617188,78502300
2023-12-18,AAPL,194.07387143964067,194.6083278162061,192.39135323196817,193.8759307861328,55751900
2023-12-18,AMZN,150.55999755859375,154.85000610351562,150.0500030517578,154.07000732421875,62512800
2023-12-18,GOOGL,131.54280052592037,136.02573795572846,131.34442787355178,134.6868133544922,32258000
2023-12-18,META,334.85228604462384,344.85378668804714,334.3958459469585,341.9366760253906,18993900
2023-12-18,MSFT,363.1935335888459,366.6834038503824,362.4365540104277,366.3393249511719,21802900
2023-12-19,AAPL,194.1431211281326,194.924991842737,193.87589299194337,194.91510009765625,40714100
2023-12-19,AMZN,154.39999389648438,155.1199951171875,152.69000244140625,153.7899932861328,43171300
2023-12-19,GOOGL,135.71829114427825,136.34313174933595,134.96452646649996,135.52984619140625,25476800
2023-12-19,META,342.8892080987716,350.84678160666897,342.4327982605504,347.6319885253906,17729400
2023-12-19,MSFT,365.1989808015048,366.9390258789063,363.5769287808174,366.9390258789063,20603700
2023-12-20,AAPL,194.87553713507947,195.6475162401682,192.8268280029297,192.8268280029297,52242800
2023-12-20,AMZN,152.89999389648438,155.6300048828125,151.55999755859375,152.1199951171875,50322100
2023-12-20,GOOGL,137.830818921437,140.5384359860807,136.9382025676404,137.2059783935547,49107200
2023-12-20,META,345.9352948214848,352.196160744239,345.0820055877461,346.5603942871094,16369900
2023-12-20,MSFT,368.649551038678,369.66210727216645,364.2552471902659,364.3437194824219,26316700
2023-12-21,AAPL,194.0837579535961,195.0536776254948,191.51048442189503,192.6783447265625,46482500
2023-12-21,AMZN,153.3000030517578,153.97000122070312,152.10000610351562,153.83999633789062,36305700
2023-12-21,GOOGL,138.34658204933325,139.53674241725346,138.03911046006232,139.26895141601562,27488300
2023-12-21,META,350.2315736784916,353.6348591200321,346.49090896056947,351.3329162597656,15289600
2023-12-21,MSFT,366.2508794455086,368.0695566165207,363.7735651914328,367.21429443359375,17708000
2023-12-22,AAPL,193.17320815773428,193.40085423729087,190.98593919883143,191.6094665527344,37149600
2023-12-22,AMZN,153.77000427246094,154.35000610351562,152.7100067138672,153.4199981689453,29514100
2023-12-22,GOOGL,139.61608570312794,140.8260863411753,139.5565799559633,140.33018493652344,26532200
2023-12-22,META,352.8113172583685,354.4187288106996,348.4852802675343,350.6383972167969,11772800
2023-12-22,MSFT,367.3518195308778,368.8264174223801,366.3982450276754,368.236572265625,17107500
2023-12-26,AAPL,191.6193796571302,191.8964996004414,190.84740051477695,191.0651397705078,28919300
2023-12-26,AMZN,153.55999755859375,153.97999572753906,153.02999877929688,153.41000366210938,25067200
2023-12-26,GOOGL,140.4293579031904,141.510419346836,140.032642827964,140.3599395751953,16780300
2023-12-26,META,352.22595754428704,354.2004835426875,350.6979701356275,352.06719970703125,9898600
2023-12-26,MSFT,368.6495462723812,370.5566956584925,367.1749480872917,368.3153076171875,12673100
2023-12-27,AAPL,190.5108903848591,191.5105004803971,189.12527563548676,191.16409301757807,48087700
2023-12-27,AMZN,153.55999755859375,154.77999877929688,153.1199951171875,153.33999633789062,31434700
2023-12-27,GOOGL,140.42934564037537,140.9153344287429,138.74328401733115,139.21934509277344,19628600
2023-12-27,META,353.2974869448079,356.20466538676425,352.5433949552393,355.04376220703125,13207900
2023-12-27,MSFT,367.3617208659254,368.7085156973093,366.4966184922779,367.73529052734375,14905400
2023-12-28,AAPL,192.1439157511496,192.65857351066376,191.18388776405132,191.5896759033203,34049900
2023-12-28,AMZN,153.72000122070312,154.0800018310547,152.9499969482422,153.3800048828125,27057000
2023-12-28,GOOGL,139.62601526809934,139.98306492823093,138.6044594609446,139.0805206298828,16045700
2023-12-28,META,356.8992278122841,359.0820794651083,355.0239296591303,355.52996826171875,11798800
2023-12-28,MSFT,369.0132464539242,370.0847841167637,367.82374574574834,368.9247741699219,14327000
2023-12-29,AAPL,191.90635467026271,192.4012137747264,189.7586679691184,190.55044555664065,42672100
2023-12-29,AMZN,153.10000610351562,153.88999938964844,151.02999877929688,151.94000244140625,39823200
2023-12-29,GOOGL,138.4854161342685,139.20942786934887,137.6423777840169,138.544921875,18733000
2023-12-29,META,356.19478262042475,357.1969281361714,349.08062742515625,351.2039489746094,14987100
2023-12-29,MSFT,369.6325745030526,370.77293391810167,367.15526060187455,369.6719055175781,18730800
2024-01-02,AAPL,185.2257618242656,186.50250680575425,181.9992858116316,183.73129272460935,82488700
2024-01-02,AMZN,151.5399932861328,152.3800048828125,148.38999938964844,149.92999267578125,47339400
2024-01-02,GOOGL,137.41427392066478,138.3068903414109,135.36123496575607,137.03738403320312,23711200
2024-01-02,META,348.5844607184317,350.41012995956766,337.36252824234924,343.5936279296875,19042200
2024-01-02,MSFT,367.52877209819934,369.5342336746233,360.5588428456871,364.5894165039063,25258600
2024-01-03,AAPL,182.32593099304364,183.9688672168001,181.5440449736598,182.35562133789065,58414500
2024-01-03,AMZN,149.1999969482422,151.0500030517578,148.3300018310547,148.47000122070312,49425500
2024-01-03,GOOGL,136.12494105781897,138.48543668179107,135.95633638949388,137.78125,24212100
2024-01-03,META,342.29388045472786,345.24075624583,340.507877692872,341.787841796875,15451100
2024-01-03,MSFT,362.7609349045644,366.9389624174864,362.2694022559853,364.3240051269531,23083500
2024-01-04,AAPL,180.2771803169373,181.2075179249861,179.0202489631632,180.03965759277344,71983600
2024-01-04,AMZN,145.58999633789062,147.3800048828125,144.0500030517578,144.57000732421875,56039800
2024-01-04,GOOGL,137.28533097133266,138.01927043379123,135.2323072061994,135.27197265625,27137700
2024-01-04,META,341.8175805411929,345.43915407584143,340.72613954007755,344.41717529296875,12099900
2024-01-04,MSFT,364.3928551976836,366.7816968551165,360.95212639041375,361.7090759277344,20901500
2024-01-05,AAPL,180.1188690914246,180.8809414369887,178.31757423411605,179.3171844482422,62379700
2024-01-05,AMZN,144.69000244140625,146.58999633789062,144.52999877929688,145.24000549316406,45153100
2024-01-05,GOOGL,135.6290289280703,136.03567169625202,134.0421384410589,134.6173858642578,22513900
2024-01-05,META,344.28819338310336,350.7475137214206,343.56389682163444,349.2095947265625,13920700
2024-01-05,MSFT,362.7216799813396,365.7593487866836,360.29350698796526,361.5223388671875,21004600
2024-01-08,AAPL,180.21780632812883,183.6917273170526,179.63387614033877,183.65213012695312,59144500
2024-01-08,AMZN,146.74000549316406,149.39999389648438,146.14999389648438,149.10000610351562,46757100
2024-01-08,GOOGL,135.17280399831742,137.87050896561743,135.1430511234635,137.701904296875,21404000
2024-01-08,META,351.9381826365428,356.18485571303864,349.3087923232341,355.8673400878906,13890200
2024-01-08,MSFT,363.0460204620728,368.8461300070405,362.7609531121448,368.3447570800781,23134000
2024-01-09,AAPL,182.0289774717032,183.24632668227045,180.8512103460259,183.23643493652344,42841800
2024-01-09,AMZN,148.3300018310547,151.7100067138672,148.2100067138672,151.3699951171875,43812600
2024-01-09,GOOGL,137.36470260408373,140.330198743817,137.01756553318816,139.79461669921875,24759600
2024-01-09,META,353.62493279017207,357.8319391849978,352.5930221333329,354.6469116210937,13463900
2024-01-09,MSFT,365.71016152546855,369.6227425364252,364.9040407138779,369.4261474609375,20830000
2024-01-10,AAPL,182.4545871112419,184.48349768333688,182.02900036017596,184.27566528320312,46792900
2024-01-10,AMZN,152.05999755859375,154.4199981689453,151.8800048828125,153.72999572753906,44421800
2024-01-10,GOOGL,139.84418693539638,141.82779242384171,139.75492832050645,141.1136932373047,21320200
2024-01-10,META,357.3655998102049,370.0361570840026,356.28406029694395,367.58538818359375,22117200
2024-01-10,MSFT,369.99626075854405,377.6641876554582,369.9471194966955,376.2878723144531,25514200
2024-01-11,AAPL,184.6220684732307,185.12683453552387,181.7320924826033,183.6818389892578,49128400
2024-01-11,AMZN,155.0399932861328,157.1699981689453,153.1199951171875,155.17999267578125,49072700
2024-01-11,GOOGL,142.31380523452594,144.02962003416567,139.4871608829634,140.9153594970703,24008700
2024-01-11,META,369.232493748975,369.8774266062331,360.10411548022216,366.7916564941406,17205400
2024-01-11,MSFT,379.4632192692285,384.0639578363486,373.9383968872458,378.1164245605469,27850800
2024-01-12,AAPL,184.14699807850627,184.82001442518904,183.28594792653803,184.0084381103516,40477800
2024-01-12,AMZN,155.38999938964844,156.1999969482422,154.00999450683594,154.6199951171875,40484200
2024-01-12,GOOGL,141.50047688636437,142.02613106020752,140.65745374610032,141.4806365966797,18785500
2024-01-12,META,367.277824706656,374.124093141166,366.6626570609986,371.5740966796875,19310000
2024-01-12,MSFT,378.96187275463393,382.0978537915272,378.13610141587486,381.8914184570313,21661200
2024-01-16,AAPL,180.28708678689063,182.36548612847807,179.0697224204938,181.74197387695312,65603000
2024-01-16,AMZN,153.52999877929688,154.99000549316406,152.14999389648438,153.16000366210938,41384600
2024-01-16,GOOGL,140.83598692471,143.16672938152487,140.29049239931624,141.3219757080078,22670500
2024-01-16,META,370.7406207760412,372.68535103334375,364.37062615979,364.5988159179688,15306900
2024-01-16,MSFT,386.9935252639614,387.3572546583597,381.0558019045163,383.6609191894531,27202300
2024-01-17,AAPL,179.40626628613458,181.0491874231052,178.4462381888341,180.8017578125,47317400
2024-01-17,AMZN,151.49000549316406,152.14999389648438,149.91000366210938,151.7100067138672,34953400
2024-01-17,GOOGL,140.19133701313217,140.67731071751322,137.76140795638582,140.3103485107422,20968600
2024-01-17,META,363.4478196213952,365.6703986149391,355.8176948238154,365.501708984375,12724800
2024-01-17,MSFT,381.4096929597069,383.5035968868469,378.2933627006387,382.87445068359375,22234100
2024-01-18,AAPL,184.17670419420983,187.1953485109901,183.9193828318584,186.6905975341797,78005800
2024-01-18,AMZN,152.77000427246094,153.77999877929688,151.82000732421875,153.5,37850200
2024-01-18,GOOGL,140.88559276545064,143.02789047593322,140.826087018,142.30386352539062,25746400
2024-01-18,META,368.5974687404821,373.91575007701977,368.0616951280388,373.2013549804688,16354300
2024-01-18,MSFT,385.0863666336801,387.317914215752,383.5134560468464,387.199951171875,23392100
2024-01-19,AAPL,187.38337121910467,189.9764283832528,186.8786203129096,189.59043884277344,68903000
2024-01-19,AMZN,153.8300018310547,155.75999450683594,152.74000549316406,155.33999633789062,51651600
2024-01-19,GOOGL,143.55355857974237,145.24953308023393,143.19650892694762,145.18011474609375,34271900
2024-01-19,META,376.0489923907014,381.3672432896038,375.0270134906533,380.46435546875,21670800
2024-01-19,MSFT,389.0580075164466,391.9187316894531,386.8362699111173,391.9187316894531,29331100
2024-01-22,AAPL,190.32283587135973,193.32168117146784,190.2832386815117,191.896484375,60133900
2024-01-22,AMZN,156.88999938964844,157.0500030517578,153.89999389648438,154.77999877929688,43687500
2024-01-22,GOOGL,145.8942062192311,147.1736252450607,144.64452493468394,144.79330444335938,32200400
2024-01-22,META,384.92931433872445,387.3106211461021,378.1921748843865,378.8073425292969,17680500
2024-01-22,MSFT,393.2458273875224,393.8356726529961,386.9247237943795,389.7952880859375,27016900
2024-01-23,AAPL,193.01485907067703,193.7373491711095,191.83709192633376,193.17320251464844,42355600
2024-01-23,AMZN,154.85000610351562,156.2100067138672,153.92999267578125,156.02000427246094,37986000
2024-01-23,GOOGL,144.69411904062358,145.97353807473283,144.30731652950118,145.83468627929688,21636100
2024-01-23,META,381.6252437031258,385.35597705383367,379.10501232600126,382.2007446289063,15506100
2024-01-23,MSFT,389.04812543344485,392.61665757487873,387.2589392356876,392.144775390625,20525900
2024-01-24,AAPL,193.41072200510203,194.36085808840235,192.34182457460196,192.50018310546875,53631300
2024-01-24,AMZN,157.8000030517578,158.50999450683594,156.47999572753906,156.8699951171875,48547300
2024-01-24,GOOGL,147.32237177289502,148.6216460696022,146.88599128129252,147.48106384277344,25233500
2024-01-24,META,386.9633667222341,393.0654752953233,384.7904161636278,387.6579284667969,15698500
2024-01-24,MSFT,394.7400515217606,398.7607850247389,393.6685139379053,395.7427673339844,24867000
2024-01-25,AAPL,193.2128371543612,194.25204454798015,191.124530619302,192.1736297607422,54822100
2024-01-25,AMZN,156.9499969482422,158.50999450683594,154.5500030517578,157.75,43638600
2024-01-25,GOOGL,148.83984348061125,151.7954113890045,148.31417410884393,150.6250762939453,29149100
2024-01-25,META,387.1319879715003,392.41054123350926,382.6570950113813,390.1185302734375,15091100
2024-01-25,MSFT,397.4729979213706,400.11744616888006,395.7133025074248,398.013671875,21021200
2024-01-26,AAPL,192.2725742116348,192.7575265029299,189.96652881027472,190.44158935546875,44594000
2024-01-26,AMZN,158.4199981689453,160.72000122070312,157.91000366210938,159.1199951171875,51047400
2024-01-26,GOOGL,149.861412918024,151.2895962737746,149.77213916215013,150.94247436523438,26115500
2024-01-26,META,391.2794318131234,393.7004353737154,388.5409126393493,391.0710754394531,13163700
2024-01-26,MSFT,397.5221813360267,399.2917171915394,395.61503191441454,397.0896301269531,17803300
2024-01-29,AAPL,190.03580216218103,190.22385105233468,187.63079398239137,189.75868225097656,47145600
2024-01-29,AMZN,159.33999633789062,161.2899932861328,158.89999389648438,161.25999450683594,45270400
2024-01-29,GOOGL,150.81350663403398,152.51940838119864,150.18866612963436,152.25161743164062,27784300
2024-01-29,META,391.9144445908541,399.79262308602887,390.0391766112991,397.8974914550781,18742400
2024-01-29,MSFT,399.1835322269837,403.03716177894273,397.4828182919345,402.7815551757813,24510200
2024-01-30,AAPL,188.97682064057707,189.8279790097777,185.54249682198056,186.10662841796875,55859400
2024-01-30,AMZN,160.6999969482422,161.72999572753906,158.49000549316406,159.0,45207400
2024-01-30,GOOGL,151.5474722147389,152.3607426484438,149.95066908718712,150.2184600830078,36331800
2024-01-30,META,400.4474896600289,403.1959104756482,396.4588018243719,396.9449768066406,18614700
2024-01-30,MSFT,405.2785172108199,406.05511721074,399.5669101187714,401.670654296875,33477600
2024-01-31,AAPL,185.11689921687164,185.1762949988752,182.45456974695213,182.5040435791016,55467800
2024-01-31,AMZN,157.0,159.00999450683594,154.80999755859375,155.1999969482422,50284400
2024-01-31,GOOGL,142.4427033187808,142.81959319917652,138.72344307921892,138.95156860351562,71910000
2024-01-31,META,385.9710654040157,394.9009872257024,384.0858657420948,387.1022033691406,20180800
2024-01-31,MSFT,400.06826467616,408.2867065664151,390.48337755581736,390.84710693359375,47871100
2024-02-01,AAPL,182.0982647000541,185.02782223798647,181.93001441121828,184.93875122070312,64885400
2024-02-01,AMZN,155.8699951171875,159.75999450683594,155.6199951171875,159.27999877929688,76542400
2024-02-01,GOOGL,140.9550061040643,141.88730313768718,139.63590659199247,140.0028839111328,40466500
2024-02-01,META,390.8726294116764,397.38154822868097,389.98954477012256,391.7060852050781,29727100
2024-02-01,MSFT,395.0252099174066,401.0907374562422,394.9957191514484,396.9421997070313,30657700
2024-02-02,AAPL,178.01073002917815,185.40392677166545,177.4070012757119,183.93914794921875,102551700
2024-02-02,AMZN,169.19000244140625,172.5,167.3300018310547,171.80999755859375,117218300
2024-02-02,GOOGL,138.11844060532798,141.45089833217304,135.38107056080497,141.21287536621094,62499600
2024-02-02,META,456.0213826629202,482.176118971358,449.48269858581074,471.2915344238281,84707600
2024-02-02,MSFT,396.97167613203646,405.6619715295503,396.72590975766974,404.2561950683594,28256700
2024-02-05,AAPL,186.21550453356025,187.3042007769885,183.92925752426456,185.75033569335935,69668800
2024-02-05,AMZN,170.1999969482422,170.5500030517578,167.6999969482422,170.30999755859375,55081300
2024-02-05,GOOGL,141.64927668377285,144.27754793012062,141.60959609870966,142.50221252441406,38505400
2024-02-05,META,466.221332864614,468.2255934429309,455.64433221754496,455.8328552246094,40832400
2024-02-05,MSFT,402.9585459898289,404.1972181309597,397.1486252336955,398.780517578125,25352300
2024-02-06,AAPL,184.93875326056028,187.36355995873055,184.8496822422945,187.35366821289065,43490800
2024-02-06,AMZN,169.38999938964844,170.7100067138672,167.64999389648438,169.14999389648438,42505500
2024-02-06,GOOGL,143.46425685279377,144.1684434401665,142.01623336193828,142.9187774658203,29128200
2024-02-06,META,460.3871235847148,463.4828252605775,449.4727736721461,451.1793823242188,21655200
2024-02-06,MSFT,399.0065788415849,401.06118187337,396.0868734804641,398.6231689453125,18382600
2024-02-07,AAPL,188.67988890685805,189.0856770188276,186.6707620426896,187.4625396728516,53439000
2024-02-07,AMZN,169.47999572753906,170.8800048828125,168.94000244140625,170.52999877929688,47174100
2024-02-07,GOOGL,143.57336464859975,144.4263156427516,142.7501665270815,144.3469696044922,25208900
2024-02-07,META,454.43390096847935,467.8486200700817,452.6280646625057,465.93365478515625,23066000
2024-02-07,MSFT,400.5401902860463,407.2840048884661,400.5008592677368,407.0382385253906,22340500
2024-02-08,AAPL,187.44274927884152,187.5912009839088,185.42373058041275,186.38375854492188,40962000
2024-02-08,AMZN,169.64999389648438,171.42999267578125,168.8800048828125,169.83999633789062,42316500
2024-02-08,GOOGL,144.63461269549572,145.13051412482938,143.91060084610757,144.71395874023438,22563800
2024-02-08,META,464.6735422987729,466.9258565699246,461.40915064167314,466.3404541015625,18815100
2024-02-08,MSFT,407.0382169623767,408.5226553169628,405.5439683543155,407.0971984863281,21225300
2024-02-09,AAPL,186.9485964735415,188.2765227675386,186.3044647449669,187.1468048095703,45155200
2024-02-09,AMZN,170.89999389648438,175.0,170.5800018310547,174.4499969482422,56986000
2024-02-09,GOOGL,145.47763559904774,148.2150211661504,144.9817341712347,147.77862548828125,26829500
2024-02-09,META,469.267459133398,469.9024601255168,463.8301174160843,464.4651184082031,18413100
2024-02-09,MSFT,408.2178966207668,413.693577955035,408.060602560808,413.4281311035156,22032800
2024-02-12,AAPL,186.7207087827637,186.96845412640727,185.1054043034312,185.462158203125,41781900
2024-02-12,AMZN,174.8000030517578,175.38999938964844,171.5399932861328,172.33999633789062,51050400
2024-02-12,GOOGL,147.20336732419403,148.11582406905052,146.161971374684,146.32066345214844,21564100
2024-02-12,META,464.5445296788117,475.4191832366272,462.9470498932434,465.2489929199219,19382000
2024-02-12,MSFT,413.437956463014,413.6149010238027,407.7263492449608,408.2277221679688,21202900
2024-02-13,AAPL,184.0945819491523,184.53061609699293,181.8549547572752,183.37115478515625,56529500
2024-02-13,AMZN,167.72999572753906,170.9499969482422,165.75,168.63999938964844,56345100
2024-02-13,GOOGL,143.73207375880068,145.4677288254304,142.51216043512292,143.9502716064453,27837700
2024-02-13,META,453.3126287541774,464.2468421541009,451.5464897333487,456.5373229980469,20916600
2024-02-13,MSFT,398.08248245796057,403.1256124684785,396.55874317637694,399.4391174316406,27824900
2024-02-14,AAPL,183.64865818230027,183.85675578337245,180.7946272553445,182.48919677734372,54630500
2024-02-14,AMZN,169.2100067138672,171.2100067138672,168.27999877929688,170.97999572753906,42815500
2024-02-14,GOOGL,144.88256517546307,145.31896085998756,142.90887201453117,144.74371337890625,22704200
2024-02-14,META,464.28653002066994,470.4184031638811,462.4608605223656,469.5948791503906,16858400
2024-02-14,MSFT,401.9013178119368,403.64455035620506,398.4542264131706,403.2998352050781,20401200
2024-02-15,AAPL,181.8946262099093,182.826151079826,179.71447030737514,182.2018280029297,65434500
2024-02-15,AMZN,170.5800018310547,171.1699981689453,167.58999633789062,169.8000030517578,49855200
2024-02-15,GOOGL,141.9666478509511,142.34353774622787,139.30862369230854,141.5996856689453,37590700
2024-02-15,META,471.5792700729416,484.8153956241021,468.5430989342173,480.2611389160156,24212300
2024-02-15,MSFT,401.9702865060445,402.94531135993617,398.1784797707671,400.4141540527344,21825500
2024-02-16,AAPL,181.76577652013776,183.1828875508429,180.03155935687485,180.6657867431641,49752500
2024-02-16,AMZN,168.74000549316406,170.4199981689453,167.1699981689453,169.50999450683594,48107700
2024-02-16,GOOGL,141.81787214200648,142.01622965333587,138.9912284210113,139.3681182861328,31468900
2024-02-16,META,474.3872025542275,475.23059012184814,465.556508076683,469.634521484375,23324600
2024-02-16,MSFT,401.7930043986709,402.1180327367642,397.3413424619827,397.9519653320313,22296500
2024-02-20,AAPL,180.15046783149373,180.78469520216956,178.3766181157698,179.92254638671875,53665600
2024-02-20,AMZN,167.8300018310547,168.7100067138672,165.74000549316406,167.0800018310547,41980300
2024-02-20,GOOGL,138.51517229621072,140.91533307623592,138.34656764889544,139.96319580078125,25144700
2024-02-20,META,466.062559372818,472.4722505574725,462.9271608576115,468.0767517089844,18015500
2024-02-20,MSFT,397.14438189920384,398.3754861780365,391.99346083257205,396.7012023925781,24307900
2024-02-21,AAPL,180.2991272502037,181.24055639365764,179.03067248659073,180.6757049560547,41371400
2024-02-21,AMZN,168.94000244140625,170.22999572753906,167.13999938964844,168.58999633789062,44420100
2024-02-21,GOOGL,140.2905110483264,141.52035203872512,139.52681861125646,141.38150024414062,23223300
2024-02-21,META,463.3587521836112,465.8419180581215,458.68047616341727,464.8784484863281,12921800
2024-02-21,MSFT,394.1207468850072,396.20869458459015,391.2153292491478,396.100341796875,18518900
2024-02-22,AAPL,181.825211247954,183.29187418944448,180.8144213951088,182.70718383789065,52292200
2024-02-22,AMZN,173.10000610351562,174.8000030517578,171.77000427246094,174.5800018310547,55392400
2024-02-22,GOOGL,143.74196995787472,143.8114034168082,141.6294403227433,142.9088592529297,27191900
2024-02-22,META,477.0062141307753,486.6905608789612,472.8543681331197,482.8565673828125,21625800
2024-02-22,MSFT,403.9893247437461,406.5894012936675,402.3938184427991,405.42724609375,27009900
2024-02-23,AAPL,183.3414349937225,183.3711632214272,180.58650833781007,180.8739013671875,45119700
2024-02-23,AMZN,174.27999877929688,175.75,173.6999969482422,174.99000549316406,59715200
2024-02-23,GOOGL,142.4922760011684,143.49399116690878,142.2542379319153,142.7799072265625,19493800
2024-02-23,META,484.7636105726592,491.0311185651113,479.10201079171736,480.7706909179688,18374300
2024-02-23,MSFT,409.38646893086735,409.5735691126935,402.7877385663373,404.1370239257813,16295900
2024-02-26,AAPL,180.59641504961763,181.11171437415507,179.0207434868858,179.52615356445312,40867400
2024-02-26,AMZN,175.6999969482422,176.3699951171875,174.25999450683594,174.72999572753906,44368600
2024-02-26,GOOGL,140.9748370483321,141.27238088903258,136.26377416065105,136.4423065185547,53641800
2024-02-26,META,480.2144553473004,482.8664896839337,477.3637859395402,478.49609375,12101400
2024-02-26,MSFT,405.24008986741234,405.9295202265645,401.2020621700657,401.3793640136719,16193500
2024-02-27,AAPL,179.46672518750103,182.2612846793882,177.94060546909574,180.98292541503903,54318900
2024-02-27,AMZN,174.0800018310547,174.6199951171875,172.86000061035156,173.5399932861328,31141700
2024-02-27,GOOGL,136.88862613854664,138.10853934016288,135.96624166875657,137.7415771484375,33099200
2024-02-27,META,476.74804543866367,483.9889360930162,476.68845187614863,483.7704162597656,10809600
2024-02-27,MSFT,401.82255205730473,402.14758039730725,397.7451505799229,401.3202819824219,14835800
2024-02-28,AAPL,180.86396404098636,181.46846314665845,178.50543918901624,179.78379821777344,48953900
2024-02-28,AMZN,172.44000244140625,174.0500030517578,172.27000427246094,173.16000366210938,28180500
2024-02-28,GOOGL,136.76958362182845,136.87868252205917,134.30000463233606,135.26205444335938,37328600
2024-02-28,META,481.734154070962,487.74340304330303,479.49930490259146,480.7607421875,12715500
2024-02-28,MSFT,402.0096479981962,403.1127124572568,399.1928962585418,401.5566101074219,13183100
2024-02-29,AAPL,179.63518756564144,180.9234663019701,177.9108746304469,179.119873046875,136682600
2024-02-29,AMZN,173.00999450683594,177.22000122070312,172.85000610351562,176.75999450683594,53805400
2024-02-29,GOOGL,136.15467711991738,137.72172724425474,135.2818858775754,137.32501220703125,42133000
2024-02-29,META,485.1510587006431,488.389116970363,479.36029842457447,486.8296813964844,17732000
2024-02-29,MSFT,402.46275960420144,407.9387088030321,399.7838756031993,407.3871765136719,31947300
2024-03-01,AAPL,177.93067957222544,178.90183692569337,175.78025215753124,178.03968811035156,73563100
2024-03-01,AMZN,176.75,178.72999572753906,176.07000732421875,178.22000122070312,31981200
2024-03-01,GOOGL,137.29527300897672,137.73166872171055,135.79765602546902,136.01585388183594,31151100
2024-03-01,META,488.7962772842843,500.8545450353312,488.5380486516633,498.9176635742188,16273600
2024-03-01,MSFT,405.0529573414313,409.58342668223145,404.66886847100426,409.2190246582031,17823400
2024-03-04,AAPL,174.56136184484268,175.30459787050253,172.22264521258597,173.52084350585938,81510100
2024-03-04,AMZN,177.52999877929688,180.13999938964844,177.49000549316406,177.5800018310547,37381500
2024-03-04,GOOGL,134.54798984963458,134.54798984963458,130.82872884185196,132.25692749023438,55999400
2024-03-04,META,499.6129971227631,501.02344874221626,493.07731757525386,494.83538818359375,12324100
2024-03-04,MSFT,407.19018891902937,411.04108655942895,406.0871243373175,408.6478271484375,17596000
2024-03-05,AAPL,169.21998189872085,170.48843690710007,168.09026368434635,168.58575439453125,95132400
2024-03-05,AMZN,176.92999267578125,176.92999267578125,173.3000030517578,174.1199951171875,37228300
2024-03-05,GOOGL,130.7989410451295,132.1477932825311,129.5988531548389,131.58245849609375,40194800
2024-03-05,META,491.6668488599236,492.24293001218,484.60473958064495,486.9190368652344,15325300
2024-03-05,MSFT,407.7022908884421,407.9879154671031,394.5836679037433,396.5632629394531,26919200
2024-03-06,AAPL,169.5172478388351,169.69563232435493,167.15870765798908,167.59474182128906,68587700
2024-03-06,AMZN,175.5399932861328,176.4600067138672,173.25999450683594,173.50999450683594,32090900
2024-03-06,GOOGL,132.0287779261609,132.48501385237356,129.77739656818326,130.3228759765625,35318600
2024-03-06,META,494.2791504217165,499.583189220119,490.96164437082433,492.74951171875,11757900
2024-03-06,MSFT,396.8784208548146,399.03531766594347,392.36766860816914,396.01171875,22344100
2024-03-07,AAPL,167.62447121611535,169.1902233947002,166.97043508778398,167.475830078125,71765100
2024-03-07,AMZN,174.8300018310547,177.99000549316406,173.72000122070312,176.82000732421875,34063300
2024-03-07,GOOGL,131.70149485455573,133.8338800794751,130.53117474630065,133.27847290039062,37738200
2024-03-07,META,499.8911121312514,516.3495133273082,498.0039120353607,508.7411193847656,18586400
2024-03-07,MSFT,399.98083315410713,403.5855099287514,396.15948083378726,402.9552001953125,18718500
2024-03-08,AAPL,167.4758228221548,172.13343143853632,167.4163663695346,169.19021606445312,76267000
2024-03-08,AMZN,176.44000244140625,178.7899932861328,174.3300018310547,175.35000610351562,37893200
2024-03-08,GOOGL,133.10985799917378,136.9580425014898,132.90157275617153,134.30001831054688,39370400
2024-03-08,META,510.7276263527499,520.0444695551262,495.9875573729022,502.5431213378906,18597100
2024-03-08,MSFT,401.7929719463058,404.21580644025056,398.2178408535662,400.0792846679688,18002200
2024-03-11,AAPL,171.38030546468005,172.8073209312821,170.49833272784605,171.1920166015625,60139500
2024-03-11,AMZN,174.30999755859375,174.47000122070312,171.47000122070312,171.9600067138672,28484800
2024-03-11,GOOGL,135.01411900561908,137.95977451047298,135.01411900561908,136.54148864746094,32437800
2024-03-11,META,493.6633585577727,493.97126872640746,472.7948211431618,480.3337097167969,20428300
2024-03-11,MSFT,397.65650787745375,399.5474670630361,395.19429952187465,398.4049987792969,16120800
2024-03-12,AAPL,171.58839851794536,172.4604668624585,169.4676992338398,171.6676788330078,59825400
2024-03-12,AMZN,173.5,176.75999450683594,171.97999572753906,175.38999938964844,36610600
2024-03-12,GOOGL,135.90673376099352,138.23747634796243,135.90673376099352,137.36468505859375,27563400
2024-03-12,META,489.9385682821363,498.9276166024425,481.4660075501953,496.3848571777344,15448200
2024-03-12,MSFT,401.4581099515854,409.2879438973152,400.64067006988586,409.0023193359375,22457000
2024-03-13,AAPL,171.21183277143888,171.62804307697533,169.21995080494636,169.5866241455078,52488700
2024-03-13,AMZN,175.89999389648438,177.6199951171875,175.5500030517578,176.55999755859375,30772600
2024-03-13,GOOGL,137.86060163883266,139.93346604577192,137.85068905807378,138.6441192626953,23347200
2024-03-13,META,492.0542515512413,497.6066070345607,487.72359432803495,492.2330322265625,12090700
2024-03-13,MSFT,411.7797232101297,411.8585006511898,405.2302551257752,408.8250732421875,17115900
2024-03-14,AAPL,171.35057361629617,172.73794133442243,170.49832912625453,171.43975830078125,72913500
2024-03-14,AMZN,177.69000244140625,179.52999877929688,176.47000122070312,178.75,43705800
2024-03-14,GOOGL,140.03263971476812,142.41296038062768,139.30862790840655,141.92698669433594,42753400
2024-03-14,META,496.8914470652399,497.9741037778643,484.8729178506202,488.5181884765625,12620000
2024-03-14,MSFT,413.887414339423,421.3528477747664,411.6714265612386,418.7921447753906,34157300
2024-03-15,AAPL,169.62628191974133,171.06320190429688,168.75421346183686,171.06320190429688,121752700
2024-03-15,AMZN,176.63999938964844,177.92999267578125,173.89999389648438,174.4199981689453,72147400
2024-03-15,GOOGL,141.33187657175912,142.0062951045536,138.8821228338187,140.02268981933594,49475400
2024-03-15,META,485.7172126645796,488.5182008794358,478.05910688483056,480.84027099609375,29153600
2024-03-15,MSFT,412.9517323671829,416.2116937258995,406.54999083820695,410.1251220703125,45079900
2024-03-18,AAPL,173.98656516716397,176.10726419166866,171.9550508157469,172.1532440185547,75604200
2024-03-18,AMZN,175.8000030517578,176.69000244140625,174.27999877929688,174.47999572753906,31250700
2024-03-18,GOOGL,147.39180580449582,150.9027808454485,145.96360743742733,146.46942138671875,69273700
2024-03-18,META,488.5976468076453,494.0705540169501,483.5319824334074,493.6335144042969,11755300
2024-03-18,MSFT,407.9879061886506,414.3699607798189,407.5250098363493,411.0115051269531,20106000
2024-03-19,AAPL,172.76766112194616,175.01719271038215,171.46947815172825,174.49197387695312,55215200
2024-03-19,AMZN,174.22000122070312,176.08999633789062,173.52000427246094,175.89999389648438,26880900
2024-03-19,GOOGL,146.9454947247472,147.57032014783982,144.882543249734,145.8247528076172,24070400
2024-03-19,META,484.88286188860536,493.2858869730183,478.039241983051,492.89849853515625,10903100
2024-03-19,MSFT,411.5138040831413,415.2957826626085,409.26827120822617,415.0397033691406,19837900
2024-03-20,AAPL,174.1352325028599,177.05862426757812,173.51090945491785,177.05862426757812,53423100
2024-03-20,AMZN,176.13999938964844,178.52999877929688,174.63999938964844,178.14999389648438,29947200
2024-03-20,GOOGL,146.78679725990156,147.639748173652,145.53713132595888,147.52073669433594,21311500
2024-03-20,META,496.1366050726963,504.7780355441428,491.8357745662414,502.1160583496094,11711100
2024-03-20,MSFT,415.6207570050016,419.5208864985866,414.3010169757645,418.8019409179688,17860100
2024-03-21,AAPL,175.4532130863986,175.88924720546055,169.2992135808601,169.82443237304688,106181300
2024-03-21,AMZN,179.99000549316406,181.4199981689453,178.14999389648438,178.14999389648438,32824300
2024-03-21,GOOGL,148.24474177717806,149.13735809948852,145.69580172878864,146.39007568359375,24755600
2024-03-21,META,511.2442176586476,511.5719519514324,502.60278705786425,504.3410034179688,9712500
2024-03-21,MSFT,423.3323713938263,424.3074262893576,420.7027498405441,422.87933349609375,21296200
2024-03-22,AAPL,170.210942813777,171.48931715990707,168.5262776263353,170.72625732421875,71160100
2024-03-22,AMZN,177.75,179.25999450683594,176.75,178.8699951171875,27995400
2024-03-22,GOOGL,147.89761979182254,150.3374611918101,147.75876801352786,149.5341033935547,29211800
2024-03-22,META,503.5860676514322,506.5360700886192,500.9439753750218,506.148681640625,8120600
2024-03-22,MSFT,423.2043902779049,423.36194516542855,419.62925888508494,422.2588806152344,17648500
2024-03-25,AAPL,169.03165430796025,170.38929358279395,167.92174518816086,169.3091278076172,54288300
2024-03-25,AMZN,178.00999450683594,180.9900054931641,177.24000549316406,179.7100067138672,29815500
2024-03-25,GOOGL,148.71088930605433,149.14728488623933,146.60827256557076,148.83982849121094,19229300
2024-03-25,META,502.3841796013196,503.80454316153504,496.87153334771386,499.6328125,8380600
2024-03-25,MSFT,418.8117700116772,420.9489800236463,415.2366387798196,416.4677429199219,18060500
2024-03-26,AAPL,168.46682128354186,169.8740129173693,168.05061095138228,168.179443359375,57388400
2024-03-26,AMZN,180.1499938964844,180.4499969482422,177.9499969482422,178.3000030517578,29659000
2024-03-26,GOOGL,148.98861304571224,151.011884033954,148.7505749332153,149.43492126464844,22149100
2024-03-26,META,501.728706497461,506.5659094495254,491.8754895881046,492.5509338378906,11205400
2024-03-26,MSFT,419.1760992822296,419.5503596848702,414.9805175391356,415.2759704589844,16725600
2024-03-27,AAPL,168.87312383270142,172.0343565405087,168.57582642397568,171.74696350097656,60273300
2024-03-27,AMZN,179.8800048828125,180.0,177.30999755859375,179.8300018310547,33272600
2024-03-27,GOOGL,149.9407113927479,150.39694725241355,147.67940265148124,149.6332550048828,22879200
2024-03-27,META,495.93794857097504,496.5240024773578,484.78358523765706,490.5345764160156,9989700
2024-03-27,MSFT,418.0238957387452,418.0337541903471,412.6759863072437,415.0593872070313,16705000
2024-03-28,AAPL,170.2010103030642,170.67667701496117,168.97218824939392,169.93344116210938,65672700
2024-03-28,AMZN,180.1699981689453,181.6999969482422,179.25999450683594,180.3800048828125,38051600
2024-03-28,GOOGL,149.61346389057567,150.1886962178925,148.9390300924469,149.6927947998047,24485400
2024-03-28,META,489.5214267607809,489.57110826984064,481.88320544172586,482.310302734375,15212800
2024-03-28,MSFT,414.5964392633085,415.4926866162292,412.7842577129666,414.3600769042969,21871200
2024-04-01,AAPL,169.64606274055888,169.70551918920845,167.95147834818596,168.49652099609375,46240500
2024-04-01,AMZN,180.7899932861328,183.0,179.9499969482422,180.97000122070312,29174500
2024-04-01,GOOGL,149.45476709366227,154.4633742852125,149.3754210532241,154.21542358398438,31730800
2024-04-01,META,483.919393448101,494.0804891364972,478.5358763202007,488.04144287109375,9247000
2024-04-01,MSFT,417.5412936572551,421.42173632509054,415.8374347010724,418.1519165039063,16316000
2024-04-02,AAPL,167.55510167176752,167.81275133793278,166.71276161053132,167.3172607421875,49329500
2024-04-02,AMZN,179.07000732421875,180.7899932861328,178.3800048828125,180.69000244140625,32611500
2024-04-02,GOOGL,152.24170614312382,153.4318662914426,150.90276651769807,153.2930145263672,24586000
2024-04-02,META,481.8335664895174,494.1798613298688,481.3865844570509,494.02093505859375,11081000
2024-04-02,MSFT,413.7593326884334,415.9950371448598,411.52365828826186,415.0692443847656,17912000
2024-04-03,AAPL,167.2677201117247,169.14067408704202,167.05962251511946,168.11996459960938,47691700
2024-04-03,AMZN,179.89999389648438,182.8699951171875,179.8000030517578,182.41000366210935,31046600
2024-04-03,GOOGL,152.34089851536356,153.8087622521674,151.47801988823227,153.6500701904297,24705000
2024-04-03,META,495.5703814023639,503.82442249033096,495.3916007311355,503.3277893066406,12099200
2024-04-03,MSFT,413.3850905644336,416.8617275140834,412.7547508067756,414.0942077636719,16502300
2024-04-04,AAPL,168.7541832986243,170.3694875068381,167.29745483398438,167.29745483398438,53704400
2024-04-04,AMZN,184.0,185.1000061035156,180.0,180.0,41624300
2024-04-04,GOOGL,152.2417216532487,153.5013153792841,149.21672024838048,149.2960662841797,34724700
2024-04-04,META,512.9426101041053,526.4311846012982,507.1419380470807,507.4796752929688,26476300
2024-04-04,MSFT,418.5655553413228,422.1899488258563,411.2577378896696,411.5630493164063,19370900
2024-04-05,AAPL,168.06050251317026,168.85329051832247,167.42627513328318,168.05059814453125,42104800
2024-04-05,AMZN,182.3800048828125,186.2700042724609,181.97000122070312,185.07000732421875,42374000
2024-04-05,GOOGL,148.80016963270904,152.1623804461379,148.3737017021774,151.2499237060547,23459200
2024-04-05,META,513.3796505682054,527.1264840478417,510.9461357936423,523.7891235351562,19263300
2024-04-05,MSFT,413.6608680769513,420.0626098925823,411.9964128003869,419.0875549316406,16554800
2024-04-08,AAPL,167.50557237539863,167.67403738632925,166.72270378093583,166.93080139160156,37425500
2024-04-08,AMZN,186.8999938964844,187.2899932861328,184.80999755859372,185.19000244140625,39221300
2024-04-08,GOOGL,151.52761905486636,153.99721328727458,151.35901440772807,153.58065795898438,20702000
2024-04-08,META,525.7161548218018,527.9112351234567,515.3961006970031,515.753662109375,13260600
2024-04-08,MSFT,418.7428800514856,420.820969557038,416.9011228829619,418.171630859375,14272400
2024-04-09,AAPL,167.17853275073267,168.5460917055098,166.83169838821917,168.13978576660156,42373800
2024-04-09,AMZN,187.2400054931641,187.33999633789065,184.1999969482422,185.6699981689453,36520100
2024-04-09,GOOGL,154.81048561572567,157.26023958727896,153.91786920573918,155.31631469726562,31079500
2024-04-09,META,518.7134999304255,522.3290042268167,503.3278128790067,513.41943359375,10863800
2024-04-09,MSFT,419.993583449868,421.2739195545585,415.24643933401694,419.83599853515625,12496900
2024-04-10,AAPL,167.27763553824258,167.5650134431552,165.60287483124418,166.26683044433594,49709300
2024-04-10,AMZN,182.7700042724609,186.2700042724609,182.6699981689453,185.9499969482422,35879200
2024-04-10,GOOGL,154.9295103592396,155.3262253958283,153.41203826670193,154.86007690429688,22838600
2024-04-10,META,505.86061532238585,519.0412485473654,502.3940952347152,516.3296508789062,11418500
2024-04-10,MSFT,415.80789248455,417.6200741918698,413.3555426286193,416.8617248535156,16216600
2024-04-11,AAPL,166.8217782077108,173.87757491447604,166.64340884278624,173.4613494873047,91070300
2024-04-11,AMZN,186.7400054931641,189.7700042724609,185.50999450683597,189.0500030517578,40020700
2024-04-11,GOOGL,155.62377976256258,158.37106260079813,155.1774715327962,158.10328674316406,27166400
2024-04-11,META,517.6010838952341,520.3325667313413,513.8067986443587,519.6372680664062,10369500
2024-04-11,MSFT,419.38303118441615,422.8793550200159,415.9753131864396,421.4611206054688,17966400
2024-04-12,AAPL,172.68837774790788,176.7514066994258,172.63884078505302,174.95773315429688,101670900
2024-04-12,AMZN,187.72000122070312,188.3800048828125,185.0800018310547,186.1300048828125,38608800
2024-04-12,GOOGL,156.66516776322655,158.90663651169768,155.85188225072014,156.43704223632812,25353700
2024-04-12,META,514.26364759941,516.6872198942802,505.900331678246,508.4530334472656,11984500
2024-04-12,MSFT,417.6397710155257,418.75269400595073,413.4244714952131,415.5222778320313,19253800
2024-04-15,AAPL,173.77847120218846,175.0370216134587,170.94426424521788,171.13255310058594,73531800
2024-04-15,AMZN,187.42999267578125,188.69000244140625,183.0,183.6199951171875,48052400
2024-04-15,GOOGL,157.55778721582507,157.93467710778722,153.32278518896982,153.590576171875,27136500
2024-04-15,META,513.2406183198545,515.0384888193967,493.9315461414956,496.8616943359375,13512900
2024-04-15,MSFT,420.1512567272677,420.36793227353456,407.1803293629701,407.3871765136719,20273500
2024-04-16,AAPL,170.20105330053957,172.19292044576096,166.75244230602124,167.85243225097656,73711200
2024-04-16,AMZN,183.2700042724609,184.8300018310547,182.25999450683597,183.32000732421875,32891300
2024-04-16,GOOGL,152.92605303847483,154.3740764327273,152.17227333883514,153.1343231201172,20779500
2024-04-16,META,494.75592258091154,501.3710805844467,493.7626561595775,496.3948364257813,9847900
2024-04-16,MSFT,408.3030988508173,412.0751888679084,407.4758004410801,408.31292724609375,16765600
2024-04-17,AAPL,168.08031301583728,169.1109267558204,166.48483276367188,166.48483276367188,50901200
2024-04-17,AMZN,184.30999755859372,184.57000732421875,179.82000732421875,181.27999877929688,31359700
2024-04-17,GOOGL,154.3443362556772,155.7923749027095,153.3128680735991,154.19557189941406,21763100
2024-04-17,META,499.7123609723866,499.77195453488656,483.8598367935751,490.8424987792969,12193700
2024-04-17,MSFT,410.94250998116144,412.5478743857738,404.1271050989649,405.6142883300781,15855500
2024-04-18,AAPL,166.51456987389489,167.11906901091456,165.0479219314042,165.5334930419922,43122900
2024-04-18,AMZN,181.47000122070312,182.38999938964844,178.64999389648438,179.22000122070312,30723800
2024-04-18,GOOGL,154.0666341164594,155.6535245551475,153.3525349324206,154.73114013671875,19883000
2024-04-18,META,496.4544030177161,508.76098785932845,495.67965646364473,498.4210510253906,14808700
2024-04-18,MSFT,404.4226567237303,405.6636193685748,397.843643128254,398.1587829589844,21029900
2024-04-19,AAPL,164.7109957890585,164.89926951971245,162.6002009445124,163.51190185546875,68149400
2024-04-19,AMZN,178.74000549316406,179.0,173.44000244140625,174.6300048828125,56000700
2024-04-19,GOOGL,154.91960900846084,155.07830110358373,151.05158377553497,152.826904296875,32615600
2024-04-19,META,499.4143166920903,499.4143166920903,472.52661920207805,477.8306579589844,25215400
2024-04-19,MSFT,397.9224202787546,399.3505131644287,391.7570408652649,393.0866394042969,30565800
2024-04-22,AAPL,164.0272084619306,165.75150603037284,163.28397258003716,164.3443145751953,48116400
2024-04-22,AMZN,176.94000244140625,178.8699951171875,174.55999755859375,177.22999572753906,37924900
2024-04-22,GOOGL,153.04509433151492,156.3477996158201,152.79714362068458,154.9989471435547,26446200
2024-04-22,META,486.4224564783826,488.6970451800913,470.2123404271616,478.48626708984375,17271100
2024-04-22,MSFT,394.0320711382099,396.7602169331123,389.7675399586122,394.8987731933594,20286900
2024-04-23,AAPL,163.85875133255257,165.54341638804536,163.43262154349364,165.39476013183594,49537800
2024-04-23,AMZN,178.0800018310547,179.92999267578125,175.97999572753906,179.5399932861328,37046500
2024-04-23,GOOGL,155.67336083793805,157.66687884737183,154.99892712206798,156.9626922607422,21151600
2024-04-23,META,487.9421124118453,495.4015526749956,485.6774662629057,492.7594604492188,15079200
2024-04-23,MSFT,398.1292267170022,402.0293863346637,396.9670716039761,401.4089050292969,15734500
2024-04-24,AAPL,165.03799187966663,167.7731094949557,164.7109814111337,167.49563598632812,48251800
2024-04-24,AMZN,179.94000244140625,180.32000732421875,176.17999267578125,176.58999633789062,34185100
2024-04-24,GOOGL,156.19902087415394,158.2619724145378,155.8816367293061,157.82557678222656,22779100
2024-04-24,META,504.6389278841395,506.5658671370393,481.317021755362,490.1769714355469,37772700
2024-04-24,MSFT,403.36878440202247,406.2347982871372,400.6308101493401,402.8763427734375,15065300
2024-04-25,AAPL,168.0010494911784,169.07131105182287,166.63349053238153,168.35780334472656,50558300
2024-04-25,AMZN,169.67999267578125,173.9199981689453,166.32000732421875,173.6699981689453,49249400
2024-04-25,GOOGL,150.08951991120836,155.2072260039545,149.63328396324783,154.7212371826172,57109700
2024-04-25,META,418.5623966108623,442.76829055814767,411.7088654676648,438.4078674316406,82890700
2024-04-25,MSFT,388.0735680343126,393.8449998393028,382.1642681956724,393.0078430175781,40586500
2024-04-26,AAPL,168.34791858741357,169.79474290783526,167.65421953718817,167.7731475830078,44838400
2024-04-26,AMZN,177.8000030517578,180.82000732421875,176.1300048828125,179.6199951171875,43919800
2024-04-26,GOOGL,172.9406579042473,173.2778823744627,168.25934724716632,170.54049682617188,64665300
2024-04-26,META,438.4873289037164,443.43380595163336,429.0512991270312,440.3050231933594,32691400
2024-04-26,MSFT,405.9393688090581,406.7568087350332,399.6262631587446,400.17779541015625,29694700
2024-04-29,AAPL,171.8064245491769,174.44243845784558,171.5388704832316,171.9352569580078,68169400
2024-04-29,AMZN,182.75,183.52999877929688,179.38999938964844,180.9600067138672,54063900
2024-04-29,GOOGL,167.67417460775002,168.1601634153097,163.8557430067843,164.78802490234375,45610000
2024-04-29,META,436.60018048581,436.7988458925218,425.6742499825373,429.7069091796875,21502600
2024-04-29,MSFT,399.1239614540039,400.1777938094066,393.1555709987601,396.1693115234375,19582100
2024-04-30,AAPL,171.76679778510277,173.41183044153803,168.46682810243752,168.79385375976562,65934800
2024-04-30,AMZN,181.08999633789065,182.9900054931641,174.8000030517578,175.0,94639800
2024-04-30,GOOGL,164.25246727701446,166.72206177178046,161.26714620693434,161.44566345214844,33562900
2024-04-30,META,428.147455924362,436.6597559754636,426.8264249918601,427.2734069824219,18429500
2024-04-30,MSFT,395.4207954000411,396.0806804506466,383.2870557136592,383.4446105957031,28781400
2024-05-01,AAPL,168.05062115462775,171.15239765594947,167.58485870487095,167.7731475830078,50383100
2024-05-01,AMZN,181.63999938964844,185.1499938964844,176.55999755859375,179.0,94645100
2024-05-01,GOOGL,162.95319556004813,165.7500714576766,161.7531075684998,162.5167999267578,33493200
2024-05-01,META,425.7139786368292,446.9301340688052,424.23399111108887,436.232666015625,20344900
2024-05-01,MSFT,386.6750231640028,395.6473257764034,384.4098035661703,388.9698181152344,23562500
2024-05-02,AAPL,170.95416794412498,171.8559644998941,169.34878317714927,171.469482421875,94214900
2024-05-02,AMZN,180.8500061035156,185.1000061035156,179.91000366210938,184.72000122070312,54303500
2024-05-02,GOOGL,163.43916484164697,165.36326455481128,162.54654844018515,165.25416564941406,24294500
2024-05-02,META,435.8849988022705,440.9705176340693,429.3691740100177,438.7058715820313,15221300
2024-05-02,MSFT,391.6487169798458,393.88439136644655,388.6842084752251,391.8259887695313,17709400
2024-05-03,AAPL,184.9666328542693,185.31348231884328,181.01262758822543,181.72613525390625,163224100
2024-05-03,AMZN,186.9900054931641,187.8699951171875,185.4199981689453,186.2100067138672,39172000
2024-05-03,GOOGL,166.18646385430256,166.5831940285256,161.71343896761203,165.8690948486328,34662400
2024-05-03,META,442.92726154360383,451.1117969789197,440.8612808479055,448.9166564941406,16489100
2024-05-03,MSFT,396.1988407447482,400.9952174617544,395.7851765465019,400.51263427734375,17446700
2024-05-06,AAPL,180.7054248623681,182.53873097916653,178.79282331517493,180.07119750976562,78569700
2024-05-06,AMZN,186.27999877929688,188.75,184.8000030517578,188.6999969482422,34725300
2024-05-06,GOOGL,166.08732315442762,166.7617418738661,164.66903711346148,166.72207641601562,21871300
2024-05-06,META,452.5122844958483,463.0210597810657,450.2873775023874,462.5442810058594,15094600
2024-05-06,MSFT,402.58092459776026,407.6727546457112,400.22703898277103,407.2886657714844,16996600
2024-05-07,AAPL,181.7954923577229,183.2324120279765,179.68471275097576,180.7549591064453,77305800
2024-05-07,AMZN,188.9199981689453,189.94000244140625,187.30999755859372,188.75999450683597,34048900
2024-05-07,GOOGL,167.11874933173186,170.35202057689946,167.00965043305126,169.84620666503906,28039700
2024-05-07,META,463.15015450497714,468.3548602507181,458.2036773866879,465.0870056152344,13406800
2024-05-07,MSFT,408.3917165446932,408.4015749957849,402.90590929968624,403.1521301269531,20018200
2024-05-08,AAPL,181.20092748758523,181.4189445721307,179.81354466582562,181.0919189453125,45057100
2024-05-08,AMZN,187.44000244140625,188.42999267578125,186.38999938964844,188.0,26136400
2024-05-08,GOOGL,167.61467198559197,168.75523914384442,167.35680870759575,167.99156188964844,19569100
2024-05-08,META,460.3789640321999,472.3776084845462,459.8823308455416,469.4176940917969,11683900
2024-05-08,MSFT,401.999815843952,405.9984394987751,400.5618646353196,404.333984375,11792300
2024-05-09,AAPL,180.9135439323752,182.99461071341904,180.46760537105857,182.90542602539065,48983000
2024-05-09,AMZN,188.8800048828125,191.6999969482422,187.44000244140625,189.5,43368400
2024-05-09,GOOGL,168.00146814371735,169.2908147525702,166.80138015076668,168.56680297851562,15346700
2024-05-09,META,466.83517215291295,472.87421806387255,464.481135815607,472.21868896484375,9437700
2024-05-09,MSFT,404.3635513602943,406.4810444841864,402.9157716795976,406.0870971679688,14689700
2024-05-10,AAPL,183.48094965782863,183.669493895456,180.7322193628195,181.6451568603516,50759500
2024-05-10,AMZN,189.16000366210935,189.88999938964844,186.92999267578125,187.47999572753903,34141800
2024-05-10,GOOGL,166.65260426676096,168.45769242107335,164.82769095498062,167.26751708984375,29799900
2024-05-10,META,473.87749114181366,474.2847340273294,466.43793506604857,472.9934997558594,10750000
2024-05-10,MSFT,406.6977419727187,409.1008598045123,405.5749605018169,408.4705200195313,13402300
2024-05-13,AAPL,184.01680743143143,185.6640710757596,183.2030934113359,184.8503570556641,72044800
2024-05-13,AMZN,188.0,188.30999755859372,185.3600006103516,186.57000732421875,24898600
2024-05-13,GOOGL,162.9135222794407,167.89237656675422,162.65565899989346,167.75352478027344,31327600
2024-05-13,META,469.5666850409423,470.1626509363038,459.73335385977305,464.8586120605469,14668800
2024-05-13,MSFT,411.6910695528216,412.0259262613217,404.6097563640546,407.4659118652344,15440200
2024-05-14,AAPL,186.0709344816443,186.8548800445926,184.8602962551219,185.99154663085935,52393600
2024-05-14,AMZN,183.82000732421875,187.72000122070312,183.4499969482422,187.07000732421875,38698200
2024-05-14,GOOGL,168.37836010153808,169.8462239602229,167.41631020621995,168.9436798095703,25127100
2024-05-14,META,460.24982000044906,469.35808569307136,456.9819652481851,468.6727294921875,10478600
2024-05-14,MSFT,405.7915915372278,411.1789041925516,405.3286952009842,410.2629699707031,15109300
2024-05-15,AAPL,186.46787049037357,189.18683240943687,185.9320062923224,188.26397705078125,70400000
2024-05-15,AMZN,185.97000122070312,186.72000122070312,182.72999572753903,185.9900054931641,75459900
2024-05-15,GOOGL,169.23132245178067,171.23475328070515,169.11229582074708,171.0959014892578,26948400
2024-05-15,META,471.78169064027946,479.25104313597546,468.0271448205266,478.2975158691406,13100500
2024-05-15,MSFT,412.3251443711876,418.1563076849087,411.703543849402,417.43603515625,22239500
2024-05-16,AAPL,189.00819589014523,189.6333656572436,188.2044148419799,188.38302612304688,52845200
2024-05-16,AMZN,185.6000061035156,187.30999755859372,183.4600067138672,183.6300048828125,38834500
2024-05-16,GOOGL,171.86949341563104,173.68449428030138,171.27442084056955,172.752197265625,27867900
2024-05-16,META,471.8014969689751,474.47338576625015,469.5666477728062,470.0434265136719,16608200
2024-05-16,MSFT,416.1730933998144,419.7448271840896,414.7424547498935,415.3739013671875,17530100
2024-05-17,AAPL,188.0555735439889,189.34559954047236,187.72810435814964,188.41281127929688,41282900
2024-05-17,AMZN,183.75999450683597,185.3000030517578,183.3500061035156,184.6999969482422,33175700
2024-05-17,GOOGL,172.7522118435742,174.82509128603235,172.2662381363207,174.61680603027344,24479300
2024-05-17,META,467.6596161293241,469.61635219313234,465.265870726958,468.73236083984375,10807300
2024-05-17,MSFT,416.90321260748334,417.27814812423264,412.45336756995647,414.6042785644531,15352200
2024-05-20,AAPL,187.87695420764547,190.44707314635468,187.5594028379898,189.5738220214844,44361300
2024-05-20,AMZN,184.33999633789065,186.6699981689453,183.27999877929688,183.5399932861328,30511800
2024-05-20,GOOGL,174.7457452424878,177.30459839219796,174.63664632446375,175.46975708007812,22554400
2024-05-20,META,466.7855247891009,470.013640367692,463.8951161258971,465.6829833984375,11745100
2024-05-20,MSFT,414.6042935983872,421.0767792819616,414.3872272445279,419.6658630371094,16272100
2024-05-21,AAPL,189.62342455766935,191.25083732912464,189.4547310855792,190.87376403808597,42309400
2024-05-21,AMZN,182.3000030517578,183.25999450683597,180.75,183.1499938964844,50839100
2024-05-21,GOOGL,175.44988049011022,176.6896337867721,174.36881924751077,176.39210510253906,16989400
2024-05-21,META,463.9745969325562,467.5305076270988,459.157248819606,461.5013732910156,11742200
2024-05-21,MSFT,421.13601884677456,427.19412489848247,419.18245157588046,423.3165588378906,21453300
2024-05-22,AAPL,190.79440205142183,191.3401840301744,188.8097513226368,189.43490600585935,34648500
2024-05-22,AMZN,183.8800048828125,185.22000122070312,181.97000122070312,183.1300048828125,28148800
2024-05-22,GOOGL,175.19203685040134,175.69785080388766,173.77376618454468,174.93417358398438,17880000
2024-05-22,META,464.7195478096552,470.5301623382244,462.5144951792474,464.6301574707031,10078600
2024-05-22,MSFT,424.3525074308652,426.6415653807663,421.43200286988593,424.7767639160156,18073700
2024-05-23,AAPL,189.51429520164533,189.5341459487459,185.19768892080705,185.44577026367188,51005900
2024-05-23,AMZN,183.66000366210935,184.75999450683597,180.0800018310547,181.0500030517578,33670200
2024-05-23,GOOGL,175.61851492474267,176.7888348703636,171.53227742671908,172.1273651123047,21024900
2024-05-23,META,469.6958441033179,471.1658590507636,458.4322061887184,462.6436462402344,11747900
2024-05-23,MSFT,427.194070817087,427.8156712738496,419.7448017896618,421.3037109375,17211700
2024-05-24,AAPL,187.37087155015985,189.11735863774425,186.59684388111853,188.5219573974609,36327000
2024-05-24,AMZN,181.6499938964844,182.44000244140625,180.3000030517578,180.75,27471600
2024-05-24,GOOGL,173.54562953855606,174.32916213437795,172.22653015180546,173.55555725097656,16579400
2024-05-24,META,464.4711879258589,476.6188458328792,463.1600691192367,474.9998168945313,12024300
2024-05-24,MSFT,421.49115879915024,425.3095270127513,418.7482460431178,424.4215393066406,11855300
2024-05-28,AAPL,190.04021443649896,191.5187845976106,187.64872194997955,188.53189086914065,52280100
2024-05-28,AMZN,179.92999267578125,182.2400054931641,179.49000549316406,182.1499938964844,29927000
2024-05-28,GOOGL,173.01998246270298,175.8168734132129,172.94063642860604,174.95399475097656,20572200
2024-05-28,META,473.37090944104057,477.6220886169313,471.6426355250738,476.6884460449219,10175800
2024-05-28,MSFT,423.8986700778892,425.0727976913439,420.9090919797955,424.5794677734375,15718000
2024-05-29,AAPL,188.15481585355155,190.7745542503335,188.05557725890648,188.82958984375,53068000
2024-05-29,AMZN,181.6999969482422,184.0800018310547,181.5500030517578,182.0200042724609,32009300
2024-05-29,GOOGL,173.99195085751208,175.39039638067896,173.28777937305267,174.45809936523438,23388700
2024-05-29,META,471.46376955148327,476.6188238980227,470.5102424233148,471.165771484375,9226200
2024-05-29,MSFT,420.0112068053538,425.1911706830153,420.0112068053538,423.4447937011719,15517100
2024-05-30,AAPL,189.29598343446253,190.70508365256933,189.16699143181853,189.8219146728516,49889100
2024-05-30,AMZN,181.30999755859372,181.33999633789065,178.36000061035156,179.32000732421875,29184700
2024-05-30,GOOGL,173.7638398581773,173.78368015073974,170.38178882747087,170.6991729736328,22931500
2024-05-30,META,468.4939760428169,468.5535696018269,461.5808200768087,463.9050598144531,10719600
2024-05-30,MSFT,418.6397534914466,418.6397534914466,408.7139580183881,409.1382446289063,28394500
2024-05-31,AAPL,189.9707702687458,191.09210277636024,188.45251367186648,190.7745513916016,75158300
2024-05-31,AMZN,178.3000030517578,179.2100067138672,173.8699951171875,176.44000244140625,58903900
2024-05-31,GOOGL,170.4512148865134,171.6413751155462,168.0510541367466,171.08596801757812,37638900
2024-05-31,META,462.66346029491183,465.9611118987805,451.3998233629331,463.6865234375,16919800
2024-05-31,MSFT,411.1904861655314,411.1904861655314,399.1137794225584,409.5921020507813,47995300
2024-06-03,AAPL,191.41954585254337,193.49351725389891,191.0424725318553,192.54087829589844,50080500
2024-06-03,AMZN,177.6999969482422,178.6999969482422,175.9199981689453,178.33999633789062,30786600
2024-06-03,GOOGL,171.12564767729586,173.09934068848278,169.75697011042396,171.75048828125,27459100
2024-06-03,META,467.6894490543309,476.370618865676,465.0870956775249,474.2748107910156,11279400
2024-06-03,MSFT,409.9867358256656,410.8747236026411,403.4649291544174,408.0035400390625,17484700
2024-06-04,AAPL,193.14619663099631,193.82098571162211,191.54855228534225,192.85842895507807,47471400
2024-06-04,AMZN,177.63999938964844,179.82000732421875,176.44000244140625,179.33999633789062,27198400
2024-06-04,GOOGL,171.85957302701576,172.42490783803038,170.48096786025872,172.36538696289062,26879600
2024-06-04,META,473.78801853460345,475.6653063653888,470.0434155478428,473.778076171875,7088700
2024-06-04,MSFT,406.9280752908703,410.88459054146256,404.21476096620233,410.51953125,14348900
2024-06-05,AAPL,193.9003813531384,195.38886948576237,193.37445009094603,194.3667755126953,54156800
2024-06-05,AMZN,180.10000610351562,181.5,178.75,181.27999877929688,32116400
2024-06-05,GOOGL,173.76386743926795,175.2019786372729,172.5042735015329,173.97215270996094,22068500
2024-06-05,META,481.1878989283264,493.30573030037567,480.6515266079904,491.7264404296875,15690500
2024-06-05,MSFT,412.2363047282208,418.422650475776,410.7464388812518,418.3536071777344,16988000
2024-06-06,AAPL,194.1881624282746,194.99194358986875,192.679823561343,192.9874420166016,41181800
2024-06-06,AMZN,181.75,185.0,181.4900054931641,185.0,31371200
2024-06-06,GOOGL,174.45811286491957,175.69786641038863,174.3093484929474,175.28131103515625,23251000
2024-06-06,META,489.6604646276873,499.4342020437463,487.58454155763394,490.4352111816406,10667300
2024-06-06,MSFT,418.35363549566944,419.6362812039373,414.969369464852,418.8568115234375,14861300
2024-06-07,AAPL,193.15613762673084,195.4285713258788,192.65005711175448,195.3789520263672,53103900
2024-06-07,AMZN,184.8999938964844,186.2899932861328,183.3600006103516,184.3000030517578,28021500
2024-06-07,GOOGL,175.59868809544102,176.4119585188029,172.8712304058679,173.02992248535156,19661400
2024-06-07,META,492.57077317803936,495.5505725541797,486.869433404892,489.640625,9380700
2024-06-07,MSFT,420.514426860185,420.5933463970912,417.3571033955117,418.1957702636719,13621700
2024-06-10,AAPL,195.38883614317197,195.7857753291456,190.67529119421684,191.63784790039065,97010200
2024-06-10,AMZN,184.07000732421875,187.22999572753903,183.7899932861328,187.05999755859372,34445600
2024-06-10,GOOGL,173.7349167054555,175.81016010229428,171.5405100661831,173.77462768554688,23726700
2024-06-10,META,490.5344993150837,499.27526127994463,490.0875476500694,499.2156677246094,11220900
2024-06-10,MSFT,419.0344147777948,422.3692994949855,418.2352227759558,422.162109375,13982900
2024-06-11,AAPL,192.1637890602492,205.57011360777915,192.14395345618084,205.5601806640625,172373300
2024-06-11,AMZN,187.05999755859372,187.7700042724609,184.5399932861328,187.22999572753903,27265100
2024-06-11,GOOGL,174.97607487552963,175.59169348463175,172.54337230776866,175.3732452392578,21540600
2024-06-11,META,496.792112209235,504.1820164411717,494.914824216535,504.0528869628906,9673700
2024-06-11,MSFT,419.8039964152252,427.0460752832231,419.57705383558175,426.9079284667969,14551100
2024-06-12,AAPL,205.7785020929093,218.51003809526935,205.3121079690946,211.4347686767578,198134300
2024-06-12,AMZN,188.0200042724609,188.3500061035156,185.42999267578125,186.88999938964844,33984200
2024-06-12,GOOGL,176.99176326604527,179.13651982603324,174.86686977172752,176.53500366210938,27864700
2024-06-12,META,510.5289816127229,510.5488663402382,501.0730965012288,505.4136657714844,11983200
2024-06-12,MSFT,429.51276024474697,437.4849583450047,427.47036718999846,435.1761779785156,22366200
2024-06-13,AAPL,213.09192677850285,215.08649505325084,209.97602614095345,212.59576416015625,97862700
2024-06-13,AMZN,186.08999633789065,187.6699981689453,182.6699981689453,183.8300018310547,39721500
2024-06-13,GOOGL,174.86682906819652,175.4923867070194,173.64551595765906,173.9235382080078,20913300
2024-06-13,META,502.30477188866905,505.9301883972362,497.9840567348044,500.7056274414063,9954600
2024-06-13,MSFT,434.9689970884557,437.47512151645753,433.5087296834647,435.6892395019531,15960600
2024-06-14,AAPL,212.2087855151512,213.5186471242216,209.67835280423736,210.85922241210935,70122700
2024-06-14,AMZN,183.0800018310547,183.72000122070312,182.22999572753903,183.66000366210935,25456400
2024-06-14,GOOGL,172.99018739624864,175.8101362841722,172.92067425165644,175.5420379638672,18063600
2024-06-14,META,499.76102858798566,504.2351649770315,497.87195484771325,501.2623596191406,10243300
2024-06-14,MSFT,432.4332670607897,437.2284494695541,430.8940801420427,436.6660461425781,13582000
2024-06-17,AAPL,211.73243423482452,217.2696109595796,211.08742887751163,215.00711059570312,93728300
2024-06-17,AMZN,182.5200042724609,185.0,181.22000122070312,184.05999755859372,35601900
2024-06-17,GOOGL,174.2214273884837,177.10095011007647,173.57600667428076,175.98886108398438,19618500
2024-06-17,META,498.78668605391897,507.8144857839637,493.1592130256088,503.7181701660156,11266600
2024-06-17,MSFT,436.6857791496651,444.9243949145692,434.8407300488904,442.388671875,20790000
2024-06-18,AAPL,215.9200623200828,216.95208913019516,211.36529274424583,212.6453857421875,79943300
2024-06-18,AMZN,183.7400054931641,184.2899932861328,181.42999267578125,182.80999755859372,36659200
2024-06-18,GOOGL,175.88958192240335,176.13781719186318,172.87104771224654,173.8540496826172,21869900
2024-06-18,META,501.6600694232584,503.0917955375381,492.1748915017007,496.61920166015625,13060400
2024-06-18,MSFT,443.71071948038815,444.1350060298183,438.9550426722448,440.38568115234375,17112500
2024-06-20,AAPL,212.28816853161533,212.59580212894485,207.2471687535905,208.0707855224609,86172500
2024-06-20,AMZN,182.91000366210935,186.50999450683597,182.72000122070312,186.1000061035156,44726800
2024-06-20,GOOGL,174.13206841253606,176.03851342488448,173.7547611134038,175.05551147460938,20160100
2024-06-20,META,499.1147919555252,500.7752071040244,493.9148400723255,498.8165283203125,11801200
2024-06-20,MSFT,440.346213677154,440.5731562487516,435.383316572412,439.7542419433594,19877400
2024-06-21,AAPL,208.775320335952,210.2638082936136,205.52049454653317,205.8975830078125,241805100
2024-06-21,AMZN,187.8000030517578,189.27999877929688,185.8600006103516,189.0800018310547,70792500
2024-06-21,GOOGL,175.75055979188994,179.57338876304848,175.3633134017814,178.36199951171875,57759000
2024-06-21,META,500.5564933752359,500.5564933752359,489.5600618320149,491.9363098144531,22359200
2024-06-21,MSFT,441.4118686798834,444.569161991758,440.5534794666223,443.7798461914063,34187100
2024-06-24,AAPL,206.12584292738623,211.06761941054305,205.0045103276704,206.5426177978516,80727000
2024-06-24,AMZN,189.3300018310547,191.0,185.3300018310547,185.57000732421875,50610400
2024-06-24,GOOGL,178.88827736336933,179.61312014493922,177.40878962737892,177.9549102783203,18298000
2024-06-24,META,496.3308832381368,504.88143086237153,491.4490995948573,496.0425415039063,13525300
2024-06-24,MSFT,443.7995580906483,446.7102164929893,440.4547970856698,441.697998046875,15913700
2024-06-25,AAPL,207.544857328744,209.75775393646785,207.0090082596573,207.46548461914065,55549700
2024-06-25,AMZN,186.80999755859372,188.83999633789065,185.4199981689453,186.33999633789065,45366400
2024-06-25,GOOGL,178.35206806848578,182.98910099326696,178.15348288701358,182.7309417724609,23130200
2024-06-25,META,494.193234056006,507.774727975701,492.65215468981233,507.6653747558594,12063200
2024-06-25,MSFT,442.27024120018433,445.3979659147229,440.7902515475345,444.9342346191406,16413400
2024-06-26,AAPL,209.87680350658064,213.21101716086312,209.02340313251776,211.6133728027344,66213200
2024-06-26,AMZN,186.9199981689453,194.8000030517578,186.25999450683597,193.6100006103516,65103900
2024-06-26,GOOGL,181.3408244497642,183.20754327614856,181.19187420519867,182.58200073242188,19839000
2024-06-26,META,503.7380827860577,510.8569351712193,501.779403915125,510.1708984375,8882300
2024-06-26,MSFT,443.0102338094888,447.5488747436615,442.2110418098948,446.1280822753906,16507000
2024-06-27,AAPL,213.0423164247351,214.0842609953053,210.72027890747492,212.45684814453125,49772700
2024-06-27,AMZN,195.00999450683597,199.83999633789065,194.1999969482422,197.8500061035156,74397500
2024-06-27,GOOGL,182.87988309562385,184.73669324083983,182.7210240356858,184.1012115478516,18848900
2024-06-27,META,511.29431351366713,519.8747168625777,510.9463494359648,516.5737915039062,10121200
2024-06-27,MSFT,446.14779313508967,450.0845859651154,445.7432590292241,446.8088684082031,14806300
2024-06-28,AAPL,214.1140398112984,214.411740437408,208.68601906723535,209.0035552978516,82542700
2024-06-28,AMZN,197.72999572753903,198.8500061035156,192.5,193.25,76930200
2024-06-28,GOOGL,183.01890751714416,183.82318736943728,180.67556595744807,180.8642120361328,29156600
2024-06-28,META,514.1777300033583,518.8805251412638,500.94420066099576,501.322021484375,15855100
2024-06-28,MSFT,447.0259630244696,449.3051447547128,440.4548051400977,440.9876098632813,28362300
2024-07-01,AAPL,210.46227761796723,215.84067914098924,210.29358412725625,215.0865173339844,60402900
2024-07-01,AMZN,193.4900054931641,198.3000030517578,192.82000732421875,197.1999969482422,41192000
2024-07-01,GOOGL,181.7379989393426,182.5820048912053,180.0202151673191,181.6982879638672,16006100
2024-07-01,META,502.0478560452752,503.6684622749848,490.3355617817053,501.7793884277344,10328200
2024-07-01,MSFT,442.67479410049566,451.2685926172397,439.7148146696088,450.63714599609375,17662800
2024-07-02,AAPL,214.4911227279333,218.6886699462021,213.44919320249292,218.5795135498047,58046200
2024-07-02,AMZN,197.27999877929688,200.42999267578125,195.92999267578125,200.0,45600000
2024-07-02,GOOGL,180.76493422110232,184.26009121150625,180.27838761712013,183.9324188232422,17372500
2024-07-02,META,497.8819280151092,507.5659383637164,496.5794595722456,506.5716857910156,7739500
2024-07-02,MSFT,447.1542585344968,453.4589993533835,447.0654326502933,453.1531372070313,13979800
2024-07-03,AAPL,218.3115631866412,219.84967041015625,217.34900644671097,219.84967041015625,37369800
2024-07-03,AMZN,199.94000244140625,200.02999877929688,196.75999450683597,197.58999633789065,31597900
2024-07-03,GOOGL,183.545146815405,184.77638393795385,182.7011409192061,184.50830078125,10242100
2024-07-03,META,503.4596895038853,508.34147346230577,503.111695021788,507.029052734375,6005600
2024-07-03,MSFT,452.07760022493966,454.86983386478704,451.77173813362833,454.6231689453125,9932800
2024-07-05,AAPL,219.948912125906,224.71207692855523,219.948912125906,224.60292053222656,60412400
2024-07-05,AMZN,198.6499938964844,200.5500030517578,198.1699981689453,200.0,39858900
2024-07-05,GOOGL,184.54803142014995,189.512736865488,184.48845737897847,189.25457763671875,20967500
2024-07-05,META,508.659626943001,537.7613890905714,508.659626943001,536.806884765625,21354100
2024-07-05,MSFT,453.4787047518369,462.1021320411031,452.8472581254068,461.3226623535156,16000300
2024-07-08,AAPL,225.34717053841652,226.1013475300368,221.53664465186893,226.0715789794922,59085900
2024-07-08,AMZN,200.0399932861328,201.1999969482422,197.9600067138672,199.2899932861328,34767300
2024-07-08,GOOGL,188.55948674203475,188.82758504993225,186.4544567049596,187.6956329345703,21035900
2024-07-08,META,539.2329753391592,539.6903534680489,523.6232551138687,526.2778930664062,14917500
2024-07-08,MSFT,460.3261258064599,461.4608086849496,458.2640104011589,460.020263671875,12962300
2024-07-09,AAPL,226.18069804264903,227.63941744293052,224.63267299949703,226.9249420166016,48076100
2024-07-09,AMZN,199.3999938964844,200.57000732421875,199.0500030517578,199.33999633789065,32700100
2024-07-09,GOOGL,188.96660951335545,190.00920064999957,187.38783687416532,187.64599609375,15121400
2024-07-09,META,530.6823045262751,534.3908471604564,525.1542627135257,526.953857421875,8753200
2024-07-09,MSFT,460.77011087707854,461.0956953513629,451.89017298008986,453.4096374511719,17207200
2024-07-10,AAPL,227.5401905323848,231.29117889263892,227.49057123987387,231.1919403076172,62627700
2024-07-10,AMZN,200.0,200.1100006103516,197.69000244140625,199.7899932861328,32883800
2024-07-10,GOOGL,187.8148056046968,190.39645856086895,187.6956575193925,189.8304748535156,15952500
2024-07-10,META,527.7392732226358,535.782802810221,525.3232468812585,531.6168823242188,10983300
2024-07-10,MSFT,455.0671931892753,460.2372804404464,452.73866061347735,460.0300903320313,18196100
2024-07-11,AAPL,229.61416127735984,230.60648662367137,224.0372976764276,225.823486328125,64710600
2024-07-11,AMZN,200.08999633789065,200.2700042724609,192.8600006103516,195.0500030517578,44565000
2024-07-11,GOOGL,188.5098571184734,189.51272208583228,183.77352425069444,184.26007080078125,25625800
2024-07-11,META,527.8387206588444,532.382461834716,505.4481350938496,509.7532653808594,16458300
2024-07-11,MSFT,456.8037581244286,458.5797336933404,445.5262138972975,448.63421630859375,23111200
2024-07-12,AAPL,227.1631286162611,230.8545803134063,226.9249650693961,228.77069091796875,53046500
2024-07-12,AMZN,194.8000030517578,196.47000122070312,193.8300018310547,194.4900054931641,30598500
2024-07-12,GOOGL,183.77353479614163,185.7892039533301,183.1877032019216,183.76361083984372,22898400
2024-07-12,META,494.8991408562319,505.1697559706881,491.3894306970728,496.0027465820313,19750500
2024-07-12,MSFT,448.2691051092715,450.2720231711714,444.6382045032453,447.49951171875,16324300
2024-07-15,AAPL,234.66508213718532,235.40932611038664,231.3010999839828,232.60104370117188,62631300
2024-07-15,AMZN,194.55999755859372,196.19000244140625,190.8300018310547,192.72000122070312,40683200
2024-07-15,GOOGL,183.61465170436625,186.9112231651524,183.61465170436625,185.2132873535156,16474000
2024-07-15,META,495.7642159643508,503.7679378575844,490.5344371867324,493.3084106445313,12539200
2024-07-15,MSFT,447.2528536845848,451.1600479833261,445.40780476541227,447.904052734375,14429400
2024-07-16,AAPL,233.19646408342908,234.4567215545301,230.54695713829173,233.01785278320312,43234300
2024-07-16,AMZN,195.58999633789065,196.6199951171875,192.2400054931641,193.0200042724609,33994700
2024-07-16,GOOGL,186.03743905754484,187.34811338839907,182.0755987428797,182.6217193603516,18290700
2024-07-16,META,498.61766470466665,501.05359564218975,482.9979652991605,486.9749755859375,14075800
2024-07-16,MSFT,448.1605978328616,448.2395173651341,440.7014524487549,443.5232849121094,17175700
2024-07-17,AAPL,227.68904591405493,229.6836295353235,224.9006141352506,227.12342834472656,57345900
2024-07-17,AMZN,191.3500061035156,191.5800018310547,185.9900054931641,187.92999267578125,48076100
2024-07-17,GOOGL,181.6784348799773,182.2543425380115,178.6300984203773,179.74220275878906,20734100
2024-07-17,META,476.4159666762798,476.4159666762798,456.4811865614618,459.3346862792969,28076600
2024-07-17,MSFT,436.6857157018079,438.9155762729031,433.3212024908107,437.6033020019531,21778000
2024-07-18,AAPL,228.51269423226464,228.67146993188885,220.5641731481692,222.45950317382807,66034600
2024-07-18,AMZN,189.58999633789065,189.67999267578125,181.4499969482422,183.75,51043600
2024-07-18,GOOGL,180.64574423979403,181.21172786784336,175.22429500298105,176.43568420410156,25315700
2024-07-18,META,472.2699610515285,476.4855821522594,461.8700878787095,473.1150817871094,19267200
2024-07-18,MSFT,438.4124018485707,438.71826397070777,428.6050012530057,434.495361328125,20794800
2024-07-19,AAPL,223.0945966051545,225.0593965950336,221.56640705838356,222.5885009765625,49151500
2024-07-19,AMZN,181.13999938964844,184.92999267578125,180.11000061035156,183.1300048828125,43081800
2024-07-19,GOOGL,177.617288261751,179.0173235359133,175.87964153783852,176.40589904785156,18881900
2024-07-19,META,473.3238673312673,483.9126509383544,472.975872869739,474.0496826171875,15149400
2024-07-19,MSFT,427.3223538949878,435.2551069043024,426.23702212212055,431.2788391113281,20940400
2024-07-22,AAPL,225.2677759323044,226.03187070395737,221.3778623137636,222.2411956787109,48201800
2024-07-22,AMZN,185.0,185.05999755859372,182.47999572753903,182.5500030517578,39931900
2024-07-22,GOOGL,179.31522557776697,181.41033185766577,178.9577661837674,180.3876037597656,24100300
2024-07-22,META,483.7834299289137,489.2319452484401,481.1188401704912,484.5987243652344,12023100
2024-07-22,MSFT,435.8963837792252,438.668895041428,433.0547991136525,437.0310363769531,15808800
2024-07-23,AAPL,222.64803919770813,225.19832267550643,220.97100689389265,223.2831268310547,39960300
2024-07-23,AMZN,184.1000061035156,189.38999938964844,183.55999755859372,186.41000366210935,47537700
2024-07-23,GOOGL,180.76494931220915,182.31393516708,180.25853960121492,180.50677490234372,36352700
2024-07-23,META,487.0246404087884,492.3737237074945,484.91682996591794,485.8812561035156,9455500
2024-07-23,MSFT,437.9782495880887,442.4083722657051,437.1889338456379,438.9155883789063,13107100
2024-07-24,AAPL,222.28089648286087,223.0747598557794,215.46362561910504,216.86279296875,61777600
2024-07-24,AMZN,183.1999969482422,185.4499969482422,180.41000366210935,180.8300018310547,41532400
2024-07-24,GOOGL,172.37454609585706,174.94625938754675,170.6071125080407,171.41139221191406,49585200
2024-07-24,META,469.5953914420506,473.562449170336,457.9327988032807,458.6188354492188,17649700
2024-07-24,MSFT,434.5742824737623,435.59054077335657,421.88582291184935,423.1783447265625,26805800
2024-07-25,AAPL,217.2497669876539,219.1550448561193,212.9728474396388,215.82083129882807,51391200
2024-07-25,AMZN,182.91000366210935,183.8999938964844,176.8000030517578,179.85000610351562,44464200
2024-07-25,GOOGL,171.30218308939462,172.19582391606315,166.00980581766575,166.0991668701172,44852000
2024-07-25,META,460.5974713733936,460.8857827823925,440.1059094121218,450.8040771484375,18240500
2024-07-25,MSFT,423.0797067418699,424.066366533815,411.94033937034624,412.8184509277344,29943800
2024-07-26,AAPL,217.02155779536065,217.80550332568987,214.3522000978136,216.2872467041016,41601300
2024-07-26,AMZN,180.38999938964844,183.19000244140625,180.2400054931641,182.5,29506000
2024-07-26,GOOGL,165.97008682721892,166.90345381803442,162.90190268589552,165.82115173339844,41336900
2024-07-26,META,461.5320890529634,467.0700532148404,456.7795626327453,463.0234680175781,14222400
2024-07-26,MSFT,412.6211098546519,423.1981033319738,411.7034934246348,419.5967712402344,23583800
2024-07-29,AAPL,215.29493390237636,217.61697179557376,214.0942134588753,216.5651092529297,36311800
2024-07-29,AMZN,183.83999633789065,184.75,182.3800048828125,183.1999969482422,33270100
2024-07-29,GOOGL,167.6382268176297,169.22692328878654,166.80416003394157,168.33328247070312,20293800
2024-07-29,META,467.1793406971926,471.2358772960628,462.3472580677364,463.0332946777344,11339600
2024-07-29,MSFT,425.8225986635412,426.3850019436002,419.0344049240428,421.0373229980469,15125800
2024-07-30,AAPL,217.50777956722112,218.63902977566391,214.4613337033208,217.1207733154297,41643800
2024-07-30,AMZN,184.72000122070312,185.8600006103516,179.3800048828125,181.7100067138672,39508600
2024-07-30,GOOGL,169.0383014663059,170.02130347692145,167.25100442280618,169.0879364013672,18959700
2024-07-30,META,464.315962513696,470.0130408141906,454.075172907761,460.5278625488281,11390400
2024-07-30,MSFT,422.0141226280364,423.32636688783225,411.7923116419938,417.2781677246094,32687600
2024-07-31,AAPL,219.74050753338085,222.1022464925354,218.93672649714603,220.37559509277344,50036300
2024-07-31,AMZN,185.0500030517578,187.94000244140625,184.4600067138672,186.97999572753903,41667300
2024-07-31,GOOGL,172.01711347343624,173.01997848256258,168.80990296351985,170.3291015625,25729100
2024-07-31,META,468.31288241490927,473.7613979780104,464.06743443071633,472.1009826660156,24285800
2024-07-31,MSFT,414.89044707540063,416.1533704185598,406.7110288792971,412.7691345214844,42891400
2024-08-01,AAPL,222.64802807062824,222.7571844619209,215.35444602521784,216.6841583251953,62501000
2024-08-01,AMZN,189.2899932861328,190.6000061035156,181.8699951171875,184.07000732421875,70435600
2024-08-01,GOOGL,169.0482167160951,172.82139580223534,167.6878923021726,169.5546112060547,24531400
2024-08-01,META,518.0055653777843,524.1400864636705,489.2716734818862,494.8792419433594,43083100
2024-08-01,MSFT,415.1765852410534,421.7575892383458,407.5792927447693,411.545654296875,30296400
2024-08-02,AAPL,217.46808032420208,223.86859053089324,216.03914463167757,218.17263793945312,105568600
2024-08-02,AMZN,166.75,168.77000427246094,160.5500030517578,167.89999389648438,141448400
2024-08-02,GOOGL,165.26510279286998,167.32048278839775,163.50759297707282,165.48355102539062,29130100
2024-08-02,META,486.1894847459628,498.2696468567978,473.4133337307261,485.3344421386719,24044700
2024-08-02,MSFT,406.987288588088,409.4638143051384,398.9460172931046,403.0406494140625,29437900
2024-08-05,AAPL,197.562059997048,211.8614726265992,194.4957781490091,207.6639404296875,119548600
2024-08-05,AMZN,154.2100067138672,162.9600067138672,151.61000061035156,161.02000427246094,83149400
2024-08-05,GOOGL,154.40234063596142,163.26929736266635,153.8363569379613,158.12586975097656,53630700
2024-08-05,META,448.7559059334732,480.7012460328518,448.2090488117456,472.9957885742188,21396200
2024-08-05,MSFT,383.9783949357412,395.6900415573509,380.4362598734901,389.8786010742188,40709200
2024-08-06,AAPL,203.72439154098564,208.3783997216886,199.52685967053256,205.6395721435547,69660500
2024-08-06,AMZN,161.7100067138672,165.0800018310547,158.5399932861328,161.92999267578125,59950800
2024-08-06,GOOGL,158.2053051541738,159.43655755600886,155.3059189992834,157.17263793945312,49004600
2024-08-06,META,476.2469766387255,499.6715645445627,475.8989821739981,491.250244140625,20955000
2024-08-06,MSFT,394.66389500260414,400.2582689628709,393.1839053963444,394.2790832519531,24946500
2024-08-07,AAPL,205.31211338628992,212.00039184379943,204.80603289763476,208.209716796875,63516400
2024-08-07,AMZN,166.5500030517578,167.5800018310547,161.42999267578125,162.77000427246094,48408200
2024-08-07,GOOGL,160.11173013870962,161.82951376084208,157.3513554761563,157.8180389404297,25138600
2024-08-07,META,500.2383060346242,507.21794823147314,484.0617971194812,486.1099853515625,20105300
2024-08-07,MSFT,403.1886553909581,404.6094177317887,392.16765271577526,393.1148376464844,20650900
2024-08-08,AAPL,211.4744505610448,212.5560815310077,207.22729938249148,211.67291259765625,47161100
2024-08-08,AMZN,165.1699981689453,166.69000244140625,162.5500030517578,165.8000030517578,44616200
2024-08-08,GOOGL,159.37695589283803,162.5345161798724,159.07908571101373,160.88623046875,25578800
2024-08-08,META,494.6406097563313,507.028987185273,491.87658907027446,506.7008972167969,16156800
2024-08-08,MSFT,397.07135874007713,400.4457182788044,394.6047093244423,397.3180236816406,20203000
2024-08-09,AAPL,210.4722328596845,215.11630867247783,210.34322570654535,214.58045959472656,42201600
2024-08-09,AMZN,166.39999389648438,168.5500030517578,165.85000610351562,166.94000244140625,36401000
2024-08-09,GOOGL,158.88049573069213,162.6338117767747,157.93720474099763,162.51466369628906,28602300
2024-08-09,META,504.7919803564355,515.3609207187151,502.7935532579475,514.794189453125,13696600
2024-08-09,MSFT,398.6401637815713,402.6065253974217,396.8937867490897,400.6036071777344,19276700
2024-08-12,AAPL,214.65993379251097,218.0774716082045,214.1929998012183,216.1103973388672,38028100
2024-08-12,AMZN,168.13999938964844,168.5500030517578,166.11000061035156,166.8000030517578,30072800
2024-08-12,GOOGL,163.1898651801224,163.73597062856854,160.69757348531624,161.14439392089844,15895300
2024-08-12,META,513.8894234095668,515.0427904966505,506.1740432786469,512.9846801757812,9767400
2024-08-12,MSFT,401.6297215819056,403.30705522680034,398.84733381774834,401.383056640625,16762900
2024-08-13,AAPL,217.5807128008425,220.44192247615112,217.5807128008425,219.8259735107422,44155300
2024-08-13,AMZN,167.80999755859375,171.0399932861328,167.10000610351562,170.22999572753906,39237900
2024-08-13,GOOGL,162.25651485029758,163.56718927271257,161.81961832579947,163.001220703125,18551700
2024-08-13,META,517.0212549519154,528.4452065274616,515.1719598564413,525.502197265625,13743800
2024-08-13,MSFT,404.1259805010332,409.41449264240543,404.10625814496586,408.4870300292969,19414300
2024-08-14,AAPL,219.13056699635615,221.57450454206744,218.2662343099079,220.27305603027344,41960600
2024-08-14,AMZN,172.11000061035156,172.27999877929688,168.86000061035156,170.10000610351562,28843800
2024-08-14,GOOGL,161.2535991509072,162.0678179768307,156.59671896869054,159.23793029785156,40591100
2024-08-14,META,525.0250602739767,530.9309235361922,520.1234019137161,523.7325439453125,11444200
2024-08-14,MSFT,409.26646397851016,412.14752377963794,406.9478375879701,411.2989807128906,18267000
2024-08-15,AAPL,223.13425172393931,223.87935717471936,221.30624816369337,223.2534637451172,46414000
2024-08-15,AMZN,174.86000061035156,177.91000366210938,173.99000549316406,177.58999633789062,51698500
2024-08-15,GOOGL,159.36703635252704,160.49898852805327,158.4833194361169,160.16139221191406,31524300
2024-08-15,META,528.7335620768248,536.667738996692,523.6728503857054,534.2417602539062,13482100
2024-08-15,MSFT,414.9463196020412,416.2411711538097,412.8310776655769,416.162109375,20752100
2024-08-16,AAPL,222.45869413327577,225.34970708383625,222.1904519112624,224.5747985839844,44340200
2024-08-16,AMZN,177.0399932861328,178.33999633789062,176.25999450683594,177.05999755859375,31489200
2024-08-16,GOOGL,160.33018953302678,163.89484419906685,159.9925932186499,161.80967712402344,24208600
2024-08-16,META,528.842964640351,530.5927981833395,521.6445250806896,524.388671875,14776700
2024-08-16,MSFT,415.7370919531989,416.46852653153576,412.4752279591184,413.6317138671875,22775600
2024-08-19,AAPL,224.2469437652095,224.51518597934856,221.58442566604344,224.41583251953125,40687800
2024-08-19,AMZN,177.63999938964844,178.3000030517578,176.16000366210938,178.22000122070312,31129800
2024-08-19,GOOGL,164.1132970310061,165.5133475605536,163.1004929084528,165.4934844970703,22416200
2024-08-19,META,523.8417936399916,528.6042411215221,519.7554305554554,526.2379760742188,9879700
2024-08-19,MSFT,414.1160178789319,416.87376862371895,411.6449226292359,416.65631103515625,15234000
2024-08-20,AAPL,224.2966230198485,225.68748051768907,223.97870407222223,225.0317840576172,30299000
2024-08-20,AMZN,177.9199981689453,179.00999450683594,177.42999267578125,178.8800048828125,26255200
2024-08-20,GOOGL,165.72185564699794,167.44957853320707,165.642433695725,165.9998779296875,18341500
2024-08-20,META,525.3132598043475,528.037562503202,522.8574853714238,523.7025756835938,7944400
2024-08-20,MSFT,416.8243851157124,420.93626132598814,416.7650812391523,419.8885192871094,16387600
2024-08-21,AAPL,225.0417277949432,226.4921913011218,223.58131984717625,224.9225006103516,34765500
2024-08-21,AMZN,179.9199981689453,182.38999938964844,178.88999938964844,180.11000061035156,35599100
2024-08-21,GOOGL,163.98420467240848,165.67221654044488,163.50759722139043,164.6792755126953,22902000
2024-08-21,META,524.1202555369616,536.2998492635563,523.9014884202904,532.0841674804688,13423300
2024-08-21,MSFT,419.1768414959673,421.4700252660244,416.8441419181339,419.2361755371094,16067300
2024-08-22,AAPL,226.30341677619583,226.84983046212884,222.43880384726455,223.064697265625,43695300
2024-08-22,AMZN,181.3800048828125,181.47000122070312,175.67999267578125,176.1300048828125,32047500
2024-08-22,GOOGL,166.07932072756,166.4069931043409,162.15720646482643,162.6437530517578,22493300
2024-08-22,META,533.9136709320021,541.1020981439891,525.5520328797932,528.872802734375,15708300
2024-08-22,MSFT,419.45355922894015,421.8554866317301,409.816288176878,410.7454223632813,19361900
2024-08-23,AAPL,224.18732719786425,226.7306179936649,222.8660050723941,225.359619140625,38677300
2024-08-23,AMZN,177.33999633789062,178.97000122070312,175.24000549316406,177.0399932861328,29150100
2024-08-23,GOOGL,163.55725630307884,165.00694179876172,162.67353934579646,164.45089721679688,13955700
2024-08-23,META,533.8339854766065,536.767042214686,522.0421664915824,524.9652709960938,11323900
2024-08-23,MSFT,412.1589665576012,414.4126044200127,407.32548933843145,411.9711608886719,18493800
2024-08-26,AAPL,225.28014571740596,225.7967564120236,222.4288803537143,225.6974029541016,30602200
2024-08-26,AMZN,176.6999969482422,177.47000122070312,174.3000030517578,175.5,22366200
2024-08-26,GOOGL,165.20552403193696,166.36726315289178,163.29907918080005,164.98707580566406,14190400
2024-08-26,META,524.5677385474166,524.965463930204,511.9904773847129,518.125,9584000
2024-08-26,MSFT,411.5559963087608,412.4554786638681,406.58415351672016,408.7092895507813,13152800
2024-08-27,AAPL,224.52510403050715,227.356510742363,223.42234738221904,226.54185485839844,35934600
2024-08-27,AMZN,174.14999389648438,174.88999938964844,172.25,173.1199951171875,29842000
2024-08-27,GOOGL,164.6693476557718,165.26511837355503,163.29909924659626,163.5175323486328,11821900
2024-08-27,META,515.9972106523948,520.9983305112823,512.348320490828,516.1165161132812,6282700
2024-08-27,MSFT,408.0865870238401,409.5692443465509,405.5067777613987,409.0552673339844,13492900
2024-08-28,AAPL,226.4325622105088,228.35990394020044,224.2071752885293,225.01190185546875,38052200
2024-08-28,AMZN,173.69000244140625,173.69000244140625,168.9199981689453,170.8000030517578,29045000
2024-08-28,GOOGL,163.87498286647468,164.4310425767687,160.38976526426643,161.70045471191406,16407400
2024-08-28,META,514.6946530207725,518.095040120393,509.5046843177006,513.809814453125,9106100
2024-08-28,MSFT,410.0832055301203,410.201813276276,402.60072184118246,405.8526916503906,14882700
2024-08-29,AAPL,228.59837969678284,231.3999685703833,227.38634017099784,228.29039001464844,51906300
2024-08-29,AMZN,173.22000122070312,174.2899932861328,170.80999755859375,172.1199951171875,26407800
2024-08-29,GOOGL,163.15014011129165,164.798425876507,159.11880190681103,160.63800048828125,19699800
2024-08-29,META,516.0668238363469,524.1700071760439,512.7161972736417,515.2415771484375,8317400
2024-08-29,MSFT,410.1425315811349,417.17031240351145,405.8527135963608,408.3435668945313,17045200
2024-08-30,AAPL,228.68777538921813,228.89639643358683,225.99545426270925,227.5055389404297,52990800
2024-08-30,AMZN,172.77999877929688,178.89999389648438,172.60000610351562,178.5,43429400
2024-08-30,GOOGL,161.47205499845862,162.50472208741948,160.54862717284777,162.22669982910156,22123800
2024-08-30,META,518.3535299929398,520.5309454515676,512.2389133705824,518.3137817382812,9157500
2024-08-30,MSFT,410.7948745382869,412.663006834999,407.36499317358016,412.3170776367188,24308300
2024-09-03,AAPL,227.05847075546575,227.5055309941364,219.7266282681139,221.31619262695312,50190600
2024-09-03,AMZN,177.5500030517578,178.25999450683594,175.25999450683594,176.25,37817500
2024-09-03,GOOGL,160.57841450941874,160.707501683565,155.37539838425428,156.2491912841797,38945300
2024-09-03,META,516.6534100228187,522.4697631708141,505.6967274948376,508.8186950683594,12459100
2024-09-03,MSFT,413.0781880012741,415.025412349764,402.3239761780249,404.70611572265625,20313600
2024-09-04,AAPL,220.21344869061124,220.33266071869627,216.06071952153204,219.4087371826172,43840200
2024-09-04,AMZN,174.47999572753906,175.97999572753906,172.5399932861328,173.3300018310547,30309200
2024-09-04,GOOGL,155.554151121504,157.87762958096508,154.8590954051368,155.3456268310547,19353800
2024-09-04,META,503.161382437288,513.6209384157157,501.1728773879661,509.79302978515625,8335200
2024-09-04,MSFT,401.2169427939581,406.4853049884444,399.6947395600007,404.17236328125,15135800
2024-09-05,AAPL,220.18362078658944,224.00848612752256,220.07433805346517,220.92872619628903,36615400
2024-09-05,AMZN,175.0,179.8800048828125,175.0,177.88999938964844,40170500
2024-09-05,GOOGL,155.19666851330035,158.3244263445636,154.8789201470245,156.13003540039062,18688700
2024-09-05,META,508.7789010834829,518.6319472042396,508.2121698645864,513.8893432617188,8640900
2024-09-05,MSFT,402.90715723849786,408.32380920500026,401.43439403542544,403.6682739257813,14195500
2024-09-06,AAPL,222.4884846157397,223.7700744804958,218.33577084564573,219.37892150878903,48423000
2024-09-06,AMZN,177.24000549316406,178.3800048828125,171.16000366210938,171.38999938964844,41466500
2024-09-06,GOOGL,156.18961281792176,156.71587030378532,149.4872614761098,149.85464477539062,37912100
2024-09-06,META,518.88052782919,521.5650218623427,495.38633511921387,497.3947143554688,14744500
2024-09-06,MSFT,404.3305241544344,405.9021372589665,396.1660150408844,397.0556335449219,19609500
2024-09-09,AAPL,219.37892899374344,219.82598924771256,215.2957503769675,219.4683380126953,67180000
2024-09-09,AMZN,174.52999877929688,175.85000610351562,173.50999450683594,175.39999389648438,29037400
2024-09-09,GOOGL,151.63438731483413,152.51927694187998,146.3747655212842,147.85621643066406,39260500
2024-09-09,META,503.2509151946181,508.3911843036992,499.1943474697526,501.8887939453125,11047800
2024-09-09,MSFT,402.5315594789773,403.9252609488484,397.5004127036957,401.0291442871094,15295100
2024-09-10,AAPL,217.49130185519837,220.0345925843304,215.31559161387116,218.6735382080078,51591000
2024-09-10,AMZN,177.49000549316406,180.5,176.7899932861328,179.5500030517578,36233800
2024-09-10,GOOGL,149.58620426686707,150.4015036061094,147.48831800096144,147.80648803710938,31118800
2024-09-10,META,505.239420456012,511.2248103696218,497.1561417136968,501.8887939453125,9899000
2024-09-10,MSFT,403.4804431962991,411.51641958523567,402.9862241478787,409.41107177734375,19594300
2024-09-11,AAPL,220.01472831742512,221.6340804054664,216.46801935094325,221.20689392089844,44587100
2024-09-11,AMZN,180.10000610351562,184.9900054931641,175.72999572753906,184.5200042724609,42564700
2024-09-11,GOOGL,149.0592434246133,150.63017379029483,146.67302891819028,150.29212951660156,29607700
2024-09-11,META,504.096000860634,510.1708694464899,492.75157549409465,508.8882751464844,10782500
2024-09-11,MSFT,410.6960329818373,419.0878628478116,404.8444661227044,418.14886474609375,19266900
2024-09-12,AAPL,221.04795042006705,222.09110108310472,218.38544755210197,221.31619262695312,37455600
2024-09-12,AMZN,184.8000030517578,187.41000366210935,183.5399932861328,187.0,33544200
2024-09-12,GOOGL,152.91697508053775,153.9311230962661,151.77356859256676,153.80186462402344,29621500
2024-09-12,META,514.0783146741212,523.6828291466688,512.25881535378,522.5791625976562,11970500
2024-09-12,MSFT,418.415740735589,422.42879711427406,414.8969034199413,422.0630798339844,17395700
2024-09-13,AAPL,222.12091208096652,222.57790161811045,220.46181236980377,221.04795837402344,36766600
2024-09-13,AMZN,187.0,188.5,185.91000366210935,186.4900054931641,26495400
2024-09-13,GOOGL,154.5376253409391,157.4707006975876,154.31890238034902,156.5559844970703,29591200
2024-09-13,META,517.3494277649944,524.5478069237411,514.1379505818885,521.6047973632812,10321400
2024-09-13,MSFT,420.9065970976519,426.837225898396,420.5408798146308,425.611572265625,15874600
2024-09-16,AAPL,215.126845002842,215.80241517960704,212.52394807405796,214.9082946777344,59357400
2024-09-16,AMZN,185.2899932861328,185.80999755859372,183.3600006103516,184.88999938964844,26065500
2024-09-16,GOOGL,156.4068328344505,157.34143843484944,155.70091765708278,157.15252685546875,18379800
2024-09-16,META,522.0227773558852,531.5368977015272,514.9170874723145,530.7208862304688,9527600
2024-09-16,MSFT,425.6214402346101,428.5175565487448,423.26895279469,426.3528747558594,13834700
2024-09-17,AAPL,214.34202255786693,215.4845116318028,213.10018001697543,215.37522888183597,45519300
2024-09-17,AMZN,186.8500061035156,189.4499969482422,186.13999938964844,186.8800048828125,26091700
2024-09-17,GOOGL,158.10702330973243,159.6282379126932,157.4706983462141,158.40530395507812,20715600
2024-09-17,META,535.02004153394,539.4984461028365,528.0238099822781,533.7462158203125,11690800
2024-09-17,MSFT,435.14011791593873,436.7413828200211,427.2721288798558,430.1188354492188,18874200
2024-09-18,AAPL,216.13026348358335,221.25659276615585,216.1203190420684,219.2497711181641,59894900
2024-09-18,AMZN,186.4499969482422,188.8000030517578,185.05999755859372,186.42999267578125,34448100
2024-09-18,GOOGL,158.9421720163007,159.57849687987786,157.6894117080279,158.8924560546875,23677300
2024-09-18,META,534.4925654988167,541.5883529191947,531.337795589623,535.3683471679688,10323500
2024-09-18,MSFT,429.9706296378311,430.9887198071655,425.43370178624906,425.8290710449219,18898000
2024-09-19,AAPL,223.52173475477835,228.3202162952346,223.16408348594896,227.37640380859372,66781300
2024-09-19,AMZN,190.0399932861328,190.9900054931641,188.47000122070312,189.8699951171875,39543200
2024-09-19,GOOGL,162.77008449382728,162.8496118323656,160.41368126049775,161.20909118652344,26587700
2024-09-19,META,547.360625106574,559.3727101138928,543.8973445888765,556.4169311523438,15647000
2024-09-19,MSFT,436.1285918792357,436.3954593302787,431.84863763952944,433.6179504394531,21706600
2024-09-20,AAPL,228.4692229235467,231.56885703306253,226.1345528992572,226.7107696533203,318679900
2024-09-20,AMZN,190.22999572753903,191.83999633789065,187.41000366210935,191.6000061035156,100378600
2024-09-20,GOOGL,162.56127720516508,162.7899524297552,161.12954242807913,162.6507568359375,40896400
2024-09-20,META,557.3125698177632,561.790974396656,553.630313904446,558.6560668945312,22066800
2024-09-20,MSFT,432.1648930552261,434.1615270921616,429.19957885288886,430.2374267578125,55167100
2024-09-23,AAPL,225.8563676699032,227.95259834339623,224.33635371548323,224.99205017089844,54146000
2024-09-23,AMZN,191.63999938964844,194.4499969482422,190.57000732421875,193.8800048828125,36993100
2024-09-23,GOOGL,163.40640761812853,164.53986181971814,160.74178667068307,160.92076110839844,24150900
2024-09-23,META,566.7669546644623,571.2254355902388,559.7109530325689,561.7013549804688,12830700
2024-09-23,MSFT,429.2589197702658,431.41370770372646,425.4139110417271,428.4978332519531,15128900
2024-09-24,AAPL,227.15781488965328,227.85325878901887,224.25687274556688,225.88616943359372,43556100
2024-09-24,AMZN,194.2700042724609,195.3699951171875,190.1300048828125,193.9600067138672,43478900
2024-09-24,GOOGL,162.09398745781283,162.28289902982328,159.7674258440889,161.3582305908203,23332100
2024-09-24,META,563.9604859111224,565.0253582522924,551.5304353488232,560.6265869140625,12993000
2024-09-24,MSFT,427.9937125983331,428.33967197864655,421.1734954974966,424.2080078125,17015800
2024-09-25,AAPL,223.462095237407,225.8066944385944,222.55804543582803,224.8927001953125,42308700
2024-09-25,AMZN,193.75,193.9499969482422,192.16000366210935,192.52999877929688,26391100
2024-09-25,GOOGL,160.54293101542476,161.87523384572484,160.37390888064178,160.5628204345703,18869200
2024-09-25,META,561.343197050028,574.1116448246654,561.0147636623793,565.582763671875,16543400
2024-09-25,MSFT,424.8603454388432,428.1123153119531,423.61493391499886,427.1139831542969,13396400
2024-09-26,AAPL,225.81663654010725,227.0088022729372,223.9389713421174,226.0352020263672,36636700
2024-09-26,AMZN,194.30999755859372,194.52999877929688,189.5399932861328,191.16000366210935,36334900
2024-09-26,GOOGL,162.70049439754706,163.13797065652983,161.34830194759303,161.79571533203125,20319300
2024-09-26,META,572.967142227921,574.6291718932196,559.6513458984354,565.1150512695312,14400800
2024-09-26,MSFT,430.0595370663028,430.2671006249204,424.1684543301705,426.3232421875,14492000
2024-09-27,AAPL,226.9690618971705,228.0221418429688,225.8166284941723,226.3034210205078,34026000
2024-09-27,AMZN,190.67999267578125,190.8999938964844,187.33999633789065,187.97000122070312,36002300
2024-09-27,GOOGL,161.87524329123835,164.7486500925775,161.69628402203105,163.00869750976562,21101300
2024-09-27,META,567.3641092966835,568.1006091166316,561.8009692958777,564.6372680664062,9398400
2024-09-27,MSFT,426.5308226116947,426.8570240957296,422.5276601420935,423.0712890625,14896100
2024-09-30,AAPL,228.53875664504176,231.4794464111328,228.15130238402676,231.4794464111328,54541900
2024-09-30,AMZN,187.13999938964844,188.4900054931641,184.6499938964844,186.3300018310547,41583900
2024-09-30,GOOGL,162.38232355982177,165.19606207708327,162.32265529939457,164.89779663085938,20413900
2024-09-30,META,564.9756280044119,571.9221116471715,562.0895207658488,569.69287109375,12792300
2024-09-30,MSFT,423.2591189255808,425.4435890958682,420.451958019216,425.324951171875,16807300
2024-10-01,AAPL,228.02216122790813,228.15130254219565,222.27988260723768,224.7337646484375,63285000
2024-10-01,AMZN,184.8999938964844,186.19000244140625,183.4499969482422,185.1300048828125,36044900
2024-10-01,GOOGL,166.72722798963838,168.18878935347016,163.63508311957565,166.03125,28338100
2024-10-01,META,575.206254439428,580.2419690688359,567.3640657014531,573.7034912109375,15259300
2024-10-01,MSFT,423.4963084590475,423.52596039492926,413.9677508658884,415.8260192871094,19092900
2024-10-02,AAPL,224.41584231153624,225.8861795938886,221.56457676904253,225.30003356933597,32880600
2024-10-02,AMZN,184.44000244140625,186.6000061035156,184.0399932861328,184.75999450683597,23704100
2024-10-02,GOOGL,165.46452779504156,166.5582184121097,163.7842281975384,164.90774536132812,17760200
2024-10-02,META,572.1013073959746,573.2358512630743,566.6078384594379,570.0611572265625,6524700
2024-10-02,MSFT,417.6942213262076,417.9314670176148,411.8920936401559,412.3072509765625,16582300
2024-10-03,AAPL,223.67072564154157,225.3298253274289,221.8626109260752,224.197265625,34044200
2024-10-03,AMZN,183.0500030517578,183.44000244140625,180.8800048828125,181.9600067138672,30204300
2024-10-03,GOOGL,163.4660733087808,165.6832659184552,162.9788810936898,164.90774536132812,15073100
2024-10-03,META,567.4138954120452,580.5604622327534,566.0006662054095,579.9733276367188,11581000
2024-10-03,MSFT,412.801423489292,414.699207817815,409.50004373541833,411.7240295410156,13686400
2024-10-04,AAPL,226.41269745663612,226.51205091107013,222.66731173997377,225.31988525390625,37245100
2024-10-04,AMZN,185.75,187.6000061035156,183.6000061035156,186.50999450683597,40890300
2024-10-04,GOOGL,167.0951193232447,167.26414148638466,164.52992998564537,166.10086059570312,19047400
2024-10-04,META,580.9286522167133,593.9856842958213,578.6397020969828,593.080078125,14169500
2024-10-04,MSFT,413.4043606733948,414.8969119270876,410.172178794162,411.2495727539063,19169700
2024-10-07,AAPL,223.0348997045567,224.21713611955545,219.885589131397,220.2432403564453,39505400
2024-10-07,AMZN,182.9499969482422,183.6000061035156,180.25,180.8000030517578,42364200
2024-10-07,GOOGL,166.7570413680537,167.51267238697537,161.81557527499385,162.04425048828125,22463100
2024-10-07,META,595.3491999625717,600.0565426843976,581.2372550118221,581.9737548828125,12014200
2024-10-07,MSFT,411.1902950616205,412.287446994849,404.27122759664127,404.8049926757813,20919800
2024-10-08,AAPL,222.83622285599392,224.50525191173784,221.79307211654884,224.296630859375,31855700
2024-10-08,AMZN,181.9199981689453,183.08999633789065,180.9199981689453,182.72000122070312,26372100
2024-10-08,GOOGL,162.99875730912473,163.78421492779364,161.93489332497202,163.4362335205078,23072700
2024-10-08,META,586.8600834032629,590.7115064354323,583.1579040765794,590.0447387695312,7857400
2024-10-08,MSFT,406.14924457508937,410.8542199929417,403.4508276328713,409.9151916503906,19229300
2024-10-09,AAPL,223.7601370790405,228.25064364916537,223.36275355639287,228.04200744628903,33591100
2024-10-09,AMZN,182.82000732421875,185.8500061035156,182.0500030517578,185.1699981689453,26343100
2024-10-09,GOOGL,162.51156208330087,163.89358090449505,158.8228712424478,160.93069458007812,31181800
2024-10-09,META,591.1394888701676,591.5375936051837,578.8188944511467,587.6762084960938,9529700
2024-10-09,MSFT,411.0518548194861,415.5196143481408,409.5098937927917,412.6333618164063,14974300
2024-10-10,AAPL,226.2934858996686,228.0022622367944,225.68746620848788,227.54525756835935,28183500
2024-10-10,AMZN,187.1300048828125,188.1300048828125,185.8300018310547,186.6499938964844,27785000
2024-10-10,GOOGL,159.94638493252756,162.13376610989224,159.4790821511072,161.14944458007812,14144100
2024-10-10,META,584.7503015704497,587.397509697218,579.7245483018079,581.0282592773438,7740400
2024-10-10,MSFT,410.42917171763446,412.5246557071608,408.37320353432506,411.0321044921875,13848400
2024-10-11,AAPL,227.80358186995707,227.9128646118344,225.85636623992795,226.06500244140625,31759200
2024-10-11,AMZN,186.6300048828125,189.92999267578125,186.3000030517578,188.82000732421875,25751600
2024-10-11,GOOGL,161.19915249290503,162.9589793006072,160.3142629412503,162.3027801513672,15344300
2024-10-11,META,582.023532257207,588.3729207448063,579.9137105818194,587.1189575195312,8587100
2024-10-11,MSFT,411.3286496589972,412.3071937353824,408.4720490414364,411.5065612792969,14144900
2024-10-14,AAPL,227.20748901369805,230.21771386522883,227.1081507143634,229.79052734375,39882100
2024-10-14,AMZN,189.77999877929688,189.8300018310547,187.3600006103516,187.5399932861328,22614400
2024-10-14,GOOGL,162.70048027253844,165.27560646204375,162.4618527416689,164.01290893554688,19016100
2024-10-14,META,591.3683608695632,597.2201481215791,587.1288552616571,587.5866088867188,8252000
2024-10-14,MSFT,412.9397902420181,419.137316675548,412.692680707405,414.2939758300781,16653100
2024-10-15,AAPL,232.085459100832,235.9401430278398,230.8535458975589,232.3238983154297,64751400
2024-10-15,AMZN,187.6300048828125,188.41000366210935,184.5800018310547,187.69000244140625,32178900
2024-10-15,GOOGL,164.83813228183462,166.7172804935471,163.68480379630955,164.51004028320312,20247200
2024-10-15,META,587.3278289153324,587.7756815393129,577.3559556315927,583.45654296875,9564200
2024-10-15,MSFT,417.2987890411578,417.5953385694476,410.45881429415135,413.8985595703125,18900200
2024-10-16,AAPL,230.0885769817669,230.60517253033711,228.3400530967301,230.26739501953125,34082200
2024-10-16,AMZN,187.0500030517578,187.77999877929688,185.6100006103516,186.88999938964844,23456800
2024-10-16,GOOGL,163.58537367338425,164.84808640066018,162.7999160190336,164.21176147460938,16406000
2024-10-16,META,578.6098955081545,579.2866249105597,571.275268873164,574.02197265625,11268400
2024-10-16,MSFT,410.36987028679,411.5460839058675,405.7340930599272,411.3088684082031,15508900
2024-10-17,AAPL,231.9066247344228,232.3238971476739,229.0156269629083,230.63497924804688,32993800
2024-10-17,AMZN,188.22000122070312,188.94000244140625,186.0,187.52999877929688,25039400
2024-10-17,GOOGL,164.7784953540456,165.41482033547592,161.82554570724955,161.99456787109375,21453400
2024-10-17,META,580.5305650166398,582.1626483482484,572.4395767425352,574.1612548828125,8701200
2024-10-17,MSFT,417.4767225011017,417.6151183211583,410.7850070857703,411.9019470214844,14820000
2024-10-18,AAPL,234.63867690560429,234.63867690560429,232.4828401919167,233.4663848876953,46431500
2024-10-18,AMZN,187.1499938964844,190.7400054931641,186.27999877929688,188.9900054931641,37417700
2024-10-18,GOOGL,162.25306000415483,163.7643372928155,162.1436909535705,162.4817352294922,19757700
2024-10-18,META,578.3112766994918,581.1674987096003,572.4893751474343,573.7034912109375,7694300
2024-10-18,MSFT,412.3170908446127,414.7980500077063,411.447260474788,413.3252868652344,17145300
2024-10-21,AAPL,232.9199708414818,235.30431748145637,232.9199708414818,234.9367218017578,36254500
2024-10-21,AMZN,188.0500030517578,189.4600067138672,186.3999938964844,189.07000732421875,24639400
2024-10-21,GOOGL,162.01444125458505,163.5555451703661,161.68633408506915,163.12802124023438,20946500
2024-10-21,META,573.2657221535495,574.4698766165733,566.37888676671,572.3998413085938,8171900
2024-10-21,MSFT,411.3088916838687,414.1160525024568,408.96629801765454,413.9381408691406,14206100
2024-10-22,AAPL,232.36362533760988,234.67842149785605,231.0820505913223,234.32077026367188,38846600
2024-10-22,AMZN,188.3500061035156,191.5200042724609,186.97999572753903,189.6999969482422,29650600
2024-10-22,GOOGL,162.04426180421996,164.81825178422423,162.04426180421996,164.19186401367188,16568100
2024-10-22,META,571.5339359680816,580.7296438381057,569.3743668983145,579.2169189453125,8544500
2024-10-22,MSFT,413.6514683614362,425.6016818775397,413.2066892964129,422.5671997070313,25482200
2024-10-23,AAPL,232.55238437433343,233.60546433739609,226.27362172475395,229.2540435791016,52287000
2024-10-23,AMZN,188.8500061035156,189.16000366210935,183.69000244140625,184.7100067138672,31937100
2024-10-23,GOOGL,163.81405642655295,164.86798338254357,161.00030251118483,161.84542846679688,18280500
2024-10-23,META,577.1867670377931,582.1926578504655,559.8006325485245,560.9849243164062,14248400
2024-10-23,MSFT,425.87842845603865,426.09588604624633,417.6447522942533,419.6908264160156,19654400
2024-10-24,AAPL,228.4791464357764,229.3136761173618,226.91940013747097,229.0653076171875,31109500
2024-10-24,AMZN,185.25,187.1100006103516,183.8600006103516,186.3800048828125,21647400
2024-10-24,GOOGL,161.89513565846306,162.39226497688696,160.0855776572324,161.7857666015625,22412500
2024-10-24,META,564.4084538185217,566.15005589508,558.8253897398115,565.0553588867188,7184700
2024-10-24,MSFT,420.4123441203712,421.054852987084,417.51622786247975,419.8193054199219,13581600
2024-10-25,AAPL,228.24072625952675,231.69801159617745,228.0718374956409,229.8998260498047,38802300
2024-10-25,AMZN,187.8500061035156,190.4499969482422,187.52999877929688,187.8300018310547,29362100
2024-10-25,GOOGL,162.73030140529735,164.63927607521566,162.48173675810202,164.3211212158203,19828900
2024-10-25,META,571.1757528879629,578.5004183141831,568.9763366172681,570.4990234375,11337900
2024-10-25,MSFT,421.8258547879259,427.5192377532194,421.63804913504384,423.1997680664063,16899100
2024-10-28,AAPL,231.79733596578163,233.1981226337596,231.03235682367705,231.87680053710935,36087100
2024-10-28,AMZN,189.57000732421875,190.2100067138672,188.2100067138672,188.38999938964844,27930800
2024-10-28,GOOGL,167.78113051042075,167.78113051042075,163.00868643055472,165.76278686523438,32138600
2024-10-28,META,579.2070359341649,580.948637846338,571.3648464645419,575.3854370117188,10925100
2024-10-28,MSFT,426.6691948141605,426.94595627618617,421.37115090072086,421.6578063964844,14882400
2024-10-29,AAPL,231.5787777948225,232.80074647701065,230.8038693466829,232.14505004882807,35417200
2024-10-29,AMZN,188.5800018310547,191.4600067138672,187.82000732421875,190.8300018310547,35690200
2024-10-29,GOOGL,166.76700909757434,169.4018037804766,166.1306841303376,168.705810546875,42169000
2024-10-29,META,577.365987086118,590.8210656933186,572.6387814957556,590.4329833984375,13019100
2024-10-29,MSFT,423.0515288179329,428.16176733338216,420.8769528188613,426.9558715820313,17644100
2024-10-30,AAPL,231.091956844746,231.94634497686565,228.05192923673224,228.5983428955078,47070900
2024-10-30,AMZN,194.6999969482422,195.6100006103516,192.4199981689453,192.72999572753903,37707600
2024-10-30,GOOGL,179.6426331826948,180.9749512117023,173.06064622942904,173.45835876464844,68890800
2024-10-30,META,598.0958991586175,598.3148749725009,586.5515914382872,588.9599609375,26864900
2024-10-30,MSFT,432.38241000195467,433.43015208412135,427.1041536168679,427.5291748046875,29749100
2024-10-31,AAPL,227.84332326136388,228.33013097812315,223.8992302731352,224.4357147216797,64370100
2024-10-31,AMZN,190.50999450683597,190.6000061035156,185.22999572753903,186.3999938964844,75146800
2024-10-31,GOOGL,172.13600066532192,175.80481742033143,170.01822493850247,170.12759399414062,44769000
2024-10-31,META,582.1925856019707,587.0690948039123,560.3081253081026,564.856201171875,26838400
2024-10-31,MSFT,410.55766284750285,411.3484314804884,401.6024154615228,401.65185546875,53971000
2024-11-01,AAPL,219.5279346472888,223.8793552942412,218.83250593091051,221.4552764892578,65276700
2024-11-01,AMZN,199.0,200.5,197.0200042724609,197.92999267578125,99687800
2024-11-01,GOOGL,169.0935978368809,171.3306800897656,167.91042746241004,170.30657958984375,31796500
2024-11-01,META,564.8860850679225,570.917001339198,559.8603316322354,564.438232421875,15303200
2024-11-01,MSFT,404.2810743649744,410.6960279404989,402.788523190742,405.6253356933594,24230400
2024-11-04,AAPL,219.5478246614517,221.3360657336285,218.27617915451208,220.5611572265625,44944500
2024-11-04,AMZN,196.4499969482422,197.3300018310547,194.30999755859372,195.77999877929688,38492100
2024-11-04,GOOGL,168.95436679599575,169.7497767581588,167.04539198951443,168.26834106445312,21492700
2024-11-04,META,561.392889439504,565.9608889972419,555.2127297782872,557.9893188476562,12064600
2024-11-04,MSFT,405.06193022116906,405.67478719502446,400.8808562716615,403.7374267578125,19672300
2024-11-05,AAPL,220.3525342324639,222.48849724939907,219.69683776020292,221.99176025390625,28111300
2024-11-05,AMZN,196.0399932861328,199.82000732421875,195.9900054931641,199.5,30564800
2024-11-05,GOOGL,168.45722424913848,169.55091475770118,167.87061532690117,168.7654571533203,18242100
2024-11-05,META,564.5775361837109,570.7278713037589,563.950554670974,569.6829223632812,9775400
2024-11-05,MSFT,403.6484884800003,410.102988488707,403.3618329661191,406.7027587890625,17626000
2024-11-06,AAPL,221.15722727351368,224.5946536653585,219.7464961432124,221.2665100097656,54561100
2024-11-06,AMZN,200.00999450683597,207.5500030517578,199.13999938964844,207.08999633789065,72292200
2024-11-06,GOOGL,172.80214969030013,175.92412112315387,172.50386907265272,175.49658203125,33695500
2024-11-06,META,560.0493909181008,570.2502016811582,552.5057499508582,569.3047485351562,18305400
2024-11-06,MSFT,407.65170044035887,415.5888580717452,405.7736437068039,415.3219604492188,26681800
2024-11-07,AAPL,223.16404611393824,226.39283627600352,223.1044401056504,225.9954376220703,42137700
2024-11-07,AMZN,207.44000244140625,212.25,207.19000244140625,210.0500030517578,52878400
2024-11-07,GOOGL,176.39142952870222,180.0403569286527,176.1726914135067,179.71224975585938,25352900
2024-11-07,META,574.1216080144851,591.9456339468819,572.4496773656942,588.8605346679688,14653700
2024-11-07,MSFT,416.4092484424543,421.9148565188348,415.02544097960697,420.5112609863281,19901800
2024-11-08,AAPL,225.93579455138124,227.41770491673492,225.1799290579592,225.72694396972656,38328800
2024-11-08,AMZN,209.72000122070312,209.9600067138672,207.44000244140625,208.17999267578125,36075800
2024-11-08,GOOGL,179.6128172813832,179.86138194143007,177.05758046511664,177.32603454589844,22006200
2024-11-08,META,588.70123463837,590.2537459189086,581.7149642470737,586.5118408203125,9415700
2024-11-08,MSFT,420.4025199280503,421.568869701991,416.9034404414896,417.6546630859375,16891400
2024-11-11,AAPL,223.7775700900237,224.47376393957063,220.29658566640109,223.01174926757807,42005600
2024-11-11,AMZN,208.5,209.6499938964844,205.58999633789065,206.83999633789065,35456000
2024-11-11,GOOGL,177.55470270682915,179.513393363608,177.44533365392132,179.31454467773438,17450400
2024-11-11,META,583.5460928122134,584.1830360838699,573.7433864354757,580.3713989257812,10209100
2024-11-11,MSFT,417.6348370791872,419.8983686763573,411.1902318053884,413.177001953125,24503300
2024-11-12,AAPL,223.3300179850212,224.3643609649356,222.14648085284745,223.01174926757807,40398300
2024-11-12,AMZN,208.3699951171875,209.5399932861328,206.00999450683597,208.91000366210935,38942900
2024-11-12,GOOGL,178.78758666786376,181.44225527864103,178.3600475857902,180.5772399902344,25134900
2024-11-12,META,585.7155461176076,596.7821758387003,577.5947330801081,582.013427734375,16287700
2024-11-12,MSFT,413.4142742125201,419.5327090402253,412.37642617579047,418.1390075683594,19401200
2024-11-13,AAPL,222.79294167641655,225.4185978724207,221.54973296285613,223.89691162109372,48566200
2024-11-13,AMZN,209.3999938964844,215.08999633789065,209.13999938964844,214.1000061035156,46212900
2024-11-13,GOOGL,179.423911961303,179.9210412566759,177.51492211643085,177.8529815673828,23184000
2024-11-13,META,579.8140739533536,582.8295623160514,572.409775650482,577.2166137695312,10757600
2024-11-13,MSFT,416.76509796101305,424.3661599826618,413.3747320030266,420.283935546875,21502200
2024-11-14,AAPL,223.7974607959322,227.6265344728401,223.77756520755415,226.9800720214844,44923900
2024-11-14,AMZN,214.16000366210935,215.8999938964844,210.8800048828125,211.47999572753903,42620300
2024-11-14,GOOGL,177.25644065886237,177.79334885525918,173.3191846841435,174.5719451904297,31007500
2024-11-14,META,574.2309923162492,577.972957894817,570.2601499390961,574.3901977539062,11053700
2024-11-14,MSFT,420.086213638624,423.2195758457781,415.1440228899343,421.9543762207031,30246900
2024-11-15,AAPL,225.16996034674557,225.68713943052103,223.0515429787679,223.77757263183597,47923700
2024-11-15,AMZN,206.75999450683597,207.33999633789065,199.6100006103516,202.6100006103516,86591100
2024-11-15,GOOGL,172.73255057874763,173.1402002652983,170.236966835199,171.4996795654297,32504600
2024-11-15,META,568.47872051752,569.8222783942981,548.8533847643662,551.4210205078125,17712900
2024-11-15,MSFT,414.9660916401276,417.9116178816296,408.8575514031372,410.2018127441406,28247600
2024-11-18,AAPL,224.0262188410909,228.49183017609323,223.94665165924164,226.7811737060547,44633700
2024-11-18,AMZN,204.1499938964844,204.6699981689453,200.9499969482422,201.6999969482422,36409900
2024-11-18,GOOGL,172.4243223269658,174.4327289205199,171.90730361382492,174.2935333251953,20135300
2024-11-18,META,554.3667866349945,557.2131078822542,547.4501877365338,551.739501953125,14327300
2024-11-18,MSFT,410.0733395128572,413.5625250527604,407.33537663624696,410.95306396484375,24727000
2024-11-19,AAPL,225.7468090353896,228.90953992555225,225.4285554930197,227.0397491455078,36211800
2024-11-19,AMZN,199.3300018310547,205.3000030517578,198.77999877929688,204.6100006103516,31197900
2024-11-19,GOOGL,172.72261895446178,177.8430450835762,172.56353392471485,177.09735107421875,23434900
2024-11-19,META,549.2117727046272,558.7358563976715,547.9578093527397,558.3975219726562,9522400
2024-11-19,MSFT,408.33368112951007,413.1078544202765,406.7917199854057,412.9595947265625,18133500
2024-11-20,AAPL,226.82094870348703,228.68078414631773,224.6627401240164,227.7558441162109,35169600
2024-11-20,AMZN,202.97999572753903,203.1300048828125,199.4499969482422,202.8800048828125,32769000
2024-11-20,GOOGL,176.32182739630647,176.65987170014589,172.78226898861567,174.96963500976562,18997100
2024-11-20,META,560.2285547368579,563.6321255323566,551.5404684658788,562.80615234375,9797300
2024-11-20,MSFT,412.0501454618295,412.4653026955498,405.8328619771723,410.6860961914063,19191700
2024-11-21,AAPL,227.636502372658,228.90954693288327,224.48372676835865,227.2784576416016,42108300
2024-11-21,AMZN,203.4900054931641,203.4900054931641,195.75,198.3800048828125,58800000
2024-11-21,GOOGL,172.90154661772263,173.1302369953593,162.76011297916298,166.6675567626953,59734400
2024-11-21,META,566.7868914718125,567.2645685130409,546.4150954692434,560.3877563476562,11154700
2024-11-21,MSFT,415.4797664987992,415.7570819396626,406.3580380143849,408.9132995605469,20780200
2024-11-22,AAPL,226.82094518602503,229.46649702017743,226.82094518602503,228.62110900878903,38168300
2024-11-22,AMZN,198.25,199.25999450683597,196.75,197.1199951171875,31530800
2024-11-22,GOOGL,164.89779453956643,165.5042928911672,162.9589781366054,163.8140411376953,38604600
2024-11-22,META,560.8455359497274,561.1242213982047,551.9285734744715,556.4567260742188,9164000
2024-11-22,MSFT,407.4276728377604,413.39988374041405,407.1206461090675,413.0037231445313,24814600
2024-11-25,AAPL,230.2024846846048,231.98275293866183,228.49182822914253,231.6048126220703,90152800
2024-11-25,AMZN,199.27999877929688,201.9499969482422,199.0,201.4499969482422,40685700
2024-11-25,GOOGL,165.13641317917185,167.6618386099698,164.65917328191838,166.6874542236328,33135300
2024-11-25,META,559.4025063006017,569.842216719163,553.7199469729902,562.3980712890625,13599800
2024-11-25,MSFT,414.3705063731925,417.0446130867062,410.8743369468268,414.7765808105469,27691100
2024-11-26,AAPL,232.0623317186483,234.2901673751303,232.0623317186483,233.78292846679688,45986200
2024-11-26,AMZN,201.8999938964844,208.0,201.7899932861328,207.8600006103516,41673700
2024-11-26,GOOGL,166.6675967855572,168.84502584498395,166.61788081451584,168.14903259277344,20486700
2024-11-26,META,563.2838637168787,574.7286772022924,562.4877149272148,570.7876586914062,10356600
2024-11-26,MSFT,415.56890369905886,424.9283527972119,414.8360050762814,423.8883972167969,23458900
2024-11-27,AAPL,233.19613315216665,234.4095061449918,232.53971526898803,233.65362548828125,33498400
2024-11-27,AMZN,206.97999572753903,207.63999938964844,205.0500030517578,205.7400054931641,28061600
2024-11-27,GOOGL,168.0297170852908,168.5069570042289,167.0553478258637,168.25839233398438,19266500
2024-11-27,META,572.131141178584,572.2206752566353,561.3928830685265,566.4684448242188,7200200
2024-11-27,MSFT,421.0360495207792,423.1357584170694,417.9756653943907,418.9363708496094,18332400
2024-11-29,AAPL,233.5342903816718,236.5179915802129,232.69885768829369,236.0406036376953,28481400
2024-11-29,AMZN,205.8300018310547,208.1999969482422,204.58999633789065,207.88999938964844,24892400
2024-11-29,GOOGL,167.53258236969043,168.4572356311654,166.20027942100947,167.97999572753906,14257200
2024-11-29,META,566.2694266604135,575.6840509462676,564.179528644509,571.5639038085938,7130500
2024-11-29,MSFT,416.06412568619913,420.808229889217,413.7960631011275,419.4018249511719,16271900
2024-12-02,AAPL,235.9809120539101,239.4817769036961,235.8715090788613,238.28829956054688,48137100
2024-12-02,AMZN,209.9600067138672,212.9900054931641,209.50999450683597,210.7100067138672,39523200
2024-12-02,GOOGL,167.8010472162495,171.09204112840575,167.60219850791557,170.50543212890625,23789100
2024-12-02,META,574.7285975175146,591.6470151067747,572.8078668096863,589.9850463867188,12522400
2024-12-02,MSFT,417.52999772728793,428.8504539576372,417.2724796995242,426.8498229980469,20207200
2024-12-03,AAPL,238.5070985351772,241.4410680109117,237.60203896586933,241.3316650390625,38861000
2024-12-03,AMZN,210.30999755859372,214.0200042724609,209.6499938964844,213.44000244140625,32214800
2024-12-03,GOOGL,170.5054406416943,171.6885958252668,169.86911564054563,170.35629272460938,22248700
2024-12-03,META,592.144674748723,611.2525486705784,588.412670496105,610.7052001953125,14907200
2024-12-03,MSFT,425.7207055754366,428.3255063010946,423.640824485454,427.0676879882813,18302000
2024-12-04,AAPL,241.5504585064531,242.7837269276089,239.93926498233728,241.689697265625,44383900
2024-12-04,AMZN,215.9600067138672,220.0,215.75,218.16000366210935,48745700
2024-12-04,GOOGL,170.1673670613907,173.9057894087997,170.0778874212496,173.36888122558594,31615100
2024-12-04,META,610.0184615359037,614.8153379179051,602.1961350667218,610.8345336914062,14697000
2024-12-04,MSFT,428.8801143248133,435.4564952904926,428.483953715763,433.2280578613281,26009400
2024-12-05,AAPL,242.66439419479377,243.21139387343032,240.81449907142343,241.71954345703125,40033900
2024-12-05,AMZN,218.02999877929688,222.1499938964844,217.3000030517578,220.5500030517578,41140200
2024-12-05,GOOGL,174.35320380974355,175.04918185581036,171.3406012044101,171.64881896972656,21356200
2024-12-05,META,614.1187259488262,616.9252004045749,604.1368295295009,606.0078125,8081200
2024-12-05,MSFT,433.7232643154077,440.3986627358307,431.9900352112823,438.3782043457031,21697800
2024-12-06,AAPL,241.5902721155965,243.3009285590703,240.76477968960373,241.5206451416016,36870600
2024-12-06,AMZN,220.75,227.1499938964844,220.6000061035156,227.02999877929688,44178100
2024-12-06,GOOGL,171.04233358531255,174.07482584315568,170.87331141634223,173.7069549560547,21462400
2024-12-06,META,607.1721088209316,626.7676190380172,605.6096966963446,620.7765502929688,16935500
2024-12-06,MSFT,438.0612738202398,441.824875239188,437.5363542028089,439.3191223144531,18821000
2024-12-09,AAPL,240.51612576959505,245.89673657618508,240.43655859300796,245.40939331054688,44649200
2024-12-09,AMZN,227.2100067138672,230.0800018310547,225.6699981689453,226.08999633789065,46819400
2024-12-09,GOOGL,173.15944286734856,175.4488461178741,172.85085672876534,174.5629425048828,25389600
2024-12-09,META,620.9258564568023,623.3939965020669,603.2610368421125,610.6255493164062,11426000
2024-12-09,MSFT,438.3583673053642,444.03343474398827,436.2784865232272,441.7455749511719,19144400
2024-12-10,AAPL,245.54861966146677,246.8614552449502,244.0070379417896,246.42384338378903,36914800
2024-12-10,AMZN,226.08999633789065,229.05999755859372,224.1999969482422,225.0399932861328,31199900
2024-12-10,GOOGL,182.00855531536865,185.502397306232,180.21683563214248,184.31787109375,54813000
2024-12-10,META,614.5963368840676,622.5878301971734,609.7994606988705,616.347900390625,10938900
2024-12-10,MSFT,440.13129040416726,445.31115038441584,437.3680193570296,439.0814208984375,18469500
2024-12-11,AAPL,246.61283253090065,249.43739908317045,244.9220565413804,245.15081787109372,45205800
2024-12-11,AMZN,226.41000366210935,231.1999969482422,226.25999450683597,230.25999450683597,35385800
2024-12-11,GOOGL,184.45722971599076,194.7098337526011,183.9993550701832,194.50079345703125,67894100
2024-12-11,META,620.3784192599069,635.3363188855899,618.5472835041938,629.6437377929688,10837200
2024-12-11,MSFT,439.7945337941877,446.0341772846715,439.7945337941877,444.6871948242188,19200200
2024-12-12,AAPL,245.54862958315107,247.38858448031883,244.3451969163318,246.61282348632807,32777500
2024-12-12,AMZN,229.8300018310547,231.08999633789065,227.6300048828125,228.97000122070312,28204100
2024-12-12,GOOGL,194.1026332379752,194.2817976089121,190.8277801088796,191.07662963867188,34817500
2024-12-12,META,628.4694319605399,633.6046423977135,624.2000415346207,627.7628173828125,7474700
2024-12-12,MSFT,444.8059789125675,451.78843398650577,444.8059789125675,445.2516784667969,20834800
2024-12-13,AAPL,246.47359279661413,247.9355922748061,244.90217516923997,246.7819061279297,33155300
2024-12-13,AMZN,228.3999938964844,230.1999969482422,225.8600006103516,227.4600067138672,28768100
2024-12-13,GOOGL,190.13098313312,191.84306905787372,188.7672926142497,188.94647216796875,25143500
2024-12-13,META,624.2100126233092,628.051535081657,613.9296288656519,617.3729858398438,8453300
2024-12-13,MSFT,444.142412756118,447.1037486529664,441.3098056253416,442.9836120605469,20177800
2024-12-16,AAPL,246.64268436980004,250.01426601000415,246.30452004436617,249.6761016845703,51694800
2024-12-16,AMZN,230.22999572753903,233.0,228.00999450683597,232.92999267578125,37552100
2024-12-16,GOOGL,191.98243736831276,198.08423292115103,191.73358782946704,195.7550048828125,44934900
2024-12-16,META,627.4624746323816,628.6278428855253,616.1080674222911,621.7454223632812,10885600
2024-12-16,MSFT,442.9836607244317,447.8466102847365,441.0127411892908,447.2622680664063,23598800
2024-12-17,AAPL,248.721307383058,252.45093348613432,248.4229342596344,252.1028289794922,51356400
2024-12-17,AMZN,232.38999938964844,232.72999572753903,227.8500061035156,231.1499938964844,35948100
2024-12-17,GOOGL,196.3422712265007,200.4930793963414,194.082713332717,194.52069091796875,43504000
2024-12-17,META,623.6677474643714,629.8429838266126,614.0762250068084,616.9646606445312,12897800
2024-12-17,MSFT,446.6878473519071,450.9268296361061,445.2616448801094,450.1047668457031,22733500
2024-12-18,AAPL,250.7900177691265,252.89849494785605,246.39403346062903,246.7023468017578,56774100
2024-12-18,AMZN,230.7700042724609,231.3999938964844,220.1100006103516,220.5200042724609,43281400
2024-12-18,GOOGL,194.3216274116736,196.09343489769404,186.87605352724103,187.5330047607422,34166100
2024-12-18,META,618.5184399880585,624.8530103874069,593.9370703121472,594.8035888671875,17075500
2024-12-18,MSFT,446.994861295181,448.3121021747045,432.8318846987335,433.1983642578125,24444500
2024-12-19,AAPL,246.15534002348284,250.63089166027345,245.74756389880645,248.43289184570312,60882300
2024-12-19,AMZN,224.91000366210935,226.08999633789065,222.9199981689453,223.2899932861328,39918700
2024-12-19,GOOGL,190.7481544210868,192.14170577082703,187.51311039837415,187.6425018310547,32265200
2024-12-19,META,607.9507863504745,609.0762755305054,592.6222729689903,593.1900024414062,14958100
2024-12-19,MSFT,437.3877749335288,438.93282241461935,432.1385790330434,432.8417663574219,22963700
2024-12-20,AAPL,246.69239156062656,253.6145845456153,244.35516822034683,253.10736083984372,147495300
2024-12-20,AMZN,219.83999633789065,226.2100067138672,218.72999572753903,224.9199981689453,88279200
2024-12-20,GOOGL,184.925048408463,192.00232914747,184.3676279309519,190.52914428710935,63462900
2024-12-20,META,588.2199724400746,600.699869104885,577.6822346553289,582.9112548828125,48989400
2024-12-20,MSFT,428.9593493416428,439.48748337745457,424.5223020050907,432.4159240722656,64263700
2024-12-23,AAPL,253.38581895601413,254.26102752773247,252.07298333460636,253.8831024169922,40858800
2024-12-23,AMZN,225.00999450683597,226.8800048828125,223.8999938964844,225.05999755859372,28070000
2024-12-23,GOOGL,191.7335694029116,194.20216752678672,189.27493498031785,193.7343292236328,25675000
2024-12-23,META,587.2437814772281,598.6879155279142,583.9071932608068,597.4528198242188,10205800
2024-12-23,MSFT,432.554599216363,433.45588208065465,428.68206611928935,431.0788879394531,19152500
2024-12-24,AAPL,254.10189725758943,256.80710520536127,253.90297174117552,256.79718017578125,23234700
2024-12-24,AMZN,226.94000244140625,229.13999938964844,226.1300048828125,229.0500030517578,15007500
2024-12-24,GOOGL,193.9433748674021,195.20753479003903,192.8882552424337,195.20753479003903,10403300
2024-12-24,META,600.311421467438,605.5603812991077,596.8852265249648,605.3213500976562,4726100
2024-12-24,MSFT,430.4845477379295,435.3871217541817,430.0289645876171,435.1196899414063,7164500
2024-12-26,AAPL,256.78725468311694,258.6868812844183,256.23029959445824,257.6127319335937,27237100
2024-12-26,AMZN,228.5,228.5,226.6699981689453,227.0500030517578,16146700
2024-12-26,GOOGL,194.25194880473947,195.8445919686037,193.48550314170072,194.69989013671875,12046600
2024-12-26,META,603.0603968908488,603.8771273499036,596.5465535400348,600.9389038085938,6081400
2024-12-26,MSFT,434.8721433787049,436.7143341240544,432.4456406431818,433.9114379882813,8194200
2024-12-27,AAPL,256.42919055718573,257.29448932345014,251.68511699924173,254.2013702392578,42355300
2024-12-27,AMZN,225.6000061035156,226.02999877929688,220.8999938964844,223.75,27367100
2024-12-27,GOOGL,194.05284898883724,194.42115659969988,189.77263428806023,191.8729248046875,18891400
2024-12-27,META,597.0146600682612,599.4449119716119,587.4430773536361,597.4130859375,8084200
2024-12-27,MSFT,430.4350863105853,431.0491398035233,422.2641488688207,426.4040832519531,18117700
2024-12-30,AAPL,250.8596392638085,252.122743648892,249.38768429964367,250.82980346679688,35557500
2024-12-30,AMZN,220.05999755859372,223.0,218.42999267578125,221.3000030517578,28321200
2024-12-30,GOOGL,188.9265638700057,191.66390866604783,188.24968525874627,190.3599395751953,14264700
2024-12-30,META,586.3971578659622,594.554430315314,583.2398432689357,588.877197265625,7025900
2024-12-30,MSFT,421.9769208859116,423.45263204127576,417.8567839421245,420.7586975097656,13158700
2024-12-31,AAPL,251.0684930674946,251.9039256958292,248.07483671879717,249.05946350097656,39480700
2024-12-31,AMZN,222.97000122070312,223.22999572753903,218.94000244140625,219.38999938964844,24819700
2024-12-31,GOOGL,190.2006709297877,191.07662611886295,187.6424905201336,188.42886352539065,17466900
2024-12-31,META,589.9031610994577,591.5963188432811,581.5167657457517,583.170166015625,6019500
2024-12-31,MSFT,422.016524265212,422.6404915665645,416.6286554798762,417.4606018066406,13246500
2025-01-02,AAPL,247.57754859678104,247.74663833648884,240.5061920078161,242.5251617431641,55740700
2025-01-02,AMZN,222.02999877929688,225.1499938964844,218.19000244140625,220.22000122070312,33956600
2025-01-02,GOOGL,189.7726449747486,191.11643850843905,186.63714698089748,188.55825805664065,20370800
2025-01-02,META,587.3633608157467,602.4926617179121,585.470989976871,596.8453369140625,12682300
2025-01-02,MSFT,421.452011579828,421.9868450538027,410.8743686174563,414.568603515625,16896500
2025-01-03,AAPL,242.03781127929688,242.853348279154,240.5757966624965,242.03781127929688,40244100
2025-01-03,AMZN,222.50999450683597,225.3600006103516,221.6199951171875,224.19000244140625,27515600
2025-01-03,GOOGL,190.48934425629204,192.32088844513345,189.10574139792004,190.90740966796875,18596200
2025-01-03,META,602.3432915147383,607.0643399858958,594.0266229827574,602.2138061523438,11436800
2025-01-03,MSFT,417.0446425061394,419.9663838035234,415.5194225803269,419.29290771484375,16662900
2025-01-06,AAPL,242.9826459215422,245.98624232017477,241.8786760145675,243.6688995361328,45045600
2025-01-06,AMZN,226.77999877929688,228.83999633789065,224.83999633789065,227.6100006103516,31849800
2025-01-06,GOOGL,193.08731986382296,197.30781329054136,192.9579284385956,195.96401977539065,29563600
2025-01-06,META,609.385054699766,628.4684617844035,603.1998488847688,627.681640625,14560800
2025-01-06,MSFT,423.8983428352595,430.15778356293015,421.4025036603563,423.7497863769531,20573600
2025-01-07,AAPL,241.65986382248772,244.2159080685743,240.0387300769128,240.89405822753903,40856000
2025-01-07,AMZN,227.8999938964844,228.3800048828125,221.4600067138672,222.1100006103516,28084200
2025-01-07,GOOGL,196.2029178508013,200.07501580789892,193.70447411630903,194.5903778076172,26487200
2025-01-07,META,629.1755858278557,629.5739508561447,605.7993460257709,615.4207763671875,12071500
2025-01-07,MSFT,424.8887326935554,426.5229140819689,416.7673042676413,418.322265625,18139100
2025-01-08,AAPL,240.605632433071,242.3859157551251,238.74579711055483,241.3813934326172,37628900
2025-01-08,AMZN,223.19000244140625,223.5200042724609,220.1999969482422,222.1300048828125,25033300
2025-01-08,GOOGL,191.683825506133,195.38669258245943,191.4946974309445,193.05746459960935,24864800
2025-01-08,META,610.9487013550364,613.9765307551536,600.3810557676817,608.2793579101562,10085800
2025-01-08,MSFT,419.4018380991605,422.8782103117768,417.5002550030301,420.4913024902344,15054600
2025-01-10,AAPL,238.70600665338927,238.8552008004512,231.73409784256123,235.5631866455078,61710900
2025-01-10,AMZN,221.4600067138672,221.7100067138672,216.5,218.94000244140625,36811500
2025-01-10,GOOGL,193.40584405374383,195.61562893869856,189.43420036839143,191.1562347412109,26665200
2025-01-10,META,607.5922670173171,627.3927679278979,594.9529755373284,613.39892578125,19256600
2025-01-10,MSFT,420.5605868581897,420.6398068835906,411.0426680414125,414.9350280761719,20201100
2025-01-13,AAPL,232.2612269401141,233.39503269669683,228.47192915300568,233.12649536132807,49630700
2025-01-13,AMZN,218.05999755859372,219.3999938964844,216.47000122070312,218.4600067138672,27262700
2025-01-13,GOOGL,189.19533519391976,190.3002125683441,186.4977995025927,190.1309967041016,21823700
2025-01-13,META,604.6737999368137,606.5363219246983,596.0584047202525,605.89892578125,10785000
2025-01-13,MSFT,411.2606004893305,414.48936844362913,408.3388895039501,413.1919250488281,17604800
2025-01-14,AAPL,233.47460320476435,234.8371551382162,231.2069916592748,232.01258850097656,39435300
2025-01-14,AMZN,220.44000244140625,221.82000732421875,216.1999969482422,217.75999450683597,24711700
2025-01-14,GOOGL,190.3599624671612,191.0965474347177,187.44343776295528,188.7872314453125,17174900
2025-01-14,META,602.6520744429687,603.0703790506547,586.198070906463,591.8753051757812,13598000
2025-01-14,MSFT,413.8059687860609,415.7174656234234,406.783918522941,411.6864929199219,16935900
2025-01-15,AAPL,233.36520475508792,237.66174156203556,233.1563390036856,236.57765197753903,39832000
2025-01-15,AMZN,222.8300018310547,223.57000732421875,220.75,223.3500061035156,31291300
2025-01-15,GOOGL,192.20141470890871,195.4563707355863,190.977079303644,194.6501007080078,21776000
2025-01-15,META,607.7715100133968,619.972556750708,604.0763139738187,614.6538696289062,15524300
2025-01-15,MSFT,415.1133635635626,424.046911472686,414.26158946961095,422.22454833984375,19637800
2025-01-16,AAPL,236.06047699847065,236.7168796666606,226.7911055301388,227.0198516845703,71759100
2025-01-16,AMZN,224.4199981689453,224.6499938964844,220.30999755859372,220.66000366210935,24757300
2025-01-16,GOOGL,193.2465980564925,194.5804279448186,191.92271668187493,192.0222625732422,17815400
2025-01-16,META,609.0563906745308,613.7874092447745,607.2735655613326,608.857177734375,8355300
2025-01-16,MSFT,424.5916197701724,425.3740271428382,420.3229265289763,420.5110778808594,15300000
2025-01-17,AAPL,230.85888730040747,231.0279618693864,227.2386640256131,228.7305145263672,68488300
2025-01-17,AMZN,225.83999633789065,226.50999450683597,223.0800018310547,225.94000244140625,42370100
2025-01-17,GOOGL,195.6255975250055,196.3223731934333,192.85839187855623,195.09803771972656,27735100
2025-01-17,META,621.5561807031561,622.4724872092602,601.2576176946507,610.3212890625,17280600
2025-01-17,MSFT,429.929993773838,430.3162708057646,424.0667436709179,424.9184875488281,26197500
2025-01-21,AAPL,222.783001089375,223.20071739531107,218.1881065481907,221.43038940429688,98070400
2025-01-21,AMZN,228.8999938964844,231.77999877929688,226.94000244140625,230.7100067138672,39951500
2025-01-21,GOOGL,198.15390588987137,201.3590737795005,196.9594160260543,197.1385955810547,29971300
2025-01-21,META,615.3610413311562,619.0163582351468,606.5762805693779,613.9965209960938,11674000
2025-01-21,MSFT,426.0772138852344,426.7704873383958,421.5212916889844,424.39349365234375,26085700
2025-01-22,AAPL,218.59586314481808,222.90233985709412,218.59586314481808,222.61392211914065,64126500
2025-01-22,AMZN,232.0200042724609,235.44000244140625,231.19000244140625,235.00999450683597,41448200
2025-01-22,GOOGL,198.14394994474472,199.5574134711185,196.62099201618707,197.4571228027344,26200600
2025-01-22,META,620.8092099161343,631.1676746458771,616.9546797410454,621.0084228515625,12274000
2025-01-22,MSFT,433.3667651987781,442.983703699724,431.8217174351392,441.9239807128906,27803800
2025-01-23,AAPL,223.519004229982,225.79655609657797,221.09225820038623,222.4448699951172,60234800
2025-01-23,AMZN,234.1000061035156,235.5200042724609,231.50999450683597,235.4199981689453,26404400
2025-01-23,GOOGL,197.2282065725661,199.37827041520416,194.30173331818185,197.0689392089844,26951400
2025-01-23,META,624.8529752907019,634.0560413523201,618.6678301446317,633.9066772460938,9910200
2025-01-23,MSFT,437.7641319289048,442.46861072225846,437.2689236348676,442.4289855957031,18389300
2025-01-24,AAPL,223.55874437620204,224.40413230326865,220.207058812345,221.56961059570312,54697900
2025-01-24,AMZN,234.5,236.3999938964844,232.92999267578125,234.8500061035156,25890700
2025-01-24,GOOGL,197.18836001713137,199.97546240962188,197.08881413658432,199.2886505126953,23877500
2025-01-24,META,633.8569381276853,649.394575431947,631.6657172793263,644.902587890625,19065300
2025-01-24,MSFT,440.8939077892008,442.3696190202124,437.16993127456703,439.804443359375,15549500
2025-01-27,AAPL,222.80290778981757,230.888727332658,222.76311661057,228.61117553710935,94863400
2025-01-27,AMZN,226.2100067138672,235.6100006103516,225.8600006103516,235.4199981689453,49428300
2025-01-27,GOOGL,191.5245673708486,195.97399844848505,189.85229053116197,190.9273223876953,41728900
2025-01-27,META,624.1059736130031,661.2170877274049,622.601998034938,657.2430419921875,28399200
2025-01-27,MSFT,419.9465932349064,431.02935848885954,419.4414710475572,430.3954772949219,35647800
2025-01-28,AAPL,229.5958003833341,238.88505261672515,229.5560092044273,236.9655303955078,75707600
2025-01-28,AMZN,234.2899932861328,241.7700042724609,233.97999572753903,238.1499938964844,41587200
2025-01-28,GOOGL,191.86297701391987,194.58040947836048,189.802495729016,194.4012451171875,24157900
2025-01-28,META,663.3385252994983,679.8522851881131,656.8345913596311,671.63525390625,20950100
2025-01-28,MSFT,430.4350813460536,444.0830215490328,427.2459385298944,442.9143371582031,23491700
2025-01-29,AAPL,232.8480185689149,238.55683854812665,232.738615593108,238.0595550537109,45486100
2025-01-29,AMZN,239.0200042724609,240.38999938964844,236.1499938964844,237.07000732421875,26091700
2025-01-29,GOOGL,194.66006109436609,195.88439657430916,192.5398581602494,194.51075744628903,18218300
2025-01-29,META,672.3025851139503,678.3283961259809,663.0098523603809,673.78662109375,21377800
2025-01-29,MSFT,442.409205107017,442.5973866839753,436.1794760661476,438.0909729003906,23581400
2025-01-30,AAPL,237.3732826437262,239.48175963713217,235.92122345328548,236.2991485595703,55658300
2025-01-30,AMZN,237.13999938964844,237.9499969482422,232.22000122070312,234.63999938964844,32020700
2025-01-30,GOOGL,197.0888449414686,200.4731927690754,196.76036171060423,199.9456329345703,24354700
2025-01-30,META,694.0354036840853,707.9495481611209,673.3981724899843,684.254638671875,29322900
2025-01-30,MSFT,414.7567742579652,418.8075747745586,409.20055129765046,411.0130004882813,54586300
2025-01-31,AAPL,245.84699474947956,245.84699474947956,232.1716998572169,234.71778869628903,100959800
2025-01-31,AMZN,236.5,240.2899932861328,236.41000366210935,237.67999267578125,36110200
2025-01-31,GOOGL,201.0704225036096,204.5344037474068,200.87134591508243,203.0811309814453,32001100
2025-01-31,META,688.2386987585822,702.4815424501834,682.8403746118678,686.4259643554688,19303900
2025-01-31,MSFT,414.964783031506,416.6583870568431,410.933779971825,411.0823364257813,34161900
2025-02-03,AAPL,228.7404478557844,230.5704473180637,224.4737473364884,226.7711944580078,73063300
2025-02-03,AMZN,234.05999755859372,239.25,232.8999938964844,237.4199981689453,37285900
2025-02-03,GOOGL,199.76646200582945,202.8123779886409,199.1791807283217,200.3039703369141,27838300
2025-02-03,META,673.2089204422564,701.1866947109021,672.5515846641146,694.6728515625,21415700
2025-02-03,MSFT,407.6555012178145,411.42898625512174,404.7436738342851,406.9820251464844,25679100
2025-02-04,AAPL,226.01533721300711,231.8633956790269,225.4185909783935,231.53518676757807,45067300
2025-02-04,AMZN,239.00999450683597,242.5200042724609,238.02999877929688,242.05999755859372,29713800
2025-02-04,GOOGL,202.454021509494,206.09718224678255,201.87668878157092,205.4302673339844,43856400
2025-02-04,META,699.6926666804768,704.8818683424153,688.846170752285,701.3759155273438,13826300
2025-02-04,MSFT,408.7350313881363,409.9532546940812,405.8132903115337,408.4180908203125,20532100
2025-02-05,AAPL,227.2883741709104,231.4058805611787,227.02979223826367,231.20697021484372,39620300
2025-02-05,AMZN,237.0200042724609,238.32000732421875,235.1999969482422,236.1699981689453,38727300
2025-02-05,GOOGL,190.19072588273335,191.86298743209488,187.16470709545555,190.44952392578125,70373900
2025-02-05,META,700.7384902909668,715.270213081664,696.2166547369433,702.05322265625,17778200
2025-02-05,MSFT,408.39832109505767,409.8641184268012,406.4669964929513,409.3293151855469,16316700
2025-02-06,AAPL,230.03338922164468,232.5297620441898,229.1780610151748,231.95291137695312,29925300
2025-02-06,AMZN,238.00999450683597,239.66000366210935,236.00999450683597,238.8300018310547,60897100
2025-02-06,GOOGL,188.62793494754752,191.21597601434,187.8515256652236,190.71827697753903,29297400
2025-02-06,META,703.0592064230789,716.0271960756166,700.6887123835558,709.144775390625,13080700
2025-02-06,MSFT,410.0324869601977,414.1922489179567,410.0324869601977,411.8350524902344,16309800
2025-02-07,AAPL,231.33631017627908,232.7286980257354,226.0253104056056,226.393310546875,39707200
2025-02-07,AMZN,232.5,234.80999755859372,228.05999755859372,229.1499938964844,77539300
2025-02-07,GOOGL,190.17080550398344,190.3001969256679,182.39674895869484,184.4870758056641,49315000
2025-02-07,META,713.9354687323457,722.1126813232647,708.9056620031818,711.6646118164062,16427100
2025-02-07,MSFT,412.4887264302527,414.6379135781928,404.1890302854019,405.8232116699219,22886800
2025-02-10,AAPL,228.5737755391387,229.5893382538889,226.21404995469493,226.6620941162109,33115600
2025-02-10,AMZN,230.5500030517578,233.9199981689453,229.1999969482422,233.13999938964844,35419900
2025-02-10,GOOGL,186.48783259444508,187.33391183220397,185.00468401733505,185.61187744140625,23105600
2025-02-10,META,715.6885408700438,718.3180056858356,708.4874523182466,714.533203125,12904300
2025-02-10,MSFT,409.7452729369169,411.47850211303046,406.9820321839411,408.2695617675781,20817900
2025-02-11,AAPL,227.2097171947109,234.2092091135714,227.1400288616486,231.61053466796875,53718400
2025-02-11,AMZN,231.9199981689453,233.44000244140625,230.1300048828125,232.75999450683597,23713700
2025-02-11,GOOGL,184.17851963260875,186.0797337562697,183.4319710154344,184.4671936035156,21239500
2025-02-11,META,710.4694377796111,720.7680830266086,707.2025161364162,716.9235229492188,12998000
2025-02-11,MSFT,405.71427148321067,408.53693461973535,405.37750324031913,407.49700927734375,18140600
2025-02-12,AAPL,230.19670873650108,235.93172304376256,229.67896101319025,235.84210205078125,45243300
2025-02-12,AMZN,230.4600067138672,231.17999267578125,228.16000366210935,228.92999267578125,32285200
2025-02-12,GOOGL,182.3768405157957,184.25814231125668,180.9932377687485,182.7650451660156,22072600
2025-02-12,META,712.4415265910553,724.1943596127884,709.7523040950127,722.4812622070312,12016500
2025-02-12,MSFT,403.30754628100544,406.813629604169,400.4947666868975,405.1200256347656,19121700
2025-02-13,AAPL,235.8819260401158,241.2883551100076,234.5477446540096,240.48187255859372,53614100
2025-02-13,AMZN,228.8500061035156,230.4199981689453,227.5200042724609,230.3699951171875,31346500
2025-02-13,GOOGL,183.47178484763324,185.42275661553663,182.29720719308077,185.2834014892578,21402500
2025-02-13,META,718.6367143797072,726.0868036941785,715.170579657767,725.6485595703125,12569100
2025-02-13,MSFT,403.0995685212682,407.0612350423618,402.4656873698372,406.6056518554688,23891700
2025-02-14,AAPL,240.2031053319298,244.4844486934593,239.9442390607952,243.53857421875,40896200
2025-02-14,AMZN,229.1999969482422,229.88999938964844,227.22999572753903,228.67999267578125,27031100
2025-02-14,GOOGL,184.208378132258,185.54220800020585,183.4717932262479,184.37759399414065,20448400
2025-02-14,META,723.2381862179419,737.9491204423847,722.7202448085826,733.72607421875,16901200
2025-02-14,MSFT,403.8819877256042,404.9912494649655,401.990288420934,404.5158386230469,22758500
2025-02-18,AAPL,243.0905000064508,244.11602908498716,240.7905267294893,243.40911865234372,48822500
2025-02-18,AMZN,228.82000732421875,229.3000030517578,223.72000122070312,226.6499938964844,42975100
2025-02-18,GOOGL,184.7459121956417,185.10425615557287,180.9036745319349,182.92433166503903,29916700
2025-02-18,META,733.0588860566314,734.054889977904,703.6170125754637,713.50732421875,21938700
2025-02-18,MSFT,404.08999660584703,406.66508596257455,402.6043716183256,405.71429443359375,21423100
2025-02-19,AAPL,243.59827761149603,244.9424100387188,242.1047870084227,243.80735778808597,32204200
2025-02-19,AMZN,225.5200042724609,226.8300018310547,223.7100067138672,226.6300048828125,28566700
2025-02-19,GOOGL,183.22295985171692,184.60656278663117,182.74515776459327,184.4174346923828,19549400
2025-02-19,META,701.2862790989086,704.1747145500551,692.6111245629734,700.9576416015625,17535500
2025-02-19,MSFT,403.97114994678657,411.5082061808428,403.7433432351679,410.7951049804688,24114200
2025-02-20,AAPL,243.87707690453925,245.70908851524857,243.2298884862767,244.76321411132807,32316900
2025-02-20,AMZN,224.77999877929688,225.1300048828125,221.80999755859372,222.8800048828125,30001700
2025-02-20,GOOGL,183.9495638431953,184.4572113840269,181.87913406344907,183.71066284179688,20441500
2025-02-20,META,694.493483863144,702.8100903787465,690.8680158326665,692.063232421875,12587400
2025-02-20,MSFT,412.1348608394034,416.1243081620841,409.4057538443196,412.9684753417969,23508700
2025-02-21,AAPL,244.88269415360097,247.61080936192477,244.15586625078132,244.48443603515625,53197400
2025-02-21,AMZN,223.27999877929688,223.30999755859372,214.7400054931641,216.5800018310547,55323900
2025-02-21,GOOGL,184.2979628605452,184.48709094071828,178.255903940123,178.83323669433594,35199200
2025-02-21,META,693.7963175740036,701.057163114329,679.6331124665386,680.818359375,15660400
2025-02-21,MSFT,414.16928284227896,414.8738801834256,404.79109677447474,405.108642578125,27524800
2025-02-24,AAPL,243.86711335623195,247.7800669312537,243.3593319822528,246.0277099609375,51326400
2025-02-24,AMZN,217.4499969482422,217.72000122070312,212.4199981689453,212.7100067138672,42387600
2025-02-24,GOOGL,181.15252162389996,182.2773112476267,178.06678116700198,178.4251251220703,29854200
2025-02-24,META,683.5375152106747,684.5235492434307,659.8027276987779,665.4600219726562,15677000
2025-02-24,MSFT,405.4063787741937,406.2598304371672,396.2861968407472,400.9306335449219,26443700
2025-02-25,AAPL,246.92381259977984,248.91513366913293,243.84722519384715,245.9679718017578,48013300
2025-02-25,AMZN,211.6300048828125,213.33999633789065,204.16000366210935,212.8000030517578,58958000
2025-02-25,GOOGL,177.22067008112575,177.91746089820734,173.88609557732903,174.61273193359375,41913400
2025-02-25,META,663.3086205526677,665.3305374435599,639.2949835590877,654.8724975585938,20579700
2025-02-25,MSFT,398.05268403794094,398.8664614285397,393.6861187086097,394.8769836425781,29387400
2025-02-26,AAPL,243.26972892021308,243.91690216055417,238.0922974197643,239.31695556640625,44433600
2025-02-26,AMZN,214.94000244140625,218.16000366210935,213.08999633789065,214.3500061035156,39120600
2025-02-26,GOOGL,174.2643473971189,175.26969397988614,170.79040266509935,171.9351043701172,35431300
2025-02-26,META,657.0139106659047,680.2805441243983,655.3704801302349,671.0077514648438,14488700
2025-02-26,MSFT,394.9861207223364,400.533646950774,391.25467770642615,396.6930541992188,19619000
2025-02-27,AAPL,238.3710927533652,241.40786042901627,236.0312844149354,236.27024841308597,41153600
2025-02-27,AMZN,218.3500061035156,219.97000122070312,208.3699951171875,208.7400054931641,40548600
2025-02-27,GOOGL,173.1893356179125,173.75670468511518,167.16717356296937,167.72459411621094,39991000
2025-02-27,META,679.7228329637242,685.8980689317682,654.9422525540249,655.6095581054688,12500000
2025-02-27,MSFT,398.2213795412261,402.6574203650982,389.19054012926085,389.54779052734375,21127400
2025-02-28,AAPL,235.92174819400608,241.03944246427383,229.2010399398617,240.79052734375,56833400
2025-02-28,AMZN,208.6499938964844,212.6199951171875,206.9900054931641,212.27999877929688,51771700
2025-02-28,GOOGL,167.90375578067133,169.82488214403156,166.00255682205264,169.49639892578125,48130600
2025-02-28,META,655.4103519906419,666.9540633677159,640.0320501051021,665.52978515625,17534200
2025-02-28,MSFT,389.67678725566606,394.6090291195634,383.6330593862238,393.973876953125,32845700
2025-03-03,AAPL,240.7407483660274,242.971033380884,235.085403953726,236.9970703125,47184000
2025-03-03,AMZN,213.3500061035156,214.00999450683597,202.5500030517578,205.0200042724609,42948400
2025-03-03,GOOGL,171.13881261054323,172.57218851048452,165.16642315316903,166.241455078125,40770500
2025-03-03,META,670.9878686638693,678.5276251290609,648.2391746953033,652.4323120117188,10843800
2025-03-03,MSFT,395.7899873220531,395.7899873220531,383.2261675615013,385.5384521484375,23007700
2025-03-04,AAPL,236.6784633674393,239.02822274747484,233.6615980851158,234.9061737060547,53798100
2025-03-04,AMZN,200.1100006103516,206.8000030517578,197.42999267578125,203.8000030517578,60853100
2025-03-04,GOOGL,165.47499722472898,172.49254217135646,165.03701959982106,170.13345336914062,45388000
2025-03-04,META,642.9304346142569,647.1534810781478,621.1578057314852,637.4424438476562,21495200
2025-03-04,MSFT,380.487153157592,389.5974018138781,378.1053929598714,385.6575622558594,29342900
2025-03-05,AAPL,234.3983766092207,235.5234777567522,228.23523611666363,234.7169952392578,47227600
2025-03-05,AMZN,204.8000030517578,209.97999572753903,203.25999450683597,208.3600006103516,38610100
2025-03-05,GOOGL,169.73529012314535,172.98028249678805,168.2820021982634,172.22378540039062,30954900
2025-03-05,META,638.4384086658453,656.8644781827222,635.111729367083,653.8465576171875,13770000
2025-03-05,MSFT,386.3819822563368,398.61832193178543,385.8560101474748,397.9732360839844,23433100
2025-03-06,AAPL,233.42263965762712,236.82779659290307,232.14819548977783,234.30877685546875,45170400
2025-03-06,AMZN,204.3999938964844,205.7700042724609,198.3000030517578,200.6999969482422,49863800
2025-03-06,GOOGL,169.7452376648565,174.0055403400316,169.715376936786,171.55686950683594,28302000
2025-03-06,META,645.4105206986194,647.9602882252848,621.6159731774069,625.4207153320312,13446500
2025-03-06,MSFT,391.2844778913856,399.0946811478794,389.6966277473878,393.8746643066406,23304600
2025-03-07,AAPL,234.0897400039076,240.32256924437755,233.74125275300776,238.03256225585935,46273600
2025-03-07,AMZN,199.4900054931641,202.2700042724609,192.52999877929688,199.25,59802800
2025-03-07,GOOGL,170.4718800246714,174.1648138078256,169.48644558654738,173.05992126464844,27385800
2025-03-07,META,622.8709097782997,632.2532488274342,598.2098452417057,623.1597290039062,21375700
2025-03-07,MSFT,389.33936956128906,391.8005084637196,382.61088158953936,390.3218383789063,22034100
2025-03-10,AAPL,234.5178647329352,235.13518456664028,223.24699590534985,226.4928436279297,72071200
2025-03-10,AMZN,195.6000061035156,196.72999572753903,190.8500061035156,194.5399932861328,62350900
2025-03-10,GOOGL,167.6785699397653,167.87789100205225,163.12436954047675,165.2968292236328,43604000
2025-03-10,META,605.6400777825496,607.6719037832956,584.5247836759429,595.600341796875,21999900
2025-03-10,MSFT,382.9085982783761,383.4643412864511,374.3540930979484,377.2717590332031,32840100
2025-03-11,AAPL,222.8387656202518,224.8599551431671,216.50636447278404,219.88165283203125,76137400
2025-03-11,AMZN,193.8999938964844,200.17999267578125,193.3999938964844,196.58999633789065,54002900
2025-03-11,GOOGL,164.34016388069963,166.17380218640486,160.81238769070245,163.47315979003906,39587400
2025-03-11,META,592.6719951255427,612.4725537318918,590.9588979251555,603.2894287109375,17401500
2025-03-11,MSFT,376.1205440687611,383.0673615053873,374.0464264969692,377.5595397949219,30380200
2025-03-12,AAPL,219.1847126113749,220.78772670269151,213.9774121949233,216.03842163085935,62547500
2025-03-12,AMZN,200.72000122070312,201.5200042724609,195.2899932861328,198.88999938964844,43679300
2025-03-12,GOOGL,166.0043948548276,167.06072965689114,162.96493090148982,166.53256225585938,28372400
2025-03-12,META,627.3827503406967,630.7990357116678,606.9148258229645,617.0840454101562,15747000
2025-03-12,MSFT,380.0405779726452,382.2933209136247,376.0709676751301,380.3581237792969,24253600
2025-03-13,AAPL,215.01287598245443,215.899013195213,207.51555384047248,208.77008056640625,61368300
2025-03-13,AMZN,198.1699981689453,198.8800048828125,191.82000732421875,193.88999938964844,41270800
2025-03-13,GOOGL,165.46625097868807,165.5559515451144,161.54983818219625,162.1975860595703,31756200
2025-03-13,META,617.7713192124952,618.0203201472846,584.1661627799172,588.2796630859375,16480300
2025-03-13,MSFT,380.2489960755926,382.39258939479765,374.58238552740926,375.892333984375,20473000
2025-03-14,AAPL,210.3332680009786,213.02154815111564,208.67051688888432,212.5635528564453,60107600
2025-03-14,AMZN,197.41000366210935,198.6499938964844,195.32000732421875,197.9499969482422,38096700
2025-03-14,GOOGL,162.70582188820455,165.91469633780176,161.88864811378173,164.91815185546875,31995900
2025-03-14,META,600.9252674163599,606.9664182577417,592.9302511563588,605.7103271484375,12364500
2025-03-14,MSFT,376.8946174814204,387.2652356448431,376.62667971124,385.60791015625,19952800
2025-03-17,AAPL,212.38435712144667,214.2860724865002,209.05885441116683,213.0713653564453,48073400
2025-03-17,AMZN,198.7700042724609,199.0,194.32000732421875,195.7400054931641,47341800
2025-03-17,GOOGL,164.4597231194411,165.72533878055947,163.10442211068442,163.72227478027344,31184300
2025-03-17,META,605.5707735579393,611.1931864721827,596.1401729971761,603.0187377929688,15473900
2025-03-17,MSFT,383.7620820869245,389.7264008785539,382.6406623483486,385.7468872070313,22474300
2025-03-18,AAPL,213.230666286154,214.2163605039484,210.57225445008928,211.7670440673828,42432400
2025-03-18,AMZN,192.5200042724609,194.0,189.3800048828125,192.82000732421875,40414900
2025-03-18,GOOGL,163.11440067725707,163.68243835584954,156.17845929337233,160.11480712890625,42074800
2025-03-18,META,598.1837512328132,598.3831413748485,572.8727029614505,580.5487670898438,20297700
2025-03-18,MSFT,384.1292790671939,384.4269877309022,378.2046343736099,380.6062316894531,19486900
2025-03-19,AAPL,213.29039128502816,217.8106832228152,212.8224296395377,214.30596923828125,54385400
2025-03-19,AMZN,193.3800048828125,195.97000122070312,191.9600067138672,195.5399932861328,39442900
2025-03-19,GOOGL,161.20102488744715,165.29682318848322,160.44365657902026,163.32366943359375,34275600
2025-03-19,META,582.4629387558325,590.4779127315381,572.9825047893515,582.2435913085938,20537500
2025-03-19,MSFT,382.60095534567967,386.719419886704,381.0825806498319,384.8735656738281,19185500
2025-03-20,AAPL,213.0613904363763,216.5462020975973,211.29906714235267,213.17091369628903,48862900
2025-03-20,AMZN,193.07000732421875,199.32000732421875,192.3000030517578,194.9499969482422,38921100
2025-03-20,GOOGL,161.01169658179438,164.3202162999389,160.40380384962694,162.23744201660156,28138500
2025-03-20,META,580.9475159470894,608.3021747925519,577.707624061599,584.1774291992188,24336500
2025-03-20,MSFT,382.80932167745146,388.81337483302246,380.36802006472885,383.9009704589844,18470500
2025-03-21,AAPL,210.6419412957371,217.8903488075446,210.3631575600964,217.3228302001953,94127800
2025-03-21,AMZN,192.8999938964844,196.9900054931641,192.5200042724609,196.2100067138672,60056900
2025-03-21,GOOGL,160.65294731947398,163.67247597151626,160.33404577702316,163.42333984375,36625800
2025-03-21,META,581.6055148479699,595.6815960079244,579.1432258888485,594.3956298828125,25015900
2025-03-21,MSFT,380.3084899151049,388.7637483712437,379.8916675364793,388.2874145507813,39675900
2025-03-24,AAPL,220.04098837247489,220.51890119737195,217.63149158987616,219.77215576171875,44299500
2025-03-24,AMZN,200.0,203.63999938964844,199.9499969482422,203.25999450683597,41625400
2025-03-24,GOOGL,166.49269314529027,167.73837374209387,164.5693543966733,167.10057067871094,30879100
2025-03-24,META,613.0573552722462,620.6038191496141,610.2960116120224,616.92529296875,15741300
2025-03-24,MSFT,392.3959786933822,392.3959786933822,386.84845184017416,390.0935974121094,21004500
2025-03-25,AAPL,219.81197343150768,223.1275247285548,219.1249652538438,222.77903747558597,34493600
2025-03-25,AMZN,203.6000061035156,206.2100067138672,203.22000122070312,205.7100067138672,31171200
2025-03-25,GOOGL,168.3960847024039,170.04039224469534,167.7383768915496,169.9706268310547,24174400
2025-03-25,META,624.8107342138192,631.9085855563646,619.2480714393791,624.3621215820312,15312500
2025-03-25,MSFT,390.9272368910712,393.34867131877104,389.6569628025314,392.1578063964844,15775000
2025-03-26,AAPL,222.5400680439697,224.04352508950677,219.51326687455483,220.56866455078125,34466100
2025-03-26,AMZN,205.83999633789065,206.00999450683597,199.92999267578125,201.1300048828125,32855300
2025-03-26,GOOGL,168.4160115784129,169.02390429945322,164.27038302856647,164.4896240234375,28901600
2025-03-26,META,622.9465455616044,624.8007461767364,604.7233689444203,609.0797729492188,12609800
2025-03-26,MSFT,391.9990163975736,392.3066587723948,385.61787512073846,387.0072326660156,16108400
2025-03-27,AAPL,220.42928473771144,224.0136687326393,219.6028846724205,222.8786163330078,37094800
2025-03-27,AMZN,200.88999938964844,203.7899932861328,199.27999877929688,201.3600006103516,27317700
2025-03-27,GOOGL,164.06112302928733,164.84838647984,161.44020617422274,161.67938232421875,24508300
2025-03-27,META,600.1277804152494,612.3396829236992,598.233665075804,600.7059936523438,10436500
2025-03-27,MSFT,387.1660163642304,389.259971232933,384.4567464670721,387.6125793457031,13766800
2025-03-28,AAPL,220.70805090185613,222.83876366462027,216.7353602231078,216.95440673828125,39818600
2025-03-28,AMZN,198.4199981689453,199.25999450683597,191.8800048828125,192.72000122070312,52548200
2025-03-28,GOOGL,159.9354404969839,161.26084657481337,153.0991442674789,153.79672241210938,48669300
2025-03-28,META,598.4430555668358,599.8785796536636,572.1351128923961,574.9463500976562,17602800
2025-03-28,MSFT,385.1315521729189,386.1735929782764,374.0662702602893,375.9220581054688,21632000
2025-03-31,AAPL,216.0682844554902,224.64092215942225,215.29167046357225,221.16607666015625,65299300
2025-03-31,AMZN,188.19000244140625,191.3300018310547,184.3999938964844,190.25999450683597,63547600
2025-03-31,GOOGL,152.58092477046202,155.0025205393741,150.13939385440554,154.1056365966797,54603500
2025-03-31,META,561.7475141060938,576.9002542510486,551.5792239532071,574.5675048828125,21124700
2025-03-31,MSFT,369.7096411618319,374.2052233402368,364.449889664545,372.5379943847656,35184700
2025-04-01,AAPL,218.85611373602532,222.7093146865384,217.95005911072687,222.2214508056641,36412700
2025-04-01,AMZN,187.8600006103516,193.92999267578125,187.1999969482422,192.1699981689453,41267300
2025-04-01,GOOGL,153.08914657755918,157.553676458789,153.08914657755918,156.52723693847656,30672900
2025-04-01,META,569.0646064376122,588.0752415879734,568.227192224496,584.1774291992188,12836600
2025-04-01,MSFT,371.8036224636276,379.9413357760227,370.3944277527412,379.2863464355469,19689500
2025-04-02,AAPL,220.3595869543347,224.21278818927524,220.06088576879955,222.91842651367188,35905900
2025-04-02,AMZN,187.66000366210935,198.33999633789065,187.66000366210935,196.00999450683597,53679200
2025-04-02,GOOGL,154.6138915083976,157.86263669723053,154.16544947119684,156.4973602294922,25041700
2025-04-02,META,573.121925548239,590.8167206530089,571.5767584264657,582.1138916015625,13470800
2025-04-02,MSFT,375.0983928958324,382.1543604865691,373.7586433966847,379.2367248535156,16092600
2025-04-03,AAPL,204.64803566499705,206.58958563447752,200.37665915579905,202.3082427978516,103419000
2025-04-03,AMZN,183.0,184.1300048828125,176.9199981689453,178.41000366210938,95553600
2025-04-03,GOOGL,150.58785527738945,152.2520829364648,149.870341948127,150.19920349121094,46883400
2025-04-03,META,544.5211822460076,550.8414911032017,528.6507117752637,529.9666137695312,34777500
2025-04-03,MSFT,371.9425583652147,374.61212363444304,366.54388609690864,370.2752990722656,30198000
2025-04-04,AAPL,193.0486144227304,199.0126263082325,186.52703508606032,187.56253051757807,125910900
2025-04-04,AMZN,167.14999389648438,178.13999938964844,166.0,171.0,123159400
2025-04-04,GOOGL,147.4985386204676,150.54797741159612,144.87763705619835,145.0968780517578,62259500
2025-04-04,META,505.0443845169023,516.3889970810194,492.6630283031205,503.1602783203125,38589800
2025-04-04,MSFT,361.36358655898334,371.74410993496775,356.7489202327306,357.1061706542969,49209900
2025-04-07,AAPL,176.43103817745248,193.30748067285785,173.86223225537526,180.6725616455078,160466300
2025-04-07,AMZN,162.0,183.41000366210935,161.3800048828125,175.25999450683594,109327100
2025-04-07,GOOGL,141.06087632952463,152.3218321659185,140.04439668677543,146.24290466308594,76794100
2025-04-07,META,483.5913523338717,537.6925624927222,480.4012921169833,514.6444702148438,36606100
2025-04-07,MSFT,348.2142236601539,368.1813588125757,342.17049555544185,355.14117431640625,50425000
2025-04-08,AAPL,185.88981432593783,189.5140179775097,168.47572171547168,171.67178344726562,120859500
2025-04-08,AMZN,185.22999572753903,185.8999938964844,168.57000732421875,170.66000366210938,87710400
2025-04-08,GOOGL,150.69748778068353,151.71396761235002,142.5357844155561,144.20001220703125,52200200
2025-04-08,META,541.5604660254379,545.7274587202911,501.2960662909104,508.8624877929688,28034200
2025-04-08,MSFT,365.46220003690814,370.8112344321485,347.5890190857086,351.86627197265625,35868900
2025-04-09,AAPL,171.20381523449285,199.7394480269994,171.14407803694525,197.98709106445312,184395900
2025-04-09,AMZN,172.1199951171875,192.6499938964844,169.92999267578125,191.1000061035156,116804300
2025-04-09,GOOGL,143.92094670447867,158.9986690004619,143.41271451247957,158.1615753173828,70406200
2025-04-09,META,507.68613102008703,586.06164400195,500.5483953676365,583.9482421875,39216600
2025-04-09,MSFT,350.85399906862426,390.2424579220484,350.41733953240174,387.5232543945313,50199700
2025-04-10,AAPL,188.24952597387417,193.9347385570105,182.205859833413,189.5936584472656,121880000
2025-04-10,AMZN,185.44000244140625,186.8699951171875,175.85000610351562,181.22000122070312,68302000
2025-04-10,GOOGL,155.99906254121734,157.17499290712513,149.41190307502956,152.29193115234375,48022000
2025-04-10,META,573.7002029040485,579.4921312343394,533.6351923102783,544.5910034179688,28173500
2025-04-10,MSFT,379.1573256201752,380.9833427250372,365.0056552003408,378.4527282714844,38024400
2025-04-11,AAPL,185.29243322025624,198.67409816298056,185.25259829067517,197.2901306152344,87435900
2025-04-11,AMZN,179.92999267578125,185.8600006103516,178.0,184.8699951171875,50594300
2025-04-11,GOOGL,152.37164602184413,157.1251674838408,152.29193584419684,156.5970001220703,33636200
2025-04-11,META,533.844525327306,545.6975609575977,526.9460641882466,541.8794555664062,17642300
2025-04-11,MSFT,377.748147775892,387.0866297777136,376.01144319106686,385.4988098144531,23839200
2025-04-14,AAPL,210.52246440005905,212.01595519155484,200.28707539108044,201.64117431640625,101352900
2025-04-14,AMZN,186.83999633789065,187.44000244140625,179.22999572753906,182.1199951171875,48002500
2025-04-14,GOOGL,159.44711904636745,161.16117679260088,157.0155480479404,158.5203399658203,30333000
2025-04-14,META,554.4403043855114,556.0353649218339,526.6370880203747,529.8270874023438,14130900
2025-04-14,MSFT,390.23251818413166,391.6516465120973,381.2909618319917,384.8636169433594,19251200
2025-04-15,AAPL,200.98401841430368,202.62685207462167,198.93296032454865,201.26280212402344,51343900
2025-04-15,AMZN,181.41000366210935,182.3500061035156,177.92999267578125,179.58999633789062,43642000
2025-04-15,GOOGL,158.58014524074957,159.09833747842598,154.6736922783896,155.76988220214844,27551500
2025-04-15,META,530.4551018896253,536.2669873917704,515.8905541802854,519.8980712890625,15558700
2025-04-15,MSFT,385.5583162962043,388.9126416904877,381.24135923720473,382.7994384765625,17199900
2025-04-16,AAPL,197.4992192732065,199.8290612192316,191.5352073519423,193.42697143554688,59732400
2025-04-16,AMZN,176.2899932861328,179.10000610351562,171.41000366210938,174.3300018310547,51875300
2025-04-16,GOOGL,152.57096991980188,155.35132240030543,150.98645259897873,152.8001708984375,28187400
2025-04-16,META,506.92850187672303,511.7733722747432,494.0885548667942,500.7477722167969,18735100
2025-04-16,MSFT,377.77787673054,378.7107072268867,365.2041236056815,368.7866821289063,21967800
2025-04-17,AAPL,196.3442601625108,197.9671917432912,193.5763250102755,196.12521362304688,52164700
2025-04-17,AMZN,176.0,176.2100067138672,172.0,172.61000061035156,44726500
2025-04-17,GOOGL,153.7568386264413,154.14549035907424,147.98685287180376,150.63766479492188,33046600
2025-04-17,META,503.6786745191556,505.7222868582807,496.4612006254759,499.92041015625,14593500
2025-04-17,MSFT,370.9104537724408,371.4761304955969,364.10258680355696,364.9858093261719,21120200
2025-04-21,AAPL,192.43130060162235,192.958999427942,188.98630873883343,192.32177734375,46742500
2025-04-21,AMZN,169.60000610351562,169.60000610351562,165.2899932861328,167.32000732421875,48126100
2025-04-21,GOOGL,148.3655391927389,148.43528939549356,145.5951469015095,147.1597137451172,26049100
2025-04-21,META,489.8019182716785,491.9651828161341,478.3077785405203,483.1526794433594,16166000
2025-04-21,MSFT,360.0635031391147,361.71089501866106,352.9678309109542,356.3916015625,20807300
2025-04-22,AAPL,195.26894368988752,200.715208155226,195.1196006832811,198.8732452392578,52976400
2025-04-22,AMZN,169.85000610351562,176.77999877929688,169.35000610351562,173.17999267578125,56607200
2025-04-22,GOOGL,148.37550764431742,151.66410748339032,148.02671099242252,150.94659423828125,26971800
2025-04-22,META,490.3402426542842,505.30357016721007,484.84736943102456,498.7240905761719,17399400
2025-04-22,MSFT,360.6192443688487,364.9758758256959,357.12596800122816,364.0331115722656,19485000
2025-04-23,AAPL,205.1060615575032,207.0973825434984,201.9199510184256,203.71214294433597,52929200
2025-04-23,AMZN,183.4499969482422,187.3800048828125,180.19000244140625,180.6000061035156,63470100
2025-04-23,GOOGL,155.07229801307963,156.98566172409713,153.27851478210604,154.81320190429688,31128800
2025-04-23,META,526.8862986388891,533.6751170758674,514.9136400551463,518.6519775390625,18173900
2025-04-23,MSFT,373.20291916052497,377.5000393765428,370.18600677791767,371.5456237792969,20545500
2025-04-24,AAPL,204.00086522918792,207.923769760626,202.05933042602183,207.46575927734372,47311000
2025-04-24,AMZN,180.9199981689453,186.7400054931641,180.17999267578125,186.5399932861328,43763200
2025-04-24,GOOGL,155.6104249592094,159.03854063446718,155.2516683139833,158.7296142578125,45894000
2025-04-24,META,517.1166265622397,532.2394886391763,515.8904715785569,531.4918212890625,13910000
2025-04-24,MSFT,372.8456675393821,385.4988006420437,372.33953252384407,384.3575134277344,22232300
2025-04-25,AAPL,205.4744504992001,208.8397878176709,205.30519003897632,208.371826171875,38222300
2025-04-25,AMZN,187.6199951171875,189.94000244140625,185.4900054931641,188.9900054931641,36414300
2025-04-25,GOOGL,164.49961422965615,165.52605388757996,160.4835257508864,161.40036010742188,56034000
2025-04-25,META,545.0993622560148,548.1498427880772,534.5821864218168,545.5679321289062,17098900
2025-04-25,MSFT,384.0597666334038,389.1805671561357,381.6780066959222,388.8729248046875,18973200
2025-04-28,AAPL,209.08871177088437,210.5822025692478,206.55974070372147,209.2281036376953,38743100
2025-04-28,AMZN,190.1100006103516,190.22000122070312,184.88999938964844,187.6999969482422,33224700
2025-04-28,GOOGL,161.86871096281394,162.58622419769722,158.05195902405725,160.0550079345703,29745800
2025-04-28,META,553.9118868125302,556.7529985261549,538.9087068486405,548.0302124023438,15179000
2025-04-28,MSFT,388.9821118643913,389.7561846754867,383.7025530868883,388.1882019042969,16579400
2025-04-29,AAPL,207.784388363366,211.31898611202763,207.46576971677675,210.29345703125,36827600
2025-04-29,AMZN,183.9900054931641,188.0200042724609,183.67999267578125,187.38999938964844,41667300
2025-04-29,GOOGL,159.76603342291708,160.18458031932272,156.97570557414937,159.60658264160156,26809000
2025-04-29,META,544.3018840382675,554.8390175563454,542.4277261633298,552.7156372070312,11835000
2025-04-29,MSFT,388.3270916828822,392.0982394081848,387.414098329844,391.0462951660156,14974000
2025-04-30,AAPL,208.391754898292,212.65318081121785,205.77316280594096,211.57786560058597,52286500
2025-04-30,AMZN,182.1699981689453,185.0500030517578,178.85000610351562,184.4199981689453,55176500
2025-04-30,GOOGL,157.43409270690867,158.7196436016194,154.86300612354924,158.2512664794922,34981100
2025-04-30,META,536.7255930212515,547.392267199569,527.8532478040685,547.2926025390625,29244000
2025-04-30,MSFT,387.3347110069874,393.6464071015826,381.5192464831796,392.2570495605469,36461100
2025-05-01,AAPL,208.1726964341785,213.62891164873253,207.9934696463897,212.3943023681641,57365700
2025-05-01,AMZN,190.6300048828125,191.80999755859372,187.5,190.1999969482422,74266000
2025-05-01,GOOGL,159.8955611021286,161.39037784388623,158.36088927125817,160.7426300048828,30203200
2025-05-01,META,590.238618351305,591.1059077397648,568.7257162038675,570.430419921875,31159000
2025-05-01,MSFT,427.8346397458207,433.669971462135,421.6718285206496,422.16802978515625,58938100
2025-05-02,AAPL,205.19567188008236,206.0917754590827,201.2827333487594,204.4588928222656,101010600
2025-05-02,AMZN,191.44000244140625,192.8800048828125,186.3999938964844,189.97999572753903,77903500
2025-05-02,GOOGL,162.84534306658284,164.39995007912242,161.3106559960053,163.46319580078125,25715000
2025-05-02,META,581.6453838419038,602.4604491374204,576.5313339553563,595.1632080078125,24739300
2025-05-02,MSFT,428.4598783453456,436.1013902925972,426.7231738378541,431.9729919433594,30757400
2025-05-05,AAPL,202.2186538992821,203.21431440062256,197.34987465543003,198.02691650390625,69018500
2025-05-05,AMZN,186.50999450683597,188.17999267578125,185.52999877929688,186.3500061035156,35217500
2025-05-05,GOOGL,162.4367677423953,164.81850869798296,162.15773647441492,163.64259338378906,21341800
2025-05-05,META,589.3812373579714,601.3339987723356,586.2211133050413,597.40625,13887700
2025-05-05,MSFT,429.58128511716615,436.1609188409604,428.827049490993,432.8562316894531,20136100
2025-05-06,AAPL,197.3498735756035,199.7792724238197,196.1650351546796,197.6485595703125,51216500
2025-05-06,AMZN,184.57000732421875,187.92999267578125,183.8500061035156,185.00999450683597,29314100
2025-05-06,GOOGL,161.6096198520829,164.23053675483612,160.63301049910467,162.66595458984375,21277200
2025-05-06,META,590.6872568767368,594.1763718529379,584.7557492481277,585.4834594726562,10600700
2025-05-06,MSFT,428.91639204817295,434.4043769104007,427.8942186382879,430.0179443359375,15104200
2025-05-07,AAPL,198.30568786560423,198.5745204381265,192.4113798882551,195.3983612060547,68536700
2025-05-07,AMZN,185.55999755859372,190.9900054931641,185.00999450683597,188.7100067138672,43948600
2025-05-07,GOOGL,163.5130310359637,164.42985019413678,147.32914212449143,150.85691833496094,127490100
2025-05-07,META,588.5239054125428,601.2043765510581,584.8453792561588,594.953857421875,13139100
2025-05-07,MSFT,430.54391525930873,434.79139692835327,427.8346454163337,430.0576477050781,23295300
2025-05-08,AAPL,196.86199326420865,199.1818840286168,193.83517686729027,196.63299560546875,50478900
2025-05-08,AMZN,191.42999267578125,194.3300018310547,188.82000732421875,192.0800018310547,41043600
2025-05-08,GOOGL,154.464415807346,155.3911950032793,152.37166602688535,153.7469024658203,57498700
2025-05-08,META,604.4043633227255,609.3987915210697,594.7644549027136,596.150146484375,14622800
2025-05-08,MSFT,434.6028367318432,440.2992479012544,432.3500938706748,434.8410339355469,23491300
2025-05-09,AAPL,198.13644922219603,199.66975978270045,196.68277813613463,197.66848754882807,36453900
2025-05-09,AMZN,193.3800048828125,194.69000244140625,191.16000366210935,193.05999755859372,29663100
2025-05-09,GOOGL,153.6372746936992,154.5142387821615,151.67408067225014,152.22218322753906,32435300
2025-05-09,META,601.8424561465808,605.0823489402519,589.8698572714408,590.6473999023438,10427300
2025-05-09,MSFT,436.6570993033328,437.3914674607305,432.5684058555715,435.3967590332031,15324200
2025-05-12,AAPL,210.32994399020487,210.62903686932515,206.12274573806783,210.1504821777344,63775800
2025-05-12,AMZN,210.7100067138672,211.66000366210935,205.75,208.63999938964844,75205000
2025-05-12,GOOGL,156.94579570580373,158.55023292762746,155.7100750758197,157.91244506835938,44138800
2025-05-12,META,628.9577416253547,638.3983203620691,619.0985470240091,637.4412841796875,21965100
2025-05-12,MSFT,442.551987565255,445.9559209816134,436.43878433354007,445.8467712402344,22821900
2025-05-13,AAPL,209.79158118866215,212.75257189298435,208.36592688565327,212.28399658203125,51909300
2025-05-13,AMZN,211.0800018310547,214.83999633789065,210.1000061035156,211.3699951171875,56193700
2025-05-13,GOOGL,158.24128090704517,160.01514395464716,155.6203794367127,158.97872924804688,42382100
2025-05-13,META,643.5323193603671,658.8644917290795,640.8307865245315,653.98974609375,18570800
2025-05-13,MSFT,444.3780388716834,447.24609694771215,441.9764112331301,445.7277221679688,23618800
2025-05-14,AAPL,211.78550901932945,213.29093762104836,209.94113079478424,211.68582153320312,49325800
2025-05-14,AMZN,211.4499969482422,211.92999267578125,208.8500061035156,210.25,38492100
2025-05-14,GOOGL,159.40725946266062,166.4229258122212,159.0584628171564,164.79855346679688,48755900
2025-05-14,META,659.1536702462474,660.6090907304957,652.275104788711,657.3093872070312,12348200
2025-05-14,MSFT,444.73528972695,450.4515077748093,444.73528972695,449.4988098144531,19902800
2025-05-15,AAPL,210.31001909194575,212.3139309113297,208.90429308394448,210.8085021972656,45029500
2025-05-15,AMZN,206.4499969482422,206.8800048828125,202.6699981689453,205.1699981689453,64347300
2025-05-15,GOOGL,165.26692581903856,165.63565760093152,161.8089154054017,163.3934326171875,33146700
2025-05-15,META,652.2451822041022,655.2657270968772,636.5939979037247,641.8775024414062,14341800
2025-05-15,MSFT,448.1665539237944,453.55526390744575,447.8285212445724,450.512939453125,21992300
2025-05-16,AAPL,211.71574852428404,211.9251181254035,209.13360964796243,210.61907958984372,54737900
2025-05-16,AMZN,206.8500061035156,206.8500061035156,204.3699951171875,205.58999633789065,43318500
2025-05-16,GOOGL,167.1504098009548,168.76482228008075,165.04770023388704,165.61573791503906,42846900
2025-05-16,META,635.9759078924747,638.448175394899,624.2026405076157,638.3485107421875,18519000
2025-05-16,MSFT,449.4391522856184,451.73580834700897,446.1383501578063,451.6463317871094,23849800
2025-05-19,AAPL,207.27923550566183,208.84446444770492,203.64029993754312,208.14659118652344,46140500
2025-05-19,AMZN,201.6499938964844,206.6199951171875,201.25999450683597,206.16000366210935,34314800
2025-05-19,GOOGL,163.94153908750272,166.06418385324469,163.6525478575402,165.9645233154297,30426100
2025-05-19,META,626.2961199602966,641.0002469311114,625.8475073073743,638.438232421875,9592400
2025-05-19,MSFT,448.27591363294266,456.9355998797858,448.1963586877965,456.2197570800781,21336500
2025-05-20,AAPL,207.03996203611737,207.83753801206535,204.40797196423648,206.232421875,42496600
2025-05-20,AMZN,204.6300048828125,205.58999633789065,202.6499938964844,204.07000732421875,29470400
2025-05-20,GOOGL,165.85490703254322,167.91776161058672,162.33710588412995,163.4133758544922,46607700
2025-05-20,META,634.0320152877193,637.3615937967512,630.2936778074568,635.1185913085938,6743500
2025-05-20,MSFT,452.9587181303489,455.6928353955898,451.69606398891386,455.5238342285156,15441800
2025-05-21,AAPL,204.54755595275296,206.4118779017609,200.10109516487896,201.47689819335935,59211800
2025-05-21,AMZN,201.6100006103516,203.4600067138672,200.05999755859372,201.1199951171875,42460900
2025-05-21,GOOGL,163.12438701474937,172.54173038625467,162.994831351597,167.97755432128906,73416000
2025-05-21,META,629.8250759728282,644.5989922480402,628.2101191307713,633.5235595703125,11464600
2025-05-21,MSFT,451.94462570262056,455.1360777634671,449.2005564495621,449.9561767578125,19216900
2025-05-22,AAPL,200.1010930441042,202.13489740214877,199.0941474443519,200.7491149902344,46742400
2025-05-22,AMZN,201.3800048828125,205.75999450683597,200.16000366210935,203.1000061035156,38938900
2025-05-22,GOOGL,171.25618084668935,176.15917803179707,170.12012070875053,170.27955627441406,74864400
2025-05-22,META,632.078027946325,641.2494271811771,628.7484497588706,634.5902099609375,8228400
2025-05-22,MSFT,452.3224170554101,457.5917944035942,451.2784631979853,452.23291015625,18025600
2025-05-23,AAPL,193.08241474951325,197.1001867487955,192.87306039619787,194.6775665283203,78432900
2025-05-23,AMZN,198.8999938964844,202.3699951171875,197.8500061035156,200.9900054931641,33393500
2025-05-23,GOOGL,168.47580548761593,169.3727046333075,167.30985028367255,167.88784790039062,35211400
2025-05-23,META,622.0592607315479,630.4829920563529,620.7134837844421,625.1097412109375,8454100
2025-05-23,MSFT,447.3811293692874,451.06969358680703,446.3173019248347,447.5799560546875,16883500
2025-05-27,AAPL,197.6983910952664,200.1309909415137,196.83102019804124,199.60260009765625,56288500
2025-05-27,AMZN,203.08999633789065,206.69000244140625,202.19000244140625,206.0200042724609,34892000
2025-05-27,GOOGL,169.57202886061165,172.5716225630013,169.4125780788469,172.30255126953125,37995700
2025-05-27,META,633.4338437693247,641.080033825353,630.7821431595195,640.3223876953125,9508400
2025-05-27,MSFT,453.8435898996704,458.2877744248074,453.48565331857327,458.0292663574219,20974300
2025-05-28,AAPL,199.98144837254893,202.11495545301855,199.29353925378825,199.8119659423828,45339700
2025-05-28,AMZN,205.9199981689453,207.66000366210935,204.41000366210935,204.72000122070312,28549800
2025-05-28,GOOGL,172.56165823831284,174.66436785084326,171.31597754856884,171.76441955566406,34784000
2025-05-28,META,640.6014366817531,648.8557144048555,640.5516043549418,641.5784301757812,9042900
2025-05-28,MSFT,458.55619745791415,459.8486770934628,454.2909661144885,454.7184753417969,17086300
2025-05-29,AAPL,202.96236033905296,203.19165828241367,197.90773491315443,199.34336853027344,51396800
2025-05-29,AMZN,208.02999877929688,208.80999755859372,204.22999572753903,205.6999969482422,34650000
2025-05-29,GOOGL,173.39873303929133,173.81727988052086,170.04038313314817,171.26612854003906,29317300
2025-05-29,META,649.6233948044612,651.288184072806,637.5111569296643,643.0438842773438,8858800
2025-05-29,MSFT,458.884303233251,459.05333474747385,452.6803520976962,456.0308837890625,13974800
2025-05-30,AAPL,198.7651407343476,201.3472946799051,196.18300200128655,200.24066162109372,70819900
2025-05-30,AMZN,204.83999633789065,205.9900054931641,201.6999969482422,205.00999450683597,51679400
2025-05-30,GOOGL,170.75790891590938,171.61493780799665,166.86141620850907,171.1465606689453,52639900
2025-05-30,META,640.5018468251236,647.3903301879006,630.812104900707,645.476318359375,16241000
2025-05-30,MSFT,457.0648535034259,459.0135248792732,452.9090026922185,457.7011413574219,34770500
2025-06-02,AAPL,199.6723835925692,201.51677709467236,199.51286535414476,201.08807373046875,35423300
2025-06-02,AMZN,204.97999572753903,207.0,202.67999267578125,206.6499938964844,29113300
2025-06-02,GOOGL,167.2600475640349,169.28303195267003,166.8116055203689,168.44593811035156,38612300
2025-06-02,META,642.3858562311643,671.166060938188,642.2562556848161,668.8134155273438,15766300
2025-06-02,MSFT,454.4997588416313,459.44102500437896,454.2512027405037,459.3018493652344,16626500
2025-06-03,AAPL,200.73914706631285,203.1518034040851,200.3503308633764,202.6533203125,46381600
2025-06-03,AMZN,207.1100006103516,208.9499969482422,205.02999877929688,205.7100067138672,33139100
2025-06-03,GOOGL,166.91124474262,167.89781407143477,164.70887469424017,165.6057586669922,45084900
2025-06-03,META,669.3617924489035,673.4789529536675,662.9617757833167,664.7760620117188,11585000
2025-06-03,MSFT,458.8047753297213,461.4593680607732,458.1982826150306,460.2961120605469,15743800
2025-06-04,AAPL,202.29440469878628,205.6143037964219,201.48686455307688,202.2046813964844,43604000
2025-06-04,AMZN,206.5500030517578,208.17999267578125,205.17999267578125,207.22999572753903,29915600
2025-06-04,GOOGL,166.16382850855194,167.6387100496484,165.78513674832732,167.46929931640625,26900800
2025-06-04,META,667.238420321753,686.8572081679845,666.4907528237472,685.8104858398438,14031900
2025-06-04,MSFT,461.3201720094852,463.0004138563946,460.3458210681402,461.19091796875,14162700
2025-06-05,AAPL,202.8826044104843,204.12881205428332,199.54276184010465,200.0213165283203,55126100
2025-06-05,AMZN,209.5500030517578,212.80999755859372,207.55999755859372,207.91000366210935,51864200
2025-06-05,GOOGL,169.75139851627495,170.33935616350743,167.01090094696792,167.62876892089844,36379100
2025-06-05,META,689.5088052796527,692.2203773049333,680.1280985848566,682.49072265625,13083100
2025-06-05,MSFT,462.2745901279283,466.9375052091058,461.3499686746429,464.9788818359375,20131700
2025-06-06,AAPL,202.3841235560851,205.07592905349443,201.4370087789868,203.30133056640625,46607700
2025-06-06,AMZN,212.3999938964844,213.8699951171875,210.5,213.57000732421875,39832500
2025-06-06,GOOGL,170.239706414102,173.897023068816,170.239706414102,173.07984924316406,35731800
2025-06-06,META,694.0048506531133,700.6242144400436,689.7182360915449,695.5401000976562,11728000
2025-06-06,MSFT,467.37496597576217,470.6061954238558,466.0725343793748,467.6632995605469,15285600
2025-06-09,AAPL,203.7699042317972,205.3750202901374,199.41316716451476,200.8388214111328,72862600
2025-06-09,AMZN,214.75,217.8500061035156,212.8800048828125,216.97999572753903,38102500
2025-06-09,GOOGL,174.14743750903665,176.07310468622353,173.97782168090652,175.69395446777344,28935900
2025-06-09,META,696.2877068677252,702.9967560909232,691.7817452730692,691.9013671875,12773200
2025-06-09,MSFT,466.9872502760202,470.69568816704816,465.9134708467471,470.0196228027344,16469900
2025-06-10,AAPL,199.99141796230995,203.73004106569937,199.9615101944825,202.0551300048828,54672600
2025-06-10,AMZN,216.77999877929688,217.69000244140625,214.1499938964844,217.6100006103516,31303300
2025-06-10,GOOGL,175.80372221831115,180.70268325607967,174.5166301339373,178.19833374023438,61766100
2025-06-10,META,699.1687320280228,701.0428899746662,689.4092014623567,700.2155151367188,10850100
2025-06-10,MSFT,468.46859445832456,470.06928116822303,464.2630143504256,468.2001647949219,15375900
2025-06-11,AAPL,202.88260699920767,203.8795731269679,197.80805305990708,198.1769256591797,60989900
2025-06-11,AMZN,217.41000366210935,218.3999938964844,212.88999938964844,213.1999969482422,39326000
2025-06-11,GOOGL,179.3656814209572,179.96432281914957,176.3524694759701,176.9511260986328,31646800
2025-06-11,META,701.5213833723484,706.6653082639799,689.8378026054309,691.9811401367188,9582500
2025-06-11,MSFT,467.3053910772251,472.72392676786,466.9474848191381,469.890380859375,16399200
2025-06-12,AAPL,198.476026276637,199.07419684911244,196.7612432530472,198.5956573486328,43904600
2025-06-12,AMZN,211.77999877929688,213.5800018310547,211.3300018310547,213.2400054931641,27640000
2025-06-12,GOOGL,175.78375628436552,176.32255032681226,174.3569797237004,175.30484008789062,20941900
2025-06-12,META,691.1438023170118,693.2173504861605,684.8634076906623,691.20361328125,7322700
2025-06-12,MSFT,472.2764779222473,477.6453141185156,470.7851412769109,476.104248046875,18950600
2025-06-13,AAPL,199.1240517744725,199.76210952406475,195.1062792678608,195.85400390625,51447300
2025-06-13,AMZN,209.9600067138672,214.0500030517578,209.6199951171875,212.1000061035156,29337800
2025-06-13,GOOGL,172.05218023736916,176.73163473712606,172.00228964381978,174.27716064453125,27663100
2025-06-13,META,685.810495147385,692.4099021517203,678.8920760381308,680.7462768554688,9274400
2025-06-13,MSFT,473.6584955652312,476.412486495024,470.02958222474376,472.21685791015625,16814500
2025-06-16,AAPL,196.701426450214,198.08720880439395,195.9636660151664,197.81802368164065,43020700
2025-06-16,AMZN,212.30999755859372,217.05999755859372,211.6000061035156,216.1000061035156,33284200
2025-06-16,GOOGL,174.33701609632743,176.5420523549515,174.25719419482596,176.3724365234375,27389200
2025-06-16,META,697.6914734952734,705.4931583928874,691.8851025594383,700.4749145507812,13720300
2025-06-16,MSFT,472.4653860858625,477.91374692205306,472.2566074497181,476.3727111816406,15626100
2025-06-17,AAPL,196.60172782081943,197.7881200100286,194.6177748569289,195.0464630126953,38856200
2025-06-17,AMZN,215.1999969482422,217.41000366210935,214.55999755859372,214.82000732421875,32086300
2025-06-17,GOOGL,175.304837776751,176.96110799729416,174.1873615915514,175.5542755126953,24973000
2025-06-17,META,700.3551564610796,704.3158251974513,694.4290719322615,695.5963134765625,10066100
2025-06-17,MSFT,472.6542856879232,475.97499162724574,471.3419021646973,475.279052734375,15414100
2025-06-18,AAPL,195.34553910938877,196.97059871241268,194.4781834746436,195.9835968017578,45394700
2025-06-18,AMZN,215.08999633789065,217.9600067138672,212.33999633789065,212.5200042724609,44360500
2025-06-18,GOOGL,175.6141436330853,176.16290971424257,172.81046582918458,172.93020629882812,28707500
2025-06-18,META,696.5441581244662,699.9462025997926,693.2718748228809,694.1398315429688,10068300
2025-06-18,MSFT,475.2392860574369,478.2219594008936,471.71972301658775,477.4663391113281,17526500
2025-06-20,AAPL,197.63859168364692,201.0880863339216,196.26277341287405,200.3902130126953,96813500
2025-06-20,AMZN,214.67999267578125,214.88999938964844,208.2700042724609,209.69000244140625,75350700
2025-06-20,GOOGL,173.55876981570484,173.94789206625825,165.08787423262584,166.2652130126953,75659900
2025-06-20,META,699.1081336202601,700.1756339033776,677.079850298128,680.751220703125,22538600
2025-06-20,MSFT,479.4448824655413,480.667759158903,474.1158234691147,474.6427612304688,37576200
2025-06-23,AAPL,201.01828233775663,201.686247808318,198.3563846401482,200.888671875,55814300
2025-06-23,AMZN,209.7899932861328,210.38999938964844,207.30999755859372,208.47000122070312,37311700
2025-06-23,GOOGL,165.89603893694584,166.96362443515676,161.63563852290417,164.81846618652344,57671000
2025-06-23,META,682.0881149489193,697.4121118139869,677.1596869463602,696.8933715820312,11080100
2025-06-23,MSFT,475.4480376949825,484.9329468840925,469.7809768690432,483.1930541992188,24864000
2025-06-24,AAPL,201.9753521214132,202.82277936444737,199.5926038267289,199.6923065185547,54064000
2025-06-24,AMZN,212.13999938964844,214.33999633789065,211.0500030517578,212.7700042724609,38378800
2025-06-24,GOOGL,166.5445998017471,167.84167918331357,165.75638318822968,166.3949432373047,40524300
2025-06-24,META,703.2384409706419,711.5189816994163,700.4649253469852,710.5313110351562,13823200
2025-06-24,MSFT,486.1260232932434,489.0092679302753,483.9884166007436,487.279296875,22305600
2025-06-25,AAPL,200.8388194477268,203.052085424857,200.0113357524488,200.948486328125,39525700
2025-06-25,AMZN,214.6199951171875,216.02999877929688,211.1100006103516,211.9900054931641,31755700
2025-06-25,GOOGL,167.25299905707695,171.97235685648238,167.17317715297744,170.29612731933594,35479000
2025-06-25,META,711.6486741856498,714.9010456370576,703.7272754411318,707.01953125,9320400
2025-06-25,MSFT,489.1981971647186,491.70363180611855,486.5635084927723,489.4268493652344,17495100
2025-06-26,AAPL,200.81890119127092,202.0252370277816,198.85489170599743,200.3902130126953,50799100
2025-06-26,AMZN,213.1199951171875,218.0399932861328,212.00999450683597,217.1199951171875,50480800
2025-06-26,GOOGL,172.0421997468365,173.29937576602373,169.5578094698184,173.1497039794922,31796700
2025-06-26,META,712.6862359929024,726.5137473228667,709.3839937767193,724.3887939453125,13964800
2025-06-26,MSFT,490.1327808219991,495.1635541172166,489.9637493151316,494.5769653320313,21578900
2025-06-27,AAPL,201.27751091280396,202.6034778198992,199.39324535272064,200.469970703125,73188600
2025-06-27,AMZN,219.9199981689453,223.3000030517578,216.7400054931641,223.3000030517578,119217100
2025-06-27,GOOGL,173.14969619543672,178.27813555923768,171.3437693802371,178.12847900390625,108140200
2025-06-27,META,724.8177454897765,733.7068421056694,724.1592578043636,731.9110717773438,18775700
2025-06-27,MSFT,494.6763398018984,496.41623250794254,490.1824564211629,493.0756530761719,34539200
2025-06-30,AAPL,201.39711462840117,206.7607970676305,198.65545787730727,204.5475311279297,91912800
2025-06-30,AMZN,223.5200042724609,223.82000732421875,219.1199951171875,219.38999938964844,58887800
2025-06-30,GOOGL,180.3734186271616,180.8224035174941,174.1873656755976,175.83364868164062,63378900
2025-06-30,META,742.8055433362375,746.1477309842478,732.5296879143714,736.3607177734375,15402100
2025-06-30,MSFT,494.1693122308428,497.86782827206525,492.4691666337086,494.53717041015625,28369000
2025-07-01,AAPL,206.04299395149744,209.55231908550664,205.5146031050056,207.18951416015625,78788900
2025-07-01,AMZN,219.5,221.8800048828125,217.92999267578125,220.4600067138672,39256800
2025-07-01,GOOGL,175.3447530851258,175.6939567742825,173.139716841545,175.44451904296875,35904500
2025-07-01,META,735.1535081071979,736.0214648412638,713.6938959127618,717.5348510742188,13431200
2025-07-01,MSFT,493.602615314542,495.1734765998455,488.14433277768,489.2081298828125,19945400
2025-07-02,AAPL,208.2761972389462,212.69274987948137,207.5085290616707,211.7954864501953,67941800
2025-07-02,AMZN,219.72999572753903,221.6000061035156,219.05999755859372,219.9199981689453,30894200
2025-07-02,GOOGL,175.1452013282233,178.45774190844105,174.67627237146584,178.2382354736328,29128900
2025-07-02,META,713.6539572494278,718.6122830220947,711.1298559583659,711.8980712890625,9336700
2025-07-02,MSFT,487.1600091895655,490.6497465796282,485.8774815457773,488.253662109375,16319600
2025-07-03,AAPL,211.5063531929921,213.9987684566969,211.16738836812712,212.9021148681641,34955800
2025-07-03,AMZN,221.82000732421875,224.00999450683597,221.3600006103516,223.41000366210935,29632400
2025-07-03,GOOGL,178.098553649012,179.26592049305205,176.65181774269593,179.12623596191406,21689700
2025-07-03,META,724.9075473573512,727.3219211703462,712.7461059372963,717.3253784179688,8601700
2025-07-03,MSFT,490.9579755463732,497.2414813819725,490.5901173527472,495.95892333984375,13984800
2025-07-07,AAPL,212.0347627655988,215.57399579559092,208.16654427869605,209.31304931640625,50229000
2025-07-07,AMZN,223.0,224.2899932861328,222.3699951171875,223.47000122070312,36604100
2025-07-07,GOOGL,178.65727862884938,178.89674433224096,175.28487562232132,176.3923797607422,34175600
2025-07-07,META,715.9186273791692,725.29662738586,711.8382444141125,716.6668701171875,9457100
2025-07-07,MSFT,494.50739577153047,495.869478507003,492.3698191254293,494.8454284667969,13981600
2025-07-08,AAPL,209.46258702266437,210.78853856973336,207.81758380403343,209.3728485107422,42848900
2025-07-08,AMZN,223.9199981689453,224.0,218.42999267578125,219.3600006103516,45692000
2025-07-08,GOOGL,177.4500058972594,177.54977185383785,172.42133277200756,173.9678497314453,40442500
2025-07-08,META,719.8792998482032,721.2161260005597,713.1351294314046,718.9813842773438,7770700
2025-07-08,MSFT,494.3681843595188,495.3226617323938,491.2562567966873,493.7517700195313,11846600
2025-07-09,AAPL,208.8943192909964,210.6888614301138,206.59132988433592,210.4994354248047,48749400
2025-07-09,AMZN,221.07000732421875,224.2899932861328,220.47000122070312,222.5399932861328,38155100
2025-07-09,GOOGL,174.85586430994886,179.03644347316074,172.3814460707259,176.2227783203125,43025600
2025-07-09,META,721.0266226856489,735.8019810021477,721.0266226856489,731.0631103515625,11418000
2025-07-09,MSFT,497.4105072423231,503.8530929514779,496.85374394735805,500.60198974609375,18659500
2025-07-10,AAPL,209.87133445003573,212.8323250717279,209.39279496736208,211.7655792236328,44443600
2025-07-10,AMZN,221.5500030517578,222.7899932861328,219.6999969482422,222.25999450683597,30370600
2025-07-10,GOOGL,175.2350053597822,178.02869585837095,173.98781666417247,177.22052001953125,29252400
2025-07-10,META,729.8359096434607,734.0759515650559,717.9138972384281,725.5360107421875,9913600
2025-07-10,MSFT,500.1445884984204,501.5265750230592,494.8752111441128,498.5836791992188,16492100
2025-07-11,AAPL,209.931172276849,211.48643705736623,209.2233196075129,210.51937866210935,39765800
2025-07-11,AMZN,223.5800018310547,226.67999267578125,222.3699951171875,225.0200042724609,50518300
2025-07-11,GOOGL,176.39238193299045,181.0219456842772,176.08308157759498,179.7847442626953,34282900
2025-07-11,META,720.807217385224,723.4609583411119,708.037219345619,715.8289184570312,10873900
2025-07-11,MSFT,495.5910910122862,502.1132013481938,494.92494724269005,500.4130859375,16459500
2025-07-14,AAPL,209.29308368901167,210.27012140888863,206.9103353456299,207.987060546875,38840100
2025-07-14,AMZN,225.07000732421875,226.66000366210935,224.2400054931641,225.69000244140625,35702600
2025-07-14,GOOGL,180.60289104600892,183.2569121837853,179.27588047712075,181.1516571044922,32536600
2025-07-14,META,715.9186065632238,726.2942632522581,714.8710789388857,719.2308349609375,8939400
2025-07-14,MSFT,498.6234399223271,501.0593019842245,498.1362796464767,500.1147766113281,12058800
2025-07-15,AAPL,208.5852528191871,211.24715053377864,208.28615994072268,208.4755859375,42296300
2025-07-15,AMZN,226.1999969482422,227.2700042724609,225.4600067138672,226.3500061035156,34907300
2025-07-15,GOOGL,182.3988435351607,183.80567598843865,181.1915734457722,181.59066772460935,33448300
2025-07-15,META,722.2039420372861,722.7725529543028,708.1569141283312,708.7255859375,11529500
2025-07-15,MSFT,500.1147739294682,505.36427783294863,499.88612172349406,502.8986206054688,14927200
2025-07-16,AAPL,209.6619745482938,211.75559423754484,208.00700716596052,209.52239990234372,47490500
2025-07-16,AMZN,225.8800048828125,226.1000061035156,222.17999267578125,223.19000244140625,39535900
2025-07-16,GOOGL,182.82788394956327,183.91542879782375,181.620598638336,182.55848693847656,33104200
2025-07-16,META,711.6985138171127,712.2970836136572,697.6315755690009,701.2630004882812,13067600
2025-07-16,MSFT,502.2623068754336,503.793421043838,498.99133023831314,502.6997680664063,15154400
2025-07-17,AAPL,209.93116216460888,211.15742622671812,208.95412441878605,209.38282775878903,48068100
2025-07-17,AMZN,223.32000732421875,224.5,222.50999450683597,223.8800048828125,31855800
2025-07-17,GOOGL,181.7303505085708,183.64603043273613,180.07408034072432,183.1671142578125,31992600
2025-07-17,META,702.7395996705828,704.2460714207873,695.4766277838654,699.7665405273438,11803300
2025-07-17,MSFT,502.7594088608256,510.40499725185873,502.6997578215743,508.7446594238281,17503100
2025-07-18,AAPL,210.23024956462243,211.1474566075158,209.06380098140497,210.539306640625,48974600
2025-07-18,AMZN,225.13999938964844,226.3999938964844,222.97999572753903,226.1300048828125,37833800
2025-07-18,GOOGL,184.98301522964096,186.00072543502688,183.2968289565469,184.64378356933597,34014500
2025-07-18,META,700.5447529444856,703.0588680042227,690.0294703606638,702.6298828125,12779800
2025-07-18,MSFT,511.5085634207008,511.6676733111879,504.4992933518648,507.1041564941406,21209700
2025-07-21,AAPL,211.4565208835752,215.12534891613052,210.98794558852117,211.8353576660156,51377400
2025-07-21,AMZN,225.83999633789065,229.69000244140625,225.6499938964844,229.3000030517578,40297600
2025-07-21,GOOGL,185.831107725442,189.86201471908177,185.73132654425748,189.6724548339844,45803100
2025-07-21,META,705.1439122135475,715.3200251684316,704.1063709182977,711.2994384765625,9404400
2025-07-21,MSFT,503.7834776665751,509.1324405638626,502.6301736290422,507.1141357421875,14066800
2025-07-22,AAPL,212.4933551608528,214.29786137817436,211.58611235366487,213.74952697753903,46404100
2025-07-22,AMZN,229.67999267578125,230.0,226.3500061035156,227.47000122070312,37483700
2025-07-22,GOOGL,191.0693117786785,191.21896833519165,187.03840453704987,190.90966796875,44660200
2025-07-22,META,714.5119099243975,714.9209224678821,699.7665114607927,703.1585693359375,8921100
2025-07-22,MSFT,508.0188367536373,508.2475192857543,502.3517456054688,502.3517456054688,13868600
2025-07-23,AAPL,214.3477172095632,214.4972560435483,211.76557859278188,213.5002899169922,46989300
2025-07-23,AMZN,228.47000122070312,228.7899932861328,227.08999633789065,228.2899932861328,28294900
2025-07-23,GOOGL,191.06931784155387,192.09700016081177,188.7545281975545,189.8021697998047,58681900
2025-07-23,META,704.7149523459423,712.9556086996904,703.2783238666914,711.9080810546875,8771600
2025-07-23,MSFT,503.8232255681408,503.8630030405687,497.80817995491657,502.94830322265625,16396600
2025-07-24,AAPL,213.251055366678,215.03563331063384,212.8821827557749,213.11148071289065,46022600
2025-07-24,AMZN,229.1699981689453,236.0,228.63999938964844,232.22999572753903,42902300
2025-07-24,GOOGL,196.5868474168703,197.5047763656739,190.57041105035847,191.7377777099609,74881700
2025-07-24,META,715.3699724936158,721.9245865914077,712.3271306824367,713.125244140625,10920800
2025-07-24,MSFT,505.8315833881949,510.703277326071,504.3700721726997,507.9294128417969,16107000
2025-07-25,AAPL,214.0486138925591,214.5869840936473,212.75255494873,213.23110961914065,40268800
2025-07-25,AMZN,232.22000122070312,232.47999572753903,231.17999267578125,231.44000244140625,28712100
2025-07-25,GOOGL,191.54821586623893,193.8929365997576,190.82983399147875,192.7455139160156,39785900
2025-07-25,META,715.2401874661052,718.9614892126135,710.2319910963464,711.0101318359375,8271700
2025-07-25,MSFT,509.5101527540243,515.2965460849812,507.4123538189797,510.7430419921875,19125700
2025-07-28,AAPL,213.38067592321025,214.1981955143971,212.41361748607304,213.40061950683597,37858000
2025-07-28,AMZN,233.3500061035156,234.2899932861328,232.25,232.7899932861328,26300100
2025-07-28,GOOGL,193.2144667106556,193.61357622809172,190.41078895772904,192.1468811035156,38139500
2025-07-28,META,713.5243091595448,723.0419351595109,711.0101939967738,715.9486083984375,8715700
2025-07-28,MSFT,511.110930710653,512.0256002286585,507.1737799777055,509.5400390625,14308000
2025-07-29,AAPL,213.53020352524888,214.1582970701604,210.18041185237743,210.6290435791016,51411700
2025-07-29,AMZN,234.1499938964844,234.72000122070312,230.30999755859372,231.00999450683597,33716200
2025-07-29,GOOGL,191.9972128721756,195.47936925683572,191.64800916549825,195.30975341796875,41389200
2025-07-29,META,718.3130022321428,722.7724995594365,698.270047363426,698.35986328125,13267000
2025-07-29,MSFT,512.5525452747698,514.6304403339567,508.6054427654301,509.609619140625,16469200
2025-07-30,AAPL,211.2571312800854,211.74565019362484,207.08981987426867,208.4157867431641,45512500
2025-07-30,AMZN,231.63999938964844,231.8000030517578,229.2899932861328,230.19000244140625,32993300
2025-07-30,GOOGL,195.1600963397073,197.155598285003,194.2521393007246,196.08799743652344,32445400
2025-07-30,META,706.4309422136296,706.8399547738821,689.5805015781577,693.5811157226562,27077300
2025-07-30,MSFT,512.194633411811,512.9701576717969,506.4977462813353,510.2757873535156,26380400
2025-07-31,AAPL,207.85746883247032,209.2033639475293,206.5315020865265,206.9402618408203,80698400
2025-07-31,AMZN,235.7700042724609,236.52999877929688,231.3999938964844,234.1100006103516,104357300
2025-07-31,GOOGL,195.2698429128764,195.54921195775628,190.66022322341527,191.4683990478516,51329200
2025-07-31,META,773.3836936232736,782.9113054874113,763.7163951695271,771.6278076171875,38831100
2025-07-31,MSFT,552.0232408256204,552.2420017670738,528.8280273057109,530.4187622070312,51617300
2025-08-01,AAPL,210.23023901853355,212.93202387361225,200.8886714237977,201.76600646972656,104434500
2025-08-01,AMZN,217.2100067138672,220.44000244140625,212.8000030517578,214.75,122258800
2025-08-01,GOOGL,188.6048696894468,190.40082452841267,187.39759950913643,188.70465087890625,34832200
2025-08-01,META,758.9476005405788,764.2052724882252,743.5637464392476,748.2527465820312,19028700
2025-08-01,MSFT,531.9100652869249,532.7054326872741,517.8517174087783,521.0829467773438,28977600
2025-08-04,AAPL,203.8895472057539,207.24933356384108,201.06813110178,202.7330780029297,75109300
2025-08-04,AMZN,217.3999938964844,217.44000244140625,211.4199981689453,211.6499938964844,77890100
2025-08-04,GOOGL,189.86201672672937,194.830827292421,189.69240089649875,194.6013336181641,31547400
2025-08-04,META,758.2193240496142,775.029820232538,756.6330226185955,774.5509643554688,15801700
2025-08-04,MSFT,525.218957545317,535.141297909759,525.0797515616827,532.54638671875,25349000
2025-08-05,AAPL,202.7829065525681,204.7170232958933,201.5466782764192,202.3043670654297,44155100
2025-08-05,AMZN,213.0500030517578,216.3000030517578,212.8699951171875,213.75,51505100
2025-08-05,GOOGL,194.27208103659055,197.4149902267785,193.45391800516853,194.23216247558597,31602300
2025-08-05,META,774.6307577641016,781.2950989411861,761.212259491104,761.6712036132812,11640300
2025-08-05,MSFT,534.0774948252555,534.196796907337,524.1949011418618,524.7019653320312,19171600
2025-08-06,AAPL,205.0061502968161,214.72657006985975,204.96626313259569,212.60302734375,108483100
2025-08-06,AMZN,214.6999969482422,222.6499938964844,213.7400054931641,222.30999755859372,54823000
2025-08-06,GOOGL,194.0625664055758,196.18778087351924,193.23443126184415,195.64898681640625,21562900
2025-08-06,META,768.1958857027562,771.827371776558,758.6782598971715,770.1812133789062,9733900
2025-08-06,MSFT,527.8338028961505,528.6291703469228,521.0034855448089,521.908203125,21355700
2025-08-07,AAPL,218.2159523061407,220.1799768073744,215.92292715514495,219.36245727539065,90224800
2025-08-07,AMZN,221.0,226.22000122070312,220.82000732421875,223.1300048828125,40603500
2025-08-07,GOOGL,196.6167969951023,197.09571318148863,193.8929412029117,196.07801818847656,26321800
2025-08-07,META,771.6776357205837,773.1841074016191,757.7702959207965,760.0449829101562,9019700
2025-08-07,MSFT,523.757448292983,525.0400367197672,514.5608717763297,517.8319091796875,16079100
2025-08-08,AAPL,220.16001960779295,230.2991627392556,218.5848113878,228.6541748046875,113854000
2025-08-08,AMZN,223.13999938964844,223.8000030517578,221.8800048828125,222.69000244140625,32970500
2025-08-08,GOOGL,196.77642933858343,202.15430596097147,196.72653874979915,200.96697998046875,39161800
2025-08-08,META,760.9629170758883,768.0961893607639,756.8027042152274,767.49755859375,7320800
2025-08-08,MSFT,519.5816656001966,521.6297655095517,516.4100872243725,519.02490234375,15531000
2025-08-11,AAPL,227.486400432218,229.12327986736796,224.3324083989562,226.747802734375,61806100
2025-08-11,AMZN,221.77999877929688,223.0500030517578,220.3999938964844,221.3000030517578,31646200
2025-08-11,GOOGL,200.48808049350347,201.02685931355308,198.6222910686901,200.5479431152344,25832400
2025-08-11,META,768.2757194135389,771.6478049440495,762.8783609453131,764.0755615234375,7612000
2025-08-11,MSFT,519.2833770884752,524.542862850504,516.7182612189127,518.7564697265625,20194400
2025-08-12,AAPL,227.57622481823225,230.36092560837628,226.63802588155735,229.21310424804688,55626200
2025-08-12,AMZN,222.22999572753903,223.5,219.0500030517578,221.47000122070312,37185800
2025-08-12,GOOGL,200.91710457512625,204.04006993048972,200.1388600495838,202.88267517089844,30397900
2025-08-12,META,771.1888187456735,791.8103707559926,770.6201469797736,788.1489868164062,14563100
2025-08-12,MSFT,520.7250669698358,527.9132904806338,519.6811434112465,526.183349609375,18667000
2025-08-13,AAPL,230.6304284784954,234.552944884794,229.99163136972763,232.88612365722656,69878500
2025-08-13,AMZN,222.0,224.9199981689453,222.0,224.55999755859372,36508300
2025-08-13,GOOGL,203.6709007567403,204.06999503609887,197.06577929471837,201.5057830810547,28342900
2025-08-13,META,789.2963900548351,793.5962894533881,776.4066172801486,778.2523193359375,8811800
2025-08-13,MSFT,529.0368026236954,529.6234217995657,516.3703917601634,517.5734252929688,19619200
2025-08-14,AAPL,233.6147219132583,234.6727029329224,230.41083714463488,232.337158203125,51916300
2025-08-14,AMZN,227.3999938964844,233.1100006103516,227.0200042724609,230.97999572753903,61545800
2025-08-14,GOOGL,201.04680257921203,203.9801926061093,200.777405578413,202.4835662841797,25230400
2025-08-14,META,776.0573823379099,785.9641084064921,770.6999694623344,780.2974243164062,8116200
2025-08-14,MSFT,519.5419572956574,522.9123929469488,517.13595097363,519.46240234375,20269100
2025-08-15,AAPL,233.5548328767578,233.834298979768,228.9036945156081,231.1494140625,56038700
2025-08-15,AMZN,232.5800018310547,234.0800018310547,229.80999755859372,231.02999877929688,39649200
2025-08-15,GOOGL,203.39153088363756,205.97570210941169,200.8273037146201,203.44140625,34931400
2025-08-15,META,782.3127720209482,794.3843975355859,778.9905571139482,783.3901977539062,13375400
2025-08-15,MSFT,519.7507304052322,523.0614541020369,516.0820397908819,517.1657104492188,25213300
2025-08-18,AAPL,231.25921652669464,232.67651332576617,229.672244959047,230.4507598876953,37476200
2025-08-18,AMZN,230.22999572753903,231.91000366210935,228.3300018310547,231.4900054931641,25248900
2025-08-18,GOOGL,203.7407352225592,204.80833601681928,202.0345896716843,203.0423126220703,18526600
2025-08-18,META,773.2739649293972,773.9922487170201,754.7873521125813,765.572021484375,16513700
2025-08-18,MSFT,518.5775833311014,519.8004600468895,511.0512965888898,514.1134643554688,23760600
2025-08-19,AAPL,230.8400151681398,232.42698672077373,228.9136940815642,230.1213836669922,39402600
2025-08-19,AMZN,230.08999633789065,230.52999877929688,227.1199951171875,228.00999450683597,29891000
2025-08-19,GOOGL,202.5733765798653,202.98245812812408,199.51028904350807,201.11666870117188,24240200
2025-08-19,META,765.3226078635242,765.3724785334582,747.604210382002,749.71923828125,12286700
2025-08-19,MSFT,512.0255798217245,512.1846290296555,505.6128201320888,506.8257751464844,21481000
2025-08-20,AAPL,229.54248102593337,230.0315543310328,225.3404986724704,225.5800323486328,42263900
2025-08-20,AMZN,227.1199951171875,227.2700042724609,220.9199981689453,223.80999755859372,36604300
2025-08-20,GOOGL,200.27853657760335,200.82730262485015,196.1578356580316,198.8717193603516,28955500
2025-08-20,META,745.8184665954027,748.4423094323544,729.2872824481717,745.9680786132812,11898200
2025-08-20,MSFT,506.925219770199,508.0486982628479,501.5265882427872,502.7991943359375,27723000
2025-08-21,AAPL,225.83955683035407,226.08908123987143,223.3542882288465,224.4721527099609,30621200
2025-08-21,AMZN,222.6499938964844,222.77999877929688,220.5,221.9499969482422,32140500
2025-08-21,GOOGL,199.30075073242188,202.02460654215824,198.9814631231269,199.30075073242188,19774600
2025-08-21,META,742.965126847803,743.7532539146816,731.392269728463,737.3682250976562,8876300
2025-08-21,MSFT,501.6041452591809,505.5278315490841,500.6381609615915,502.15185546875,18443300
2025-08-22,AAPL,225.7397343895232,228.65417758009715,224.98118568943212,227.3267059326172,42477800
2025-08-22,AMZN,222.7899932861328,229.13999938964844,220.82000732421875,228.83999633789065,37315300
2025-08-22,GOOGL,202.27403645691825,208.07096677186303,200.84725997228375,205.62648010253903,42827000
2025-08-22,META,737.4979443181139,755.1265868650723,732.6693186706706,753.021484375,10612700
2025-08-22,MSFT,502.1618461633245,508.6150227226763,500.32946944945456,505.1295166015625,24324200
2025-08-25,AAPL,226.04912998143797,228.8637723966904,225.7996055926997,226.72784423828125,30983100
2025-08-25,AMZN,227.3500061035156,229.6000061035156,227.30999755859372,227.94000244140625,22633700
2025-08-25,GOOGL,205.96572314134983,210.04653613391585,204.81831562838465,208.02110290527344,29928900
2025-08-25,META,753.0514312038815,757.1019160115399,748.3724176422635,751.5349731445312,6861200
2025-08-25,MSFT,504.5319946732823,506.0855321115255,502.0323791323648,502.17181396484375,21638600
2025-08-26,AAPL,226.438403395408,229.0534295301293,224.2625578823749,228.87376403808597,54575100
2025-08-26,AMZN,227.1100006103516,229.0,226.0200042724609,228.7100067138672,26105400
2025-08-26,GOOGL,207.0432962842493,207.38254318133843,205.23736948208096,206.67413330078125,28464100
2025-08-26,META,749.0408739151204,753.1013452690629,746.187589469264,752.3331298828125,7601800
2025-08-26,MSFT,502.2713680297872,502.8888260614156,496.4456179190968,499.96099853515625,30835700
2025-08-27,AAPL,228.17510050695543,230.46073738560716,227.82576024347395,230.0515289306641,31259500
2025-08-27,AMZN,228.57000732421875,229.8699951171875,227.80999755859372,229.1199951171875,21254500
2025-08-27,GOOGL,205.2373711930947,208.4401585010209,205.18748059977116,207.01336669921875,23022900
2025-08-27,META,750.5373617239242,752.3830637406979,741.0995653139147,745.62890625,8315400
2025-08-27,MSFT,499.92117896114246,505.1892811692936,497.82986914621193,504.64154052734375,17277900
2025-08-28,AAPL,230.3809040856524,232.9659733126178,228.90370861616245,232.1175842285156,38074700
2025-08-28,AMZN,229.00999450683597,232.7100067138672,228.0200042724609,231.6000061035156,33679600
2025-08-28,GOOGL,206.7838755896793,211.74269881815903,206.43465668224863,211.16400146484372,32339300
2025-08-28,META,742.2567713506037,751.2855545763716,739.0642569298059,749.35009765625,7468000
2025-08-28,MSFT,504.99008260275673,508.9735181763212,503.406670609209,507.529541015625,18015600
2025-08-29,AAPL,232.0676707602769,232.9360260407387,230.92984008944924,231.6983795166016,39418400
2025-08-29,AMZN,231.32000732421875,231.80999755859372,228.16000366210935,229.0,26199200
2025-08-29,GOOGL,210.0365409975429,214.167229203444,209.72724064780297,212.43115234375,39728400
2025-08-29,META,743.5338383928589,745.3894657992533,733.6270507950396,736.96923828125,9070500
2025-08-29,MSFT,506.5535790393771,507.4896888132377,502.40083415821226,504.59173583984375,20961600
2025-09-02,AAPL,228.8138823959992,230.4108447009183,226.53822101083423,229.28298950195312,44075600
2025-09-02,AMZN,223.5200042724609,226.1699981689453,221.8300018310547,225.33999633789065,38843900
2025-09-02,GOOGL,207.9712205067108,211.20392399730977,205.73625278986853,210.8746795654297,47523000
2025-09-02,META,724.3388175548104,734.2755025264773,720.0389186102121,733.3875732421875,9350900
2025-09-02,MSFT,498.3974910813857,503.90458943006223,494.75264396148896,503.0282287597656,18128000
2025-09-03,AAPL,236.75874463665696,238.395624134605,233.9141603097862,238.01634216308597,66427800
2025-09-03,AMZN,225.2100067138672,227.1699981689453,224.3600006103516,225.9900054931641,29223100
2025-09-03,GOOGL,225.7012467158241,230.78976737242823,224.28442698424496,230.1412353515625,103336100
2025-09-03,META,734.2755314397929,738.5155735710689,732.2702311831985,735.3230590820312,7699300
2025-09-03,MSFT,501.70375627159575,505.68719181229375,500.2398424947412,503.2572937011719,16345100
2025-09-04,AAPL,237.996365667052,239.4436041167336,236.2896273284533,239.32383728027344,47549400
2025-09-04,AMZN,231.19000244140625,235.7700042724609,230.77999877929688,235.67999267578125,59391800
2025-09-04,GOOGL,229.13349303754427,231.84737676203943,225.60146147412652,231.7775421142578,51684200
2025-09-04,META,746.8161054490425,759.3765729399474,744.0725487076684,746.8959350585938,11439100
2025-09-04,MSFT,502.2116394820944,506.0457023892234,501.0664078062513,505.866455078125,15509500
2025-09-05,AAPL,239.5434165987409,240.8609127003189,238.0362947520209,239.2340087890625,54870400
2025-09-05,AMZN,235.19000244140625,236.0,231.92999267578125,232.3300018310547,36721800
2025-09-05,GOOGL,231.677760445174,235.2297512824053,231.37843212445287,234.47146606445312,46588900
2025-09-05,META,750.8565963566639,756.1741251448537,743.2844139282448,750.68701171875,9663400
2025-09-05,MSFT,506.9619070760115,509.8498918622262,490.3310509759443,492.9501647949219,31994800
2025-09-08,AAPL,238.84475646782596,239.69313028194867,235.89038089866293,237.42745971679688,48999500
2025-09-08,AMZN,234.94000244140625,237.6000061035156,233.75,235.83999633789065,33947100
2025-09-08,GOOGL,235.1505409990516,237.8069358559837,233.3529799966882,233.72247314453125,32474700
2025-09-08,META,754.2286352813065,764.71401930554,750.2579802053917,750.5372924804688,13087800
2025-09-08,MSFT,496.0472478127919,499.1244784694731,492.9800158612091,496.1369018554688,16771000
2025-09-09,AAPL,236.54912730927947,238.3257397896772,232.9160527142261,233.9041748046875,66313900
2025-09-09,AMZN,236.3600006103516,238.8500061035156,235.0800018310547,238.2400054931641,27033800
2025-09-09,GOOGL,233.8523019486149,240.1437578458556,232.91357479962468,239.30490112304688,38061000
2025-09-09,META,755.715159278882,764.5045146420852,751.6646744655906,763.9059448242188,10999000
2025-09-09,MSFT,499.3534910580183,500.17010260105087,495.6389570336189,496.3460083007813,14410500
2025-09-10,AAPL,231.7482872752143,231.9778454619465,225.5201526853384,226.35855102539065,83440800
2025-09-10,AMZN,237.5200042724609,237.67999267578125,229.1000061035156,230.3300018310547,60907700
2025-09-10,GOOGL,238.5758820575914,241.3321473616704,237.5273187664355,238.84552001953125,35141100
2025-09-10,META,763.3372922969834,763.9059640843684,749.2403942554,750.2180786132812,12478300
2025-09-10,MSFT,500.8971201283455,501.1460848531792,494.6630336933239,498.29791259765625,21611800
2025-09-11,AAPL,226.44839058875493,230.0115911363252,226.21881717306923,229.59239196777344,50208600
2025-09-11,AMZN,231.4900054931641,231.52999877929688,229.33999633789065,229.9499969482422,37485600
2025-09-11,GOOGL,239.55457404217236,241.9213539288796,235.9294937696504,240.0438995361328,30599300
2025-09-11,META,752.8818385469593,755.326049350588,746.6165236987539,749.140625,7923300
2025-09-11,MSFT,500.1701275152439,501.08633106619584,495.8182290284252,498.9352722167969,18881600
2025-09-12,AAPL,228.78393068206051,234.063860229386,228.584314210114,233.6247100830078,55824200
2025-09-12,AMZN,230.3500061035156,230.7899932861328,226.2899932861328,228.1499938964844,38496200
2025-09-12,GOOGL,240.04388783032,241.75157459718332,237.67710805902945,240.4733123779297,26771600
2025-09-12,META,746.9756681630587,755.7949823874058,742.0173423532742,753.8196411132812,8248600
2025-09-12,MSFT,504.55191069082485,510.42747218178897,501.7635178992086,507.7884521484375,23624900
2025-09-15,AAPL,236.549127145038,237.7368657054393,234.58287368836287,236.24969482421875,42699500
2025-09-15,AMZN,230.6300048828125,233.72999572753903,230.32000732421875,231.42999267578125,33243300
2025-09-15,GOOGL,244.3280782170144,252.06756394348795,244.3280782170144,251.2686462402344,58383800
2025-09-15,META,755.6951631721865,772.2563046936084,750.2280226983954,762.9082641601562,10533800
2025-09-15,MSFT,506.68306017742736,513.3353599697668,504.9004642300766,513.225830078125,17143800
2025-09-16,AAPL,236.72878926810645,240.76111223381088,235.87043992435724,237.6969451904297,63421100
2025-09-16,AMZN,232.94000244140625,235.8999938964844,232.22999572753903,234.0500030517578,38203900
2025-09-16,GOOGL,251.73800966841424,252.696698721273,249.13154999644232,250.8192596435547,34109700
2025-09-16,META,765.2028605665566,779.5291993784334,763.3072880544486,777.1747436523438,11782500
2025-09-16,MSFT,514.7395367165727,515.0880630075219,506.4938265025834,506.9320068359375,19711900
2025-09-17,AAPL,238.5153883976145,239.6432435766681,237.27774187166392,238.5353546142578,46508000
2025-09-17,AMZN,233.7700042724609,234.3000030517578,228.7100067138672,231.6199951171875,42815200
2025-09-17,GOOGL,250.879176939906,251.2586662790108,245.94587648389523,249.19146728515625,34108000
2025-09-17,META,778.16248073438,781.4547366857648,764.5145401578408,773.9024658203125,9400900
2025-09-17,MSFT,508.5054498653079,509.1726886784055,503.8348693472275,507.9079284667969,15816600
2025-09-18,AAPL,239.5134800259323,240.74113579799257,236.199788714976,237.42745971679688,44249600
2025-09-18,AMZN,232.5,233.47999572753903,228.7899932861328,231.22999572753903,37931700
2025-09-18,GOOGL,251.338548569648,253.64542748570952,249.46110945180465,251.6880798339844,31239500
2025-09-18,META,778.9207035004806,786.9319184464317,771.5480036492609,778.421875,10955000
2025-09-18,MSFT,509.3718409712672,510.9453149965379,505.55771489166153,506.3444519042969,18913700
2025-09-19,AAPL,240.77107799962133,245.83144010441063,239.7530294205925,245.032958984375,163741300
2025-09-19,AMZN,232.3699951171875,234.16000366210935,229.6999969482422,231.47999572753903,97943200
2025-09-19,GOOGL,252.90642848071656,255.6526976942288,251.4683796180924,254.3744354248047,55571400
2025-09-19,META,784.5773532506886,788.9470955167301,767.3877436699294,776.5562133789062,23696800
2025-09-19,MSFT,508.4457417060914,517.1495391803752,508.1967769692645,515.7852172851562,52474100
2025-09-22,AAPL,247.82763635806887,256.15178189089505,247.64797087115,255.5928192138672,105517400
2025-09-22,AMZN,230.55999755859372,230.57000732421875,227.50999450683597,227.6300048828125,45914500
2025-09-22,GOOGL,254.08482475081848,255.4329993925613,249.96043800377367,252.1874084472656,32290500
2025-09-22,META,780.5445827585347,784.4181095052566,763.1935958899483,763.8824462890625,11706900
2025-09-22,MSFT,513.4549348866175,515.5959951267806,510.41751650985566,512.3196411132812,20009300
2025-09-23,AAPL,255.3932223520852,256.8504363399061,253.0975947938589,253.9459686279297,60275200
2025-09-23,AMZN,227.8300018310547,227.8600006103516,220.07000732421875,220.7100067138672,70956200
2025-09-23,GOOGL,252.6967057132129,254.0149222449776,250.1401811840686,251.31858825683597,26628000
2025-09-23,META,767.9655831903335,769.3133047218867,749.815945650324,754.1387329101562,10872600
2025-09-23,MSFT,511.6722984831285,512.4590659268906,505.2091838485409,507.1212463378906,19799600
2025-09-24,AAPL,254.73446948849343,255.2534845023776,250.5624136207024,251.8300018310547,42303700
2025-09-24,AMZN,224.1499938964844,224.55999755859372,219.4499969482422,220.2100067138672,49509000
2025-09-24,GOOGL,251.3185902465092,252.00765659919705,246.1056707170572,246.80471801757807,28201000
2025-09-24,META,756.2352564498105,759.8392144671293,751.2735837511626,759.3899536132812,8828200
2025-09-24,MSFT,508.266442508536,510.35772177145367,504.82077941210207,508.0373840332031,13533700
2025-09-25,AAPL,252.72829161839877,256.6807646844572,251.2311452680336,256.3813171386719,55202100
2025-09-25,AMZN,220.05999755859372,220.6699981689453,216.47000122070312,218.1499938964844,52226300
2025-09-25,GOOGL,244.0684141454478,246.15559020390248,240.413391282528,245.4565277099609,31020400
2025-09-25,META,752.1920046258563,755.5064686568031,743.3068402529434,747.6595458984375,10591100
2025-09-25,MSFT,506.1950582100621,507.89799878212006,502.94857891661616,504.9303283691406,15786500
2025-09-26,AAPL,253.61660096533103,257.10994249251326,253.2972024297037,254.97401428222656,46076300
2025-09-26,AMZN,219.0800018310547,221.0500030517578,218.0200042724609,219.77999877929688,41650100
2025-09-26,GOOGL,246.73481561544992,249.08161830530747,245.63630185383963,246.2055206298828,18503200
2025-09-26,META,748.7477432379202,750.6745134518627,736.1188402620083,742.5081787109375,9696300
2025-09-26,MSFT,507.9477531769938,511.8116903059077,504.52199636524745,509.3419494628906,16213100
2025-09-29,AAPL,254.0757261912774,254.5148915782133,252.52867184357527,253.9459686279297,40127700
2025-09-29,AMZN,220.0800018310547,222.6000061035156,219.3000030517578,222.1699981689453,44259200
2025-09-29,GOOGL,247.51375020937843,250.809260938322,242.4406403715287,243.71890258789065,32505800
2025-09-29,META,747.4698158948381,749.5264347617783,737.9158487633198,742.1587524414062,9246800
2025-09-29,MSFT,509.3817950243417,514.7096154882738,506.77264973451184,512.4689331054688,17617800
2025-09-30,AAPL,254.3751575512532,255.4331385813304,252.6284867333586,254.1455993652344,37704300
2025-09-30,AMZN,222.02999877929688,222.2400054931641,217.88999938964844,219.57000732421875,48396400
2025-09-30,GOOGL,242.48058753408856,242.9599320717839,238.92541967317948,242.77020263671875,34724300
2025-09-30,META,741.0107248479524,741.7294934738761,725.087343094007,733.1538696289062,16226800
2025-09-30,MSFT,511.11459757878936,516.0142062084105,507.54943619028296,515.8051147460938,19728200
2025-10-01,AAPL,254.55481135314997,258.29769267334166,254.44502000530687,254.9640350341797,48713900
2025-10-01,AMZN,217.3600006103516,222.1499938964844,216.6100006103516,220.6300048828125,43933800
2025-10-01,GOOGL,240.42338523813996,245.96585884887975,238.2862890899911,244.5677490234375,31658200
2025-10-01,META,720.28530706911,720.6446913474787,709.0141800953496,716.1422729492188,20419600
2025-10-01,MSFT,512.6680995330014,518.3544751787417,509.5709932440202,517.5578002929688,22632300
2025-10-02,AAPL,256.09186667190835,257.68882891050583,253.66649683440303,256.6408386230469,42630200
2025-10-02,AMZN,221.00999450683597,222.80999755859372,218.9499969482422,222.41000366210935,41258600
2025-10-02,GOOGL,244.8174135056227,246.4751651396655,241.9712890736748,245.356689453125,25483300
2025-10-02,META,721.3735522103992,726.5548890984803,716.9409630753169,725.8360595703125,11415300
2025-10-02,MSFT,515.4963429681408,519.4399047558908,508.56514411884206,513.6041870117188,21222900
2025-10-03,AAPL,254.18552630266564,258.7468246365968,253.46689477740225,257.5291442871094,49155600
2025-10-03,AMZN,223.44000244140625,224.1999969482422,219.33999633789065,219.50999450683597,43639000
2025-10-03,GOOGL,244.15830178707057,245.96584369150784,241.33213946713911,245.0171356201172,30249600
2025-10-03,META,728.4117628788885,729.7794705550638,708.9942257916973,709.3735961914062,16154300
2025-10-03,MSFT,514.9585548343116,518.3345307125708,512.8672756929882,515.20751953125,15112300
2025-10-06,AAPL,257.499174775338,258.57713717661323,254.56478079871025,256.20166015625,44664100
2025-10-06,AMZN,221.0,221.72999572753903,216.02999877929688,220.8999938964844,43690900
2025-10-06,GOOGL,244.44791178946247,250.97904766602093,244.24818617214956,250.0902404785156,28894700
2025-10-06,META,704.0125981338592,715.6830826309072,689.3571155710283,714.465087890625,21654700
2025-10-06,MSFT,516.4623876768178,528.8309994124726,516.0541122577388,526.3811645507812,21388600
2025-10-07,AAPL,256.32145476920215,256.9103287268919,254.94407514023973,255.9920959472656,31955800
2025-10-07,AMZN,220.8800048828125,222.88999938964844,220.1699981689453,221.77999877929688,31194700
2025-10-07,GOOGL,247.9331791708485,250.1002333278666,245.18691006468788,245.42657470703125,23181300
2025-10-07,META,716.5216106896504,717.3003375901077,704.5716259627259,711.889404296875,12062900
2025-10-07,MSFT,526.1022689962125,527.6060256392368,519.2806599401652,521.8101196289062,14615200
2025-10-08,AAPL,256.03201279963565,258.0282082133661,255.62278908467795,257.569091796875,36496900
2025-10-08,AMZN,222.9199981689453,226.72999572753903,221.19000244140625,225.22000122070312,46686000
2025-10-08,GOOGL,244.62768203424935,245.67624536262247,243.489229223314,244.2881317138672,21307100
2025-10-08,META,712.2587946669486,718.4484549738279,706.6281969142439,716.6414794921875,10790600
2025-10-08,MSFT,521.1130687043808,524.7678538085896,520.923853084141,522.676513671875,13363400
2025-10-09,AAPL,257.3195337882977,257.50917476461467,252.6584199331141,253.55670166015625,38322000
2025-10-09,AMZN,225.0,228.2100067138672,221.75,227.7400054931641,46412100
2025-10-09,GOOGL,244.13833003954065,244.42792989328805,238.82554034163272,241.2023162841797,27892100
2025-10-09,META,717.0807271377935,732.2852783203125,711.2504512938121,732.2852783203125,12717200
2025-10-09,MSFT,520.1769452354545,522.158694647609,515.2574000210162,520.2366943359375,18343600
2025-10-10,AAPL,254.4550078501572,255.8922708493858,243.53581752909895,244.80340576171875,61999100
2025-10-10,AMZN,226.2100067138672,228.25,216.0,216.3699951171875,72367500
2025-10-10,GOOGL,241.10244578834048,243.75884063652228,235.52003337107624,236.24905395507807,33180300
2025-10-10,META,729.6995938834806,734.0423674154782,703.333716456913,704.1223754882812,16980100
2025-10-10,MSFT,517.4881335274953,521.4118200258811,507.5195762105422,508.8440551757813,24133800
2025-10-13,AAPL,248.9055871417832,249.2149949644775,245.09284695690997,247.18885803222656,38142900
2025-10-13,AMZN,217.6999969482422,220.67999267578125,217.0399932861328,220.07000732421875,37809700
2025-10-13,GOOGL,239.8841293059291,244.1683026351364,239.38480762364867,243.8187713623047,24995000
2025-10-13,META,711.8194939498104,718.7379155876384,706.4584651360833,714.5050048828125,9251800
2025-10-13,MSFT,514.2714771071726,514.2714771071726,509.5610838753376,511.9212646484375,14284200
2025-10-14,AAPL,246.1308726626428,248.37659224814223,244.2344780970313,247.29864501953125,35478000
2025-10-14,AMZN,215.55999755859372,219.32000732421875,212.6000061035156,216.38999938964844,45665600
2025-10-14,GOOGL,240.9027282868883,246.78473694130557,240.18370386409975,245.11700439453125,22111600
2025-10-14,META,706.598254382022,714.3552394376962,698.1623510959027,707.466796875,8829800
2025-10-14,MSFT,508.1170420708167,513.146147202046,503.9045484424133,511.4432067871094,14684300
2025-10-15,AAPL,249.01538540478128,251.3409547309234,246.99922390992757,248.86566162109372,33893600
2025-10-15,AMZN,216.6199951171875,217.7100067138672,212.66000366210935,215.57000732421875,45909500
2025-10-15,GOOGL,246.9145672382984,251.76797450819856,245.6562821083569,250.6894378662109,27007700
2025-10-15,META,715.8627565899488,722.6913629779451,708.3253746524584,716.3519287109375,10246800
2025-10-15,MSFT,512.8275263160849,515.0482722356254,507.8880442394631,511.3038330078125,14694700
2025-10-16,AAPL,247.77774448085987,248.56623493239263,244.6636846503341,246.9792633056641,39777000
2025-10-16,AMZN,215.6699981689453,218.58999633789065,212.80999755859372,214.47000122070312,42414600
2025-10-16,GOOGL,251.42842769264908,256.6113736152233,249.76069521164575,251.1188507080078,27997200
2025-10-16,META,716.3519343648386,724.2786798244232,702.7047754671785,710.881103515625,9017000
2025-10-16,MSFT,510.4573477017149,514.7096236704256,506.02576365101777,509.4913330078125,15559600
2025-10-17,AAPL,247.5481624372989,252.89796599708643,246.79958926324147,251.81002807617188,49147000
2025-10-17,AMZN,214.55999755859372,214.8000030517578,211.02999877929688,213.0399932861328,45986900
2025-10-17,GOOGL,250.41979725844868,253.8751099031292,247.4738024671156,252.95635986328125,29671600
2025-10-17,META,705.8994251244851,717.3402516818879,704.9410060739878,715.7229614257812,12232400
2025-10-17,MSFT,506.9320087638593,513.3453119402852,505.20916197429216,511.4532165527344,19867800
2025-10-20,AAPL,255.4032084113237,263.87706298772724,255.143708503654,261.7411193847656,90483000
2025-10-20,AMZN,213.8800048828125,216.69000244140625,213.58999633789065,216.47999572753903,38882800
2025-10-20,GOOGL,254.3444728441902,256.98087539491434,253.88509020638816,256.2019348144531,22350200
2025-10-20,META,719.9858621042338,732.5448748734839,718.9775387090459,730.947509765625,8900200
2025-10-20,MSFT,512.4788764440519,516.5519656323323,511.3037703677804,514.6498413085938,14665600
2025-10-21,AAPL,261.3817895915523,264.7853058703715,261.3318664386604,262.27008056640625,46695900
2025-10-21,AMZN,218.42999267578125,223.32000732421875,217.9900054931641,222.02999877929688,50494600
2025-10-21,GOOGL,254.39440086428343,254.53421031738452,243.8187566890876,250.1202087402344,47312100
2025-10-21,META,734.7911237948646,737.2669635645257,727.5332426508437,732.0457153320312,7647300
2025-10-21,MSFT,515.3569857054445,516.5420602391357,510.9154330870712,515.5162963867188,15586200
2025-10-22,AAPL,262.15033525743416,262.349966966352,254.94406918261987,257.9583435058594,45015300
2025-10-22,AMZN,219.3000030517578,220.00999450683597,216.5200042724609,217.9499969482422,44308500
2025-10-22,GOOGL,254.02489806023604,256.01218852739623,248.9517881335524,251.3485412597656,35029400
2025-10-22,META,732.6047674176828,739.3634223567747,722.8211423130082,732.1854248046875,8734500
2025-10-22,MSFT,518.9918584655633,523.0549187669818,515.566101626736,518.3843383789062,18962700
2025-10-23,AAPL,259.4454820834593,260.12418111371363,257.51916110368444,259.0861511230469,32754900
2025-10-23,AMZN,219.0,221.3000030517578,218.17999267578125,221.08999633789065,31540000
2025-10-23,GOOGL,252.6367781341903,254.6939808970836,251.50832156545115,252.7366485595703,19901400
2025-10-23,META,733.4733185275871,741.170406509876,731.8759534115667,732.7744750976562,9856000
2025-10-23,MSFT,520.2964530626382,521.7802730707533,516.4623598997719,518.404296875,14023500
2025-10-24,AAPL,260.69313376057823,263.62754335723145,258.68694768993146,262.3200378417969,38253700
2025-10-24,AMZN,221.97000122070312,225.3999938964844,221.8999938964844,224.2100067138672,38685100
2025-10-24,GOOGL,256.2319174600456,261.32500504033385,254.97364746401067,259.5674133300781,28655100
2025-10-24,META,735.5598112729552,739.9724753796752,729.9292742962166,737.127197265625,9151300
2025-10-24,MSFT,520.6250388201142,523.1744351060786,518.5536961256696,521.441650390625,15532400
2025-10-27,AAPL,264.37609822840903,268.60802232244004,264.1465248140549,268.2986145019531,44888200
2025-10-27,AMZN,227.66000366210935,228.3999938964844,225.5399932861328,226.97000122070312,38267000
2025-10-27,GOOGL,264.4607188078389,269.7735083332291,263.9214429072172,268.9046630859375,35235200
2025-10-27,META,748.4781384032651,754.4881061640369,746.7610395763271,749.5663452148438,11321100
2025-10-27,MSFT,529.577902779321,532.3662956890146,526.819354031342,529.3189697265625,18734700
2025-10-28,AAPL,268.4782600095115,269.3765722048576,267.63986169210665,268.4882507324219,41534800
2025-10-28,AMZN,228.22000122070312,231.4900054931641,226.2100067138672,229.25,47100000
2025-10-28,GOOGL,269.3241367489819,270.3627344019799,266.1384619149823,267.1071472167969,29738600
2025-10-28,META,751.3733793283152,757.1337649704751,744.2752651341964,750.1853637695312,12193800
2025-10-28,MSFT,547.722348424072,551.4269140414981,538.5305910090683,539.8251953125,29986700
2025-10-29,AAPL,268.76770579477784,270.8936584399069,266.6018207191691,269.1869201660156,51086700
2025-10-29,AMZN,231.6699981689453,232.82000732421875,227.75999450683597,230.3000030517578,52036200
2025-10-29,GOOGL,267.38675485794886,274.96645416764926,267.3068768000952,274.197509765625,43580300
2025-10-29,META,753.4897913670577,757.8924011644837,741.2702382858599,750.4149169921875,26818600
2025-10-29,MSFT,542.6832878753321,544.0077970763692,534.5072653816836,539.3073120117188,36023000
2025-10-30,AAPL,271.4725408872279,273.6184749716116,267.969239224885,270.8836669921875,69886500
2025-10-30,AMZN,227.05999755859372,228.44000244140625,222.75,222.8600006103516,102252900
2025-10-30,GOOGL,291.1944142933695,291.1944142933695,279.6800575475708,281.09814453125,74876000
2025-10-30,META,668.0328178882455,679.8230975870755,649.08446528138,665.3572387695312,88440100
2025-10-30,MSFT,528.2831883129468,532.7545848667123,519.9578228356851,523.582763671875,41023100
2025-10-31,AAPL,276.4630533049319,276.79244258078194,268.647962249571,269.85565185546875,86167100
2025-10-31,AMZN,250.1000061035156,250.5,243.97999572753903,244.22000122070312,166340800
2025-10-31,GOOGL,282.8257813584811,285.6120049046921,276.6541726227251,280.8085327148437,39267900
2025-10-31,META,673.383812052831,673.7631824593219,644.4921293755289,647.2674560546875,56953200
2025-10-31,MSFT,526.6898137654194,527.1279940743384,512.9668501497666,515.6656494140625,34006400
2025-11-03,AAPL,269.90556627002525,270.33474092754267,265.74348587775046,268.53814697265625,50194600
2025-11-03,AMZN,255.3600006103516,258.6000061035156,252.8999938964844,254.0,95997800
2025-11-03,GOOGL,281.797163766903,285.14262497278366,279.42038779718166,283.3350830078125,29786000
2025-11-03,META,654.90470367213,658.2291607688485,635.1177890022415,636.645263671875,33003600
2025-11-03,MSFT,517.657371934483,522.7860691817526,512.4590180581705,514.888916015625,22374700
2025-11-04,AAPL,267.8195068636227,270.9734988318123,267.11086611942017,269.5262756347656,49274800
2025-11-04,AMZN,250.3800048828125,257.010009765625,248.66000366210935,249.32000732421875,51546300
2025-11-04,GOOGL,276.3745458896769,280.88840284028174,275.88522040271835,277.1634826660156,30078400
2025-11-04,META,626.9913515895119,640.6684891460408,624.9647727272926,626.2725830078125,27356600
2025-11-04,MSFT,509.6407695643784,513.4150529816625,505.73698923396887,512.2001342773438,20958700
2025-11-05,AAPL,268.0989800730272,271.18312844251227,266.4221834255846,269.6260986328125,43683100
2025-11-05,AMZN,249.02999877929688,251.0,246.16000366210935,250.1999969482422,40610700
2025-11-05,GOOGL,278.4916636746374,286.03143918614273,276.96374058170124,283.9242858886719,31010300
2025-11-05,META,631.2542465797685,641.1576663615418,625.4938610947797,634.88818359375,20219900
2025-11-05,MSFT,511.17434154282535,512.6980347767452,504.4821687767013,505.0597839355469,23024300
2025-11-06,AAPL,267.38037702601645,272.8798740142925,267.38037702601645,269.2567749023437,51204000
2025-11-06,AMZN,249.16000366210935,250.3800048828125,242.1699981689453,243.0399932861328,46004200
2025-11-06,GOOGL,284.9429082592804,287.9588308357049,280.7586204462715,284.3637084960937,37173600
2025-11-06,META,634.7882936522686,634.938067569805,616.9681222612256,617.9065551757812,23628800
2025-11-06,MSFT,503.5659922381216,503.6058351018555,493.75677643867937,495.04144287109375,27406500
2025-11-07,AAPL,269.28671541495146,271.7719991063764,266.26248096015127,267.9592590332031,48227400
2025-11-07,AMZN,242.8999938964844,244.8999938964844,238.4900054931641,244.41000366210935,46374300
2025-11-07,GOOGL,282.82575309004056,283.39498707048995,274.816645004158,278.4516906738281,34479600
2025-11-07,META,615.4606203242017,621.0912176885568,600.1961723842201,620.6719360351562,29946800
2025-11-07,MSFT,494.8920702735404,497.31199999791255,491.2073803526309,494.7626037597656,24019800
2025-11-10,AAPL,268.7085692371889,273.4741297822401,267.2099714283653,269.1781311035156,41312400
2025-11-10,AMZN,248.33999633789065,251.75,245.58999633789065,248.3999938964844,36476500
2025-11-10,GOOGL,284.03413439651047,290.40545290698407,282.47622284552773,289.7064208984375,29557300
2025-11-10,META,630.0363359130761,633.9397808237388,617.077966360211,630.7052001953125,19245000
2025-11-10,MSFT,497.96929153220975,504.7510881917551,496.73440583349895,503.9046020507813,26101500
2025-11-11,AAPL,269.55775905965567,275.65206242273547,269.5477586519058,274.99267578125,46208300
2025-11-11,AMZN,248.41000366210935,249.75,247.22999572753903,249.1000061035156,23564100
2025-11-11,GOOGL,287.3595968518003,291.5239526379353,286.9301875660949,290.9147644042969,19842100
2025-11-11,META,626.9514668906089,628.5088598168925,618.3558571038752,626.0330200195312,13302200
2025-11-11,MSFT,502.7095490222416,507.48968986721945,500.2697130079768,506.573486328125,17980000
2025-11-12,AAPL,274.74292397164845,275.4722525277038,271.4460210796085,273.21435546875,48398000
2025-11-12,AMZN,250.2400054931641,250.3699951171875,243.75,244.1999969482422,31190100
2025-11-12,GOOGL,291.2842728658537,291.613842224268,283.30512258449664,286.3210144042969,24829900
2025-11-12,META,627.0812350986922,627.939784558569,606.7552442025384,607.9931640625,24493300
2025-11-12,MSFT,507.2506574723947,509.5511194130969,497.0530724082431,509.0233154296875,26574900
2025-11-13,AAPL,273.85374352181776,276.4413491841305,271.83564282199285,272.6948547363281,49602800
2025-11-13,AMZN,243.0500030517578,243.75,236.5,237.5800018310547,41401700
2025-11-13,GOOGL,281.9569519907634,282.45627365196606,276.8638649512614,278.19207763671875,29494000
2025-11-13,META,612.0463872625083,616.6187572691151,601.993193452889,608.8717041015625,20973800
2025-11-13,MSFT,508.1967287528611,511.3735209246628,499.2140928412288,501.205810546875,25273100
2025-11-14,AAPL,270.7965900477885,275.702003472256,269.3479639093673,272.15533447265625,47431300
2025-11-14,AMZN,235.05999755859372,238.72999572753903,232.88999938964844,234.69000244140625,38956700
2025-11-14,GOOGL,271.0417870634884,278.1820807042813,270.3327588398133,276.0350036621094,31647200
2025-11-14,META,600.7852061056304,612.6553687237855,594.2062431482154,608.4424438476562,20724100
2025-11-14,MSFT,496.16679552350377,509.48142428367663,495.3800584752997,508.0672912597656,28505700
2025-11-17,AAPL,268.5687054184609,270.2371271729127,265.48159771217263,267.2099609375,45018300
2025-11-17,AMZN,233.25,234.6000061035156,229.19000244140625,232.8699951171875,59919000
2025-11-17,GOOGL,285.392279437324,293.55120856159544,283.1852862901624,284.63330078125,52670200
2025-11-17,META,608.0230519623859,610.6686515784111,594.4058732487083,601.0048217773438,16501300
2025-11-17,MSFT,506.3444741681719,509.9992593431845,502.8191251226507,505.388427734375,19092800
2025-11-18,AAPL,269.7376065335732,270.4569347049811,265.0719890725528,267.19000244140625,45677300
2025-11-18,AMZN,228.1000061035156,230.1999969482422,222.4199981689453,222.5500030517578,60608400
2025-11-18,GOOGL,287.52939388700526,288.4081743957296,277.8225797399186,283.8943176269531,49158700
2025-11-18,META,590.612218909938,602.6520806612418,582.8053290854997,596.6920776367188,25500600
2025-11-18,MSFT,493.3186219236693,500.8971240097586,484.7641975590384,491.74517822265625,33815100
2025-11-19,AAPL,265.2817633125939,271.9555110777923,265.2517925781922,268.3089294433594,40424500
2025-11-19,AMZN,223.7400054931641,223.7400054931641,218.5200042724609,222.69000244140625,58335600
2025-11-19,GOOGL,286.77042153983126,303.39782684502376,286.2411417953812,292.4127502441406,68198900
2025-11-19,META,592.7286370493186,594.3359951431619,580.2794874440681,589.3343505859375,24744700
2025-11-19,MSFT,488.070453670226,493.1393718315724,480.8305400064438,485.102783203125,23245300
2025-11-20,AAPL,270.5768036466949,275.17250947675234,265.67142054546326,266.0010986328125,45823600
2025-11-20,AMZN,227.0500030517578,227.41000366210935,216.7400054931641,217.13999938964844,50309000
2025-11-20,GOOGL,304.1268355762142,306.0042898345543,288.2783714658303,289.05731201171875,62025200
2025-11-20,META,602.4923362369276,605.706930555967,582.375956312388,588.1663208007812,20603000
2025-11-20,MSFT,491.5879641710541,492.4460215630244,474.417164289732,477.3404846191406,26802500
2025-11-21,AAPL,265.70137680880595,273.0744516711978,265.4216397990326,271.2361755371094,59030800
2025-11-21,AMZN,216.3500061035156,222.2100067138672,215.17999267578125,220.69000244140625,68490500
2025-11-21,GOOGL,296.0178540164301,303.50767860502685,293.4513334764558,299.2534484863281,74137700
2025-11-21,META,587.517412968027,597.1213460929463,580.88848479756,593.2578125,21052600
2025-11-21,MSFT,477.4103368698009,477.8293938228302,467.2036221547232,471.04486083984375,31769200
2025-11-24,AAPL,270.64675212306133,276.7410558404627,270.64675212306133,275.6620788574219,65585800
2025-11-24,AMZN,222.55999755859372,227.3300018310547,222.2700042724609,226.27999877929688,54318400
2025-11-24,GOOGL,310.70789188393536,319.0465694557707,309.17996886834777,318.14776611328125,85165100
2025-11-24,META,597.7203367937327,615.6703584886146,596.6321908004635,612.0264282226562,23554900
2025-11-24,MSFT,473.9183160323131,475.8139832068258,466.9542001322548,472.9205932617188,34421000
2025-11-25,AAPL,275.012667049666,280.1179060838009,274.9926967216935,276.7110900878906,46914200
2025-11-25,AMZN,226.3800048828125,230.5200042724609,223.8000030517578,229.6699981689453,39379300
2025-11-25,GOOGL,325.767421144808,328.3838617048627,317.2190369667809,323.0011901855469,88632100
2025-11-25,META,622.9580871825591,635.9862849922763,617.2675924687619,635.1576538085938,25213000
2025-11-25,MSFT,472.9904142849383,478.0588322743821,463.8313270788984,475.90374755859375,28019800
2025-11-26,AAPL,276.70108254872224,279.26868736786383,276.3714044558947,277.29052734375,33431400
2025-11-26,AMZN,230.7400054931641,231.75,228.7700042724609,229.16000366210935,38497900
2025-11-26,GOOGL,320.2449508538883,324.0597758686898,316.36024396458464,319.5159606933594,51373400
2025-11-26,META,636.6252677780955,637.2941320349476,630.5753884422047,632.5520629882812,15209500
2025-11-26,MSFT,485.2025316262965,487.1979770584782,480.1041831621511,484.3943786621094,25709100
2025-11-28,AAPL,277.0008150112318,278.73917862681736,275.73198274965245,278.5893249511719,20135600
2025-11-28,AMZN,231.2400054931641,233.2899932861328,230.22000122070312,233.22000122070312,20292300
2025-11-28,GOOGL,322.9312800436979,326.4065697098705,316.3602205188893,319.74560546875,26018600
2025-11-28,META,635.0179876534709,646.9679727244463,634.4389389877349,646.8681640625,11033200
2025-11-28,MSFT,486.489626354464,491.5081706450152,485.541777548382,490.88958740234375,14386700
2025-12-01,AAPL,277.75011957449965,283.1550658399818,275.88187257202503,282.8353576660156,46587700
2025-12-01,AMZN,233.22000122070312,235.8000030517578,232.25,233.8800048828125,42904000
2025-12-01,GOOGL,317.26898426885936,319.41606123931075,313.46415578589995,314.4627990722656,41183000
2025-12-01,META,638.4821234657416,644.242508725797,636.6951341862962,639.7999267578125,13029900
2025-12-01,MSFT,487.3277021324389,488.7444513856018,483.5463243869077,485.6315612792969,23964000
2025-12-02,AAPL,282.7354345985028,287.1313151163589,282.36578537497866,285.9224548339844,53669500
2025-12-02,AMZN,235.00999450683597,238.97000122070312,233.5500030517578,234.4199981689453,45785400
2025-12-02,GOOGL,316.3102616947243,317.948051296999,313.4841146313127,315.38153076171875,35854700
2025-12-02,META,641.2675300698932,646.7882651016448,637.0046400682228,646.01953125,11640900
2025-12-02,MSFT,485.6116258193264,492.3761849539621,485.2125428025972,488.8841552734375,19562700
2025-12-03,AAPL,285.9324708384744,288.35019153510143,283.0351573834178,283.8843688964844,43538700
2025-12-03,AMZN,233.3500061035156,233.3800048828125,230.6100006103516,232.3800048828125,35495100
2025-12-03,GOOGL,315.4614642178001,321.14371687287894,313.6738840780104,319.1963806152344,41838300
2025-12-03,META,643.3340098224904,647.7665988470103,636.4854785031988,638.5320434570312,11134300
2025-12-03,MSFT,475.23529714339696,483.13724409881166,474.1178525596479,476.64208984375,34615100
2025-12-04,AAPL,283.83440686502166,284.46382276925783,278.32954829392816,280.4375915527344,43989100
2025-12-04,AMZN,232.7700042724609,233.5,226.8000030517578,229.1100006103516,45683200
2025-12-04,GOOGL,321.7928484740126,321.92264650582644,314.27306548179905,317.1890869140625,31240900
2025-12-04,META,674.87134871331,674.9711573797597,658.9479666864565,660.425537109375,29874600
2025-12-04,MSFT,478.6674679630734,480.2239129901724,475.40489514051177,479.7449951171875,22318200
2025-12-05,AAPL,280.27774306596746,280.8771882481053,277.79005013345267,278.5193786621094,47265800
2025-12-05,AMZN,230.32000732421875,231.2400054931641,228.5500030517578,229.52999877929688,33117400
2025-12-05,GOOGL,319.05652267664885,322.72155681925386,318.73697999805336,320.8341064453125,28851700
2025-12-05,META,662.8913386215002,673.5634922785046,661.2840414153883,672.2955932617188,21207900
2025-12-05,MSFT,481.4211657314621,482.299166614698,477.78947078944657,482.0597229003906,22608700
2025-12-08,AAPL,277.8699843761556,279.4085531850005,275.8918244790692,277.6302185058594,38211800
2025-12-08,AMZN,229.58999633789065,230.8300018310547,226.2700042724609,226.88999938964844,35019200
2025-12-08,GOOGL,319.82486263347363,320.21460294317257,311.0010871288888,313.49932861328125,33909400
2025-12-08,META,668.2224435191038,675.5801331063639,663.9595535520253,665.6866455078125,13161000
2025-12-08,MSFT,483.7858099301447,491.1789088824645,483.2769615726175,489.9018249511719,21965900
2025-12-09,AAPL,277.8999627322321,279.7682096639769,276.6611317163261,276.9208679199219,32193300
2025-12-09,AMZN,226.83999633789065,228.57000732421875,225.1100006103516,227.9199981689453,25841700
2025-12-09,GOOGL,312.15025542764414,317.7662971049956,311.6805848338384,316.85693359375,30194000
2025-12-09,META,662.6617867420982,663.3705623262879,652.2492080192432,655.8631591796875,12997100
2025-12-09,MSFT,487.9862027558801,490.9993144973556,487.3875630167038,490.8995361328125,14696100
2025-12-10,AAPL,277.490342786908,279.48847306800184,276.1815698919154,278.5193786621094,33038300
2025-12-10,AMZN,228.80999755859372,232.4199981689453,228.4600067138672,231.77999877929688,38790700
2025-12-10,GOOGL,315.6078174223929,321.0839735202244,314.45863248382005,319.9847412109375,33428900
2025-12-10,META,648.8648024836247,653.4171862971667,642.3257510862366,649.0444946289062,16910900
2025-12-10,MSFT,482.9277288439703,483.1472290611573,473.9980982856002,477.4701843261719,35756200
2025-12-11,AAPL,278.83908758708685,279.3286197507982,273.5540244422053,277.77008056640625,33248000
2025-12-11,AMZN,230.7100067138672,232.1100006103516,228.69000244140625,230.27999877929688,28249600
2025-12-11,GOOGL,319.8548173729065,320.8940942947929,308.3829128168011,312.210205078125,42353700
2025-12-11,META,642.2158631242634,654.1858943512054,639.730030479328,651.6201782226562,13056700
2025-12-11,MSFT,475.5445986070271,484.9231863556336,474.7763326037194,482.3690185546875,24669200
2025-12-12,AAPL,277.64021728323,278.9589906850317,276.5612402656973,278.0198669433594,39532900
2025-12-12,AMZN,229.8699951171875,230.0800018310547,225.1199951171875,226.19000244140625,35639100
2025-12-12,GOOGL,313.47935032153816,314.6485102459599,305.34506149685063,309.07244873046875,35940200
2025-12-12,META,648.7150654102267,709.8128965395189,637.543746077992,643.1543579101562,14016900
2025-12-12,MSFT,478.72734800157895,481.3513637649093,475.2552617920193,477.4402770996094,21248100
2025-12-15,AAPL,279.8880911943856,279.8880911943856,272.5849275039148,273.8537292480469,50409100
2025-12-15,AMZN,227.92999267578125,227.92999267578125,221.5,222.5399932861328,47286100
2025-12-15,GOOGL,311.1009991314403,311.2009348824072,304.66552711937686,308.003173828125,29151900
2025-12-15,META,645.1476664750544,652.4414097008485,638.1536544261938,646.9561157226562,15549100
2025-12-15,MSFT,479.0066832317436,479.6252664455081,471.44392797474177,473.73870849609375,23727700
2025-12-16,AAPL,272.5649667835892,275.2424541197232,271.53593087885605,274.353271484375,37648600
2025-12-16,AMZN,223.0399932861328,223.66000366210935,221.1300048828125,222.55999755859372,39298900
2025-12-16,GOOGL,304.7354841263937,310.5513666605185,302.37712849550337,306.3543395996094,30585000
2025-12-16,META,642.9495426008936,661.973233609148,642.6498114209788,656.587890625,14309100
2025-12-16,MSFT,470.8353364785088,476.80172935648005,469.8076832860371,475.3051452636719,20705600
2025-12-17,AAPL,274.75292651919426,275.90184538512057,271.38608172110213,271.5858764648437,50138700
2025-12-17,AMZN,224.66000366210935,225.19000244140625,220.9900054931641,221.2700042724609,44034400
2025-12-17,GOOGL,307.7933270972379,307.87325739956634,295.9116769824828,296.5112609863281,43930400
2025-12-17,META,655.0491556477624,660.664343241777,648.644665798819,648.9443969726562,15598500
2025-12-17,MSFT,475.8239455574328,478.9069051052783,473.9182915104317,475.0357360839844,24527200
2025-12-18,AAPL,273.35420232069225,273.374203136776,266.7004552212896,271.935546875,51630700
2025-12-18,AMZN,225.7100067138672,229.22999572753903,224.41000366210935,226.75999450683597,50272400
2025-12-18,GOOGL,301.50775321966603,303.7461677101471,299.0195145942255,302.2472229003906,33518000
2025-12-18,META,656.4679564970005,669.9863502083882,655.8984367998282,663.881591796875,20260300
2025-12-18,MSFT,477.1010453906704,488.4850656489584,476.8017407441929,482.87786865234375,28573500
2025-12-19,AAPL,271.8955859651445,274.34330788170604,269.64768928264715,273.4141845703125,144632000
2025-12-19,AMZN,226.75999450683597,229.1300048828125,225.5800018310547,227.3500061035156,85544400
2025-12-19,GOOGL,301.5177661333593,307.03387224107576,300.7582909786616,306.9439392089844,59943200
2025-12-19,META,665.8499012351181,670.4260003995075,657.6169598101359,658.2064819335938,49977100
2025-12-19,MSFT,486.2501387748106,486.7390436209232,481.39123391446,484.8134460449219,70836100
2025-12-22,AAPL,272.6048920133635,273.62395794129594,270.25711338978425,270.7166748046875,36571800
2025-12-22,AMZN,228.6100006103516,229.47999572753903,226.7100067138672,228.42999267578125,32261300
2025-12-22,GOOGL,309.6620085044852,309.9118326328777,305.0852133945127,309.56207275390625,26429900
2025-12-22,META,661.0840391473547,673.0038267300547,656.0883162216827,660.9341430664062,15659400
2025-12-22,MSFT,485.0129839081317,487.6170561484318,481.5908021440126,483.8157348632813,16963000
2025-12-23,AAPL,270.5868091030317,272.2452609569047,269.30800689497966,272.1053771972656,29642000
2025-12-23,AMZN,229.05999755859372,232.4499969482422,228.72999572753903,232.13999938964844,29230200
2025-12-23,GOOGL,309.41219480948,314.7184570357758,309.1024153195162,314.1288757324219,25478700
2025-12-23,META,659.4853234816244,665.4302455294139,657.6868755551602,664.3711547851562,8486800
2025-12-23,MSFT,483.8755963136496,486.7190818282799,483.6361221459561,485.7413330078125,14683600
2025-12-24,AAPL,272.085389177814,275.17249671786806,271.9455359163183,273.55401611328125,17910600
2025-12-24,AMZN,232.1300048828125,232.9499969482422,231.3300018310547,232.3800048828125,11420500
2025-12-24,GOOGL,314.5485634057752,314.8583428959372,311.70059264113144,313.8690490722656,10097400
2025-12-24,META,661.9632786179176,667.6084088263418,661.633543835896,666.9789428710938,5627500
2025-12-24,MSFT,484.5739628623746,488.04604888584674,483.7258924615979,486.90863037109375,5855900
2025-12-26,AAPL,273.9037084592662,275.1125687682936,272.6049054553,273.1444091796875,21521800
2025-12-26,AMZN,232.0399932861328,232.9900054931641,231.17999267578125,232.5200042724609,15994700
2025-12-26,GOOGL,314.25877806497726,314.86833429915043,312.0603135401851,313.2894592285156,10899000
2025-12-26,META,667.4885344385556,668.3777877623371,660.7543096382171,662.7225952148438,7133800
2025-12-26,MSFT,485.601642461088,487.0084352251927,484.85335038112265,486.599365234375,8842200
2025-12-29,AAPL,272.4350823114352,274.10350406329195,272.0954038139857,273.50408935546875,23715200
2025-12-29,AMZN,231.94000244140625,232.6000061035156,230.7700042724609,232.07000732421875,19797900
2025-12-29,GOOGL,311.15095467052413,313.79908436732376,310.4014822754237,313.33941650390625,19621800
2025-12-29,META,657.4471149030659,659.6851889371151,653.8302165118,658.1265258789062,8506500
2025-12-29,MSFT,483.7558335295542,487.23790659993216,483.0773893732932,485.9907531738281,10893400
2025-12-30,AAPL,272.5549704076282,273.82377221524894,272.0254670796708,272.82470703125,22139600
2025-12-30,AMZN,231.2100067138672,232.7700042724609,230.1999969482422,232.52999877929688,21910500
2025-12-30,GOOGL,312.2801854430232,316.7270674821765,312.24020504037514,313.6292419433594,17380900
2025-12-30,META,658.1265110341435,671.6449047754843,657.2772625792347,665.3803100585938,9187500
2025-12-30,MSFT,484.8234150126488,488.5648753746365,484.39440153201394,486.3699035644531,13944500
2025-12-31,AAPL,272.80472532736104,273.42414083736213,271.4959524300237,271.6058349609375,27293600
2025-12-31,AMZN,232.91000366210935,232.9900054931641,230.1199951171875,230.82000732421875,24383700
2025-12-31,GOOGL,312.62992729269524,314.3586907819443,311.22091551782626,312.7798156738281,16377700
2025-12-31,META,664.1813161961976,664.4311023248911,658.8758612620638,659.5253295898438,7940400
2025-12-31,MSFT,486.7290680267604,487.0284031238816,482.1993981667827,482.5186767578125,15601600
2026-01-02,AAPL,272.0054842546519,277.5802543100492,268.7485221479618,270.75665283203125,37838100
2026-01-02,AMZN,231.33999633789065,235.4600067138672,224.6999969482422,226.5,51456200
2026-01-02,GOOGL,316.6770832413161,322.2731502440002,310.11169732658084,314.9283142089844,32009400
2026-01-02,META,662.1630447721155,663.8216588672108,642.9495146869224,649.8535766601562,13726500
2026-01-02,MSFT,483.2869444224563,483.5563186075122,469.0893385249197,471.8630065917969,25571600
2026-01-05,AAPL,270.38700744645297,271.25618925068443,265.89121426121545,267.0101623535156,45647200
2026-01-05,AMZN,228.83999633789065,234.0,227.17999267578125,233.05999755859372,49733300
2026-01-05,GOOGL,317.4365596004392,318.79558832967825,314.4086921415047,316.3173522949219,30195600
2026-01-05,META,650.4531272549772,663.9715218041853,647.1959061445123,658.2264404296875,12213700
2026-01-05,MSFT,472.98042932285466,474.9858617296903,468.4308161640092,471.773193359375,25250300
2026-01-06,AAPL,266.7503924619391,267.2998660934885,261.8749496989937,262.1147155761719,52352100
2026-01-06,AMZN,232.1000061035156,243.17999267578125,232.07000732421875,240.92999267578125,53764700
2026-01-06,GOOGL,316.17741436833177,320.71422913013345,311.5606693028291,314.1188659667969,31212100
2026-01-06,META,659.0057810200069,664.9507033148827,651.3423593634897,660.0548706054688,11074400
2026-01-06,MSFT,472.72102257015473,477.6497753472042,468.6802576477938,477.4203186035156,23037700
2026-01-07,AAPL,262.95395138764474,263.4334831315393,259.5671060011504,260.08660888671875,48309800
2026-01-07,AMZN,239.6100006103516,245.2899932861328,239.5200042724609,241.55999755859372,42236500
2026-01-07,GOOGL,314.13884430323384,325.9205589972494,313.96898096999803,321.7535095214844,35104400
2026-01-07,META,655.0791375151089,658.5861445899717,644.2583851266311,648.1350708007812,12846300
2026-01-07,MSFT,478.6674756822987,488.5848422406915,476.86159994291296,482.3690185546875,25564200
2026-01-08,AAPL,256.7797203952787,259.0476178563403,255.4609622909548,258.7978515625,50419300
2026-01-08,AMZN,243.05999755859372,246.41000366210935,241.8800048828125,246.2899932861328,39509800
2026-01-08,GOOGL,328.7385750407063,330.0876314322289,321.2738288701313,325.2110595703125,31896100
2026-01-08,META,645.3274855180696,646.5464125947736,635.1761427603,645.50732421875,11921700
2026-01-08,MSFT,480.1440867981463,481.5608665012806,474.7763335277468,477.0212097167969,18162600
2026-01-09,AAPL,258.8377955175017,259.9667440583015,255.98048371428257,259.1275329589844,39997000
2026-01-09,AMZN,244.57000732421875,247.8600006103516,242.2400054931641,247.3800048828125,34560000
2026-01-09,GOOGL,326.8598973489763,330.5972566011106,325.5707962902668,328.3388671875,26214200
2026-01-09,META,644.8878661181845,654.3897406244424,642.3000548798136,652.5013427734375,11634900
2026-01-09,MSFT,472.9804540365218,478.72734693664125,471.1247042989064,478.1885681152344,18491000
2026-01-12,AAPL,258.9177364764393,261.05572011368304,256.5599267903311,260.0067138671875,45263800
2026-01-12,AMZN,246.72999572753903,248.94000244140625,245.9600067138672,246.47000122070312,35867800
2026-01-12,GOOGL,325.57079145505844,333.80501545240315,324.7713664437944,331.62652587890625,33923900
2026-01-12,META,651.9718010113269,653.4105105723186,640.6814191818085,641.4207763671875,14797200
2026-01-12,MSFT,475.5845048686955,479.89464390147504,474.5967386659474,476.0933227539063,23519900
2026-01-13,AAPL,258.4781303943212,261.56523797230057,258.148452318208,260.8059387207031,45730800
2026-01-13,AMZN,246.52999877929688,247.66000366210935,240.25,242.6000061035156,38371800
2026-01-13,GOOGL,334.7144015630273,340.25048265726696,333.38532003422745,335.7336730957031,33517600
2026-01-13,META,641.720599826752,641.720599826752,623.5660991574318,630.5501708984375,18030400
2026-01-13,MSFT,473.5990225282599,474.6965236309785,464.888922501957,469.5981750488281,28545800
2026-01-14,AAPL,259.247418118488,261.57525710051715,256.4700180914029,259.71697998046875,40019400
2026-01-14,AMZN,241.1499938964844,241.27999877929688,236.22000122070312,236.6499938964844,41410600
2026-01-14,GOOGL,334.8243096530742,336.2832741209541,330.2475447349911,335.603759765625,28525600
2026-01-14,META,625.9640568168747,627.9124008742662,614.2940558608916,614.9934692382812,15527900
2026-01-14,MSFT,465.39775666549855,467.13381499707015,456.1289340170423,458.3338928222656,28184300
2026-01-15,AAPL,260.40631875644857,260.7959687899761,256.8096782083212,257.9685974121094,39388600
2026-01-15,AMZN,239.30999755859372,240.6499938964844,236.6300048828125,238.17999267578125,43003600
2026-01-15,GOOGL,337.4124676651339,337.4524480652932,330.507324974913,332.5458984375,28442400
2026-01-15,META,617.9508982377323,623.6360331340583,613.7045339245012,620.2689208984375,13076100
2026-01-15,MSFT,463.0630900555096,463.1927988881192,454.8618076165624,455.6200866699219,23225800
2026-01-16,AAPL,257.6589020182799,258.6579671912775,254.69167723491492,255.29112243652344,72142800
2026-01-16,AMZN,239.08999633789065,239.57000732421875,236.41000366210935,239.1199951171875,45888300
2026-01-16,GOOGL,334.1747541117482,334.4145755186536,327.46948297740045,329.7678527832031,40341600
2026-01-16,META,623.6460522405506,628.5418850412981,619.5495838845379,619.7194213867188,17012500
2026-01-16,MSFT,456.78739866953146,462.13520850615447,455.4404972994736,458.8127746582031,34246700
2026-01-20,AAPL,252.49373739571587,254.55180921698133,243.1924430560896,246.4693756103516,80267500
2026-01-20,AMZN,233.75999450683597,235.08999633789065,229.33999633789065,231.0,47737900
2026-01-20,GOOGL,320.6442885211675,327.49947891315526,320.2045955865857,321.77349853515625,35361000
2026-01-20,META,607.3600037753715,610.8770121629093,599.4867397151437,603.6032104492188,15169600
2026-01-20,MSFT,450.1924514863621,455.7597309230742,448.2568669541529,453.4849243164063,26130000
2026-01-21,AAPL,248.4675090444481,251.3248360900433,244.9507953165175,247.41848754882807,54641700
2026-01-21,AMZN,231.08999633789065,232.3000030517578,226.8800048828125,231.30999755859372,47276100
2026-01-21,GOOGL,320.6942733516965,332.24613943011235,319.12537039479025,328.1490173339844,35386600
2026-01-21,META,606.2209580964126,617.7411240978843,599.5666821865381,612.4356689453125,14494700
2026-01-21,MSFT,451.5693196059127,451.6591109990197,437.68100562513575,443.0986328125,37980500
2026-01-22,AAPL,248.96703988447877,250.76536025794263,247.9180183962477,248.1178436279297,39708300
2026-01-22,AMZN,234.0500030517578,235.72000122070312,230.8999938964844,234.33999633789065,31913300
2026-01-22,GOOGL,334.2147483456718,334.9142376434696,328.5187457270175,330.3074951171875,26253600
2026-01-22,META,628.811597152667,660.0049216653568,626.0140046136898,647.0759887695312,21394700
2026-01-22,MSFT,446.600636936346,451.8087507279656,443.6873036586902,450.1126403808594,25349400
2026-01-23,AAPL,247.0888078223564,249.176850391454,244.45126111041236,247.80812072753903,41689000
2026-01-23,AMZN,234.9600067138672,240.4499969482422,234.57000732421875,239.16000366210935,33778500
2026-01-23,GOOGL,332.25610013077164,333.45526818914374,327.219667476274,327.6993103027344,27280000
2026-01-23,META,644.2184496993522,665.9198400091174,643.8987161260534,658.1964721679688,22797700
2026-01-23,MSFT,450.8409629929935,470.0271819611143,449.50401819491054,464.888916015625,38000200
2026-01-26,AAPL,251.24490015634893,256.32015295784896,249.5664780183616,255.17123413085935,55969200
2026-01-26,AMZN,239.97999572753903,240.9499969482422,237.5399932861328,238.4199981689453,32825500
2026-01-26,GOOGL,327.5793954045391,335.60374537803585,326.7699676491338,333.02557373046875,26042100
2026-01-26,META,664.5609947255355,674.7023359243682,660.7242529636108,671.7847900390625,16327400
2026-01-26,MSFT,464.2503622118351,473.1700058760031,460.9479024031912,469.20904541015625,29291200
2026-01-27,AAPL,258.92771692213245,261.7051166970889,257.96859246831417,258.0285339355469,49648300
2026-01-27,AMZN,239.69000244140625,244.8800048828125,238.0800018310547,244.67999267578125,38029200
2026-01-27,GOOGL,335.1340666902067,337.6722883721735,333.2454121385867,334.31463623046875,21636200
2026-01-27,META,674.0129574053085,676.2410302656567,664.0913982323968,672.394287109375,13297400
2026-01-27,MSFT,472.6212886177101,481.7703893732875,472.0825097961169,479.485595703125,29213900
2026-01-28,AAPL,257.409147241713,258.61800761819165,254.2720830679268,256.2002868652344,41288000
2026-01-28,AMZN,246.3699951171875,247.77999877929688,241.52999877929688,243.00999450683597,40882700
2026-01-28,GOOGL,335.8236037532332,337.30257365930305,331.7065067534381,335.7736511230469,27434400
2026-01-28,META,673.9229813666298,677.1002536346601,665.5301429727417,668.1578979492188,25709600
2026-01-28,MSFT,482.10959164059926,482.63838346935967,476.9114647448887,480.533203125,36875400
2026-01-29,AAPL,257.75880668092503,259.4072580677027,254.17216647920577,258.0385437011719,67253000
2026-01-29,AMZN,242.82000732421875,243.0,236.7400054931641,241.72999572753903,47229600
2026-01-29,GOOGL,340.06060015063264,342.0492210013424,326.3103005061971,338.0120544433594,39785600
2026-01-29,META,736.7991536844581,743.363540655783,711.9404325537852,737.6784057617188,59852900
2026-01-29,MSFT,438.98802836564175,441.4923222419712,420.06122635013605,432.5128173828125,128855300
2026-01-30,AAPL,254.9314433110553,261.6551472598355,251.94423313215475,259.2374267578125,92443400
2026-01-30,AMZN,239.88999938964844,243.32000732421875,237.63999938964844,239.3000030517578,46585000
2026-01-30,GOOGL,339.76083067041884,339.76083067041884,332.0562627255977,337.7622375488281,31024000
2026-01-30,META,726.8776752394725,731.5436633097714,712.9796010924755,715.8870849609375,23744600
2026-01-30,MSFT,438.1699022937122,438.5989157576861,425.47886802078926,429.3101196289063,58566800
2026-02-02,AAPL,259.7869174093499,270.2371306501278,258.9676766447768,269.7575988769531,73913400
2026-02-02,AMZN,238.30999755859372,245.6300048828125,238.1699981689453,242.9600067138672,37546100
2026-02-02,GOOGL,335.983495554882,344.5874244246442,335.3939142353609,343.4482421875,32006100
2026-02-02,META,713.9886602426056,720.6829408229889,702.9181827036907,705.8056640625,14365200
2026-02-02,MSFT,429.2602343395754,429.7590957240154,421.2884391596101,422.4058837890625,42219900
2026-02-03,AAPL,268.9483513556569,271.6258386480508,267.3598109321867,269.22808837890625,64394700
2026-02-03,AMZN,244.97999572753903,246.3500061035156,235.4499969482422,238.6199951171875,53831300
2026-02-03,GOOGL,347.09564553860224,348.7544814019383,337.2325938809106,339.47100830078125,36506700
2026-02-03,META,706.7648539132639,716.3866205151361,685.8227628297016,691.1082763671875,13760700
2026-02-03,MSFT,421.0489834358989,421.0888704228976,407.6296003977664,410.2735595703125,61424100
2026-02-04,AAPL,272.03545112075,278.68922850453845,272.03545112075,276.23150634765625,90545700
2026-02-04,AMZN,238.8600006103516,238.8600006103516,231.82000732421875,232.9900054931641,51299900
2026-02-04,GOOGL,342.7187296036167,343.0684894885568,328.2888852617291,332.80572509765625,70618400
2026-02-04,META,687.1416843315144,688.2407799622291,666.8890651090074,668.417724609375,16882800
2026-02-04,MSFT,410.0640575889883,418.84400576689177,408.3080557741746,413.2467956542969,45012400
2026-02-05,AAPL,277.86999494352693,279.2387093202658,272.97458180817284,275.6520690917969,52977400
2026-02-05,AMZN,224.91000366210935,226.30999755859372,220.3800048828125,222.69000244140625,103509200
2026-02-05,GOOGL,312.0003564748562,332.45595718246585,306.2443988387428,331.0169677734375,88205800
2026-02-05,META,663.0123852284637,680.9170392363125,652.9409906690098,669.63671875,17131800
2026-02-05,MSFT,406.5121603821184,407.37018733348754,391.4265972483441,392.7735290527344,66289200
2026-02-06,AAPL,276.8609202349588,280.6473855638201,276.6710954236804,277.8599853515625,50453400
2026-02-06,AMZN,202.6999969482422,211.44000244140625,200.30999755859372,210.32000732421875,179210900
2026-02-06,GOOGL,326.94984200428365,330.147603202773,319.694969697787,322.63287353515625,56380500
2026-02-06,META,664.920685797671,671.4151252649915,645.9469408650316,660.8941650390625,18159300
2026-02-06,MSFT,398.2609865133262,400.87501513504304,392.0252195920243,400.22650146484375,53515300
2026-02-09,AAPL,277.9100036621094,278.20001220703125,271.70001220703125,274.6199951171875,44623400
2026-02-09,AMZN,208.97000122070312,212.80999755859372,203.3500061035156,208.72000122070312,91178400
2026-02-09,GOOGL,320.70422803551696,327.4694850607409,317.036826848448,324.09185791015625,39640100
2026-02-09,META,662.6126578425271,682.7254419812133,658.2164585284562,676.640625,14837500
2026-02-09,MSFT,403.9280678877113,413.9452129833927,399.9571203178888,412.65814208984375,45480500
2026-02-10,AAPL,274.8900146484375,275.3699951171875,272.94000244140625,273.67999267578125,34376900
2026-02-10,AMZN,208.8000030517578,212.6499938964844,206.41000366210935,206.9600067138672,67175000
2026-02-10,GOOGL,320.7441987510988,321.4437184993816,314.38865715458337,318.3558654785156,39170000
2026-02-10,META,677.0202983345941,680.0677378888336,669.216982119095,670.1461791992188,10455800
2026-02-10,MSFT,418.6644027817824,422.7151545880433,411.76017861217,412.328857421875,44857900
2026-02-11,AAPL,274.70001220703125,280.17999267578125,274.45001220703125,275.5,51931300
2026-02-11,AMZN,208.05999755859372,208.57000732421875,202.4900054931641,204.0800018310547,65545500
2026-02-11,GOOGL,318.7456164455411,320.8341425405983,309.44216816023624,310.7412414550781,45406400
2026-02-11,META,673.4234361526849,678.6889475196376,656.5378686274887,668.1179809570312,14323800
2026-02-11,MSFT,415.2322299614449,415.51159110220135,400.096793508188,403.4491271972656,42491000
2026-02-12,AAPL,275.5899963378906,275.7200012207031,260.17999267578125,261.7300109863281,81077200
2026-02-12,AMZN,203.9600067138672,203.9600067138672,197.55999755859372,199.6000061035156,83975400
2026-02-12,GOOGL,311.87044586439265,316.0175203045161,306.9839017615506,308.7826232910156,47761300
2026-02-12,META,669.3968787035581,675.421749916193,644.7280570616384,649.254150390625,14960100
2026-02-12,MSFT,404.07770370563327,405.2749831551046,397.1036315998776,400.9248962402344,40802400
2026-02-13,AAPL,262.010009765625,262.2300109863281,255.4499969482422,255.77999877929688,56290700
2026-02-13,AMZN,198.8800048828125,201.16000366210935,197.27999877929688,198.7899932861328,66321600
2026-02-13,GOOGL,307.5135396808651,308.412900480652,303.4963480144474,305.50494384765625,38499700
2026-02-13,META,644.5481137374378,650.872715705495,634.0271535178357,639.2227172851562,12336400
2026-02-13,MSFT,403.528974460687,404.6164885937556,397.1435245648219,400.4060974121094,34091600
2026-02-17,AAPL,258.04998779296875,266.2900085449219,255.5399932861328,263.8800048828125,58469100
2026-02-17,AMZN,198.1300048828125,201.7400054931641,196.0,201.1499938964844,69879200
2026-02-17,GOOGL,299.82893803190484,304.22583664461854,296.0415956615768,301.8075256347656,39247600
2026-02-17,META,638.952945338547,642.0502690775812,628.2620863630333,638.7431030273438,12674700
2026-02-17,MSFT,398.31087932693146,399.607906728736,393.6315571718042,395.9562377929688,32078800
2026-02-18,AAPL,263.6000061035156,266.82000732421875,262.45001220703125,264.3500061035156,34203300
2026-02-18,AMZN,202.07000732421875,206.8600006103516,201.50999450683597,204.7899932861328,51003300
2026-02-18,GOOGL,301.87748970860525,305.1651838815364,301.0380842700908,303.1166076660156,28482100
2026-02-18,META,633.2578140286595,644.4482453696517,627.6126838179015,642.6697387695312,14649200
2026-02-18,MSFT,397.2233488345012,401.6432531481791,395.41747315874426,398.6900024414063,23223400
2026-02-19,AAPL,262.6000061035156,264.4800109863281,260.04998779296875,260.5799865722656,30845300
2026-02-19,AMZN,203.8000030517578,205.63999938964844,202.80999755859372,204.8600006103516,35669600
2026-02-19,GOOGL,301.6076886754516,305.25511494304027,299.828942056139,302.636962890625,25834400
2026-02-19,META,638.0237449576674,646.6363661317032,636.1752909436037,644.2284545898438,10035700
2026-02-19,MSFT,400.6900024414063,404.4299926757813,396.6700134277344,398.4599914550781,28234000
2026-02-20,AAPL,258.9700012207031,264.75,258.1600036621094,264.5799865722656,42070500
2026-02-20,AMZN,204.75999450683597,211.1699981689453,203.75,210.1100006103516,65881600
2026-02-20,GOOGL,304.1059184917761,316.2773425544253,303.68620054308417,314.7584228515625,53210800
2026-02-20,META,639.1428111159805,662.7825455010891,638.2336163631846,655.09912109375,14183500
2026-02-20,MSFT,396.1099853515625,400.1199951171875,395.1600036621094,397.2300109863281,34015200
2026-02-23,AAPL,263.489990234375,269.42999267578125,263.3800048828125,266.17999267578125,37308200
2026-02-23,AMZN,208.1000061035156,208.42999267578125,203.1100006103516,205.2700042724609,53581500
2026-02-23,GOOGL,318.82555353627805,319.29522413676915,309.65201848441603,311.2708740234375,31423000
2026-02-23,META,651.9817939677475,657.1374142434245,635.455964272141,636.7048950195312,8605900
2026-02-23,MSFT,395.0,395.3599853515625,383.1000061035156,384.4700012207031,43238300
2026-02-24,AAPL,267.8599853515625,274.8900146484375,267.7099914550781,272.1400146484375,47014600
2026-02-24,AMZN,205.47000122070312,210.3600006103516,203.25,208.55999755859372,41137200
2026-02-24,GOOGL,310.3015673465962,312.05033638585,305.71479964031533,310.6813049316406,25615600
2026-02-24,META,632.5384628258726,640.5615620292823,628.4419334902003,638.7531127929688,10135600
2026-02-24,MSFT,384.1400146484375,389.3599853515625,381.7099914550781,389.0,33884700
2026-02-25,AAPL,271.7799987792969,274.94000244140625,271.04998779296875,274.2300109863281,33714300
2026-02-25,AMZN,210.4600067138672,211.58999633789065,208.92999267578125,210.63999938964844,41346400
2026-02-25,GOOGL,311.84046520002283,313.4193707572093,309.22231323387047,312.67987060546875,29963600
2026-02-25,META,641.9803720795121,653.3206382422114,641.5906910720822,653.1307983398438,11330700
2026-02-25,MSFT,390.5299987792969,401.4700012207031,390.1600036621094,400.6000061035156,43625500
2026-02-26,AAPL,274.95001220703125,276.1099853515625,270.79998779296875,272.95001220703125,32345100
2026-02-26,AMZN,210.72999572753903,211.0500030517578,205.3500061035156,207.9199981689453,47756800
2026-02-26,GOOGL,312.42009761480955,312.9197459051382,302.1373272609355,307.1637878417969,36431200
2026-02-26,META,649.9935020296807,660.4345752110744,646.9461232211356,656.447998046875,10637700
2026-02-26,MSFT,404.7099914550781,407.489990234375,398.739990234375,401.7200012207031,34405900
2026-02-27,AAPL,272.8099975585937,272.8099975585937,262.8900146484375,264.17999267578125,72366500
2026-02-27,AMZN,206.8300018310547,210.3300018310547,205.1999969482422,210.0,57422800
2026-02-27,GOOGL,303.92607541564644,312.1502667227519,303.5862877430576,311.54071044921875,44640600
2026-02-27,META,642.8995542116262,648.8844201349368,637.5740968396581,647.62548828125,15703000
2026-02-27,MSFT,390.8800048828125,396.8200073242188,389.8800048828125,392.739990234375,51367200
2026-03-02,AAPL,262.4100036621094,266.5299987792969,260.20001220703125,264.7200012207031,41827900
2026-03-02,AMZN,204.5500030517578,209.72999572753903,203.4600067138672,208.38999938964844,46001000
2026-03-02,GOOGL,303.0166882830762,308.27296712894787,301.088022863519,306.3043518066406,34790200
2026-03-02,META,636.6149203669017,659.3754626922687,633.9572226725116,653.0009155273438,9816100
2026-03-02,MSFT,392.8599853515625,401.1900024414063,390.6300048828125,398.5499877929688,35474900
2026-03-03,AAPL,263.4800109863281,265.5599975585937,260.1300048828125,263.75,38568900
2026-03-03,AMZN,203.1000061035156,209.17999267578125,202.47999572753903,208.72999572753903,43184900
2026-03-03,GOOGL,298.37994467731505,303.7261871662424,296.5012623376298,303.3664245605469,35497000
2026-03-03,META,647.7354225434952,658.4762268569145,638.293554979916,654.5196533203125,12263800
2026-03-03,MSFT,393.1400146484375,406.7000122070313,392.6700134277344,403.9299926757813,38199200
2026-03-04,AAPL,264.6499938964844,266.1499938964844,261.4200134277344,262.5199890136719,39803100
2026-03-04,AMZN,210.47000122070312,217.5399932861328,210.1499938964844,216.82000732421875,54731100
2026-03-04,GOOGL,302.6769571429086,305.2551289128473,300.5384478137644,302.9167785644531,29536200
2026-03-04,META,657.397151925757,672.1944798634893,657.1073609851721,667.1587524414062,10810100
2026-03-04,MSFT,401.2699890136719,411.0299987792969,400.30999755859375,405.2000122070313,35808000
2026-03-05,AAPL,260.7900085449219,261.5599975585937,257.25,260.2900085449219,49658600
2026-03-05,AMZN,215.97999572753903,220.47000122070312,215.58999633789065,218.94000244140625,60943400
2026-03-05,GOOGL,302.82681905445145,303.08661540637286,297.78035344585857,300.6683349609375,35752300
2026-03-05,META,661.363765843265,670.1262833419206,649.7537106790966,660.0049438476562,13341400
2026-03-05,MSFT,404.4200134277344,411.6099853515625,404.3999938964844,410.6799926757813,39001300
2026-03-06,AAPL,258.6300048828125,258.7699890136719,254.3699951171875,257.4599914550781,41120000
2026-03-06,AMZN,214.9900054931641,217.32000732421875,212.52999877929688,213.2100067138672,51152700
2026-03-06,GOOGL,295.88171424137005,300.31859339921897,294.97235071392555,298.3099975585937,25576900
2026-03-06,META,647.3457881163396,648.9143914185428,635.5658346648192,644.308349609375,13159400
2026-03-06,MSFT,409.2000122070313,413.0499877929688,408.510009765625,408.9599914550781,31123900
2026-03-09,AAPL,255.69000244140625,261.1499938964844,253.67999267578125,259.8800048828125,38218500
2026-03-09,AMZN,210.4499969482422,213.82000732421875,207.1100006103516,213.4900054931641,54642900
2026-03-09,GOOGL,294.3599853515625,306.79998779296875,294.0799865722656,306.3599853515625,29312100
2026-03-09,META,634.2369839533108,647.195859029807,626.2438278402449,646.836181640625,13489700
2026-03-09,MSFT,404.9200134277344,410.2099914550781,403.5,409.4100036621094,30131900
2026-03-10,AAPL,257.6499938964844,262.4800109863281,256.95001220703125,260.8299865722656,30590800
2026-03-10,AMZN,214.19000244140625,215.6499938964844,212.42999267578125,214.3300018310547,35678800
2026-03-10,GOOGL,306.1700134277344,309.510009765625,305.57000732421875,307.0400085449219,23239700
2026-03-10,META,653.0009245574777,659.7351492208539,648.444827744844,653.510498046875,9859300
2026-03-10,MSFT,410.0299987792969,410.2000122070313,402.9299926757813,405.760009765625,31706400
2026-03-11,AAPL,261.0899963378906,262.1300048828125,259.54998779296875,260.8099975585937,26218900
2026-03-11,AMZN,215.7100067138672,217.0,211.3500061035156,212.6499938964844,34199300
2026-03-11,GOOGL,306.75,311.4200134277344,305.9200134277344,308.70001220703125,24125700
2026-03-11,META,654.1999146227295,658.5561703533895,647.8053649208291,654.2998046875,8977200
2026-03-11,MSFT,405.5700073242188,409.010009765625,401.5899963378906,404.8800048828125,25512100
2026-03-12,AAPL,258.6600036621094,258.95001220703125,254.17999267578125,255.75999450683597,40794000
2026-03-12,AMZN,210.38999938964844,211.7100067138672,208.1499938964844,209.52999877929688,44349500
2026-03-12,GOOGL,306.82000732421875,308.94000244140625,301.0299987792969,303.54998779296875,24928300
2026-03-12,META,648.1950599902964,652.9409968457168,636.355220859953,637.6340942382812,11617500
2026-03-12,MSFT,404.6300048828125,406.1199951171875,401.7099914550781,401.8599853515625,27263900
2026-03-13,AAPL,255.47999572753903,256.3299865722656,249.5200042724609,250.1199951171875,36930000
2026-03-13,AMZN,209.6100006103516,210.55999755859372,206.22000122070312,207.6699981689453,35662100
2026-03-13,GOOGL,307.010009765625,307.69000244140625,300.44000244140625,302.2799987792969,23693100
2026-03-13,META,623.3562813254467,628.6317326131165,609.0285222575777,613.1849975585938,18957600
2026-03-13,MSFT,401.0,404.7999877929688,394.25,395.5499877929688,26848000
2026-03-16,AAPL,252.1100006103516,253.88999938964844,249.8800048828125,252.82000732421875,32074200
2026-03-16,AMZN,208.3500061035156,212.72000122070312,207.4499969482422,211.7400054931641,42209300
2026-03-16,GOOGL,304.3500061035156,306.489990234375,303.0199890136719,305.5599975585937,23519700
2026-03-16,META,632.0,634.75,623.0999755859375,627.4500122070312,15134900
2026-03-16,MSFT,398.0700073242188,400.6300048828125,394.7900085449219,399.9500122070313,27733700
2026-03-17,AAPL,252.9600067138672,255.1300048828125,252.17999267578125,254.22999572753903,32361600
2026-03-17,AMZN,212.82000732421875,215.6999969482422,212.42999267578125,215.1999969482422,44969900
2026-03-17,GOOGL,305.8599853515625,311.4200134277344,305.5,310.9200134277344,21955200
2026-03-17,META,627.989990234375,636.5499877929688,621.7000122070312,622.6599731445312,10348800
2026-03-17,MSFT,400.2699890136719,404.3999938964844,397.75,399.4100036621094,26228300
2026-03-18,AAPL,252.6300048828125,254.94000244140625,249.0,249.94000244140625,35757900
2026-03-18,AMZN,213.92999267578125,215.13999938964844,208.8300018310547,209.8699951171875,37846600
2026-03-18,GOOGL,309.2699890136719,312.4700012207031,306.92999267578125,307.69000244140625,20009800
2026-03-18,META,616.3400268554688,622.6500244140625,614.6099853515625,615.6799926757812,11726300
2026-03-18,MSFT,397.1300048828125,398.0,391.0,391.7900085449219,25908500
2026-03-19,AAPL,249.3999938964844,251.8300018310547,247.3000030517578,248.9600067138672,34864100
2026-03-19,AMZN,207.05999755859372,209.1199951171875,206.0500030517578,208.75999450683597,36440600
2026-03-19,GOOGL,304.010009765625,308.0599975585937,302.3500061035156,307.1300048828125,25075800
2026-03-19,META,612.1500244140625,613.0,602.260009765625,606.7000122070312,13247700
2026-03-19,MSFT,390.1000061035156,392.489990234375,387.05999755859375,389.0199890136719,25138800
2026-03-20,AAPL,247.97999572753903,249.1999969482422,246.0,247.9900054931641,88331100
2026-03-20,AMZN,207.3999938964844,207.5399932861328,204.32000732421875,205.3699951171875,63694600
2026-03-20,GOOGL,305.4599914550781,306.0,298.2699890136719,301.0,44364100
2026-03-20,META,603.530029296875,603.9600219726562,587.25,593.6599731445312,21214900
2026-03-20,MSFT,386.7900085449219,387.0,380.1199951171875,381.8699951171875,50853200
2026-03-23,AAPL,253.97000122070312,254.6000061035156,250.27999877929688,251.4900054931641,40546100
2026-03-23,AMZN,209.7899932861328,212.8000030517578,209.50999450683597,210.13999938964844,44277400
2026-03-23,GOOGL,302.1099853515625,305.9800109863281,300.92999267578125,302.0599975585937,29326900
2026-03-23,META,605.7899780273438,608.6400146484375,599.010009765625,604.0599975585938,13638000
2026-03-23,MSFT,383.8999938964844,387.2099914550781,381.6799926757813,383.0,29680100
2026-03-24,AAPL,250.3500061035156,254.8300018310547,249.5500030517578,251.63999938964844,45152300
2026-03-24,AMZN,207.9499969482422,209.3500061035156,206.63999938964844,207.2400054931641,35351400
2026-03-24,GOOGL,299.20001220703125,299.9200134277344,290.3299865722656,290.44000244140625,36864300
2026-03-24,META,599.0999755859375,601.0,591.0,592.9199829101562,10739700
2026-03-24,MSFT,382.3599853515625,382.4700012207031,371.8500061035156,372.739990234375,42733600
2026-03-25,AAPL,254.1000061035156,255.0,251.6000061035156,252.6199951171875,28476700
2026-03-25,AMZN,211.55999755859372,213.07000732421875,209.8999938964844,211.7100067138672,36388800
2026-03-25,GOOGL,293.44000244140625,296.0,289.239990234375,290.92999267578125,29460700
2026-03-25,META,598.739990234375,603.6699829101562,593.4000244140625,594.8900146484375,12585000
2026-03-25,MSFT,376.9200134277344,377.05999755859375,369.6300048828125,371.0400085449219,31181200
2026-03-26,AAPL,252.1199951171875,257.0,250.7700042724609,252.88999938964844,41796700
2026-03-26,AMZN,210.6100006103516,212.88999938964844,207.1199951171875,207.5399932861328,46746000
2026-03-26,GOOGL,287.9100036621094,287.95001220703125,278.5,280.9200134277344,39080600
2026-03-26,META,582.489990234375,583.0,543.3499755859375,547.5399780273438,35780100
2026-03-26,MSFT,370.8200073242188,374.7200012207031,365.1900024414063,365.9700012207031,36836600
2026-03-27,AAPL,253.8999938964844,255.4900054931641,248.07000732421875,248.8000030517578,47900000
2026-03-27,AMZN,206.4600067138672,206.6000061035156,199.13999938964844,199.33999633789065,56009800
2026-03-27,GOOGL,277.2799987792969,279.3699951171875,273.95001220703125,274.3399963378906,35890600
2026-03-27,META,540.0999755859375,543.5999755859375,520.260009765625,525.719970703125,30133000
2026-03-27,MSFT,361.8999938964844,362.4500122070313,356.510009765625,356.7699890136719,37883400
2026-03-30,AAPL,250.07000732421875,250.8699951171875,245.50999450683597,246.6300048828125,39446200
2026-03-30,AMZN,201.47999572753903,203.8000030517578,199.97999572753903,200.9499969482422,46373800
2026-03-30,GOOGL,276.4200134277344,277.0899963378906,272.1099853515625,273.5,35141200
2026-03-30,META,536.3800048828125,539.5499877929688,528.5399780273438,536.3800048828125,22795200
2026-03-30,MSFT,361.8999938964844,365.3599853515625,356.2799987792969,358.9599914550781,44797000
2026-03-31,AAPL,247.91000366210935,255.47999572753903,247.1000061035156,253.7899932861328,49598100
2026-03-31,AMZN,204.8500061035156,210.27999877929688,204.13999938964844,208.2700042724609,58470100
2026-03-31,GOOGL,278.0400085449219,288.0799865722656,277.0899963378906,287.5599975585937,43875400
2026-03-31,META,549.97998046875,573.6900024414062,546.77001953125,572.1300048828125,32898300
2026-03-31,MSFT,364.5499877929688,372.8999938964844,363.0700073242188,370.1700134277344,45244400
2026-04-01,AAPL,254.0800018310547,256.17999267578125,253.3300018310547,255.6300048828125,40059400
2026-04-01,AMZN,210.44000244140625,213.5800018310547,208.19000244140625,210.57000732421875,45955400
2026-04-01,GOOGL,290.8399963378906,300.5199890136719,290.4100036621094,297.3900146484375,37684500
2026-04-01,META,580.1300048828125,592.5499877929688,573.8200073242188,579.22998046875,23608100
2026-04-01,MSFT,373.489990234375,373.989990234375,368.2000122070313,369.3699951171875,29417200
2026-04-02,AAPL,254.1999969482422,256.1300048828125,250.6499938964844,255.9199981689453,31289400
2026-04-02,AMZN,206.5399932861328,212.2100067138672,204.8999938964844,209.7700042724609,31453000
2026-04-02,GOOGL,290.69000244140625,298.0799865722656,289.45001220703125,295.7699890136719,21666500
2026-04-02,META,566.0399780273438,578.5,559.7000122070312,574.4600219726562,13518500
2026-04-02,MSFT,367.2099914550781,373.6400146484375,364.1499938964844,373.4599914550781,24099100
2026-04-06,AAPL,256.510009765625,262.1600036621094,256.4599914550781,258.8599853515625,29329900
2026-04-06,AMZN,209.8000030517578,212.9499969482422,209.58999633789065,212.7899932861328,25385500
2026-04-06,GOOGL,295.8699951171875,300.6199951171875,295.17999267578125,299.989990234375,16945500
2026-04-06,META,577.6900024414062,582.7899780273438,572.0,573.02001953125,9515700
2026-04-06,MSFT,373.489990234375,373.7300109863281,369.5,372.8800048828125,16146600
2026-04-07,AAPL,256.1600036621094,256.20001220703125,245.6999969482422,253.5,62148000
2026-04-07,AMZN,211.2400054931641,213.97000122070312,209.0800018310547,213.7700042724609,28154600
2026-04-07,GOOGL,302.7300109863281,305.6300048828125,297.7200012207031,305.4599914550781,23205400
2026-04-07,META,572.47998046875,575.22998046875,564.760009765625,575.0499877929688,9580800
2026-04-07,MSFT,370.3399963378906,372.4500122070313,366.55999755859375,372.2900085449219,21443300
2026-04-08,AAPL,258.45001220703125,259.75,256.5299987792969,258.8999938964844,41032800
2026-04-08,AMZN,223.7899932861328,226.1000061035156,219.6199951171875,221.25,51092700
2026-04-08,GOOGL,320.45001220703125,322.0799865722656,315.0199890136719,317.32000732421875,33547100
2026-04-08,META,606.0,629.9500122070312,591.8300170898438,612.4199829101562,32036600
2026-04-08,MSFT,384.9800109863281,385.0,371.4100036621094,374.3299865722656,33064800
2026-04-09,AAPL,259.0,261.1199951171875,256.07000732421875,260.489990234375,28121600
2026-04-09,AMZN,225.22999572753903,233.8000030517578,223.2700042724609,233.6499938964844,65964200
2026-04-09,GOOGL,315.9100036621094,319.5400085449219,311.0599975585937,318.489990234375,23739200
2026-04-09,META,626.969970703125,637.5,623.0,628.3900146484375,19012900
2026-04-09,MSFT,372.5,373.5,367.0499877929688,373.0700073242188,30435300
2026-04-10,AAPL,259.9800109863281,262.19000244140625,259.0199890136719,260.4800109863281,31291500
2026-04-10,AMZN,235.3000030517578,240.42999267578125,235.2100067138672,238.3800048828125,56912800
2026-04-10,GOOGL,320.0199890136719,321.8299865722656,316.32000732421875,317.239990234375,19152600
2026-04-10,META,634.469970703125,638.5800170898438,624.3300170898438,629.8599853515625,13294800
2026-04-10,MSFT,372.9800109863281,375.6400146484375,370.0299987792969,370.8699951171875,28111100
2026-04-13,AAPL,259.7300109863281,260.17999267578125,256.6600036621094,259.20001220703125,36234700
2026-04-13,AMZN,237.4499969482422,240.0,235.75,239.88999938964844,42166200
2026-04-13,GOOGL,317.1400146484375,321.6300048828125,315.4700012207031,321.3099975585937,18866400
2026-04-13,META,629.5,635.0,624.4000244140625,634.530029296875,9538900
2026-04-13,MSFT,373.6099853515625,384.5400085449219,371.0199890136719,384.3699951171875,35745800
2026-04-14,AAPL,259.25,261.92999267578125,257.19000244140625,258.8299865722656,48370700
2026-04-14,AMZN,241.77999877929688,252.17999267578125,241.77999877929688,249.0200042724609,72685000
2026-04-14,GOOGL,324.7900085449219,333.2900085449219,323.75,332.9100036621094,27721400
2026-04-14,META,643.219970703125,666.260009765625,639.3699951171875,662.489990234375,17818000
2026-04-14,MSFT,387.9200134277344,394.6900024414063,386.5199890136719,393.1099853515625,37504500
2026-04-15,AAPL,258.1600036621094,266.5599975585937,257.8099975585937,266.42999267578125,49913500
2026-04-15,AMZN,249.25,250.44000244140625,247.1999969482422,248.5,43045200
2026-04-15,GOOGL,332.8900146484375,337.4800109863281,330.8999938964844,337.1199951171875,24918800
2026-04-15,META,667.0,678.5,664.219970703125,671.5800170898438,14952600
2026-04-15,MSFT,398.0,414.3699951171875,396.7300109863281,411.2200012207031,45063400
2026-04-16,AAPL,266.79998779296875,267.1600036621094,261.2699890136719,263.3999938964844,43323100
2026-04-16,AMZN,248.50999450683597,250.0,244.1999969482422,249.6999969482422,41895700
2026-04-16,GOOGL,338.75,339.8800048828125,334.5199890136719,336.0199890136719,20541500
2026-04-16,META,675.989990234375,677.5800170898438,667.75,676.8699951171875,9544800
2026-04-16,MSFT,419.8599853515625,420.8200073242188,412.1400146484375,420.260009765625,41642400
2026-04-17,AAPL,266.9599914550781,272.29998779296875,266.7200012207031,270.2300109863281,61436200
2026-04-17,AMZN,254.9900054931641,256.17999267578125,250.1100006103516,250.55999755859372,52029300
2026-04-17,GOOGL,337.6499938964844,342.32000732421875,336.239990234375,341.67999267578125,25581900
2026-04-17,META,678.5999755859375,691.52001953125,675.1300048828125,688.5499877929688,16283500
2026-04-17,MSFT,424.8200073242188,431.5799865722656,420.6900024414063,422.7900085449219,48568200
2026-04-20,AAPL,270.3299865722656,274.2799987792969,270.2900085449219,273.04998779296875,36590200
2026-04-20,AMZN,249.19000244140625,250.17999267578125,245.3699951171875,248.27999877929688,39463100
2026-04-20,GOOGL,340.760009765625,341.3999938964844,336.6099853515625,337.4200134277344,18784200
2026-04-20,META,681.3599853515625,683.3800048828125,668.0,670.9099731445312,12534000
2026-04-20,MSFT,421.1499938964844,423.3299865722656,416.2999877929688,418.0700073242188,27582200
2026-04-21,AAPL,271.5,272.79998779296875,265.3999938964844,266.1700134277344,50209800
2026-04-21,AMZN,255.08999633789065,255.08999633789065,249.1000061035156,249.91000366210935,42922400
2026-04-21,GOOGL,337.69000244140625,339.3399963378906,331.3500061035156,332.2900085449219,23123800
2026-04-21,META,671.0,676.2000122070312,667.3300170898438,668.8400268554688,8660100
2026-04-21,MSFT,420.239990234375,427.1799926757813,417.2000122070313,424.1600036621094,32048500
2026-04-22,AAPL,267.82000732421875,273.739990234375,266.8699951171875,273.1700134277344,43249200
2026-04-22,AMZN,252.44000244140625,255.94000244140625,250.3300018310547,255.3600006103516,36065100
2026-04-22,GOOGL,337.0199890136719,339.82000732421875,335.1700134277344,339.32000732421875,20293000
2026-04-22,META,674.3599853515625,678.3800048828125,669.75,674.719970703125,9215600
2026-04-22,MSFT,426.1900024414063,433.7000122070313,423.6700134277344,432.9200134277344,29378200
2026-04-23,AAPL,275.04998779296875,275.7699890136719,271.6499938964844,273.42999267578125,33399600
2026-04-23,AMZN,255.38999938964844,258.7900085449219,253.07000732421875,255.0800018310547,39091400
2026-04-23,GOOGL,341.17999267578125,341.9599914550781,336.17999267578125,338.8900146484375,18650300
2026-04-23,META,663.7000122070312,669.5599975585938,653.0499877929688,659.1500244140625,11667000
2026-04-23,MSFT,419.8900146484375,423.6600036621094,411.4100036621094,415.75,38308000
2026-04-24,AAPL,272.760009765625,273.0599975585937,269.6499938964844,271.0599975585937,38157100
2026-04-24,AMZN,259.9800109863281,264.5,257.69000244140625,263.989990234375,53777400
2026-04-24,GOOGL,338.7300109863281,345.2699890136719,335.3900146484375,344.3999938964844,26426100
2026-04-24,META,660.3200073242188,680.6699829101562,653.8400268554688,675.030029296875,13348300
2026-04-24,MSFT,416.9700012207031,424.9500122070313,415.7999877929688,424.6199951171875,27457400
2026-04-27,AAPL,266.0899963378906,268.3599853515625,265.07000732421875,267.6099853515625,41466800
2026-04-27,AMZN,263.4599914550781,264.1499938964844,260.3399963378906,261.1199951171875,44906800
2026-04-27,GOOGL,345.9800109863281,353.17999267578125,342.7300109863281,350.3399963378906,28576900
2026-04-27,META,671.0,682.5,670.8400268554688,678.6199951171875,12805200
2026-04-27,MSFT,422.3800048828125,427.1099853515625,417.0700073242188,424.8200073242188,30867300
2026-04-28,AAPL,272.3399963378906,273.2300109863281,268.6600036621094,270.7099914550781,40018900
2026-04-28,AMZN,258.3900146484375,261.0299987792969,256.6300048828125,259.70001220703125,42204400
2026-04-28,GOOGL,348.54998779296875,352.4200134277344,346.1199951171875,349.7799987792969,27824100
2026-04-28,META,674.239990234375,678.1799926757812,665.6300048828125,671.3400268554688,10606800
2026-04-28,MSFT,424.5700073242188,429.9200134277344,421.8999938964844,429.25,30438100
2026-04-29,AAPL,267.54998779296875,271.0400085449219,267.0400085449219,270.1700134277344,30047900
2026-04-29,AMZN,257.989990234375,265.9100036621094,257.70001220703125,263.0400085449219,72367900
2026-04-29,GOOGL,347.57000732421875,355.7900085449219,344.2099914550781,349.94000244140625,35376300
2026-04-29,META,668.9099731445312,674.25,663.8099975585938,669.1199951171875,18947500
2026-04-29,MSFT,424.5799865722656,426.8200073242188,420.2900085449219,424.4599914550781,38288300
2026-04-30,AAPL,270.5,276.0,268.1400146484375,271.3500061035156,90134300
2026-04-30,AMZN,273.1700134277344,273.8800048828125,256.1600036621094,265.0599975585937,100869700
2026-04-30,GOOGL,374.0700073242188,385.8399963378906,365.8200073242188,384.7999877929688,71949900
2026-04-30,META,619.3200073242188,620.8499755859375,600.0,611.9099731445312,52674900
2026-04-30,MSFT,410.80999755859375,414.4200134277344,398.010009765625,407.7799987792969,70783800
2026-05-01,AAPL,278.94000244140625,287.2099914550781,278.3699951171875,282.989990234375,50489455
2026-05-01,AMZN,265.42999267578125,273.31500244140625,262.783203125,268.5199890136719,29253758
2026-05-01,GOOGL,381.7650146484375,386.75,379.0499877929688,384.2999877929688,16339566
2026-05-01,META,614.6900024414062,618.8400268554688,606.110107421875,611.780029296875,11427363
2026-05-01,MSFT,412.7999877929688,417.1099853515625,410.43499755859375,413.4198913574219,17776169
