Symbol,Name,Last Sale,Net Change,% Change,Market Cap,Country,IPO Year,Volume,Sector,Industry
A,Agilent Technologies Inc. Common Stock,$116.12,1.70,1.486%,32815781050.00,United States,1999,406707,Industrials,Biotechnology: Laboratory Analytical Instruments
AA,Alcoa Corporation Common Stock ,$65.98,0.61,0.933%,17409647222.00,United States,2016,1099056,Industrials,Aluminum
AACB,Artius II Acquisition Inc. Class A Ordinary Shares,$10.38,0.01,0.096%,0.00,United States,2025,43434,,
AACBR,Artius II Acquisition Inc. Rights,$0.34,0.00,0.00%,0.00,United States,2025,13,,
AACBU,Artius II Acquisition Inc. Units,$10.53,0.00,0.00%,0.00,United States,2025,1,Finance,Blank Checks
AACG,ATA Creativity Global American Depositary Shares,$1.26,0.11,9.565%,54217796.00,China,2008,96048,Real Estate,Other Consumer Services
AACI,Armada Acquisition Corp. III Class A Ordinary Share,$9.93,0.00,0.00%,0.00,United States,2026,61,,
AACIU,Armada Acquisition Corp. III Units,$10.01,0.00,0.00%,0.00,United States,2026,430,Finance,Blank Checks
AACIW,Armada Acquisition Corp. III Warrant,$0.27,0.00,0.00%,0.00,United States,2026,200,,
AACO,Abony Acquisition Corp. I Class A Ordinary Share,$9.845,-0.005,-0.051%,0.00,United States,2026,1115,,
AACOU,Abony Acquisition Corp. I Units,$9.97,0.00,0.00%,0.00,United States,2026,28,,
AACOW,Abony Acquisition Corp. I Warrants,$0.349,-0.001,-0.286%,0.00,United States,2026,500,,
AAL,American Airlines Group Inc. Common Stock,$12.105,0.325,2.759%,8006067083.00,United States,,22829706,Consumer Discretionary,Air Freight/Delivery Services
AAME,Atlantic American Corporation Common Stock,$2.57,0.01,0.391%,52420876.00,United States,,4162,Finance,Life Insurance
AAMI,Acadian Asset Management Inc. Common Stock,$67.67,0.73,1.091%,2417346177.00,United Kingdom,2014,41450,Finance,Investment Managers
AAOI,Applied Optoelectronics Inc. Common Stock,$161.1901,23.4601,17.033%,12902890804.00,United States,2013,8608975,Technology,Semiconductors
AAON,AAON Inc. Common Stock,$99.61,0.90,0.912%,8152452152.00,United States,,322366,Industrials,Industrial Machinery/Components
AAP,Advance Auto Parts Inc.,$57.98,-0.18,-0.309%,3497887480.00,United States,,356137,Consumer Discretionary,Auto & Home Supply Stores
AAPG,Ascentage Pharma Group International American Depository Shares,$23.95,1.61,7.207%,2085246148.00,China,2025,6588,Health Care,Biotechnology: Pharmaceutical Preparations
AAPL,Apple Inc. Common Stock,$270.36,-3.07,-1.123%,3969193010400.00,United States,1980,13650603,Technology,Computer Manufacturing
AARD,Aardvark Therapeutics Inc. Common Stock,$5.455,0.085,1.583%,119006504.00,United States,2025,50812,Health Care,Biotechnology: Pharmaceutical Preparations
AAT,American Assets Trust Inc. Common Stock,$20.92,0.22,1.063%,1284298381.00,United States,2011,41829,Real Estate,Real Estate Investment Trusts
AAUC,Allied Gold Corporation Common Shares,$31.919,0.109,0.343%,4018602100.00,,2025,45547,,
AB,AllianceBernstein Holding L.P.  Units,$38.8261,0.0361,0.093%,3583042062.00,United States,,61790,Finance,Investment Managers
ABAT,American Battery Technology Company Common Stock,$3.275,-0.04,-1.207%,431347777.00,United States,,1400242,Basic Materials,Metal Mining
ABBV,AbbVie Inc. Common Stock,$197.995,-2.955,-1.471%,350206106834.00,United States,2012,2744815,Health Care,Biotechnology: Pharmaceutical Preparations
ABCB,Ameris Bancorp Common Stock,$84.02,-0.60,-0.709%,5735962976.00,United States,1994,277822,Finance,Major Banks
ABCL,AbCellera Biologics Inc. Common Shares,$4.2029,0.1529,3.775%,1238449764.00,Canada,2020,4375966,Health Care,Biotechnology: Pharmaceutical Preparations
ABEO,Abeona Therapeutics Inc. Common Stock,$5.36,-0.16,-2.899%,304890323.00,United States,,334004,Health Care,Biotechnology: Pharmaceutical Preparations
ABEV,Ambev S.A. American Depositary Shares (Each representing 1 Common Share),$2.88,-0.06,-2.041%,45393519617.00,Brazil,2013,17912039,Consumer Staples,Beverages (Production/Distribution)
ABG,Asbury Automotive Group Inc Common Stock,$201.38,-0.63,-0.312%,3885772295.00,United States,2002,94065,Consumer Discretionary,Retail-Auto Dealers and Gas Stations
ABLV,Able View Global Inc. Class B Ordinary Shares,$0.7697,0.0297,4.014%,38015423.00,China,,12241,Consumer Discretionary,Other Consumer Services
ABLVW,Able View Global Inc. Warrant,$0.017,-0.0045,-20.93%,839629.00,China,,250,Consumer Discretionary,Other Consumer Services
ABM,ABM Industries Incorporated Common Stock,$40.495,-0.015,-0.037%,2370286546.00,United States,,117544,Consumer Discretionary,Diversified Commercial Services
ABNB,Airbnb Inc. Class A Common Stock,$142.105,0.235,0.166%,86501297002.00,United States,2020,911230,Consumer Discretionary,Diversified Commercial Services
ABOS,Acumen Pharmaceuticals Inc. Common Stock,$2.61,-0.06,-2.247%,188475298.00,United States,2021,257102,Health Care,Biotechnology: Biological Products (No Diagnostic Substances)
ABR,Arbor Realty Trust Common Stock,$7.925,0.135,1.733%,1524462534.00,United States,2004,776507,Real Estate,Real Estate Investment Trusts
ABR^D,Arbor Realty Trust 6.375% Series D Cumulative Redeemable Preferred Stock Liquidation Preference $25.00 per Share,$16.90,0.06,0.356%,,United States,,1456,,
ABR^E,Arbor Realty Trust 6.25% Series E Cumulative Redeemable Preferred Stock,$16.87,0.03,0.178%,,United States,,2073,,
ABR^F,Arbor Realty Trust 6.25% Series F Fixed-to-Floating Rate Cumulative Redeemable Preferred Stock Liquidation Preference $25.00 per share,$23.15,0.15,0.652%,,United States,,3382,,
ABSI,Absci Corporation Common Stock,$3.93,-0.04,-1.008%,610908392.00,United States,2021,2089693,Health Care,Biotechnology: Commercial Physical & Biological Resarch
ABT,Abbott Laboratories Common Stock,$91.48,-1.00,-1.081%,159326812000.00,United States,,4564830,Health Care,Biotechnology: Pharmaceutical Preparations
ABTC,American Bitcoin Corp. Class A Common Stock,$1.245,-0.015,-1.19%,1318746929.00,United States,2018,10689804,Technology,EDP Services
ABTS,Abits Group Inc Ordinary Shares,$1.05,-0.06,-5.405%,2488495.00,China,,29239,Technology,Computer Software: Programming Data Processing
ABUS,Arbutus Biopharma Corporation Common Stock,$4.185,-0.065,-1.529%,824192557.00,Canada,,1519549,Health Care,Biotechnology: Pharmaceutical Preparations
ABVC,ABVC BioPharma Inc. Common Stock,$1.10,-0.04,-3.509%,27984448.00,United States,,82382,Health Care,Biotechnology: Pharmaceutical Preparations
ABVE,Above Food Ingredients Inc. Common Stock,$0.5854,-0.0416,-6.635%,29967708.00,Canada,,1429779,Consumer Staples,Packaged Foods
ABVEW,Above Food Ingredients Inc. Warrants,$0.2001,0.0325,19.391%,10243489.00,Canada,,120,Consumer Staples,Packaged Foods
ABVX,Abivax SA American Depositary Shares,$113.37,0.37,0.327%,8977221589.00,France,2023,558006,Health Care,Biotechnology: Pharmaceutical Preparations
ABX,Abacus Global Management Inc. Class A Common Stock,$9.30,0.09,0.977%,894088562.00,United States,,131952,Finance,Investment Managers
ABXL,Abacus Global Management Inc. 9.875% Fixed Rate Senior Notes due 2028,$25.78,-0.01,-0.039%,0.00,United States,,1383,,
ACA,Arcosa Inc. Common Stock ,$120.025,-0.165,-0.137%,5893056944.00,United States,2018,80528,Industrials,Metal Fabrications
ACAA,Averin Capital Acquisition Corp. Class A Ordinary Shares,$9.9231,0.00,0.00%,0.00,United States,2026,84,Finance,Blank Checks
ACAAU,Averin Capital Acquisition Corp. Units,$10.04,0.00,0.00%,0.00,United States,2026,12026,Finance,Blank Checks
ACAAW,Averin Capital Acquisition Corp. Warrants,$0.55,0.11,25.00%,0.00,United States,2026,12528,Finance,Blank Checks
ACAD,ACADIA Pharmaceuticals Inc. Common Stock,$21.855,-0.255,-1.153%,3726159767.00,United States,1985,290820,Health Care,Biotechnology: Pharmaceutical Preparations
ACB,Aurora Cannabis Inc. Common Shares,$3.355,0.075,2.287%,190260118.00,Canada,,1064167,Health Care, Medicinal Chemicals and Botanical Products 
ACCL,Acco Group Holdings Limited Class A Ordinary Shares,$1.40,-0.04,-2.778%,19460000.00,Hong Kong,2025,15043,Consumer Discretionary,Professional Services
ACCO,Acco Brands Corporation Common Stock,$3.295,0.045,1.385%,303989431.00,United States,,184749,Consumer Discretionary,Publishing
ACCS,ACCESS Newswire Inc. Common Stock,$8.085,0.10,1.252%,31201721.00,United States,,5315,Consumer Discretionary,Publishing
ACDC,ProFrac Holding Corp. Class A Common Stock,$7.4498,0.0998,1.358%,1347823426.00,United States,2022,434198,Energy,Oilfield Services/Equipment
ACEL,Accel Entertainment Inc. ,$12.2101,-0.0299,-0.244%,996017540.00,United States,2017,52546,Consumer Discretionary,Services-Misc. Amusement & Recreation
ACET,Adicet Bio Inc. Common Stock,$7.93,0.03,0.38%,76099508.00,United States,2018,24319,Health Care,Biotechnology: Pharmaceutical Preparations
ACFN,Acorn Energy Inc. Common Stock,$18.20,0.00,0.00%,45618318.00,United States,,4516,Consumer Discretionary,Military/Government/Technical
ACGCU,ACP Holdings Acquisition Corp. Units,$10.02,0.00,0.00%,0.00,United States,2026,629,Finance,Blank Checks
ACGL,Arch Capital Group Ltd. Common Stock,$96.68,-1.39,-1.417%,34444458268.00,Bermuda,,439779,Finance,Property-Casualty Insurers
ACGLN,Arch Capital Group Ltd. Depositary Shares each Representing a 1/1000th Interest in a 4.550% Non-Cumulative Preferred Share Series G,$17.18,0.02,0.117%,6120767408.00,Bermuda,,9260,Finance,Property-Casualty Insurers
ACGLO,Arch Capital Group Ltd. Depositary Shares Each Representing 1/1000th Interest in a Share of 5.45% Non-Cumulative Preferred Shares Series F,$20.48,0.13,0.639%,7296467784.00,Bermuda,,13746,Finance,Property-Casualty Insurers
ACH,Accendra Health Inc. Common Stock,$3.25,-0.11,-3.274%,248423230.00,United States,,288337,Health Care,Medical Specialities
ACHC,Acadia Healthcare Company Inc. Common Stock,$27.37,0.03,0.11%,2518976547.00,United States,,1480984,Health Care,Medical Specialities
ACHR,Archer Aviation Inc. Class A Common Stock,$5.7299,-0.0401,-0.695%,4342739897.00,United States,2020,11617682,Industrials,Aerospace
ACHV,Achieve Life Sciences Inc. Common Shares,$4.025,-0.125,-3.012%,214290952.00,United States,,468321,Health Care,Biotechnology: In Vitro & In Vivo Diagnostic Substances
ACI,Albertsons Companies Inc. Class A Common Stock,$16.53,-0.33,-1.957%,8494983890.00,United States,2020,2083001,Consumer Staples,Food Chains
ACIC,American Coastal Insurance Corporation Common Stock,$11.99,0.05,0.419%,579630304.00,United States,,32089,Finance,Property-Casualty Insurers
ACIU,AC Immune SA Common Stock,$2.87,-0.10,-3.367%,292090155.00,Switzerland,2016,72794,Health Care,Biotechnology: Pharmaceutical Preparations
ACIW,ACI Worldwide Inc. Common Stock,$42.775,0.565,1.339%,4351072187.00,United States,,114142,Technology,Computer Software: Prepackaged Software
ACLS,Axcelis Technologies Inc. Common Stock,$147.225,7.365,5.266%,4524219833.00,United States,2000,346320,Technology,Industrial Machinery/Components
ACLX,Arcellx Inc. Common Stock,$115.03,-0.02,-0.017%,6726932774.00,United States,2022,1320016,Health Care,Biotechnology: Biological Products (No Diagnostic Substances)
ACM,AECOM Common Stock,$80.33,-0.13,-0.162%,10385755166.00,United States,2007,348184,Consumer Discretionary,Military/Government/Technical
ACMR,ACM Research Inc. Class A Common Stock,$56.75,2.76,5.112%,3730040960.00,United States,2017,358658,Technology,Industrial Machinery/Components
ACN,Accenture plc Class A Ordinary Shares (Ireland),$175.225,-3.055,-1.714%,116549513959.00,Ireland,2001,1456646,Real Estate,Real Estate
ACNB,ACNB Corporation Common Stock,$49.88,-0.60,-1.189%,516432680.00,United States,,15356,Finance,Major Banks
ACNT,Ascent Industries Co. Common Stock,$14.56,0.15,1.041%,134591883.00,United States,,24983,Industrials,Steel/Iron Ore
ACOG,Alpha Cognition Inc. Common Stock,$6.92,0.07,1.022%,150455360.00,Canada,,5460,,
ACON,Aclarion Inc. Common Stock,$3.274,0.014,0.429%,7472483.00,United States,2022,73114,Health Care,Medical Specialities
ACONW,Aclarion Inc. Warrant,$0.0352,0.00,0.00%,80339.00,United States,2022,5191,Health Care,Medical Specialities
ACP,abrdn Income Credit Strategies Fund Common Shares,$5.275,0.005,0.095%,0.00,United States,2011,162478,Finance,Investment Managers
ACP^A,abrdn Income Credit Strategies Fund 5.250% Series A Perpetual Preferred Stock,$20.09,0.00,0.00%,,United States,,183,,
ACR,ACRES Commercial Realty Corp. Common Stock,$20.1716,-0.0484,-0.239%,143845717.00,United States,,3338,Real Estate,Real Estate Investment Trusts
ACR^C,ACRES Commercial Realty Corp. 8.625% Fixed-to-Floating Series C Cumulative Redeemable Preferred Stock ,$24.9812,-0.0188,-0.075%,,United States,,1378,,
ACR^D,ACRES Commercial Realty Corp. 7.875% Series D Cumulative Redeemable Preferred Stock,$21.6882,0.00,0.00%,,United States,,80,,
ACRE,Ares Commercial Real Estate Corporation Common Stock,$5.275,0.075,1.442%,292064470.00,United States,2012,159520,Real Estate,Real Estate Investment Trusts
ACRS,Aclaris Therapeutics Inc. Common Stock,$4.345,-0.205,-4.505%,523986096.00,United States,2015,605343,Health Care,Biotechnology: Pharmaceutical Preparations
ACRV,Acrivon Therapeutics Inc. Common Stock,$1.94,0.05,2.646%,75164225.00,United States,2022,199414,Health Care,Biotechnology: Pharmaceutical Preparations
ACT,Enact Holdings Inc. Common Stock,$43.85,-0.06,-0.137%,6191037102.00,United States,2021,58033,Finance,Specialty Insurers
ACTG,Acacia Research Corporation (Acacia Tech) Common Stock,$4.855,0.025,0.518%,468388402.00,United States,,48771,Miscellaneous,Multi-Sector Companies
ACTU,Actuate Therapeutics Inc. Common stock,$2.62,0.09,3.557%,62106290.00,United States,2024,35933,Health Care,Biotechnology: Pharmaceutical Preparations
ACU,Acme United Corporation. Common Stock,$43.40,-0.08,-0.184%,165276965.00,United States,1988,3107,Consumer Discretionary,Industrial Machinery/Components
ACV,Virtus Diversified Income & Convertible Fund Common Shares of Beneficial Interest,$26.407,0.177,0.675%,273654526.00,United States,2015,10377,Finance,Finance/Investors Services
ACVA,ACV Auctions Inc. Class A Common Stock,$5.145,-0.045,-0.867%,895909053.00,United States,2025,761621,Real Estate,Real Estate
ACXP,Acurx Pharmaceuticals Inc. Common Stock,$1.99,-0.02,-0.995%,6890224.00,United States,2021,98653,Health Care,Biotechnology: Pharmaceutical Preparations
AD,Array Digital Infrastructure Inc. Common Shares,$48.40,-0.46,-0.941%,4183053684.00,United States,1988,25309,Telecommunications,Telecommunications Equipment
ADAC,American Drive Acquisition Company Class A Ordinary Shares,$9.92,0.00,0.00%,0.00,United States,2026,1,,
ADAG,Adagene Inc. American Depositary Shares,$3.675,-0.065,-1.738%,174219233.00,China,2021,43220,Health Care,Biotechnology: Pharmaceutical Preparations
ADAM,Adamas Trust Inc. Common Stock,$7.905,0.075,0.958%,715199666.00,United States,,156793,Real Estate,Real Estate Investment Trusts
ADAMG,Adamas Trust Inc. 9.125% Senior Notes Due 2030,$25.115,-0.025,-0.099%,0.00,United States,,16784,Real Estate,Real Estate Investment Trusts
ADAMH,Adamas Trust Inc. 9.875% Senior Notes Due 2030,$25.65,0.02,0.078%,0.00,United States,,6632,Real Estate,Real Estate Investment Trusts
ADAMI,Adamas Trust Inc. 9.125% Senior Notes Due 2029,$25.31,0.015,0.059%,2292565854.00,United States,,867,Real Estate,Real Estate Investment Trusts
ADAML,Adamas Trust Inc. 6.875% Series F Fixed-to-Floating Rate Cumulative Redeemable Preferred Stock $0.01 par value per share,$24.30,0.15,0.621%,2198526486.00,United States,,14116,Real Estate,Real Estate Investment Trusts
ADAMM,Adamas Trust Inc. 7.875% Series E Fixed-to-Floating Rate Cumulative Redeemable Preferred Stock,$25.36,0.01,0.039%,2294429288.00,United States,,4367,Real Estate,Real Estate Investment Trusts
ADAMN,Adamas Trust Inc. 8.00% Series D Fixed-to-Floating Rate Cumulative Redeemable Preferred Stock,$23.36,0.16,0.69%,2113480606.00,United States,,59763,Real Estate,Real Estate Investment Trusts
ADAMO,Adamas Trust Inc. 9.250% Senior Notes Due 2031,$24.95,0.02,0.08%,0.00,United States,,16363,Real Estate,Real Estate Investment Trusts
ADAMZ,Adamas Trust Inc. 7.000% Series G Cumulative Redeemable Preferred Stock $0.01 par value per share,$18.82,0.12,0.642%,1702727098.00,United States,,2186,Real Estate,Real Estate Investment Trusts
ADBE,Adobe Inc. Common Stock,$241.805,2.825,1.182%,97737581000.00,United States,1986,3127378,Technology,Computer Software: Prepackaged Software
ADC,Agree Realty Corporation Common Stock,$76.91,-0.34,-0.44%,9237114116.00,United States,,140776,Real Estate,Real Estate Investment Trusts
ADC^A,Agree Realty Corporation Depositary Shares each representing 1/1000th of a 4.250% Series A Cumulative Redeemable Preferred Stock,$17.09,-0.0104,-0.061%,,United States,,5507,,
ADCT,ADC Therapeutics SA Common Shares,$3.93,-0.03,-0.758%,499855018.00,Switzerland,2020,359626,Health Care,Biotechnology: Pharmaceutical Preparations
ADEA,Adeia Inc. Common Stock,$30.445,0.315,1.045%,3370375121.00,United States,2003,243187,Technology,Computer Software: Prepackaged Software
ADGM,Adagio Medical Holdings Inc Common Stock,$1.53,0.02,1.325%,33982002.00,United States,,26265,Health Care,Medical/Dental Instruments
ADI,Analog Devices Inc. Common Stock,$402.10,-1.78,-0.441%,196306891530.00,United States,,1454912,Technology,Semiconductors
ADIL,Adial Pharmaceuticals Inc Common Stock,$1.57,0.01,0.641%,2241913.00,United States,2018,44228,Health Care,Biotechnology: Pharmaceutical Preparations
ADM,Archer-Daniels-Midland Company Common Stock,$69.06,-0.97,-1.385%,33279675606.00,United States,,550023,Consumer Staples,Packaged Foods
ADMA,ADMA Biologics Inc Common Stock,$11.285,0.205,1.85%,2687626301.00,United States,,1697970,Health Care,Biotechnology: Biological Products (No Diagnostic Substances)
ADNT,Adient plc Ordinary Shares ,$22.275,0.605,2.792%,1744796362.00,United States,2016,195018,Consumer Discretionary,Auto Parts:O.E.M.
ADP,Automatic Data Processing Inc. Common Stock,$195.89,-2.64,-1.33%,78874004464.00,United States,,1215182,Industrials,Diversified Commercial Services
ADPT,Adaptive Biotechnologies Corporation Common Stock,$14.03,0.21,1.52%,2160361301.00,United States,2019,319912,Health Care,Biotechnology: Biological Products (No Diagnostic Substances)
ADSE,ADS-TEC ENERGY PLC Ordinary Shares,$11.756,0.026,0.222%,706800533.00,Ireland,,2554,Consumer Discretionary,Industrial Specialties
ADSEW,ADS-TEC ENERGY PLC Warrant,$0.55,0.00,0.00%,33067395.00,Ireland,,5750,Consumer Discretionary,Industrial Specialties
ADSK,Autodesk Inc. Common Stock,$234.71,2.73,1.177%,49523810000.00,United States,,480899,Technology,Computer Software: Prepackaged Software
ADT,ADT Inc. Common Stock,$7.255,0.015,0.207%,5811477859.00,United States,2018,2040167,Consumer Discretionary,Diversified Commercial Services
ADTN,ADTRAN Holdings Inc. Common Stock,$16.84,0.10,0.597%,1358957789.00,United States,1994,757454,Utilities,Telecommunications Equipment
ADTX,Aditxt Inc. Common Stock,$0.2811,-0.0083,-2.868%,242163.00,United States,2020,510177,Health Care,Biotechnology: Pharmaceutical Preparations
ADUR,Aduro Clean Technologies Inc. Common Stock,$11.835,0.055,0.467%,400883440.00,Canada,,209085,Industrials,Major Chemicals
ADUS,Addus HomeCare Corporation Common Stock,$95.08,0.62,0.656%,1760717207.00,United States,2009,84602,Health Care,Medical/Nursing Services
ADV,Advantage Solutions Inc. Class A Common Stock,$33.7125,1.0925,3.349%,442442681.00,United States,2019,26599,Real Estate,Real Estate
ADVB,Advanced Biomed Inc. Common Stock,$5.4599,-1.0101,-15.612%,7450230.00,Taiwan,2025,35689,Health Care,Medical Specialities
ADX,Adams Diversified Equity Fund Inc.,$24.7099,0.3099,1.27%,0.00,United States,,206658,Finance,Investment Managers
ADXN,Addex Therapeutics Ltd American Depositary Shares,$6.9922,0.8522,13.879%,11319442.00,Switzerland,,4014,Health Care,Biotechnology: Pharmaceutical Preparations
AEAQW,Activate Energy Acquisition Corp. Warrant,$0.34,0.00,0.00%,0.00,Cayman Islands,2026,81,,
AEBI,Aebi Schmidt Holding AG Common Stock ,$11.711,-0.079,-0.67%,908766386.00,Switzerland,,58435,Industrials,Auto Manufacturing
AEC,Anfield Energy Inc. Common Shares,$5.525,0.035,0.638%,100471992.00,Canada,,3418,Basic Materials,Metal Mining
AEE,Ameren Corporation Common Stock,$111.24,-0.81,-0.723%,30774904082.00,United States,,215527,Utilities,Power Generation
AEF,abrdn Emerging Markets ex-China Fund Inc. Common Stock,$9.07,0.27,3.068%,973777875.00,United States,,76741,Finance,Finance/Investors Services
AEFC,Aegon Funding Company LLC 5.10% Subordinated Notes due 2049,$19.7114,0.0614,0.312%,0.00,United States,2019,4860,,
AEG,Aegon Ltd. New York Registry Shares,$8.015,0.055,0.691%,15300238338.00,Netherlands,,3197354,Finance,Life Insurance
AEHL,Antelope Enterprise Holdings Limited Class A Ordinary Shares,$0.5105,-0.0095,-1.827%,2413379.00,China,,111789,Industrials,Building Materials
AEHR,Aehr Test Systems Common Stock,$101.1725,5.6625,5.929%,3248047808.00,United States,1997,1779976,Industrials,Electrical Products
AEI,Alset Inc. Common Stock (TX),$1.59,-0.10,-5.917%,61844370.00,United States,2020,3076,Finance,Real Estate
AEIS,Advanced Energy Industries Inc. Common Stock,$392.42,9.95,2.602%,14852431848.00,United States,1995,549103,Technology,Industrial Machinery/Components
AEM,Agnico Eagle Mines Limited Common Stock,$200.26,1.30,0.653%,100328149860.00,Canada,,1068442,Basic Materials,Precious Metals
AEMD,Aethlon Medical Inc. Common Stock,$2.24,-0.01,-0.444%,2945846.00,United States,,6530,Health Care,Medical/Dental Instruments
AENT,Alliance Entertainment Holding Corporation Class A Common Stock,$7.2074,-0.0526,-0.725%,367270149.00,United States,,2768,Consumer Discretionary,Durable Goods
AENTW,Alliance Entertainment Holding Corporation Warrant,$0.6019,0.0094,1.586%,30671241.00,United States,,798,Consumer Discretionary,Durable Goods
AEO,American Eagle Outfitters Inc. Common Stock,$17.825,-0.365,-2.007%,2970975886.00,United States,,935715,Consumer Discretionary,Clothing/Shoe/Accessory Stores
AEON,AEON Biopharma Inc. Class A Common Stock,$1.01,-0.03,-2.885%,25556089.00,United States,,16296,Health Care,Biotechnology: Pharmaceutical Preparations
AEP,American Electric Power Company Inc. Common Stock,$134.58,-0.50,-0.37%,73152773138.00,United States,,500694,Utilities,Electric Utilities: Central
AER,AerCap Holdings N.V. Ordinary Shares,$138.35,-0.75,-0.539%,24770701291.00,Netherlands,2006,437841,Consumer Discretionary,Diversified Commercial Services
AERO,Grupo Aeromexico S.A.B. de C.V. American Depositary Shares (each representing ten (10) Common Shares),$15.27,0.38,2.552%,2227945055.00,,2025,150600,Consumer Discretionary,Air Freight/Delivery Services
AERT,Aeries Technology Inc. Class A Ordinary Share,$0.5625,-0.0388,-6.453%,28242966.00,United States,2021,492937,Consumer Discretionary,Professional Services
AERTW,Aeries Technology Inc. Warrant,$0.0285,0.0072,33.803%,1430977.00,United States,2021,8085,Consumer Discretionary,Professional Services
AES,The AES Corporation Common Stock,$14.49,-0.01,-0.069%,10332407817.00,United States,,13948984,Utilities,Electric Utilities: Central
AESI,Atlas Energy Solutions Inc. Common Stock,$16.39,0.28,1.738%,2046572638.00,United States,2023,2076385,Industrials,Mining & Quarrying of Nonmetallic Minerals (No Fuels)
AEVA,Aeva Technologies Inc. Common Stock,$16.39,0.90,5.81%,1031712623.00,United States,,567371,Consumer Discretionary,Auto Parts:O.E.M.
AEXA,American Exceptionalism Acquisition Corp. A Class A Ordinary Shares,$11.0775,-0.0325,-0.293%,0.00,,2025,43679,,
AEYE,AudioEye Inc. Common Stock,$7.165,0.265,3.841%,89533697.00,United States,,63418,Technology,Computer Software: Prepackaged Software
AFB,AllianceBernstein National Municipal Income Fund Inc,$10.978,-0.002,-0.018%,0.00,United States,2002,30294,Finance,Trusts Except Educational Religious and Charitable
AFBI,Affinity Bancshares Inc. Common Stock (MD),$22.41,0.00,0.00%,136586373.00,United States,2017,19685,Finance,Banks
AFCG,Advanced Flower Capital Inc. Common Stock,$2.99,0.02,0.673%,70351244.00,United States,2021,26923,Finance,Real Estate
AFG,American Financial Group Inc. Common Stock,$130.735,-1.495,-1.131%,10862286777.00,United States,,82664,Finance,Property-Casualty Insurers
AFGB,American Financial Group Inc. 5.875% Subordinated Debentures due 2059,$21.07,0.00,0.00%,1750628236.00,United States,2019,729,Finance,Property-Casualty Insurers
AFGC,American Financial Group Inc. 5.125% Subordinated Debentures due 2059,$18.7601,-0.0699,-0.371%,1558707203.00,United States,2019,5271,Finance,Property-Casualty Insurers
AFGD,American Financial Group Inc. 5.625% Subordinated Debentures due 2060,$20.38,0.1798,0.89%,1693298692.00,United States,2020,1395,Finance,Property-Casualty Insurers
AFGE,American Financial Group Inc. 4.500% Subordinated Debentures due 2060,$16.58,0.03,0.181%,1377570771.00,United States,2020,6589,Finance,Property-Casualty Insurers
AFJK,Aimei Health Technology Co. Ltd Ordinary Share,$45.0001,0.0001,0.00%,0.00,United States,2024,2914,,
AFJKR,Aimei Health Technology Co. Ltd Right,$0.28,0.00,0.00%,0.00,United States,2024,100,,
AFL,AFLAC Incorporated Common Stock,$115.095,-0.025,-0.022%,59431542078.00,United States,,609798,Finance,Accident &Health Insurance
AFRI,Forafric Global PLC Ordinary Shares,$10.47,0.26,2.547%,281659668.00,Gibraltar,,1609,Consumer Staples,Packaged Foods
AFRIW,Forafric Global PLC Warrants,$0.9445,0.018,1.943%,25408554.00,Gibraltar,,200,Consumer Staples,Packaged Foods
AFRM,Affirm Holdings Inc. Class A Common Stock,$63.59,0.61,0.969%,21182506297.00,United States,2021,1512056,Finance,Finance: Consumer Services
AFYA,Afya Limited Class A Common Shares,$14.135,-0.215,-1.498%,1270279671.00,Brazil,2019,23192,Real Estate,Other Consumer Services
AG,First Majestic Silver Corp. Ordinary Shares (Canada),$20.415,0.165,0.815%,10067397755.00,Canada,,5827074,Basic Materials,Precious Metals
AGAE,Allied Gaming & Entertainment Inc. Common Stock,$0.5415,0.0403,8.041%,20418303.00,United States,2017,708011,Consumer Discretionary,Services-Misc. Amusement & Recreation
AGBK,AGI Inc Class A Common Shares,$7.54,0.09,1.208%,1205872728.00,,2026,23581,Finance,Commercial Banks
AGCC,Agencia Comercial Spirits Ltd Class A Ordinary Shares,$22.42,1.41,6.711%,764835880.00,Taiwan,2025,16505,Consumer Staples,Beverages (Production/Distribution)
AGCO,AGCO Corporation Common Stock,$116.01,-3.53,-2.953%,8399566462.00,United States,,214249,Industrials,Industrial Machinery/Components
AGD,abrdn Global Dynamic Dividend Fund Common Shares of Beneficial Interest,$11.97,0.10,0.842%,0.00,United States,2006,34683,Finance,Trusts Except Educational Religious and Charitable
AGEN,Agenus Inc. Common Stock,$3.82,0.06,1.596%,146681712.00,United States,2000,309033,Health Care,Biotechnology: Biological Products (No Diagnostic Substances)
AGH,Aureus Greenway Holdings Inc. Common Stock,$3.9516,0.3216,8.86%,80038401.00,United States,2025,649421,Consumer Discretionary,Hotels/Resorts
AGI,Alamos Gold Inc. Class A Common Shares,$45.1799,1.1999,2.728%,18970172420.00,Canada,2015,1234547,Basic Materials,Precious Metals
AGIG,Abundia Global Impact Group Inc. Common stock,$1.165,-0.085,-6.80%,50934964.00,United States,,82289,Energy,Oil & Gas Production
AGIO,Agios Pharmaceuticals Inc. Common Stock,$25.36,-0.38,-1.476%,1485897482.00,United States,2013,362920,Health Care,Biotechnology: Pharmaceutical Preparations
AGL,agilon health inc. Common Stock,$25.755,-0.565,-2.147%,427687401.00,United States,2021,110346,Health Care,Misc Health and Biotechnology Services
AGM,Federal Agricultural Mortgage Corporation Common Stock,$173.95,0.55,0.317%,1888571845.00,United States,,74996,Finance,Finance Companies
AGM^D,Federal Agricultural Mortgage Corporation 5.700% Non-Cumulative Preferred Stock Series D,$20.7633,0.0733,0.354%,,United States,,3278,,
AGM^E,Federal Agricultural Mortgage Corporation 5.750% Non-Cumulative Preferred Stock Series E,$21.15,0.10,0.475%,,United States,,1688,,
AGM^F,Federal Agricultural Mortgage Corporation 5.250% Non-Cumulative Preferred Stock Series F,$19.1768,-0.0582,-0.303%,,United States,,2109,,
AGM^G,Federal Agricultural Mortgage Corporation 4.875% Non-Cumulative Preferred Stock Series G,$17.7848,0.0098,0.055%,,United States,,1639,,
AGM^H,Federal Agricultural Mortgage Corporation 6.500% Non-Cumulative Preferred Stock Series H,$24.20,0.01,0.041%,,United States,,100,,
AGMB,AgomAb Therapeutics NV American Depositary Shares,$10.79,0.09,0.841%,525869845.00,Belgium,2026,41478,Health Care,Biotechnology: Biological Products (No Diagnostic Substances)
AGMH,AGM Group Holdings Inc. Class A Ordinary Shares,$0.8798,-0.0052,-0.588%,3078359.00,Hong Kong,2018,25776,Technology,EDP Services
AGNC,AGNC Investment Corp. Common Stock,$11.02,0.16,1.473%,12218652783.00,United States,2008,5597120,Real Estate,Real Estate Investment Trusts
AGNCL,AGNC Investment Corp. Depositary Shares Each Representing a 1/1000th Interest in a Share of 7.75% Series G Fixed-Rate Reset Cumulative Redeemable Preferred Stock,$24.74,-0.21,-0.842%,27430986376.00,United States,,3816,Real Estate,Real Estate Investment Trusts
AGNCM,AGNC Investment Corp. Depositary Shares rep 6.875% Series D Fixed-to-Floating Cumulative Redeemable Preferred Stock,$24.865,-0.005,-0.02%,27569582710.00,United States,,2036,Real Estate,Real Estate Investment Trusts
AGNCN,AGNC Investment Corp. Depositary Shares Each Representing a 1/1000th Interest in a Share of 7.00% Series C Fixed-To-Floating Rate Cumulative Redeemable Preferred Stock,$25.74,0.03,0.117%,28539757046.00,United States,,10371,Real Estate,Real Estate Investment Trusts
AGNCO,AGNC Investment Corp. Depositary Shares each representing a 1/1000th interest in a share of 6.50% Series E Fixed-to-Floating Cumulative Redeemable Preferred Stock,$25.47,-0.03,-0.118%,28240388965.00,United States,,5405,Real Estate,Real Estate Investment Trusts
AGNCP,AGNC Investment Corp. Depositary Shares Each Representing a 1/1000th Interest in a Share of 6.125% Series F Fixed-to-Floating Rate Cumulative Redeemable Preferred Stock,$24.80,0.05,0.202%,27497512616.00,United States,,41314,Real Estate,Real Estate Investment Trusts
AGNCZ,AGNC Investment Corp. Depositary Shares Each Representing a 1/1000th Interest in a Share of 8.75% Series H Fixed-Rate Cumulative Redeemable Preferred Stock,$25.4201,0.0401,0.158%,28185061308.00,United States,,28171,,
AGO,Assured Guaranty Ltd. Common Stock,$83.55,0.20,0.24%,3748191025.00,Bermuda,2004,66427,Finance,Property-Casualty Insurers
AGPU,Axe Compute Inc. Common Stock,$6.92,-0.18,-2.535%,38331728.00,United States,,911200,Health Care,Industrial Specialties
AGRO,Adecoagro S.A. Common Shares,$12.6595,-0.6105,-4.601%,1790885675.00,Luxembourg,2011,473432,Consumer Staples,Farming/Seeds/Milling
AGRZ,Agroz Inc. Ordinary Shares,$0.3877,0.0099,2.62%,7918185.00,Malaysia,2025,43322,Consumer Staples,Farming/Seeds/Milling
AGX,Argan Inc. Common Stock,$663.43,6.64,1.011%,9261791295.00,United States,,60583,Consumer Discretionary,Engineering & Construction
AGYS,Agilysys Inc. Common Stock (DE),$66.13,3.04,4.819%,1858798374.00,United States,,69018,Technology,EDP Services
AHCO,AdaptHealth Corp. Common Stock,$12.765,0.035,0.275%,1734952626.00,United States,2018,238588,Health Care,Medical/Nursing Services
AHG,Akso Health Group ADS,$1.9775,-0.1425,-6.722%,1091305478.00,China,2017,171285,Real Estate,Real Estate
AHL^D,Aspen Insurance Holdings Limited 5.625% Perpetual Non-Cumulative Preference Shares,$21.00,0.125,0.599%,,Bermuda,,2692,,
AHL^E,Aspen Insurance Holdings Limited Depositary Shares each representing a 1/1000th interest in a share of 5.625% Perpetual Non-Cumulative Preference Shares,$20.94,0.24,1.159%,,Bermuda,,1811,,
AHL^F,Aspen Insurance Holdings Limited Depositary Shares each representing a 1/1000th Interest in a 7.00% Perpetual Non-Cumulative Preference Share,$24.92,0.07,0.282%,,Bermuda,,158,,
AHMA,Ambitions Enterprise Management Co. L.L.C Class A Ordinary Shares,$1.11,0.05,4.717%,32745000.00,United Arab Emirates,2025,89011,Consumer Discretionary,Services-Misc. Amusement & Recreation
AHR,American Healthcare REIT Inc. Common Stock,$50.45,-0.13,-0.257%,9679850480.00,United States,2024,553205,Real Estate,Real Estate Investment Trusts
AHRT,AH Realty Trust Inc. Common Stock,$6.04,0.04,0.667%,484267202.00,United States,2013,162323,Finance,Real Estate
AHRT^A,AH Realty Trust Inc. 6.75% Series A Cumulative Redeemable Perpetual Preferred Stock,$21.52,0.00,0.00%,,United States,,250,,
AHT,Ashford Hospitality Trust Inc Common Stock,$2.98,-0.04,-1.325%,19299943.00,United States,2003,7141,Real Estate,Real Estate Investment Trusts
AHT^D,Ashford Hospitality Trust Inc 8.45% Series D Cumulative Preferred Stock,$7.42,-0.01,-0.135%,,United States,,571,,
AHT^F,Ashford Hospitality Trust Inc 7.375% Series F Cumulative Preferred Stock,$6.50,-0.0099,-0.152%,,United States,,332,,
AHT^G,Ashford Hospitality Trust Inc 7.375% Series G Cumulative Preferred Stock,$6.325,0.045,0.717%,,United States,,3788,,
AHT^H,Ashford Hospitality Trust Inc 7.50% Series H Cumulative Preferred Stock,$6.25,-0.3499,-5.302%,,United States,,2082,,
AHT^I,Ashford Hospitality Trust Inc 7.50% Series I Cumulative Preferred Stock,$6.5399,0.00,0.00%,,United States,,24,,
AI,C3.ai Inc. Class A Common Stock,$8.615,0.075,0.878%,1251683878.00,United States,2020,1407448,Technology,Computer Software: Prepackaged Software
AIB,BlockchAIn Digital Infrastructure Inc Common Shares,$1.57,-0.01,-0.633%,59077637.00,,2026,154721,Finance,Investment Bankers/Brokers/Service
AIDX,20/20 Biolabs Inc. Common Stock,$1.6474,0.0274,1.691%,17264899.00,United States,,25669,Health Care,Precision Instruments
AIFF,Firefly Neuroscience Inc. Common Stock,$2.299,0.239,11.602%,34009279.00,United States,,729675,Technology,Computer Software: Prepackaged Software
AIFU,AIFU Inc. Class A Ordinary Share,$1.35,-0.03,-2.174%,166656299.00,China,2007,2733,Finance,Specialty Insurers
AIG,American International Group Inc. New Common Stock,$76.08,-0.25,-0.328%,40692663862.00,United States,,576631,Finance,Life Insurance
AIHS,Senmiao Technology Limited Common Stock,$1.27,-0.04,-3.053%,5788011.00,China,2018,2556,Finance,Finance: Consumer Services
AII,American Integrity Insurance Group Inc. Common Stock,$19.22,-0.13,-0.672%,376353412.00,United States,2025,20287,Finance,Property-Casualty Insurers
AIIA,AI Infrastructure Acquisition Corp. Class A Ordinary Shares,$10.10,0.00,0.00%,0.00,,2025,101,Finance,Blank Checks
AIIO,Robo.ai Inc. Class B Ordinary Shares,$0.6307,-0.0616,-8.898%,12364890.00,United Arab Emirates,,194705,Industrials,Auto Manufacturing
AIIOW,Robo.ai Inc. Warrant,$0.0159,-0.0021,-11.667%,311720.00,United Arab Emirates,,38471,Industrials,Auto Manufacturing
AIM,AIM ImmunoTech Inc. Common Stock,$0.5102,-0.0098,-1.885%,4174465.00,,,50111,Health Care,Biotechnology: Biological Products (No Diagnostic Substances)
AIMD,Ainos Inc. Common Stock,$1.7792,-0.0008,-0.045%,12927687.00,United States,,12867,Health Care,Biotechnology: Pharmaceutical Preparations
AIMDW,Ainos Inc. Warrants,$0.079,-0.006,-7.059%,574015.00,United States,,1100,Health Care,Biotechnology: Pharmaceutical Preparations
AIN,Albany International Corporation Common Stock,$56.00,-0.49,-0.867%,1584986144.00,United States,,62797,Consumer Discretionary,Textiles
AIO,Virtus Artificial Intelligence & Technology Opportunities Fund Common Shares of Beneficial Interest,$24.68,0.42,1.731%,847535189.00,,2019,28333,Finance,Finance/Investors Services
AIOS,AIOS Tech Inc. Class A Common Shares,$0.4286,0.0343,8.699%,27852612.00,China,2016,52858,Industrials,Metal Fabrications
AIOT,PowerFleet Inc. Common Stock,$3.395,-0.035,-1.02%,455430005.00,United States,,1648642,Telecommunications,Telecommunications Equipment
AIP,Arteris Inc. Common Stock,$26.61,2.30,9.461%,1226524565.00,United States,2021,830550,Technology,Semiconductors
AIR,AAR Corp. Common Stock,$111.43,-0.65,-0.58%,4430932383.00,United States,,92248,Industrials,Aerospace
AIRE,reAlpha Tech Corp. Common Stock,$0.2732,0.0026,0.961%,36022116.00,United States,,708878,Finance,Real Estate
AIRG,Airgain Inc. Common Stock,$6.63,0.03,0.455%,81044404.00,United States,2016,70977,Technology,Radio And Television Broadcasting And Communications Equipment
AIRI,Air Industries Group Common Stock,$3.17,0.01,0.316%,15155941.00,United States,,9435,Industrials,Military/Government/Technical
AIRJ,AirJoule Technologies Corporation Class A Common Stock,$3.21,0.04,1.262%,219797495.00,United States,2022,110171,Industrials,Industrial Machinery/Components
AIRJW,AirJoule Technologies Corporation Warrant,$0.665,0.00,0.00%,45534372.00,United States,2022,241,Industrials,Industrial Machinery/Components
AIRO,AIRO Group Holdings Inc. Common Stock,$7.995,-0.255,-3.091%,251349864.00,United States,2025,160086,Industrials,Aerospace
AIRS,AirSculpt Technologies Inc. Common Stock,$2.495,0.005,0.201%,176011474.00,United States,2021,469923,Health Care,Medical/Nursing Services
AIRT,Air T Inc. Common Stock,$22.10,0.00,0.00%,59728322.00,United States,,34,Consumer Discretionary,Air Freight/Delivery Services
AIRTP,Air T Inc. Air T Funding Alpha Income Trust Preferred Securities,$19.00,-0.2499,-1.298%,51350141.00,United States,,1987,Consumer Discretionary,Air Freight/Delivery Services
AISP,Airship AI Holdings Inc. Class A Common Stock,$2.52,-0.02,-0.787%,86617848.00,United States,2021,182149,Technology,Computer Software: Prepackaged Software
AISPW,Airship AI Holdings Inc. Warrants,$0.79,0.0249,3.254%,27154008.00,United States,2021,9558,Technology,Computer Software: Prepackaged Software
AIT,Applied Industrial Technologies Inc. Common Stock,$294.325,-0.075,-0.025%,10979040653.00,United States,,40685,Consumer Discretionary,Industrial Specialties
AIV,Apartment Investment and Management Company Common Stock,$4.24,0.00,0.00%,610010182.00,United States,1994,147675,Real Estate,Real Estate Investment Trusts
AIXC,AIxCrypto Holdings Inc. Common Stock,$1.54,0.09,6.207%,31161889.00,United States,2015,27266,Health Care,Biotechnology: Pharmaceutical Preparations
AIXI,XIAO-I Corporation American Depositary Shares,$0.739,-0.341,-31.574%,9208188.00,China,2023,13677446,Technology,Computer Software: Prepackaged Software
AIZ,Assurant Inc. Common Stock,$230.9475,0.4875,0.212%,11479226088.00,United States,2004,87446,Finance,Property-Casualty Insurers
AIZN,Assurant Inc. 5.25% Subordinated Notes due 2061,$19.6608,0.0708,0.361%,992068456.00,United States,2020,1598,Finance,Property-Casualty Insurers
AJG,Arthur J. Gallagher & Co. Common Stock,$216.0375,-3.3325,-1.519%,55497454694.00,United States,,338678,Finance,Specialty Insurers
AKA,a.k.a. Brands Holding Corp. Common Stock,$10.9899,-0.0101,-0.092%,118896596.00,,2021,708,Consumer Discretionary,Catalog/Specialty Distribution
AKAM,Akamai Technologies Inc. Common Stock,$95.965,-0.215,-0.224%,14128259801.00,United States,1999,886196,Real Estate,Real Estate
AKAN,Akanda Corp. Common Shares,$10.01,0.64,6.83%,5349524.00,United Kingdom,2022,1243558,Health Care, Medicinal Chemicals and Botanical Products 
AKBA,Akebia Therapeutics Inc. Common Stock,$1.415,-0.015,-1.049%,379076257.00,United States,2014,1105668,Health Care,Biotechnology: Pharmaceutical Preparations
AKO/A,Embotelladora Andina S.A.,$24.40,0.00,0.00%,,Chile,,15,,
AKO/B,Embotelladora Andina S.A.,$29.28,-0.23,-0.779%,,Chile,,3406,,
AKR,Acadia Realty Trust Common Stock,$21.12,0.18,0.86%,2768153224.00,United States,,524963,Real Estate,Real Estate Investment Trusts
AKTS,Aktis Oncology Inc. Common stock,$22.46,0.38,1.721%,1241499005.00,United States,2026,107465,Health Care,Biotechnology: Pharmaceutical Preparations
AKTX,Akari Therapeutics plc ADS,$5.75,-0.25,-4.167%,6581381.00,United Kingdom,,1217,Health Care,Biotechnology: Pharmaceutical Preparations
ALAB,Astera Labs Inc. Common Stock,$210.4876,12.9476,6.554%,36045269635.00,United States,2024,3806146,Technology,Semiconductors
ALAR,Alarum Technologies Ltd. American Depositary Share,$6.83,-0.13,-1.868%,49520717.00,Israel,2018,14935,Technology,Computer Software: Prepackaged Software
ALB,Albemarle Corporation Common Stock,$186.75,-6.39,-3.308%,22015376147.00,United States,,1027588,Industrials,Major Chemicals
ALB^A,Albemarle Corporation Depositary Shares each representing a 1/20th of 7.25% Series A Mandatory Convertible Preferred Stock,$75.12,-2.08,-2.694%,,United States,,18396,,
ALBT,Avalon GloboCare Corp. Common Stock,$0.3849,-0.0189,-4.681%,3203757.00,United States,,190702,Health Care,Biotechnology: Biological Products (No Diagnostic Substances)
ALC,Alcon Inc. Ordinary Shares,$75.62,-0.24,-0.316%,37787314000.00,Switzerland,2019,275775,Health Care,Ophthalmic Goods
ALCO,Alico Inc. Common Stock,$42.30,0.58,1.39%,323876126.00,United States,,8498,,
ALCY,Alchemy Investments Acquisition Corp 1 Class A Ordinary Shares,$11.99,0.00,0.00%,0.00,United States,2023,13,Finance,Blank Checks
ALCYW,Alchemy Investments Acquisition Corp 1 Warrants,$0.11,-0.03,-21.429%,0.00,United States,2023,2500,Finance,Blank Checks
ALDF,Aldel Financial II Inc. Class A Ordinary Shares,$10.61,0.00,0.00%,0.00,United States,2024,4,,
ALDFU,Aldel Financial II Inc. Units,$10.66,0.00,0.00%,0.00,United States,2024,101,Finance,Blank Checks
ALDFW,Aldel Financial II Inc. Warrants,$0.3202,0.00,0.00%,0.00,United States,2024,7,Finance,Blank Checks
ALDX,Aldeyra Therapeutics Inc. Common Stock,$1.575,-0.025,-1.563%,94787882.00,United States,2014,884037,Health Care,Biotechnology: Pharmaceutical Preparations
ALEC,Alector Inc. Common Stock,$2.455,0.025,1.029%,270940136.00,United States,2019,129307,Health Care,Biotechnology: Biological Products (No Diagnostic Substances)
ALF,Centurion Acquisition Corp. Class A Ordinary Shares,$10.80,0.01,0.093%,0.00,United States,2024,25024,,
ALFUU,Centurion Acquisition Corp. Unit,$10.80,0.00,0.00%,0.00,United States,2024,5,Finance,Blank Checks
ALG,Alamo Group Inc. Common Stock,$173.37,-0.98,-0.562%,2101468741.00,United States,,96376,Industrials,Industrial Machinery/Components
ALGM,Allegro MicroSystems Inc. Common Stock,$44.89,1.28,2.935%,8317707154.00,United States,2020,782511,Technology,Semiconductors
ALGN,Align Technology Inc. Common Stock,$188.30,-2.37,-1.243%,13485532883.00,United States,2001,157237,Health Care,Industrial Specialties
ALGS,Aligos Therapeutics Inc. Common Stock,$6.52,0.39,6.362%,40344502.00,United States,2020,98409,Health Care,Biotechnology: Biological Products (No Diagnostic Substances)
ALGT,Allegiant Travel Company Common Stock,$80.3725,1.6325,2.073%,1482739528.00,United States,2006,143508,Consumer Discretionary,Air Freight/Delivery Services
ALH,Alliance Laundry Holdings Inc. Common Stock,$24.27,-0.24,-0.979%,4804118718.00,United States,2025,176096,Industrials,Industrial Machinery/Components
ALHC,Alignment Healthcare Inc. Common Stock,$20.88,0.05,0.24%,4265710774.00,United States,2021,935964,Health Care,Medical Specialities
ALIS,Calisa Acquisition Corp Ordinary shares,$10.04,0.00,0.00%,0.00,United States,2025,70,,
ALISR,Calisa Acquisition Corp Right,$0.55,0.00,0.00%,0.00,United States,2025,27506,Finance,Blank Checks
ALISU,Calisa Acquisition Corp Units,$10.5999,0.0999,0.951%,0.00,United States,2025,780,,
ALIT,Alight Inc. Class A Common Stock,$0.6717,0.0177,2.706%,354192514.00,United States,2021,6413367,Real Estate,Real Estate
ALK,Alaska Air Group Inc. Common Stock,$41.94,0.78,1.895%,4752228027.00,United States,,1632645,Consumer Discretionary,Air Freight/Delivery Services
ALKS,Alkermes plc Ordinary Shares,$33.51,-0.40,-1.18%,5571128580.00,Ireland,1991,350185,Health Care,Biotechnology: Pharmaceutical Preparations
ALKT,Alkami Technology Inc. Common Stock,$15.85,-0.09,-0.565%,1696219038.00,United States,2021,398679,Technology,Computer Software: Prepackaged Software
ALL,Allstate Corporation (The) Common Stock,$214.635,-1.925,-0.889%,55424619111.00,United States,,351354,Finance,Property-Casualty Insurers
ALL^B,Allstate Corporation (The) 5.100% Fixed-to-Floating Rate Subordinated Debentures due 2053,$25.90,0.03,0.116%,,United States,,2032,,
ALL^H,Allstate Corporation (The) Depositary Shares each representing a 1/1000th interest in a share of Fixed Rate Noncumulative Perpetual Preferred Stock Series H,$21.06,0.04,0.19%,,United States,,31385,,
ALL^I,Allstate Corporation (The) Depositary Shares each representing a 1/1000th interest in a share of Fixed Rate Noncumulative Perpetual Preferred Stock Series I,$19.445,0.085,0.439%,,United States,,5904,,
ALL^J,Allstate Corporation (The) Depositary Shares each representing a 1/1000th interest in a share of Fixed Rate Noncumulative Perpetual Preferred Stock Series J,$25.97,-0.01,-0.038%,,United States,,6935,,
ALLE,Allegion plc Ordinary Shares,$145.76,-1.66,-1.126%,12525995649.00,United States,2013,202369,Consumer Discretionary,Diversified Commercial Services
ALLO,Allogene Therapeutics Inc. Common Stock,$2.31,-0.04,-1.702%,796987914.00,United States,2018,2864309,Health Care,Biotechnology: Biological Products (No Diagnostic Substances)
ALLR,Allarity Therapeutics Inc. Common Stock,$1.35,-0.05,-3.571%,21355623.00,United States,,45501,Health Care,Biotechnology: Pharmaceutical Preparations
ALLT,Allot Ltd. Ordinary Shares,$7.30,0.17,2.384%,357138623.00,Israel,2006,198130,Telecommunications,Computer Communications Equipment
ALLY,Ally Financial Inc. Common Stock,$44.70,-0.32,-0.711%,13763945507.00,United States,2014,686473,Finance,Major Banks
ALM,Almonty Industries Inc. Common Shares,$21.785,-0.295,-1.336%,6142024362.00,Canada,,1238207,Basic Materials,Other Metals and Minerals
ALMR,Alamar Biosciences Inc. Common Stock,$24.46,0.19,0.783%,1621625819.00,United States,2026,459121,Industrials,Biotechnology: Laboratory Analytical Instruments
ALMS,Alumis Inc. Common Stock,$25.495,-0.495,-1.905%,3242946995.00,United States,2024,529101,Health Care,Biotechnology: Pharmaceutical Preparations
ALMU,Aeluma Inc. Common Stock,$20.14,1.43,7.643%,362579393.00,United States,,1390386,Technology,Semiconductors
ALNT,Allient Inc. Common Stock,$75.24,1.84,2.507%,1280441618.00,United States,,39421,Industrials,Electrical Products
ALNY,Alnylam Pharmaceuticals Inc. Common Stock,$304.36,-9.43,-3.005%,40610118688.00,United States,2004,270650,Health Care,Biotechnology: Pharmaceutical Preparations
ALOT,AstroNova Inc. Common Stock,$13.905,0.125,0.907%,106968940.00,United States,1983,20162,Technology,Computer peripheral equipment
ALOV,Aldabra 4 Liquidity Opportunity Vehicle Inc. Class A Ordinary Shares,$9.90,0.02,0.202%,0.00,United States,2026,35870,,
ALOVW,Aldabra 4 Liquidity Opportunity Vehicle Inc. Warrants,$0.40,0.00,0.00%,0.00,United States,2026,10,,
ALOY,REalloys Inc. Common Stock,$8.73,0.10,1.159%,498727449.00,United States,,874961,Technology,EDP Services
ALP,Alpha Compute Corp Common Stock,$0.2099,0.0269,14.699%,4918920.00,Canada,,13173117,Energy,Oil & Gas Production
ALPS,ALPS Group Inc Ordinary Share,$0.925,0.01,1.093%,153920302.00,Malaysia,,2003,,
ALRM,Alarm.com Holdings Inc. Common Stock,$44.01,0.55,1.266%,2185807614.00,United States,2015,108020,Technology,Computer Software: Prepackaged Software
ALRS,Alerus Financial Corporation Common Stock,$25.53,0.04,0.157%,652552697.00,United States,2019,45008,Finance,Major Banks
ALSN,Allison Transmission Holdings Inc. Common Stock,$135.92,-0.08,-0.059%,11298950630.00,United States,2012,180792,Consumer Discretionary,Auto Parts:O.E.M.
ALT,Altimmune Inc. Common Stock,$2.9025,0.0125,0.433%,377630276.00,United States,,4564324,Health Care,Biotechnology: Pharmaceutical Preparations
ALTG,Alta Equipment Group Inc. Class A Common Stock,$7.38,0.19,2.643%,240087415.00,United States,2019,72904,Industrials,Industrial Machinery/Components
ALTG^A,Alta Equipment Group Inc. Depositary Shares (each representing 1/1000th in a share of 10% Series A Cumulative Perpetual Preferred Stock),$25.12,-0.08,-0.317%,,United States,,551,,
ALTI,AlTi Global Inc. Class A Common Stock,$3.84,0.09,2.40%,578584896.00,United States,2021,75286,Finance,Investment Managers
ALTO,Alto Ingredients Inc. Common Stock,$5.31,0.00,0.00%,410423430.00,United States,,599989,Industrials,Major Chemicals
ALTS,ALT5 Sigma Corporation Common Stock,$0.8529,-0.0026,-0.304%,108460098.00,United States,,1838202,Finance,Finance: Consumer Services
ALV,Autoliv Inc. Common Stock,$118.45,2.14,1.84%,8867562386.00,Sweden,,290558,Consumer Discretionary,Auto Parts:O.E.M.
ALVO,Alvotech Ordinary Shares,$3.465,0.085,2.515%,1081247332.00,Luxembourg,,162245,Health Care,Biotechnology: Biological Products (No Diagnostic Substances)
ALVOW,Alvotech Warrant,$0.2144,-0.0356,-14.24%,66903154.00,Luxembourg,,521,Health Care,Biotechnology: Biological Products (No Diagnostic Substances)
ALX,Alexander's Inc. Common Stock,$246.56,0.51,0.207%,1259253422.00,United States,,26300,Real Estate,Real Estate Investment Trusts
ALXO,ALX Oncology Holdings Inc. Common Stock,$1.61,0.02,1.258%,216641466.00,United States,2020,290396,Health Care,Biotechnology: Pharmaceutical Preparations
ALZN,Alzamend Neuro Inc. Common Stock,$1.09,-0.04,-3.54%,4147168.00,United States,2021,43749,Health Care,Biotechnology: Pharmaceutical Preparations
AM,Antero Midstream Corporation Common Stock,$21.12,-0.26,-1.216%,9991470720.00,United States,2017,427878,Utilities,Natural Gas Distribution
AMAL,Amalgamated Financial Corp. Common Stock (DE),$40.37,0.00,0.00%,1205055037.00,United States,2018,32543,Finance,Major Banks
AMAT,Applied Materials Inc. Common Stock,$419.10,15.19,3.761%,332601895260.00,United States,1972,2073656,Technology,Semiconductors
AMBA,Ambarella Inc. Ordinary Shares,$65.71,4.37,7.124%,2877367239.00,United States,2012,486516,Technology,Semiconductors
AMBO,Ambow Education Holding Ltd. American Depository Shares (each representing twenty (20) Class A Ordinary Shares),$2.13,-0.075,-3.401%,6092486.00,China,,410,Real Estate,Other Consumer Services
AMBP,Ardagh Metal Packaging S.A. Ordinary Shares,$3.955,0.015,0.381%,2363901863.00,,,444878,Industrials,Containers/Packaging
AMBQ,Ambiq Micro Inc. Common Stock,$35.63,0.55,1.568%,761231886.00,United States,2025,96424,Technology,Semiconductors
AMBR,Amber International Holding Limited American Depositary Shares,$2.41,0.05,2.119%,225775849.00,Hong Kong,2017,5474,Finance,Finance: Consumer Services
AMC,AMC Entertainment Holdings Inc. Class A Common Stock,$1.605,-0.065,-3.892%,935389586.00,United States,2013,9638031,Consumer Discretionary,Movies/Entertainment
AMCI,AMC Robotics Corporation Common Stock,$6.96,0.14,2.053%,157263726.00,United States,2023,21979,Consumer Discretionary,Home Furnishings
AMCR,Amcor plc Ordinary Shares,$39.05,-0.59,-1.488%,18042884195.00,United Kingdom,2019,1137481,Consumer Discretionary,Miscellaneous manufacturing industries
AMCX,AMC Global Media Inc. Class A Common Stock,$8.45,-0.31,-3.539%,360933984.00,United States,,88243,Telecommunications,Cable & Other Pay Television Services
AMD,Advanced Micro Devices Inc. Common Stock,$350.39,45.06,14.758%,571254404774.00,United States,,56612610,Technology,Semiconductors
AME,AMETEK Inc.,$233.13,-1.87,-0.796%,53402023463.00,United States,,184655,Industrials,Industrial Machinery/Components
AMG,Affiliated Managers Group Inc. Common Stock,$289.64,5.25,1.846%,7691131262.00,United States,,107213,Finance,Investment Managers
AMGN,Amgen Inc. Common Stock,$345.1738,-3.4462,-0.989%,186285295875.00,United States,1983,949493,Health Care,Biotechnology: Biological Products (No Diagnostic Substances)
AMH,American Homes 4 Rent Common Shares of Beneficial Interest,$30.525,-0.085,-0.278%,11104866368.00,United States,2013,551924,Real Estate,Real Estate Investment Trusts
AMH^G,American Homes 4 Rent Series G cumulative redeemable perpetual preferred shares of beneficial interest,$22.9112,-0.0888,-0.386%,,United States,,2021,,
AMH^H,American Homes 4 Rent Series H cumulative redeemable perpetual Preferred Shares of Beneficial Interest,$23.85,0.135,0.569%,,United States,,1562,,
AMIX,Autonomix Medical Inc. Common Stock,$0.3602,-0.0074,-2.013%,4109646.00,United States,2024,39859,Health Care,Medical/Dental Instruments
AMKR,Amkor Technology Inc. Common Stock,$78.9199,6.0099,8.243%,19557238122.00,United States,1998,2756139,Technology,Semiconductors
AMLX,Amylyx Pharmaceuticals Inc. Common Stock,$17.13,-0.19,-1.097%,1893497851.00,United States,2022,181410,Health Care,Biotechnology: Pharmaceutical Preparations
AMN,AMN Healthcare Services Inc,$20.1411,-0.1489,-0.734%,778579276.00,United States,,126170,Consumer Discretionary,Professional Services
AMOD,Alpha Modus Holdings Inc. Class A Common Stock,$0.3481,-0.0099,-2.765%,17716656.00,United States,,995009,Miscellaneous,Multi-Sector Companies
AMODW,Alpha Modus Holdings Inc. Warrant,$0.0402,-0.0011,-2.663%,2045991.00,United States,,9290,Miscellaneous,Multi-Sector Companies
AMP,Ameriprise Financial Inc. Common Stock,$459.79,0.16,0.035%,41698202910.00,United States,,543516,Finance,Investment Managers
AMPG,Amplitech Group Inc. Common Stock,$1.935,0.045,2.381%,49016064.00,United States,,159548,Telecommunications,Telecommunications Equipment
AMPGR,Amplitech Group Inc. Series A Right,$0.0221,-0.018,-44.888%,559822.00,United States,,550,Telecommunications,Telecommunications Equipment
AMPGZ,Amplitech Group Inc. Series B Right,$0.0556,-0.0242,-30.326%,1408420.00,United States,,1026,Telecommunications,Telecommunications Equipment
AMPH,Amphastar Pharmaceuticals Inc. Common Stock,$21.55,0.54,2.57%,959728690.00,United States,2014,97725,Health Care,Biotechnology: Pharmaceutical Preparations
AMPL,Amplitude Inc. Class A Common Stock,$6.895,0.185,2.757%,922045528.00,United States,,375374,Technology,Computer Software: Prepackaged Software
AMPX,Amprius Technologies Inc. Common Stock,$21.19,-0.54,-2.485%,2903432695.00,United States,2022,2857620,Miscellaneous,Industrial Machinery/Components
AMPY,Amplify Energy Corp. Common Stock,$5.805,-0.085,-1.443%,239543644.00,United States,2016,242980,Energy,Oil & Gas Production
AMR,Alpha Metallurgical Resources Inc. Common Stock,$189.755,-9.155,-4.603%,2424852390.00,United States,2018,127752,Energy,Coal Mining
AMRC,Ameresco Inc. Class A Common Stock,$27.76,0.00,0.00%,1467950826.00,United States,2010,78018,Consumer Discretionary,Engineering & Construction
AMRN,Amarin Corporation plc,$14.46,-0.13,-0.891%,303269826.00,Ireland,,56749,Health Care,Biotechnology: Pharmaceutical Preparations
AMRX,Amneal Pharmaceuticals Inc. Class A Common Stock,$12.45,-0.20,-1.581%,3971537749.00,United States,,482167,Health Care,Biotechnology: Pharmaceutical Preparations
AMRZ,Amrize Ltd Ordinary Shares,$56.955,0.525,0.93%,31521751642.00,Switzerland,2025,648207,Industrials,Building Materials
AMS,American Shared Hospital Services Common Stock,$1.30,-0.035,-2.622%,8582600.00,United States,1988,50349,Health Care,Medical Specialities
AMSC,American Superconductor Corporation Common Stock,$48.3501,2.2001,4.767%,2302058741.00,United States,1991,829446,Consumer Discretionary,Metal Fabrications
AMSF,AMERISAFE Inc. Common Stock,$30.59,-0.50,-1.608%,572148355.00,United States,2005,55197,Finance,Property-Casualty Insurers
AMST,Amesite Inc. Common Stock,$1.49,0.05,3.472%,6813342.00,United States,2020,416272,Technology,Computer Software: Prepackaged Software
AMT,American Tower Corporation (REIT) Common Stock,$176.89,-2.12,-1.184%,82496201329.00,United States,,744659,Real Estate,Real Estate Investment Trusts
AMTB,Amerant Bancorp Inc. Class A Common Stock,$23.65,-0.35,-1.458%,923825121.00,United States,,118171,Finance,Major Banks
AMTD,AMTD IDEA Group American Depositary Shares each representing six (6) Class A Ordinary Shares,$1.01,-0.01,-0.98%,93771134.00,,,2498,Finance,Finance: Consumer Services
AMTM,Amentum Holdings Inc. Common Stock,$25.82,-1.05,-3.908%,6298406244.00,United States,2024,620928,Real Estate,Real Estate
AMTX,Aemetis Inc. (DE) Common Stock,$2.605,-0.085,-3.16%,177519257.00,United States,,564471,Industrials,Major Chemicals
AMWD,American Woodmark Corporation Common Stock,$45.135,-0.245,-0.54%,657598670.00,United States,1986,38716,Basic Materials,Forest Products
AMWL,American Well Corporation Class A Common Stock,$5.86,-0.24,-3.934%,96993595.00,United States,2020,9511,Real Estate,Real Estate
AMX,America Movil S.A.B. de C.V. American Depositary Shares (each representing the right to receive twenty (20) Series B Shares,$26.5599,0.5199,1.997%,80662416300.00,Mexico,2023,657858,Telecommunications,Telecommunications Equipment
AMZE,Amaze Holdings Inc. Common Stock,$0.1583,0.0038,2.46%,7124672.00,,2021,1628546,Consumer Staples,Beverages (Production/Distribution)
AMZN,Amazon.com Inc. Common Stock,$261.8701,6.7901,2.662%,2816216994029.00,United States,1997,31435932,Consumer Discretionary,Catalog/Specialty Distribution
AN,AutoNation Inc. Common Stock,$203.29,0.32,0.158%,6978028252.00,United States,,69763,Consumer Discretionary,Retail-Auto Dealers and Gas Stations
ANAB,AnaptysBio Inc. Common Stock,$50.38,-0.89,-1.736%,1448337087.00,United States,2017,120878,Health Care,Biotechnology: Pharmaceutical Preparations
ANDE,Andersons Inc. (The) Common Stock,$76.505,-0.195,-0.254%,2605259575.00,United States,,45307,Industrials,Farming/Seeds/Milling
ANDG,Andersen Group Inc. Class A Common Stock,$35.24,-0.30,-0.844%,3928434080.00,,2025,111947,Real Estate,Real Estate
ANET,Arista Networks Inc. Common Stock,$179.16,6.61,3.831%,225592796512.00,United States,,3001219,Telecommunications,Computer Communications Equipment
ANF,Abercrombie & Fitch Company Common Stock,$87.075,-2.155,-2.415%,3895607064.00,United States,,421639,Consumer Discretionary,Clothing/Shoe/Accessory Stores
ANG^D,American National Group Inc. Depositary Shares each representing a 1/1000th interest in a share of 7.375% Fixed-Rate Non-Cumulative Preferred Stock Series D,$24.93,0.05,0.201%,,United States,,8636,,
ANGH,Anghami Inc. Ordinary Shares,$3.909,0.099,2.598%,35434632.00,United Arab Emirates,,1361,Consumer Discretionary,Telecommunications Equipment
ANGHW,Anghami Inc. Warrants,$0.0105,0.00,0.00%,95181.00,United Arab Emirates,,10428,Consumer Discretionary,Telecommunications Equipment
ANGI,Angi Inc. Class A Common Stock,$7.245,0.215,3.058%,290558899.00,United States,,176444,Consumer Discretionary,Advertising
ANGO,AngioDynamics Inc. Common Stock,$11.13,-0.07,-0.625%,459879524.00,United States,2004,80219,Health Care,Medical/Dental Instruments
ANGX,Angel Studios Inc. Class A Common Stock,$2.455,0.095,4.025%,416950746.00,United States,2025,418640,Consumer Discretionary,Movies/Entertainment
ANIK,Anika Therapeutics Inc. Common Stock,$15.33,-0.09,-0.584%,205433513.00,United States,,35333,Health Care,Medical/Dental Instruments
ANIP,ANI Pharmaceuticals Inc.,$77.06,-1.00,-1.281%,1730626426.00,United States,,94932,Health Care,Biotechnology: Pharmaceutical Preparations
ANIX,Anixa Biosciences Inc. Common Stock,$3.0802,0.0402,1.322%,103272508.00,United States,,26770,Health Care,Biotechnology: Pharmaceutical Preparations
ANL,Adlai Nortye Ltd. American Depositary Shares,$14.46,-0.45,-3.018%,767496182.00,Cayman Islands,2023,142632,Health Care,Biotechnology: Pharmaceutical Preparations
ANNA,AleAnna Inc. Class A Common Stock,$3.97,-0.38,-8.736%,264617496.00,United States,,695099,Energy,Oil & Gas Production
ANNAW,AleAnna Inc. Warrant,$0.39,-0.02,-4.878%,25995170.00,United States,,10830,Energy,Oil & Gas Production
ANNX,Annexon Inc. Common Stock,$6.00,-0.06,-0.99%,975043668.00,United States,2020,572378,Health Care,Biotechnology: Pharmaceutical Preparations
ANPA,Rich Sparkle Holdings Limited Ordinary Shares,$8.205,0.035,0.428%,123909900.00,Hong Kong,2025,1807,Consumer Discretionary,Other Consumer Services
ANRO,Alto Neuroscience Inc. Common Stock,$24.575,-1.135,-4.415%,861420864.00,United States,2024,78852,Health Care,Biotechnology: Pharmaceutical Preparations
ANSC,Agriculture & Natural Solutions Acquisition Corporation Class A Ordinary Shares,$11.29,0.01,0.089%,0.00,United States,2024,89254,,
ANSCW,Agriculture & Natural Solutions Acquisition Corporation Warrant,$0.2099,0.0298,16.546%,0.00,United States,2024,500,,
ANTA,Antalpha Platform Holding Company Class A Ordinary Shares,$9.50,0.499,5.544%,227928902.00,Singapore,2025,2903,Finance,Investment Bankers/Brokers/Service
ANTX,AN2 Therapeutics Inc. Common Stock,$4.35,0.07,1.636%,156580621.00,United States,2022,108597,Health Care,Biotechnology: Pharmaceutical Preparations
ANVS,Annovis Bio Inc. Common Stock,$1.79,-0.02,-1.105%,52391934.00,United States,2020,417284,Health Care,Biotechnology: Pharmaceutical Preparations
ANY,Sphere 3D Corp. Common Shares,$1.42,0.01,0.709%,5349262.00,Canada,,40673,Finance,Finance: Consumer Services
AOD,abrdn Total Dynamic Dividend Fund Common Shares of Beneficial Interest,$9.9799,0.0399,0.401%,0.00,United States,2007,128640,Finance,Investment Managers
AOMD,Angel Oak Mortgage REIT Inc. 9.750% Senior Notes due 2030,$25.6162,0.0362,0.142%,0.00,United States,2025,900,Finance,Real Estate
AOMN,Angel Oak Mortgage REIT Inc. 9.500% Senior Notes due 2029,$25.06,-0.115,-0.457%,0.00,United States,2024,2609,Finance,Real Estate
AOMR,Angel Oak Mortgage REIT Inc. Common Stock,$9.03,0.10,1.12%,224979262.00,United States,2021,21520,Finance,Real Estate
AON,Aon plc Class A Ordinary Shares (Ireland),$320.775,-2.785,-0.861%,68727485954.00,United States,,187483,Finance,Specialty Insurers
AORT,Artivion Inc. Common Stock,$37.52,0.36,0.969%,1819569657.00,United States,,42779,Health Care,Medical/Dental Instruments
AOS,A.O. Smith Corporation Common Stock,$64.39,-0.70,-1.075%,8904487756.00,United States,,341434,Consumer Discretionary,Consumer Electronics/Appliances
AOSL,Alpha and Omega Semiconductor Limited Common Shares,$44.98,5.10,12.788%,1338641909.00,Bermuda,2010,925465,Technology,Semiconductors
AOUT,American Outdoor Brands Inc. Common Stock ,$9.66,0.00,0.00%,121675042.00,United States,,9005,Consumer Discretionary,Recreational Games/Products/Toys
AP,Ampco-Pittsburgh Corporation Common Stock,$10.425,0.155,1.509%,211902605.00,United States,,64990,Industrials,Fluid Controls
APA,APA Corporation Common Stock,$37.45,-1.21,-3.13%,13234845504.00,United States,,1828956,Energy,Oil & Gas Production
APAC,StoneBridge Acquisition II Corporation Class A Ordinary Shares,$10.06,0.00,0.00%,0.00,United States,2025,2,,
APACR,StoneBridge Acquisition II Corporation Rights,$0.15,0.00,0.00%,0.00,United States,2025,20,,
APACU,StoneBridge Acquisition II Corporation Units,$10.1728,-0.0272,-0.267%,0.00,United States,2025,1300,Finance,Blank Checks
APAD,A Paradise Acquisition Corp. Class A Ordinary Shares,$10.265,-0.025,-0.243%,0.00,Singapore,2025,498392,,
APADR,A Paradise Acquisition Corp. Rights,$0.70,0.00,0.00%,0.00,Singapore,2025,5340,,
APAM,Artisan Partners Asset Management Inc. Class A Common Stock,$38.11,-0.01,-0.026%,3089111310.00,United States,2013,122411,Finance,Investment Managers
APC,ARKO Petroleum Corp. Class A Common Stock,$17.90,0.06,0.336%,851506992.00,United States,2026,30479,Energy,Oil Refining/Marketing
APD,Air Products and Chemicals Inc. Common Stock,$302.22,-1.43,-0.471%,67291098738.00,United States,,215907,Basic Materials,Major Chemicals
APEI,American Public Education Inc. Common Stock,$56.1888,0.2488,0.445%,1034500650.00,United States,2007,133465,Real Estate,Other Consumer Services
APG,APi Group Corporation Common Stock,$48.89,-0.05,-0.102%,21147119965.00,United States,2020,826751,Consumer Discretionary,Engineering & Construction
APGE,Apogee Therapeutics Inc. Common Stock,$85.76,-2.53,-2.866%,5959054783.00,United States,2023,224324,Health Care,Biotechnology: Biological Products (No Diagnostic Substances)
APH,Amphenol Corporation Common Stock,$150.82,0.64,0.426%,185422739531.00,United States,,2247632,Technology,Electrical Products
API,Agora Inc. American Depositary Shares,$3.5907,0.0207,0.58%,303592913.00,China,2020,66432,Technology,Computer Software: Prepackaged Software
APLD,Applied Digital Corporation Common Stock,$35.80,-0.55,-1.513%,10230549496.00,United States,2022,23128556,Finance,Finance: Consumer Services
APLE,Apple Hospitality REIT Inc. Common Shares,$13.25,0.11,0.837%,3127605432.00,United States,2015,1183434,Real Estate,Real Estate Investment Trusts
APLM,Apollomics Inc. Class A Ordinary Shares,$13.2823,0.0423,0.319%,28518493.00,United States,,1430,Health Care,Biotechnology: Pharmaceutical Preparations
APLMW,Apollomics Inc. Warrant,$0.0152,0.00,0.00%,32636.00,United States,,264,Health Care,Biotechnology: Pharmaceutical Preparations
APLS,Apellis Pharmaceuticals Inc. Common Stock,$40.915,-0.025,-0.061%,5230160727.00,United States,2017,1195577,Health Care,Biotechnology: Pharmaceutical Preparations
APM,Aptorum Group Limited Class A Ordinary Shares,$0.97,0.0515,5.607%,7899444.00,Hong Kong,2018,36253,Health Care,Biotechnology: Pharmaceutical Preparations
APO,Apollo Global Management Inc. (New) Common Stock,$124.95,0.18,0.144%,72252004883.00,United States,,1050427,Finance,Investment Managers
APO^A,Apollo Global Management Inc. 6.75% Series A Mandatory Convertible Preferred Stock,$63.87,-0.02,-0.031%,,United States,,816,,
APOG,Apogee Enterprises Inc. Common Stock,$39.245,3.655,10.27%,844164502.00,United States,,168918,Consumer Discretionary,Auto Parts:O.E.M.
APOS,Apollo Global Management Inc. 7.625% Fixed-Rate Resettable Junior Subordinated Notes due 2053,$25.9001,0.0801,0.31%,14750994572.00,United States,1987,7820,Finance,Investment Managers
APP,Applovin Corporation Class A Common Stock,$440.83,-13.34,-2.937%,148248676663.00,United States,2021,2306562,Technology,Computer Software: Programming Data Processing
APPF,AppFolio Inc. Class A Common Stock,$170.08,17.78,11.674%,6121166954.00,United States,2015,434173,Technology,Computer Software: Prepackaged Software
APPN,Appian Corporation Class A Common Stock,$21.615,0.015,0.069%,1607357866.00,United States,2017,308172,Technology,Computer Software: Prepackaged Software
APPS,Digital Turbine Inc. Common Stock,$3.465,0.015,0.435%,415453268.00,United States,,1230659,Miscellaneous,Multi-Sector Companies
APRE,Aprea Therapeutics Inc. Common stock,$0.90,0.0157,1.775%,10784498.00,United States,2019,24684,Health Care,Biotechnology: Pharmaceutical Preparations
APT,Alpha Pro Tech Ltd. Common Stock,$4.53,0.01,0.221%,46139984.00,Canada,2000,2165,Health Care,Industrial Specialties
APTV,Aptiv PLC Ordinary Shares,$60.48,0.07,0.116%,12890787336.00,United Kingdom,,587059,Consumer Discretionary,Auto Parts:O.E.M.
APVO,Aptevo Therapeutics Inc. Common Stock,$4.95,0.065,1.331%,5849539.00,United States,,14602,Health Care,Biotechnology: Pharmaceutical Preparations
APWC,Asia Pacific Wire & Cable Corporation Ltd. Ordinary Shares (Bermuda),$1.38,0.04,2.985%,28450393.00,Taiwan,,4186,Industrials,Telecommunications Equipment
APXT,Apex Treasury Corporation Class A Ordinary Share,$9.99,0.00,0.00%,0.00,United States,2025,36955,Technology,Computer Software: Prepackaged Software
APXTU,Apex Treasury Corporation Units,$10.11,0.02,0.198%,0.00,United States,2025,1000,Finance,Blank Checks
APXTW,Apex Treasury Corporation Warrants,$0.235,0.0014,0.599%,0.00,United States,2025,25000,Finance,Blank Checks
APYX,Apyx Medical Corporation Common Stock,$3.75,-0.05,-1.316%,156859598.00,United States,,20650,Health Care,Medical/Dental Instruments
AQB,AquaBounty Technologies Inc. Common Stock,$0.94,-0.0225,-2.338%,4838372.00,United States,,24865,Consumer Staples,Meat/Poultry/Fish
AQMS,Aqua Metals Inc. Common Stock,$4.57,0.17,3.864%,15312260.00,United States,2015,21657,Industrials,Metal Fabrications
AQN,Algonquin Power & Utilities Corp. Common Shares,$6.265,-0.045,-0.713%,4815854265.00,United States,2016,2091423,Utilities,Electric Utilities: Central
AQNB,Algonquin Power & Utilities Corp. 6.20% Fixed-to-Floating Subordinated Notes Series 2019-A due July 1 2079,$25.9141,0.0241,0.093%,19902676678.00,United States,2019,1964,Utilities,Electric Utilities: Central
AQST,Aquestive Therapeutics Inc. Common Stock,$4.0409,-0.0291,-0.715%,493171839.00,United States,2018,583165,Health Care,Biotechnology: Pharmaceutical Preparations
AR,Antero Resources Corporation Common Stock,$37.51,-0.69,-1.806%,11572772750.00,United States,2013,1212940,Energy,Oil & Gas Production
ARAI,Arrive AI Inc. Common Stock,$0.7299,-0.0123,-1.657%,34839142.00,United States,,1161357,Consumer Discretionary,Diversified Commercial Services
ARAY,Accuray Incorporated Common Stock,$0.4493,-0.0037,-0.817%,53369036.00,United States,2007,759806,Health Care,Medical/Dental Instruments
ARBB,ARB IOT Group Limited Ordinary Shares,$4.7499,-0.0001,-0.002%,8384789.00,Malaysia,2023,708,Technology,EDP Services
ARBE,Arbe Robotics Ltd. Ordinary Shares,$0.7951,0.0471,6.297%,86815468.00,Israel,,532963,Technology,EDP Services
ARBEW,Arbe Robotics Ltd. Warrant,$0.0386,-0.0065,-14.412%,4214661.00,Israel,,29559,Technology,EDP Services
ARBK,Argo Blockchain plc American Depositary Shares,$3.8209,-0.1991,-4.953%,51045971.00,United Kingdom,2021,17338,Finance,Finance: Consumer Services
ARCB,ArcBest Corporation Common Stock,$124.56,4.67,3.895%,2777165222.00,United States,,124666,Industrials,Trucking Freight/Courier Services
ARCC,Ares Capital Corporation Common Stock,$18.765,0.145,0.779%,13473698686.00,United States,2004,2442216,Finance,Finance: Consumer Services
ARCI,Archimedes Tech SPAC Partners III Co. Ordinary Share,$9.89,0.00,0.00%,0.00,United States,2026,50000,,
ARCIU,Archimedes Tech SPAC Partners III Co. Units,$10.01,0.00,0.00%,0.00,United States,2026,16,Finance,Blank Checks
ARCIW,Archimedes Tech SPAC Partners III Co. Warrant,$0.4402,0.00,0.00%,0.00,United States,2026,14,,
ARCO,Arcos Dorados Holdings Inc. Class A Shares,$9.22,-0.07,-0.753%,1942313386.00,Argentina,2011,396850,Consumer Discretionary,Restaurants
ARCT,Arcturus Therapeutics Holdings Inc. Common Stock,$8.56,0.09,1.063%,243301471.00,Israel,2013,129899,Health Care,Biotechnology: Pharmaceutical Preparations
ARDC,Ares Dynamic Credit Allocation Fund Inc. Common Shares,$12.46,-0.01,-0.08%,285520140.00,United States,2012,38124,Finance,Investment Managers
ARDT,Ardent Health Inc. Common Stock,$9.57,-0.11,-1.136%,1369425485.00,United States,2024,143581,Health Care,Hospital/Nursing Management
ARDX,Ardelyx Inc. Common Stock,$5.965,0.005,0.084%,1462900902.00,United States,2014,731235,Health Care,Biotechnology: Pharmaceutical Preparations
ARE,Alexandria Real Estate Equities Inc. Common Stock,$46.8345,0.4545,0.98%,8108320322.00,United States,,418445,Real Estate,Real Estate Investment Trusts
AREC,American Resources Corporation Class A Common Stock,$2.165,-0.03,-1.367%,231494398.00,United States,,958568,Energy,Coal Mining
AREN,The Arena Group Holdings Inc. Common Stock,$2.12,0.10,4.95%,100917915.00,United States,2022,42831,Technology,EDP Services
ARES,Ares Management Corporation Class A Common Stock,$115.785,1.005,0.876%,37786774347.00,United States,2014,571642,Finance,Investment Managers
ARES^B,Ares Management Corporation 6.75% Series B Mandatory Convertible Preferred Stock,$38.695,0.125,0.324%,,United States,,11504,,
ARGX,argenx SE American Depositary Shares,$778.89,-9.06,-1.15%,48340162834.00,Netherlands,2017,146965,Health Care,Biotechnology: Biological Products (No Diagnostic Substances)
ARHS,Arhaus Inc. Class A Common Stock,$7.645,0.125,1.662%,1080077909.00,United States,2021,216039,Consumer Discretionary,Other Specialty Stores
ARI,Apollo Commercial Real Estate Finance Inc,$11.09,0.05,0.453%,1548152721.00,United States,2009,222220,Real Estate,Real Estate Investment Trusts
ARIS,Aris Mining Corporation Common Shares,$19.02,0.26,1.386%,3924097872.00,,2023,208048,,
ARKO,ARKO Corp. Common Stock,$6.655,0.115,1.758%,746582537.00,United States,,364047,Consumer Staples,Food Chains
ARKR,Ark Restaurants Corp. Common Stock,$6.80,-0.0953,-1.382%,24521868.00,United States,,1047,Consumer Discretionary,Restaurants
ARL,American Realty Investors Inc. Common Stock,$14.50,0.00,0.00%,234204624.00,United States,,109,Real Estate,Other Consumer Services
ARLO,Arlo Technologies Inc. Common Stock,$14.64,0.47,3.317%,1564363290.00,United States,2018,189283,Consumer Staples,Consumer Electronics/Appliances
ARLP,Alliance Resource Partners L.P. Common Units representing Limited Partners Interests,$24.87,-0.36,-1.427%,3199744381.00,United States,1999,173755,Energy,Coal Mining
ARM,Arm Holdings plc American Depositary Shares,$231.7201,27.1101,13.25%,245452759775.00,United Kingdom,2023,14814688,Technology,Semiconductors
ARMK,Aramark Common Stock,$46.415,0.245,0.531%,12199532894.00,United States,2013,589978,Consumer Discretionary,Restaurants
ARMP,Armata Pharmaceuticals Inc. Common Stock,$13.4735,-0.0565,-0.418%,493571694.00,United States,,17434,Health Care,Biotechnology: Biological Products (No Diagnostic Substances)
AROC,Archrock Inc. Common Stock,$36.955,0.765,2.114%,6465125069.00,United States,,270705,Utilities,Natural Gas Distribution
AROW,Arrow Financial Corporation Common Stock,$36.24,-0.30,-0.821%,598381942.00,United States,,25085,Finance,Major Banks
ARQ,Arq Inc. Common Stock,$2.325,0.025,1.087%,99687300.00,United States,,78598,Industrials,Major Chemicals
ARQQ,Arqit Quantum Inc. Ordinary Shares,$14.49,0.04,0.277%,226795437.00,United Kingdom,,206708,Technology,Computer Software: Prepackaged Software
ARQQW,Arqit Quantum Inc. Warrants,$0.1155,-0.0146,-11.222%,1807790.00,United Kingdom,,33090,Technology,Computer Software: Prepackaged Software
ARQT,Arcutis Biotherapeutics Inc. Common Stock,$23.19,0.33,1.444%,2900448644.00,United States,2020,408971,Health Care,Biotechnology: Pharmaceutical Preparations
ARR,ARMOUR Residential REIT Inc.,$17.6101,0.1101,0.629%,2184464507.00,United States,,1113106,Real Estate,Real Estate Investment Trusts
ARR^C,ARMOUR Residential REIT Inc. 7% Series C Cumulative Redeemable Preferred Stock (liquidation preference $25.00 per share),$21.015,-0.085,-0.403%,,United States,,10721,,
ARRY,Array Technologies Inc. Common Stock,$8.075,-0.035,-0.432%,1235832504.00,United States,2020,967397,Consumer Discretionary,Miscellaneous manufacturing industries
ARTC,Art Technology Acquisition Corp. Class A Ordinary Shares,$9.85,0.00,0.00%,0.00,United States,2026,2,Finance,Blank Checks
ARTCU,Art Technology Acquisition Corp. Units,$9.97,0.02,0.201%,0.00,United States,2026,1297,,
ARTCW,Art Technology Acquisition Corp. Warrants,$0.34,-0.0099,-2.829%,0.00,United States,2026,2300,,
ARTL,Artelo Biosciences Inc. Common Stock,$4.0617,0.0717,1.797%,3810415.00,United States,,130850,Health Care,Biotechnology: Pharmaceutical Preparations
ARTNA,Artesian Resources Corporation Class A Common Stock,$32.215,0.065,0.202%,332406676.00,United States,,8282,Utilities,Water Supply
ARTV,Artiva Biotherapeutics Inc. Common Stock,$10.80,-0.50,-4.425%,266940058.00,United States,2024,75913,Health Care,Biotechnology: Biological Products (No Diagnostic Substances)
ARTW,Art's-Way Manufacturing Co. Inc. Common Stock,$3.00,0.00,0.00%,15544158.00,United States,,6327,Industrials,Industrial Machinery/Components
ARVN,Arvinas Inc. Common Stock,$10.35,-0.07,-0.672%,661996319.00,United States,2018,185130,Health Care,Biotechnology: Pharmaceutical Preparations
ARW,Arrow Electronics Inc. Common Stock,$188.92,1.42,0.757%,9650802504.00,United States,,255390,Technology,Electronic Components
ARWR,Arrowhead Pharmaceuticals Inc. Common Stock,$74.89,0.49,0.659%,10487010709.00,United States,,680132,Health Care,Biotechnology: Pharmaceutical Preparations
ARX,Accelerant Holdings Class A Common Shares,$13.41,-1.06,-7.326%,2979165654.00,Cayman Islands,2025,552622,Finance,Specialty Insurers
ARXS,Arxis Inc. Class A Common Stock,$36.255,-0.995,-2.671%,14764014595.00,United States,2026,174588,Industrials,Military/Government/Technical
AS,Amer Sports Inc. Ordinary Shares,$36.15,0.28,0.781%,20159676040.00,,2024,700717,Consumer Discretionary,Apparel
ASA,ASA  Gold and Precious Metals Limited,$67.20,1.36,2.066%,1243189920.00,United States,,19199,Industrials,Precious Metals
ASAN,Asana Inc. Class A Common Stock,$6.165,0.065,1.066%,1486634647.00,United States,2020,3419422,Technology,Computer Software: Prepackaged Software
ASB,Associated Banc-Corp Common Stock,$27.44,-0.47,-1.684%,4536753161.00,United States,,1287197,Finance,Major Banks
ASB^E,Associated Banc-Corp Depositary Shares each representing a 1/40th interest in a share of 5.875% Non-Cumulative Perpetual Preferred Stock Series E,$20.975,0.175,0.841%,,United States,,1807,,
ASB^F,Associated Banc-Corp Depositary Shares each representing a 1/40th interest in a share of Associated Banc-Corp 5.625% Non-Cumulative Perpetual Preferred Stock Series F,$20.375,-0.005,-0.025%,,United States,,313,,
ASBA,Associated Banc-Corp 6.625% Fixed-Rate Reset Subordinated Notes due 2033,$25.02,0.02,0.08%,3775538391.00,United States,2023,3346,Finance,Major Banks
ASBP,Aspire Biopharma Holdings Inc. Common Stock,$0.203,-0.012,-5.581%,1019897.00,United States,2022,3419628,Health Care,Biotechnology: Pharmaceutical Preparations
ASBPW,Aspire Biopharma Holdings Inc. Warrant,$0.016,0.0007,4.575%,80386.00,United States,2022,4200,Health Care,Biotechnology: Pharmaceutical Preparations
ASC,Ardmore Shipping Corporation Common Stock,$16.47,0.27,1.667%,672019053.00,,2013,204199,Consumer Discretionary,Marine Transportation
ASG,Liberty All-Star Growth Fund Inc.,$5.205,0.065,1.265%,0.00,United States,,188788,Finance,Investment Managers
ASGI,abrdn Global Infrastructure Income Fund Common Shares of Beneficial Interest,$23.765,-0.075,-0.315%,0.00,United States,2020,49798,Finance,Investment Managers
ASH,Ashland Inc. Common Stock,$57.17,0.36,0.634%,2616235893.00,United States,,139685,Consumer Discretionary,Specialty Chemicals
ASIC,Ategrity Specialty Insurance Company Holdings Common Stock,$20.59,0.30,1.479%,989692818.00,,2025,7848,Finance,Property-Casualty Insurers
ASIX,AdvanSix Inc. Common Stock ,$23.21,0.25,1.089%,623720288.00,United States,2016,57455,Industrials,Major Chemicals
ASLE,AerSale Corporation Common Stock,$6.825,0.015,0.22%,322500558.00,United States,2019,79192,Consumer Discretionary,Industrial Specialties
ASM,Avino Silver & Gold Mines Ltd. Common Shares (Canada),$6.905,-0.085,-1.216%,1159650896.00,Canada,,3169249,Basic Materials,Metal Mining
ASMB,Assembly Biosciences Inc. Common Stock,$27.97,-0.36,-1.271%,444516246.00,United States,2010,16976,Health Care,Biotechnology: Pharmaceutical Preparations
ASML,ASML Holding N.V. New York Registry Shares,$1468.7017,50.9017,3.59%,566063579796.00,Netherlands,1995,1000454,Technology,Industrial Machinery/Components
ASND,Ascendis Pharma A/S Ordinary Share,$222.43,-2.57,-1.142%,13785634861.00,Denmark,2015,179805,Health Care,Biotechnology: Pharmaceutical Preparations
ASO,Academy Sports and Outdoors Inc. Common Stock,$56.74,-0.03,-0.053%,3660191523.00,United States,2020,424193,Consumer Discretionary,Other Specialty Stores
ASPC,A SPAC III Acquisition Corp. Class A Ordinary Shares,$11.42,0.39,3.536%,0.00,China,2025,1458,Finance,Blank Checks
ASPCU,A SPAC III Acquisition Corp. Unit,$11.00,0.00,0.00%,0.00,China,2024,76,Finance,Blank Checks
ASPI,ASP Isotopes Inc. Common Stock,$5.48,0.05,0.921%,689950890.00,United States,2022,1467901,Industrials,Major Chemicals
ASPN,Aspen Aerogels Inc. Common Stock,$3.48,0.12,3.571%,288233098.00,United States,2014,752094,Consumer Discretionary,RETAIL: Building Materials
ASPS,Altisource Portfolio Solutions S.A. Common Stock,$6.13,-0.085,-1.368%,69139957.00,Luxembourg,,21645,Consumer Discretionary,Other Consumer Services
ASPSW,Altisource Portfolio Solutions S.A. Net Settle Stakeholder Warrants,$0.40,-0.07,-14.894%,4511580.00,Luxembourg,,250,Consumer Discretionary,Other Consumer Services
ASPSZ,Altisource Portfolio Solutions S.A. Cash Exercise Stakeholder Warrants,$0.1994,-0.0019,-0.944%,2249022.00,Luxembourg,,15654,Consumer Discretionary,Other Consumer Services
ASR,Grupo Aeroportuario del Sureste S.A. de C.V. Common Stock,$321.93,6.78,2.151%,9657900000.00,Mexico,,24305,Consumer Discretionary,Aerospace
ASRT,Assertio Holdings Inc. Common Stock,$18.035,0.015,0.083%,116238479.00,United States,,88638,Health Care,Biotechnology: Pharmaceutical Preparations
ASRV,AmeriServ Financial Inc. Common Stock,$3.8452,-0.0848,-2.158%,65230999.00,United States,,543,Finance,Major Banks
ASST,Strive Inc. Class A Common Stock,$15.91,-0.29,-1.79%,1100316269.00,United States,2023,1428725,Technology,Computer Software: Prepackaged Software
ASTC,Astrotech Corporation (DE) Common Stock,$3.45,0.19,5.828%,6068388.00,United States,,537216,Industrials,Biotechnology: Laboratory Analytical Instruments
ASTE,Astec Industries Inc. Common Stock,$59.51,0.29,0.49%,1363951109.00,United States,1986,31238,Industrials,Construction/Ag Equipment/Trucks
ASTH,Astrana Health Inc. Common Stock,$32.70,-0.23,-0.698%,1821832496.00,United States,,97569,Consumer Discretionary,Professional Services
ASTI,Ascent Solar Technologies Inc. Common Stock,$5.04,-0.30,-5.618%,47687910.00,United States,,649369,Technology,Semiconductors
ASTL,Algoma Steel Group Inc. Common Shares,$4.515,0.075,1.689%,473776116.00,Canada,,342933,Industrials,Steel/Iron Ore
ASTLW,Algoma Steel Group Inc. Warrant,$0.0559,0.0029,5.472%,5865800.00,Canada,,1000,Industrials,Steel/Iron Ore
ASTS,AST SpaceMobile Inc. Class A Common Stock,$77.975,-0.775,-0.984%,29787637403.00,United States,2019,6933434,Consumer Discretionary,Telecommunications Equipment
ASUR,Asure Software Inc Common Stock,$9.13,0.09,0.996%,261444644.00,United States,,19981,Technology,EDP Services
ASX,ASE Technology Holding Co. Ltd. American Depositary Shares (each representing Two Common Shares) ,$32.1999,2.3899,8.017%,71705918380.00,Taiwan,2018,4114227,Technology,Semiconductors
ASYS,Amtech Systems Inc. Common Stock,$18.755,1.515,8.788%,269261728.00,United States,,235699,Technology,Industrial Machinery/Components
ATAI,AtaiBeckley Inc. Common Stock,$4.705,-0.065,-1.363%,1726343996.00,Germany,2008,3621914,Health Care,Biotechnology: Pharmaceutical Preparations
ATAT,Atour Lifestyle Holdings Limited American Depositary Shares,$39.53,-0.13,-0.328%,5377787538.00,China,2022,568411,Consumer Discretionary,Hotels/Resorts
ATCH,AtlasClear Holdings Inc. Common Stock,$0.2985,-0.0063,-2.067%,44683210.00,,2024,2619209,Finance,Finance: Consumer Services
ATCX,Atlas Critical Minerals Corporation Common Stock,$5.095,-0.075,-1.451%,25461982.00,Brazil,,14877,Basic Materials,Precious Metals
ATEC,Alphatec Holdings Inc. Common Stock,$10.665,0.455,4.456%,1614218352.00,United States,2006,1662704,Health Care,Medical/Dental Instruments
ATEN,A10 Networks Inc. Common Stock,$27.31,0.69,2.592%,1958809313.00,United States,2014,198239,Telecommunications,Computer Communications Equipment
ATER,Aterian Inc. Common Stock,$0.661,-0.048,-6.77%,7154533.00,United States,2019,65995,Consumer Discretionary,Home Furnishings
ATEX,Anterix Inc. Common Stock,$44.80,0.60,1.357%,839233427.00,United States,2015,116750,Telecommunications,Telecommunications Equipment
ATGL,Alpha Technology Group Limited Class A Ordinary Shares,$13.51,-1.00,-6.892%,222408375.00,China,2023,519,Technology,EDP Services
ATH^A,Athene Holding Ltd. Depositary Shares Each Representing a 1/1000th Interest in a 6.35% Fixed-to-Floating Rate Perpetual Non-Cumulative Preference Share Series A,$24.155,-0.025,-0.103%,,Bermuda,,29729,,
ATH^B,Athene Holding Ltd. Depositary Shares Each Representing a 1/1000th Interest in a 5.625% Fixed Rate Perpetual Non- Cumulative Preference Share Series B par value $1.00 per share,$19.37,0.15,0.78%,,Bermuda,,6531,,
ATH^D,Athene Holding Ltd. Depositary Shares Each Representing a 1/1000th Interest in a 4.875% Fixed-Rate Perpetual Non-Cumulative Preference Share Series D,$16.475,-0.015,-0.091%,,Bermuda,,9879,,
ATH^E,Athene Holding Ltd. Depositary Shares Each Representing a 1/1000th Interest in a 7.750% Fixed-Rate Reset Perpetual Non-Cumulative Preference Share Series E,$25.05,-0.01,-0.04%,,Bermuda,,18846,,
ATHE,Alterity Therapeutics Limited American Depositary Shares,$4.36,-0.01,-0.229%,66916914.00,Australia,,4424,Health Care,Biotechnology: Pharmaceutical Preparations
ATHM,Autohome Inc. American Depositary Shares each representing four class A ordinary shares.,$18.56,0.19,1.034%,2137572108.00,China,2013,104067,Technology,EDP Services
ATHR,Aether Holdings Inc. Common Stock,$3.9201,-0.0999,-2.485%,47502149.00,United States,2025,2753,Technology,Computer Software: Prepackaged Software
ATHS,Athene Holding Ltd. 7.250% Fixed-Rate Reset Junior Subordinated Debentures due 2064,$25.02,-0.02,-0.08%,5099201100.00,Bermuda,2024,7251,Finance,Life Insurance
ATI,ATI Inc. Common Stock,$154.10,0.05,0.032%,21028854299.00,United States,,829262,Industrials,Steel/Iron Ore
ATII,Archimedes Tech SPAC Partners II Co. Ordinary Shares,$10.61,0.02,0.189%,0.00,United States,2025,12064,,
ATIIW,Archimedes Tech SPAC Partners II Co. Warrant,$1.19,0.0101,0.856%,0.00,United States,2025,34534,Finance,Blank Checks
ATKR,Atkore Inc. Common Stock,$75.12,3.05,4.232%,2535348002.00,United States,2016,233422,Miscellaneous,Industrial Machinery/Components
ATLC,Atlanticus Holdings Corporation Common Stock,$78.595,2.375,3.116%,1172005339.00,United States,1995,32642,Finance,Finance: Consumer Services
ATLCL,Atlanticus Holdings Corporation 6.125% Senior Notes due 2026,$25.00,0.00,0.00%,378136225.00,United States,,2171,Finance,Finance: Consumer Services
ATLCP,Atlanticus Holdings Corporation 7.625% Series B Cumulative Perpetual Preferred Stock no par value per share,$23.00,-0.49,-2.086%,342975034.00,United States,,3460,Finance,Finance: Consumer Services
ATLCZ,Atlanticus Holdings Corporation 9.25% Senior Notes due 2029,$25.24,0.029,0.115%,381766333.00,United States,,13405,Finance,Finance: Consumer Services
ATLN,Atlantic International Corp. Common Stock,$1.7552,0.0002,0.011%,139289637.00,United States,2024,54348,Industrials,Biotechnology: Laboratory Analytical Instruments
ATLO,Ames National Corporation Common Stock,$28.20,0.03,0.106%,249773604.00,United States,,24457,Finance,Major Banks
ATLX,Atlas Lithium Corporation Common Stock,$4.50,-0.07,-1.532%,124955613.00,United States,,196103,Industrials,Mining & Quarrying of Nonmetallic Minerals (No Fuels)
ATMU,Atmus Filtration Technologies Inc. Common Stock,$62.16,0.83,1.353%,5076758124.00,United States,2023,122946,Consumer Discretionary,Auto Parts:O.E.M.
ATNI,ATN International Inc. Common Stock,$28.86,-0.39,-1.333%,443509253.00,United States,,25409,Telecommunications,Telecommunications Equipment
ATNM,Actinium Pharmaceuticals Inc. (Delaware) Common Stock,$1.28,-0.03,-2.29%,40159992.00,United States,,132021,Health Care,Biotechnology: Pharmaceutical Preparations
ATO,Atmos Energy Corporation Common Stock,$185.765,-2.045,-1.089%,30732765804.00,United States,,134898,Utilities,Oil/Gas Transmission
ATOM,Atomera Incorporated Common Stock,$9.0301,2.8401,45.882%,349672282.00,United States,2016,14166757,Technology,Semiconductors
ATOS,Atossa Therapeutics Inc. Common Stock,$5.695,-0.035,-0.611%,49041701.00,United States,2012,35559,Health Care,Biotechnology: Pharmaceutical Preparations
ATPC,Agape ATP Corporation Common Stock,$2.27,0.02,0.889%,2271421.00,Malaysia,,8288,Health Care,Medical/Nursing Services
ATR,AptarGroup Inc. Common Stock,$122.99,-1.95,-1.561%,7843400683.00,United States,,86357,Industrials,Plastic Products
ATRA,Atara Biotherapeutics Inc. Common Stock,$5.02,0.12,2.449%,41054132.00,United States,2014,19642,Health Care,Biotechnology: Biological Products (No Diagnostic Substances)
ATRC,AtriCure Inc. Common Stock,$28.31,0.10,0.354%,1433471414.00,United States,2005,124011,Health Care,Medical/Dental Instruments
ATRO,Astronics Corporation Common Stock,$72.585,-0.245,-0.336%,2603938679.00,United States,,106613,Industrials,Military/Government/Technical
ATS,ATS Corporation Common Shares,$33.24,-0.76,-2.235%,3259508683.00,Canada,2023,72870,Industrials,Industrial Machinery/Components
ATXG,Addentax Group Corp. Common Stock,$4.79,-0.41,-7.885%,3741100.00,China,,22870,Consumer Discretionary,Professional Services
ATYR,aTyr Pharma Inc. Common Stock,$0.8098,0.0181,2.286%,79401871.00,United States,2015,356936,Health Care,Biotechnology: Biological Products (No Diagnostic Substances)
AU,AngloGold Ashanti PLC Ordinary Shares,$100.14,3.38,3.493%,50423198987.00,South Africa,,912674,Basic Materials,Precious Metals
AUB,Atlantic Union Bankshares Corporation Common Stock,$37.57,-0.34,-0.897%,5357631040.00,United States,,392280,Finance,Major Banks
AUB^A,Atlantic Union Bankshares Corporation Depositary Shares each representing a 1/400th ownership interest in a share of 6.875% Perpetual Non-Cumulative Preferred Stock Series A,$24.74,0.09,0.365%,,United States,,8435,,
AUBN,Auburn National Bancorporation Inc. Common Stock,$24.01,0.225,0.946%,83883713.00,United States,,1120,Finance,Major Banks
AUDC,AudioCodes Ltd. Common Stock,$9.00,-0.07,-0.772%,232983936.00,Israel,1999,9750,Utilities,Telecommunications Equipment
AUGO,Aura Minerals Inc. Common Shares,$90.56,2.06,2.328%,7564884863.00,United States,,373883,,
AUID,authID Inc. Common Stock,$1.22,0.01,0.826%,19681634.00,United States,,77606,Technology,Computer Software: Prepackaged Software
AUNA,Auna SA Class A Ordinary Shares,$5.16,0.01,0.194%,381906899.00,Peru,2024,107395,Health Care,Medical/Nursing Services
AUPH,Aurinia Pharmaceuticals Inc Ordinary Shares,$16.025,-0.115,-0.713%,2130859938.00,Canada,,469097,Health Care,Biotechnology: Pharmaceutical Preparations
AUR,Aurora Innovation Inc. Class A Common Stock,$4.975,0.155,3.216%,9751838288.00,United States,2021,10563036,Technology,EDP Services
AURA,Aura Biosciences Inc. Common Stock,$7.48,0.22,3.03%,480214339.00,United States,2021,84540,Health Care,Biotechnology: Biological Products (No Diagnostic Substances)
AURE,Aurelion Inc. Class A Ordinary Shares,$2.50,0.06,2.459%,86497080.00,Hong Kong,2023,187064,Finance,Finance: Consumer Services
AUROW,Aurora Innovation Inc. Warrant,$0.15,0.00,0.00%,294025275.00,United States,2021,17641,Technology,EDP Services
AUST,Austin Gold Corp. Common Shares,$1.42,-0.01,-0.699%,19444061.00,,2022,75648,Basic Materials,Precious Metals
AUTL,Autolus Therapeutics plc American Depositary Share,$1.47,-0.06,-3.922%,391230630.00,United Kingdom,2018,759558,Health Care,Biotechnology: Biological Products (No Diagnostic Substances)
AUUD,Auddia Inc. Common Stock,$1.95,-3.11,-61.462%,976708.00,United States,2021,10384772,Technology,EDP Services
AVA,Avista Corporation Common Stock,$41.14,-0.11,-0.267%,3395657422.00,United States,,95421,Utilities,Power Generation
AVAH,Aveanna Healthcare Holdings Inc. Common Stock,$6.425,-0.085,-1.306%,1397502046.00,United States,2021,270156,Health Care,Medical/Nursing Services
AVAL,Grupo Aval Acciones y Valores S.A. ADR (Each representing 20 preferred shares),$4.50,0.13,2.975%,5342282046.00,,2014,181903,Finance,Commercial Banks
AVAV,AeroVironment Inc. Common Stock,$196.79,-5.12,-2.536%,9826510482.00,United States,2007,463247,Industrials,Aerospace
AVB,AvalonBay Communities Inc. Common Stock,$172.525,-0.825,-0.476%,24000165991.00,United States,,177835,Real Estate,Real Estate Investment Trusts
AVBC,Avidia Bancorp Inc. Common Stock,$20.46,0.01,0.049%,410760075.00,United States,2025,1377,Finance,Banks
AVBH,Avidbank Holdings Inc. Common stock,$30.60,0.19,0.625%,335228110.00,United States,,13203,Finance,Commercial Banks
AVBP,ArriVent BioPharma Inc. Common Stock,$31.12,0.12,0.387%,1375554477.00,United States,2024,178278,Health Care,Biotechnology: Pharmaceutical Preparations
AVD,American Vanguard Corporation Common Stock ($0.10 Par Value),$2.91,0.13,4.676%,83050125.00,United States,1998,77061,Industrials,Agricultural Chemicals
AVEX,AEVEX Corp. Class A Common Stock,$29.40,-2.37,-7.46%,3287700364.00,,2026,1607775,Industrials,Aerospace
AVGO,Broadcom Inc. Common Stock,$419.99,0.05,0.012%,1988513290598.00,United States,2009,12245592,Technology,Semiconductors
AVIR,Atea Pharmaceuticals Inc. Common Stock,$5.51,-0.01,-0.181%,438993177.00,United States,2020,85537,Health Care,Biotechnology: Pharmaceutical Preparations
AVK,Advent Convertible and Income Fund,$12.42,0.00,0.00%,0.00,United States,2003,48381,Finance,Trusts Except Educational Religious and Charitable
AVNS,Avanos Medical Inc. Common Stock,$24.67,-0.04,-0.162%,1147346316.00,United States,2014,796364,Health Care,Industrial Specialties
AVNT,Avient Corporation Common Stock,$37.55,0.46,1.24%,3443716771.00,United States,,82456,Industrials,Major Chemicals
AVNW,Aviat Networks Inc. Common Stock,$23.15,0.52,2.298%,298688477.00,United States,,33306,Technology,Radio And Television Broadcasting And Communications Equipment
AVO,Mission Produce Inc. Common Stock,$13.735,0.005,0.036%,973074810.00,United States,2020,326250,Consumer Staples,Farming/Seeds/Milling
AVPT,AvePoint Inc. Class A Common Stock,$9.705,0.085,0.884%,2095879300.00,United States,2019,497816,Technology,Computer Software: Prepackaged Software
AVR,Anteris Technologies Global Corp. Common Stock,$5.585,0.055,0.995%,543041022.00,United States,2024,311372,Health Care,Industrial Specialties
AVT,Avnet Inc. Common Stock,$78.37,0.26,0.333%,6415600724.00,United States,,590670,Technology,Electronic Components
AVTR,Avantor Inc. Common Stock,$7.855,0.095,1.224%,5310849643.00,United States,2019,3480144,Industrials,Biotechnology: Laboratory Analytical Instruments
AVTX,Avalo Therapeutics Inc. Common Stock,$14.13,-0.62,-4.203%,377473582.00,United States,2015,234954,Health Care,Biotechnology: Pharmaceutical Preparations
AVX,Avax One Technology Ltd. Common Shares,$0.5242,-0.0013,-0.247%,47072553.00,Canada,2021,522070,Finance,Finance: Consumer Services
AVXL,Anavex Life Sciences Corp. Common Stock,$3.38,0.07,2.115%,313230542.00,United States,,261357,Health Care,Biotechnology: Biological Products (No Diagnostic Substances)
AVY,Avery Dennison Corporation Common Stock,$166.895,-0.535,-0.32%,12837067889.00,United States,,134556,Consumer Discretionary,Containers/Packaging
AWF,Alliancebernstein Global High Income Fund,$10.44,0.03,0.288%,0.00,United States,1993,82793,Finance,Trusts Except Educational Religious and Charitable
AWI,Armstrong World Industries Inc Common Stock,$178.14,-1.24,-0.691%,7630457489.00,United States,,88364,Industrials,Plastic Products
AWK,American Water Works Company Inc. Common Stock,$133.87,-1.10,-0.815%,26142148861.00,United States,2008,507064,Utilities,Water Supply
AWP,abrdn Global Premier Properties Fund Common Shares of Beneficial Interest,$11.97,0.08,0.673%,0.00,United States,2007,37821,Finance,Trusts Except Educational Religious and Charitable
AWR,American States Water Company Common Stock,$80.49,-0.31,-0.384%,3154607867.00,United States,,77227,Utilities,Water Supply
AWRE,Aware Inc. Common Stock,$1.355,0.065,5.039%,29270374.00,United States,1996,8963,Technology,Computer Software: Prepackaged Software
AWX,Avalon Holdings Corporation Common Stock,$2.49,0.01,0.403%,9709583.00,United States,1998,2268,Utilities,Environmental Services
AX,Axos Financial Inc. Common Stock,$95.72,-1.95,-1.997%,5425241994.00,United States,2018,73274,Finance,Savings Institutions
AXG,Solowin Holdings Class A Ordinary Share,$3.87,0.08,2.111%,731251310.00,Hong Kong,2023,120658,Finance,Investment Bankers/Brokers/Service
AXGN,Axogen Inc. Common Stock,$38.545,1.135,3.034%,2000396153.00,United States,,436507,Health Care,Biotechnology: Electromedical & Electrotherapeutic Apparatus
AXIA,AXIA Energia American Depositary Shares (Each representing one Common Share),$12.505,-0.155,-1.224%,35419078292.00,Brazil,2016,778492,Utilities,Electric Utilities: Central
AXIA^,AXIA Energia AXIA Energia American Depositary Shares (Each representing one Preferred Class B1 Share),$13.68,-0.27,-1.935%,,Brazil,,3972,,
AXIA^C,AXIA Energia American Depositary Shares each representing one Preferred Class C Share,$11.80,-0.24,-1.993%,,Brazil,,15923,,
AXIL,AXIL Brands Inc. Common Stock,$6.7804,-0.1806,-2.594%,46226848.00,,2024,1514,Consumer Discretionary,Package Goods/Cosmetics
AXIN,Axiom Intelligence Acquisition Corp 1 Class A Ordinary Shares,$10.17,-0.01,-0.098%,0.00,United Kingdom,2025,126,Finance,Blank Checks
AXINR,Axiom Intelligence Acquisition Corp 1 Right,$0.19,0.0399,26.582%,0.00,United Kingdom,2025,341,Finance,Blank Checks
AXON,Axon Enterprise Inc. Common Stock,$390.565,-2.075,-0.528%,31468681684.00,United States,2001,372147,Industrials,Ordnance And Accessories
AXP,American Express Company Common Stock,$313.78,-4.77,-1.497%,215185135961.00,United States,,1230573,Finance,Finance: Consumer Services
AXR,AMREP Corporation Common Stock,$27.84,-0.10,-0.358%,147696740.00,United States,,3460,Real Estate,Homebuilding
AXS,Axis Capital Holdings Limited Common Stock,$99.77,-1.71,-1.685%,7393028535.00,Bermuda,2003,93057,Finance,Property-Casualty Insurers
AXS^E,Axis Capital Holdings Limited Depositary Shares each representing 1/100th interest in a share of a 5.50% Series E Preferred Shares,$19.72,0.03,0.152%,,Bermuda,,15876,,
AXSM,Axsome Therapeutics Inc. Common Stock,$185.89,3.17,1.735%,9508884892.00,United States,2015,141687,Health Care,Biotechnology: Pharmaceutical Preparations
AXTA,Axalta Coating Systems Ltd. Common Shares,$29.55,0.21,0.716%,6324254594.00,United States,2014,574893,Consumer Discretionary,Paints/Coatings
AXTI,AXT Inc Common Stock,$79.33,4.06,5.394%,4409068346.00,United States,1998,9584447,Technology,Semiconductors
AYI,Acuity Inc. Common Stock,$290.24,0.82,0.283%,8798674360.00,United States,,70546,Consumer Discretionary,Building Products
AYTU,Aytu BioPharma Inc.  Common Stock,$2.50,-0.02,-0.794%,26833020.00,United States,,3865,Health Care,Biotechnology: Pharmaceutical Preparations
AZ,A2Z Cust2Mate Solutions Corp. Common Shares,$7.71,0.14,1.849%,343442019.00,Canada,,135971,Industrials,Industrial Machinery/Components
AZI,Autozi Internet Technology (Global) Ltd. Class A Ordinary Shares,$1.36,0.05,3.817%,6188588.00,China,2024,36071,Consumer Discretionary,Automotive Aftermarket
AZN,AstraZeneca PLC Ordinary Shares,$188.79,-3.51,-1.825%,585523073617.00,United Kingdom,2026,1446468,Health Care,Biotechnology: Pharmaceutical Preparations
AZO,AutoZone Inc. Common Stock,$3573.8501,-23.3499,-0.649%,58885684805.00,United States,,131370,Consumer Discretionary,Auto & Home Supply Stores
AZTA,Azenta Inc.,$25.855,0.745,2.967%,1190920832.00,United States,,250356,Technology,Industrial Machinery/Components
AZTR,Azitra Inc Common Stock,$0.2159,0.003,1.409%,3495947.00,,2023,242402,Health Care,Biotechnology: Pharmaceutical Preparations
AZZ,AZZ Inc.,$142.03,-4.56,-3.111%,4243900287.00,United States,,111787,Industrials,Industrial Specialties
B,Barrick Mining Corporation Common Shares,$41.04,0.84,2.09%,68762863094.00,Canada,,7038981,Basic Materials,Precious Metals
BA,Boeing Company (The) Common Stock,$232.5142,-1.6358,-0.699%,183291485851.00,United States,,2990885,Industrials,Aerospace
BA^A,Boeing Company (The) Depositary Shares each representing a 1/20th interest in a share of 6.00% Series A Mandatory Convertible Preferred Stock par value $1.00,$73.73,-0.70,-0.94%,,United States,,58587,,
BABA,Alibaba Group Holding Limited American Depositary Shares each representing eight Ordinary share,$135.50,3.80,2.885%,312907367372.00,China,2014,5474625,Real Estate,Real Estate
BAC,Bank of America Corporation Common Stock,$52.025,-0.445,-0.848%,371755520142.00,United States,,10710034,Finance,Major Banks
BAC^B,Bank of America Corporation Depositary Shares each representing a 1/1000th interest in a share of 6.000% Non-Cumulative Preferred Stock Series GG,$25.34,-0.0038,-0.015%,,United States,,28427,,
BAC^E,Bank of America Corporation Depositary Sh repstg 1/1000th Perp Pfd Ser E,$19.32,-0.105,-0.541%,,United States,,10765,,
BAC^K,Bank of America Corporation Depositary Shares each representing a 1/1000th interest in a share of 5.875% Non- Cumulative Preferred Stock Series HH,$25.005,0.055,0.22%,,United States,,36454,,
BAC^L,Bank of America Corporation Non Cumulative Perpetual Conv Pfd Ser L,$1225.1201,1.0701,0.087%,,United States,,3172,,
BAC^M,Bank of America Corporation Depositary Shares each representing a 1/1000th interest in a share of 5.375% Non-Cumulative Preferred Stock Series KK,$22.20,0.01,0.045%,,United States,,11706,,
BAC^N,Bank of America Corporation Depositary shares each representing 1/1000th interest in a share of 5.000% Non-Cumulative Preferred Stock Series LL,$20.73,0.05,0.242%,,United States,,22155,,
BAC^O,Bank of America Corporation Depositary shares each representing 1/1000th interest in a share of 4.375% Non-Cumulative Preferred Stock Series NN,$17.74,0.09,0.51%,,United States,,16896,,
BAC^P,Bank of America Corporation Depositary Shares each representing a 1/1000th interest in a share of 4.125% Non-Cumulative Preferred Stock Series PP,$16.85,0.04,0.238%,,United States,,9549,,
BAC^Q,Bank of America Corporation Depositary shares each representing 1/1000th interest in a share of 4.250% Non-Cumulative Preferred Stock Series QQ,$17.475,0.035,0.201%,,United States,,22991,,
BAC^S,Bank of America Corporation Depositary shares each representing 1/1000th interest in a share of 4.750% Non-Cumulative Preferred Stock Series SS,$19.63,0.02,0.102%,,United States,,18256,,
BACC,Blue Acquisition Corp. Class A Ordinary Shares,$10.25,0.01,0.098%,0.00,United States,2025,717,Finance,Blank Checks
BACCR,Blue Acquisition Corp. Right ,$0.30,0.00,0.00%,0.00,United States,2025,198,Finance,Blank Checks
BAER,Bridger Aerospace Group Holdings Inc. Common Stock,$2.1581,0.0581,2.767%,120688115.00,United States,,423317,Industrials,Aerospace
BAERW,Bridger Aerospace Group Holdings Inc. Warrant,$0.3997,0.0347,9.507%,22352551.00,United States,,230,Industrials,Aerospace
BAFN,BayFirst Financial Corp. Common Stock,$7.9067,-0.3833,-4.624%,32481293.00,United States,,27335,Finance,Major Banks
BAH,Booz Allen Hamilton Holding Corporation Common Stock,$78.57,-0.44,-0.557%,9475101144.00,United States,2010,266726,Consumer Discretionary,Professional Services
BAK,Braskem SA ADR,$3.345,0.055,1.672%,1333330102.00,Brazil,,675438,Industrials,Major Chemicals
BALL,Ball Corporation Common Stock,$61.155,-1.965,-3.113%,16276590262.00,United States,,911433,Industrials,Containers/Packaging
BALY,Bally's Corporation Common Stock,$12.4875,0.5975,5.025%,608679911.00,United States,2024,26281,Consumer Discretionary,Hotels/Resorts
BAM,Brookfield Asset Management Inc Class A Limited Voting Shares,$47.68,-0.12,-0.251%,78108841698.00,,2022,1025913,Consumer Discretionary,Other Consumer Services
BANC,Banc of California Inc. Common Stock,$18.61,-0.29,-1.534%,2861815410.00,United States,,2418372,Finance,Major Banks
BANC^F,Banc of California Inc. Depositary Shares each representing a 1/40th interest in a share of 7.75% non-cumulative perpetual preferred stock Series F,$25.58,0.00,0.00%,,United States,,9035,,
BAND,Bandwidth Inc. Class A Common Stock,$23.85,0.90,3.922%,763550166.00,United States,2017,175156,Technology,Computer Software: Prepackaged Software
BANF,BancFirst Corporation Common Stock,$114.085,-0.765,-0.666%,3830515222.00,United States,1993,21945,Finance,Major Banks
BANFP,BancFirst Corporation - BFC Capital Trust II Cumulative Trust Preferred Securities,$26.4802,0.1802,0.685%,889098560.00,United States,,120,Finance,Major Banks
BANL,CBL International Limited Class B Ordinary Shares,$0.4561,-0.0039,-0.848%,12542899.00,Malaysia,2023,386795,Energy,Oil Refining/Marketing
BANR,Banner Corporation Common Stock,$67.60,-0.16,-0.236%,2289767818.00,United States,,74708,Finance,Major Banks
BANX,ArrowMark Financial Corp. Common Stock,$19.395,0.025,0.129%,137755431.00,United States,,30043,Finance,Trusts Except Educational Religious and Charitable
BAOS,Baosheng Media Group Holdings Limited Ordinary shares,$2.6439,0.0514,1.983%,4057030.00,China,2021,911,Real Estate,Real Estate
BAP,Credicorp Ltd. Common Stock,$327.56,4.07,1.258%,30915871757.00,Peru,,74890,Finance,Commercial Banks
BARK,BARK Inc. Class A Common Stock,$9.5014,0.0514,0.544%,82107973.00,United States,2020,23378,Consumer Discretionary,Other Specialty Stores
BATL,Battalion Oil Corporation Common Stock,$3.685,-0.355,-8.787%,79112661.00,United States,,4219272,Energy,Oil & Gas Production
BATRA,Atlanta Braves Holdings Inc. Series A Common Stock,$53.67,0.56,1.054%,3931613346.00,United States,,67442,Consumer Discretionary,Services-Misc. Amusement & Recreation
BATRK,Atlanta Braves Holdings Inc. Series C Common Stock,$49.60,1.23,2.543%,3633464170.00,United States,,181874,Consumer Discretionary,Services-Misc. Amusement & Recreation
BAX,Baxter International Inc. Common Stock,$18.045,-0.365,-1.983%,9293175000.00,United States,,1552005,Health Care,Medical/Dental Instruments
BAYA,Bayview Acquisition Corp Ordinary Shares,$11.95,0.00,0.00%,0.00,United States,2023,100,,
BAYAR,Bayview Acquisition Corp Right,$0.1499,0.00,0.00%,0.00,United States,2023,85,,
BB,BlackBerry Limited Common Stock,$5.015,-0.255,-4.839%,2958850000.00,Canada,,9689253,Technology,Computer Software: Prepackaged Software
BBAI,BigBear.ai Inc. Common Stock,$3.685,-0.045,-1.206%,1764928723.00,United States,2021,14029345,Technology,Computer Software: Prepackaged Software
BBAR,Banco BBVA Argentina S.A. ADS,$14.5714,0.1214,0.84%,2976014548.00,Argentina,,118878,Finance,Commercial Banks
BBBY,Bed Bath & Beyond Inc. Common Stock,$5.64,0.12,2.174%,391090758.00,United States,,399247,Consumer Discretionary,Catalog/Specialty Distribution
BBCP,Concrete Pumping Holdings Inc. Common Stock,$7.885,0.135,1.742%,398275340.00,United States,2017,17592,Consumer Discretionary,Engineering & Construction
BBCQ,Bleichroeder Acquisition Corp. II Class A Ordinary Shares,$10.295,-0.015,-0.145%,0.00,United States,2026,87572,,
BBCQU,Bleichroeder Acquisition Corp. II Units,$10.71,0.00,0.00%,0.00,United States,2026,45,,
BBCQW,Bleichroeder Acquisition Corp. II Warrants,$1.35,0.10,8.00%,0.00,United States,2026,16167,,
BBD,Banco Bradesco Sa American Depositary Shares,$3.93,-0.01,-0.254%,41567657270.00,Brazil,,14588940,Finance,Major Banks
BBDC,Barings BDC Inc. Common Stock,$8.8298,0.0998,1.143%,924540844.00,United States,,151467,Finance,Diversified Financial Services
BBDO,Banco Bradesco Sa American Depositary Shares (each representing one Common Share),$3.47,-0.03,-0.857%,36702231737.00,Brazil,,23861,Finance,Major Banks
BBGI,Beasley Broadcast Group Inc. Class A Common Stock,$22.00,-0.40,-1.786%,39738754.00,United States,2000,35680,Consumer Discretionary,Broadcasting
BBIO,BridgeBio Pharma Inc. Common Stock,$73.84,2.17,3.028%,14314834395.00,United States,2019,2859793,Health Care,Biotechnology: Pharmaceutical Preparations
BBLG,Bone Biologics Corp Common Stock,$1.36,0.01,0.741%,2441554.00,United States,,8366,Health Care,Industrial Specialties
BBLGW,Bone Biologics Corp Warrants,$19.99,-0.01,-0.05%,35887247.00,United States,,944,Health Care,Industrial Specialties
BBN,BlackRock Taxable Municipal Bond Trust Common Shares of Beneficial Interest,$16.14,0.05,0.311%,0.00,United States,2010,34078,Finance,Finance Companies
BBNX,Beta Bionics Inc. Common Stock,$11.285,-0.145,-1.269%,502878728.00,United States,2025,321868,Health Care,Medical/Dental Instruments
BBOT,BridgeBio Oncology Therapeutics Inc. Common Stock  ,$8.90,-0.07,-0.78%,712292125.00,United States,2024,253264,Health Care,Biotechnology: Pharmaceutical Preparations
BBSI,Barrett Business Services Inc. Common Stock,$30.26,0.37,1.238%,743174979.00,United States,1993,36652,Consumer Discretionary,Professional Services
BBT,Beacon Financial Corporation Common stock,$31.38,-0.34,-1.072%,2636805701.00,United States,,143411,Finance,Banks
BBUC,Brookfield Business Corporation Class A Subordinate Voting Shares,$33.35,-0.18,-0.537%,6903699225.00,,,61050,Consumer Discretionary,Engineering & Construction
BBVA,Banco Bilbao Vizcaya Argentaria S.A. Common Stock,$21.845,0.225,1.041%,124712421252.00,Spain,,603853,Finance,Commercial Banks
BBW,Build-A-Bear Workshop Inc. Common Stock,$38.445,0.635,1.679%,483656515.00,United States,2004,72680,Consumer Discretionary,Recreational Games/Products/Toys
BBWI,Bath & Body Works Inc.,$19.87,-0.63,-3.073%,3996537846.00,United States,,2082295,Consumer Discretionary,Clothing/Shoe/Accessory Stores
BBY,Best Buy Co. Inc. Common Stock,$60.38,-1.12,-1.821%,12626217399.00,United States,,869626,Consumer Discretionary,Consumer Electronics/Video Chains
BC,Brunswick Corporation Common Stock,$79.665,-0.315,-0.394%,5187221329.00,United States,,188770,Industrials,Industrial Machinery/Components
BC^C,Brunswick Corporation 6.375% Notes due 2049,$24.195,0.045,0.186%,,United States,,1022,,
BCAB,BioAtla Inc. Common Stock,$4.94,-0.22,-4.264%,8185214.00,United States,2020,12262,Health Care,Biotechnology: Biological Products (No Diagnostic Substances)
BCAL,California BanCorp Common Stock,$18.53,0.02,0.108%,595782082.00,United States,,32170,Finance,Major Banks
BCAR,D. Boral ARC Acquisition I Corp. Class A Ordinary Shares,$10.23,-0.005,-0.049%,0.00,United States,2025,217901,Finance,Blank Checks
BCARW,D. Boral ARC Acquisition I Corp. Warrant,$0.96,0.10,11.628%,0.00,United States,2025,25181,Finance,Blank Checks
BCAT,BlackRock Capital Allocation Term Trust Common Shares of Beneficial Interest,$14.9337,0.1037,0.699%,1614855650.00,United States,2020,114094,Finance,Finance/Investors Services
BCAX,Bicara Therapeutics Inc. Common Stock,$22.585,-0.255,-1.116%,1478576418.00,United States,2024,139326,Health Care,Biotechnology: Pharmaceutical Preparations
BCBP,BCB Bancorp Inc. (NJ) Common Stock,$10.065,0.035,0.349%,174717641.00,United States,2005,63230,Finance,Savings Institutions
BCC,Boise Cascade L.L.C. Common Stock,$84.03,0.21,0.251%,3013005225.00,United States,2013,59621,Consumer Discretionary,RETAIL: Building Materials
BCDA,BioCardia Inc. Common Stock,$1.1874,0.0174,1.487%,12990598.00,United States,,13426,Health Care,Biotechnology: Biological Products (No Diagnostic Substances)
BCE,BCE Inc. Common Stock,$23.87,-0.23,-0.954%,22259391252.00,Canada,,868033,Telecommunications,Telecommunications Equipment
BCG,Binah Capital Group Inc. Common Stock,$1.92,0.00,0.00%,32094720.00,United States,,10329,Finance,Finance: Consumer Services
BCGWW,Binah Capital Group Inc. Warrants,$0.1401,-0.0448,-24.229%,2341912.00,United States,,3968,Finance,Finance: Consumer Services
BCH,Banco De Chile ADS,$38.46,0.70,1.854%,19425584715.00,Chile,,87009,Finance,Commercial Banks
BCHT,Birchtech Corp. Common Stock,$1.525,0.005,0.329%,40116598.00,,2026,69473,Industrials,Industrial Machinery/Components
BCIC,BCP Investment Corporation Common Stock,$7.82,0.02,0.256%,96862579.00,United States,2006,32588,Finance,Finance: Consumer Services
BCML,BayCom Corp Common Stock,$29.425,0.415,1.431%,321006653.00,United States,2018,68706,Finance,Major Banks
BCO,Brinks Company (The) Common Stock,$111.22,0.35,0.316%,4575171389.00,United States,,75060,Industrials,Integrated Freight & Logistics
BCPC,Balchem Corporation Common Stock,$173.75,-2.78,-1.575%,5564411860.00,United States,,268713,Industrials,Major Chemicals
BCRX,BioCryst Pharmaceuticals Inc. Common Stock,$8.765,0.005,0.057%,2198267434.00,United States,1994,974707,Health Care,Biotechnology: Biological Products (No Diagnostic Substances)
BCS,Barclays PLC Common Stock,$22.915,0.145,0.637%,79664525370.00,United Kingdom,,3330138,Finance,Commercial Banks
BCSF,Bain Capital Specialty Finance Inc. Common Stock,$13.205,0.085,0.648%,856588622.00,United States,2018,73195,Finance,Finance/Investors Services
BCSS,Bain Capital GSS Investment Corp. Class A Ordinary Shares,$10.17,0.00,0.00%,0.00,,2025,1058,,
BCTX,BriaCell Therapeutics Corp. Common Shares,$3.905,0.175,4.692%,28313152.00,Canada,,106768,Health Care,Biotechnology: Pharmaceutical Preparations
BCTXL,BriaCell Therapeutics Corp. Warrant expiring 2031,$0.9425,0.052,5.839%,6833584.00,Canada,,8025,,
BCTXZ,BriaCell Therapeutics Corp. Warrant expiring 2030,$0.105,-0.01,-8.696%,761301.00,Canada,,117825,Health Care,Biotechnology: Pharmaceutical Preparations
BCV,Bancroft Fund Ltd.,$24.179,0.266,1.112%,0.00,United States,1972,6590,Finance,Finance/Investors Services
BCV^A,Bancroft Fund Limited 5.375% Series A Cumulative Preferred Shares,$21.4086,-0.2414,-1.115%,,United States,,2467,,
BCX,BlackRock Resources Common Shares of Beneficial Interest,$12.11,-0.02,-0.165%,1027630501.00,United States,2011,79300,Finance,Finance/Investors Services
BCYC,Bicycle Therapeutics plc American Depositary Shares,$4.86,0.01,0.206%,244813674.00,United Kingdom,2019,198755,Health Care,Biotechnology: Pharmaceutical Preparations
BDC,Belden Inc Common Stock,$133.25,0.91,0.688%,5187876350.00,United States,,73165,Industrials,Telecommunications Equipment
BDCI,BTC Development Corp. Class A Ordinary Shares,$10.02,0.00,0.00%,0.00,United States,2025,153,Finance,Blank Checks
BDCIU,BTC Development Corp. Unit,$10.125,0.015,0.148%,0.00,United States,2025,1001,Finance,Blank Checks
BDJ,Blackrock Enhanced Equity Dividend Trust,$9.07,-0.02,-0.22%,1604404263.00,United States,2005,244342,Finance,Finance Companies
BDL,Flanigan's Enterprises Inc. Common Stock,$30.60,0.00,0.00%,56874598.00,United States,1972,17,Consumer Discretionary,Restaurants
BDMD,Baird Medical Investment Holdings Ltd Ordinary Share,$1.725,0.025,1.471%,63852426.00,China,,55819,Health Care,Medical/Dental Instruments
BDMDW,Baird Medical Investment Holdings Ltd Warrant,$0.075,0.00,0.00%,2776192.00,China,,87,Health Care,Medical/Dental Instruments
BDN,Brandywine Realty Trust Common Stock,$3.02,0.09,3.072%,524609781.00,United States,,1466468,Real Estate,Real Estate Investment Trusts
BDRX,Biodexa Pharmaceuticals plc American Depositary Shs,$3.29,-0.13,-3.801%,2132953.00,United Kingdom,,7077,Health Care,Biotechnology: Pharmaceutical Preparations
BDSX,Biodesix Inc. Common Stock,$10.50,0.54,5.422%,106125800.00,United States,2020,35231,Health Care,Medical Specialities
BDTX,Black Diamond Therapeutics Inc. Common Stock,$2.9101,-0.1899,-6.126%,166715991.00,United States,2020,667380,Health Care,Biotechnology: Biological Products (No Diagnostic Substances)
BDX,Becton Dickinson and Company Common Stock,$153.335,-1.515,-0.978%,43660885283.00,United States,,616720,Health Care,Medical/Dental Instruments
BE,Bloom Energy Corporation Class A Common Stock,$234.16,-3.41,-1.435%,66129146206.00,United States,2018,3635855,Energy,Industrial Machinery/Components
BEAG,Bold Eagle Acquisition Corp. Class A Ordinary Shares,$10.54,0.01,0.095%,0.00,United States,2024,7400,,
BEAGR,Bold Eagle Acquisition Corp. Right,$0.265,0.015,6.00%,0.00,United States,2024,29158,,
BEAGU,Bold Eagle Acquisition Corp. Units,$10.78,0.00,0.00%,0.00,United States,2024,400,,
BEAM,Beam Therapeutics Inc. Common Stock,$30.54,0.38,1.26%,3137853464.00,United States,2020,898001,Health Care,Biotechnology: Biological Products (No Diagnostic Substances)
BEAT,Heartbeam Inc. Common Stock,$0.9175,0.0253,2.836%,37698122.00,United States,2021,330521,Health Care,Medical/Dental Instruments
BEATW,Heartbeam Inc. Warrant,$0.0968,-0.0029,-2.909%,3977306.00,United States,2021,2000,Health Care,Medical/Dental Instruments
BEBE,TGE Value Creative Solutions Corp Class A Ordinary Shares,$9.93,0.00,0.00%,127799100.00,,2026,5,Consumer Discretionary,Diversified Commercial Services
BEEM,Beam Global Common Stock,$1.91,0.11,6.111%,40371638.00,United States,,712049,Technology,Semiconductors
BEEP,Mobile Infrastructure Corporation Common Stock,$2.01,0.00,0.00%,82812000.00,United States,,7189,Finance,Blank Checks
BEKE,KE Holdings Inc American Depositary Shares (each representing three Class A Ordinary Shares),$16.06,0.26,1.646%,18689569983.00,China,2020,1179843,Finance,Real Estate
BELFA,Bel Fuse Inc. Class A Common Stock,$253.045,7.235,2.943%,3228597106.00,United States,,14147,,
BELFB,Bel Fuse Inc. Class B Common Stock,$277.22,8.91,3.321%,3537045544.00,United States,,77107,,
BEN,Franklin Resources Inc. Common Stock,$27.245,0.425,1.585%,14188200141.00,United States,,2253617,Finance,Investment Managers
BENF,Beneficient Class A Common Stock,$3.35,0.14,4.361%,47615996.00,United States,,23140,Finance,Finance: Consumer Services
BENFW,Beneficient Warrant,$0.0102,0.0001,0.99%,144980.00,United States,,1352,Finance,Finance: Consumer Services
BEP,Brookfield Renewable Partners L.P. Limited Partnership Units,$33.87,-0.03,-0.088%,23034333106.00,Canada,,164391,Utilities,Electric Utilities: Central
BEP^A,Brookfield Renewable Partners L.P. 5.25% Class A Preferred Limited Partnership Units Series 17,$18.95,0.11,0.584%,,Canada,,3797,,
BEPC,Brookfield Renewable Corporation Brookfield Renewable Corporation Class A Subordinate Voting Shares,$40.91,-0.03,-0.073%,5953237805.00,United States,,419807,Utilities,Electric Utilities: Central
BEPH,Brookfield BRP Holdings (Canada) Inc. 4.625% Perpetual Subordinated Notes,$15.07,-0.01,-0.066%,4327566604.00,Canada,,4647,Utilities,Electric Utilities: Central
BEPI,Brookfield BRP Holdings (Canada) Inc. 4.875% Perpetual Subordinated Notes,$15.755,0.055,0.35%,4524274177.00,Canada,2021,4195,Utilities,Electric Utilities: Central
BEPJ,Brookfield BRP Holdings (Canada) Inc. 7.250% Perpetual Subordinated Notes,$24.775,-0.315,-1.255%,7114496524.00,Canada,2024,2124,Utilities,Electric Utilities: Central
BESS,Bimergen Energy Corporation Common Stock,$2.90,-0.05,-1.695%,20510462.00,,2026,29091,Utilities,Electric Utilities: Central
BETA,Beta Technologies Inc. Class A Common Stock,$15.22,-0.12,-0.782%,3496806491.00,United States,2025,312611,Industrials,Aerospace
BETR,Better Home & Finance Holding Company Class A Common Stock,$42.11,1.00,2.432%,795352878.00,United Kingdom,2021,198553,Finance,Finance: Consumer Services
BETRW,Better Home & Finance Holding Company Warrant,$0.2411,0.0109,4.735%,4553778.00,United Kingdom,2021,640,Finance,Finance: Consumer Services
BF/A,Brown Forman Corporation,$28.96,0.03,0.104%,,United States,,46458,,
BF/B,Brown Forman Corporation,$28.39,-0.01,-0.035%,,United States,,614945,,
BFAM,Bright Horizons Family Solutions Inc. Common Stock,$79.88,-1.82,-2.228%,4219689837.00,United States,2013,273226,Consumer Discretionary,Other Consumer Services
BFC,Bank First Corporation Common Stock,$144.24,2.41,1.699%,1618724890.00,United States,,71183,Finance,Major Banks
BFH,Bread Financial Holdings Inc. Common Stock,$88.41,-3.71,-4.027%,3662177989.00,United States,,291564,Real Estate,Real Estate
BFH^A,Bread Financial Holdings Inc. Depositary Shares each representing a 1/40th interest in a share of 8.625% Non-Cumulative Perpetual Preferred Stock Series A,$25.24,0.18,0.718%,,United States,,4038,,
BFLY,Butterfly Network Inc. Class A Common Stock,$5.3399,0.1899,3.687%,1359714046.00,United States,2020,3140534,Health Care,Medical Electronics
BFRG,Bullfrog AI Holdings Inc. Common Stock,$0.75,-0.0924,-10.969%,13835329.00,United States,2023,1115213,Health Care,Biotechnology: Pharmaceutical Preparations
BFRGW,Bullfrog AI Holdings Inc. Warrants,$0.17,-0.05,-22.727%,3136008.00,United States,2023,2811,Health Care,Biotechnology: Pharmaceutical Preparations
BFRI,Biofrontera Inc. Common Stock,$1.0701,0.0401,3.893%,12464870.00,United States,2021,33213,Health Care,Biotechnology: Pharmaceutical Preparations
BFRIW,Biofrontera Inc. Warrants,$0.0398,0.00,0.00%,463603.00,United States,2021,60,Health Care,Biotechnology: Pharmaceutical Preparations
BFS,Saul Centers Inc. Common Stock,$34.43,0.14,0.408%,843389533.00,United States,1993,8841,Real Estate,Real Estate Investment Trusts
BFS^D,Saul Centers Inc. Depositary Shares each representing 1/100th of a share of 6.125% Series D Cumulative Redeemable Preferred Stock,$20.50,0.20,0.985%,,United States,,2247,,
BFS^E,Saul Centers Inc. Depositary shares each representing a 1/100th fractional interest in a share of 6.000% Series E Cumulative Redeemable Preferred Stock,$21.94,0.05,0.228%,,United States,,2473,,
BFST,Business First Bancshares Inc. Common Stock,$28.35,-0.18,-0.631%,926824465.00,United States,,50583,Finance,Major Banks
BG,Bunge Limited Common Shares,$124.57,-1.85,-1.463%,24092916278.00,United States,,234494,Consumer Staples,Packaged Foods
BGB,Blackstone Strategic Credit 2027 Term Fund Common Shares of Beneficial Interest,$11.20,-0.03,-0.267%,0.00,United States,2012,81130,Finance,Trusts Except Educational Religious and Charitable
BGC,BGC Group Inc. Class A Common Stock,$11.28,-0.06,-0.529%,5349675777.00,United States,,783916,Finance,Investment Bankers/Brokers/Service
BGH,Barings Global Short Duration High Yield Fund Common Shares of Beneficial Interests,$14.20,0.04,0.282%,0.00,United States,2012,52726,Finance,Investment Managers
BGI,Birks Group Inc. Common Stock,$0.7413,0.0014,0.189%,14525541.00,Canada,,4781,Consumer Discretionary,Consumer Specialties
BGIN,Bgin Blockchain Limited Class A Ordinary Shares,$3.455,-0.235,-6.369%,390884676.00,China,2025,8892,Finance,Finance: Consumer Services
BGL,Blue Gold Limited Class A Ordinary Shares,$1.055,-0.025,-2.315%,37080836.00,United Kingdom,,258061,Basic Materials,Metal Mining
BGLC,BioNexus Gene Lab Corp Common stock,$2.22,-0.01,-0.448%,5366437.00,Malaysia,,3535,Health Care,Medical Specialities
BGLWW,Blue Gold Limited Warrant,$0.3224,0.0737,29.634%,11331622.00,United Kingdom,,30233,Basic Materials,Metal Mining
BGM,BGM Group Ltd. Class A Ordinary Shares,$0.3385,0.0105,3.201%,62270437.00,China,2021,14904,Health Care,Biotechnology: Pharmaceutical Preparations
BGMS,Bio Green Med Solution Inc. Common Stock,$0.96,0.0063,0.661%,0.00,United States,,8311,,
BGR,BlackRock Energy and Resources Trust,$16.1156,-0.1644,-1.01%,2185052868.00,United States,2004,33945,Finance,Trusts Except Educational Religious and Charitable
BGS,B&G Foods Inc. Common Stock,$5.385,0.115,2.182%,433013660.00,United States,,448498,Consumer Staples,Packaged Foods
BGSF,BGSF Inc. Common Stock,$6.34,-0.10,-1.553%,71286751.00,United States,,10598,Consumer Discretionary,Professional Services
BGSI,Boyd Group Services Inc. Common Shares,$118.375,-0.905,-0.759%,3294383826.00,Canada,,11344,,
BGT,BlackRock Floating Rate Income Trust,$10.84,0.0201,0.186%,0.00,United States,2004,32394,Finance,Trusts Except Educational Religious and Charitable
BGX,Blackstone Long Short Credit Income Fund Common Shares,$10.85,-0.01,-0.092%,0.00,,2011,38836,Finance,Trusts Except Educational Religious and Charitable
BGY,Blackrock Enhanced International Dividend Trust,$5.7188,0.0488,0.861%,0.00,United States,2007,133797,Finance,Trusts Except Educational Religious and Charitable
BH,Biglari Holdings Inc. Class B Common Stock,$308.305,2.285,0.747%,707349094.00,United States,2018,24821,Consumer Discretionary,Restaurants
BHAV,BHAV Acquisition Corp Class A Ordinary Shares,$9.88,0.01,0.101%,0.00,United States,2026,378064,,
BHAVR,BHAV Acquisition Corp Rights,$0.20,-0.01,-4.762%,0.00,United States,2026,9182,Finance,Blank Checks
BHAVU,BHAV Acquisition Corp Units,$10.08,0.02,0.199%,0.00,United States,2026,2604,,
BHB,Bar Harbor Bankshares Inc. Common Stock,$34.55,0.17,0.494%,578439693.00,United States,1997,10814,Finance,Major Banks
BHC,Bausch Health Companies Inc. Common Stock,$5.53,-0.01,-0.181%,2065253647.00,Canada,,533694,Health Care,Biotechnology: Pharmaceutical Preparations
BHE,Benchmark Electronics Inc. Common Stock,$69.72,2.12,3.136%,2501346950.00,United States,,173856,Technology,Electrical Products
BHF,Brighthouse Financial Inc. Common Stock,$62.045,-0.125,-0.201%,3563922254.00,United States,,59385,Finance,Life Insurance
BHFAL,Brighthouse Financial Inc. 6.25% Junior Subordinated Debentures due 2058,$17.0401,0.1401,0.829%,978799123.00,United States,,6404,Finance,Life Insurance
BHFAM,Brighthouse Financial Inc. Depositary shares each representing a 1/1000th Interest in a Share of 4.625% Non-Cumulative Preferred Stock Series D,$11.76,0.04,0.341%,675505290.00,United States,,1485,Finance,Life Insurance
BHFAN,Brighthouse Financial Inc. Depositary shares each representing a 1/1000th interest in a share of 5.375% Non-Cumulative Preferred Stock Series C,$13.0764,-0.0236,-0.18%,751120525.00,United States,,4612,Finance,Life Insurance
BHFAO,Brighthouse Financial Inc. Depositary Shares 6.75% Non-Cumulative Preferred Stock Series B,$16.79,0.05,0.299%,964433148.00,United States,,8354,Finance,Life Insurance
BHFAP,Brighthouse Financial Inc. Depositary Shares 6.6% Non-Cumulative Preferred Stock Series A,$16.2144,0.0344,0.213%,931370151.00,United States,,1306,Finance,Life Insurance
BHK,Blackrock Core Bond Trust,$9.21,0.03,0.327%,0.00,United States,2001,91314,Finance,Finance Companies
BHM,Bluerock Homes Trust Inc. Class A Common Stock,$11.115,-0.175,-1.55%,143343130.00,,2022,932,Real Estate,Real Estate Investment Trusts
BHP,BHP Group Limited American Depositary Shares (Each representing two Ordinary Shares),$79.925,0.085,0.106%,202966067796.00,Australia,,942270,Energy,Coal Mining
BHR,Braemar Hotels & Resorts Inc. Common Stock,$2.375,0.005,0.211%,163113380.00,United States,2013,57373,Real Estate,Real Estate Investment Trusts
BHR^B,Braemar Hotels & Resorts Inc. 5.50% Series B Cumulative Convertible Preferred Stock par value $0.01 per share,$15.1701,0.1701,1.134%,,United States,,13095,,
BHR^D,Braemar Hotels & Resorts Inc. 8.25% Series D Cumulative Preferred Stock  par value $0.01 per share,$16.625,0.365,2.245%,,United States,,2243,,
BHRB,Burke & Herbert Financial Services Corp. Common Stock,$63.885,-0.615,-0.953%,960757379.00,United States,,88130,Finance,Major Banks
BHST,BioHarvest Sciences Inc. Common Stock,$4.33,-0.02,-0.46%,98093071.00,Canada,,31500,,
BHV,BlackRock Virginia Municipal Bond Trust,$11.125,0.125,1.136%,0.00,United States,2002,530,Finance,Finance/Investors Services
BHVN,Biohaven Ltd. Common Shares ,$10.04,-0.48,-4.563%,1510222663.00,United States,2022,445253,Health Care,Biotechnology: Pharmaceutical Preparations
BIAF,bioAffinity Technologies Inc. Common Stock,$2.30,0.00,0.00%,10346953.00,United States,2022,53598,Health Care,Biotechnology: Commercial Physical & Biological Resarch
BIAFW,bioAffinity Technologies Inc. Warrant,$0.31,-0.0034,-1.085%,1394589.00,United States,2022,200,Health Care,Biotechnology: Commercial Physical & Biological Resarch
BIDU,Baidu Inc. ADS,$127.28,5.75,4.731%,43307358438.00,China,2005,2013926,Technology,Computer Software: Programming Data Processing
BIIB,Biogen Inc. Common Stock,$184.175,-3.705,-1.972%,27029251894.00,United States,,271241,Health Care,Biotechnology: Biological Products (No Diagnostic Substances)
BIII,Black Spade Acquisition III Co Class A Ordinary Shares,$9.88,0.00,0.00%,0.00,,2026,201,Finance,Blank Checks
BILI,Bilibili Inc. American Depositary Shares,$22.295,0.125,0.564%,9288624210.00,China,2018,1010407,Technology,EDP Services
BILL,BILL Holdings Inc. Common Stock,$36.50,-0.16,-0.436%,3612056060.00,United States,2019,431150,Technology,EDP Services
BIO,Bio-Rad Laboratories Inc. Class A Common Stock,$284.255,2.835,1.007%,7672154446.00,United States,1980,40265,Industrials,Biotechnology: Laboratory Analytical Instruments
BIO/B,Bio-Rad Laboratories Inc.,$299.45,0.00,0.00%,,United States,,1,,
BIOA,BioAge Labs Inc. Common Stock,$16.54,-0.70,-4.06%,734339893.00,United States,2024,150067,Health Care,Biotechnology: Pharmaceutical Preparations
BIOX,Bioceres Crop Solutions Corp. Ordinary Shares,$0.5824,-0.0095,-1.605%,36824126.00,Argentina,,101932,Industrials,Agricultural Chemicals
BIP,Brookfield Infrastructure Partners LP Limited Partnership Units,$36.08,0.21,0.585%,16614435471.00,Bermuda,,152316,Consumer Discretionary,Marine Transportation
BIP^A,Brookfield Infrastructure Partners LP 5.125% Class A Preferred Limited Partnership Units Series 13,$16.81,-0.11,-0.65%,,Bermuda,,5154,,
BIP^B,Brookfield Infrastructure Partners LP 5.000% Class A Preferred Limited Partnership Units Series 14,$16.305,-0.005,-0.031%,,Bermuda,,14455,,
BIPC,Brookfield Infrastructure Corporation Brookfield Infrastructure Corporation,$40.65,0.25,0.619%,5406244961.00,Canada,,161154,Utilities,Oil & Gas Production
BIPH,Brookfield Infrastructure Corporation 5.000% Subordinated Notes due 2081,$16.63,-0.06,-0.359%,7672150254.00,Canada,2021,11090,Utilities,Oil & Gas Production
BIPI,BIP Bermuda Holdings I Limited 5.125% Perpetual Subordinated Notes,$16.55,-0.04,-0.241%,156842695.00,Bermuda,2022,1848,Consumer Discretionary,Marine Transportation
BIPJ,Brookfield Infrastructure Corporation 7.250% Subordinated Notes due 2084,$24.60,-0.19,-0.766%,11349061711.00,Canada,2024,1876,Utilities,Oil & Gas Production
BIRD,Allbirds Inc. Class A Common Stock,$7.32,-0.69,-8.614%,63743534.00,United States,2021,1555629,Consumer Discretionary,Apparel
BIRK,Birkenstock Holding plc Ordinary Shares,$39.76,-0.90,-2.213%,7312104787.00,,2023,369624,Consumer Discretionary,Shoe Manufacturing
BIT,BlackRock Multi-Sector Income Trust Common Shares of Beneficial Interest,$12.735,0.065,0.513%,0.00,United States,2013,165613,Finance,Trusts Except Educational Religious and Charitable
BIVI,BioVie Inc. Class A Common Stock,$1.46,0.03,2.098%,11013614.00,United States,,18781,Health Care,Biotechnology: Pharmaceutical Preparations
BIVIW,BioVie Inc. Warrant,$0.2901,0.0226,8.449%,2188390.00,United States,,5700,Health Care,Biotechnology: Pharmaceutical Preparations
BIXI,Bitcoin Infrastructure Acquisition Corp Ltd. Class A Ordinary Shares,$9.95,-0.01,-0.10%,0.00,United States,2025,467,,
BIXIU,Bitcoin Infrastructure Acquisition Corp Ltd. Unit ,$10.03,0.00,0.00%,0.00,United States,2025,102,Finance,Blank Checks
BIXIW,Bitcoin Infrastructure Acquisition Corp Ltd. Warrant,$0.29,0.0295,11.324%,0.00,United States,2025,63000,,
BIYA,Baiya International Group Inc. Ordinary Shares,$0.9091,-0.1609,-15.037%,1459334.00,China,2025,481264,Consumer Discretionary,Diversified Commercial Services
BJ,BJ's Wholesale Club Holdings Inc. Common Stock,$94.84,-2.12,-2.186%,12298527606.00,United States,2018,343070,Consumer Discretionary,Department/Specialty Retail Stores
BJDX,Bluejay Diagnostics Inc. Common Stock,$1.94,-0.0198,-1.01%,2007347.00,United States,2021,2897,Health Care,Medical/Dental Instruments
BJRI,BJ's Restaurants Inc. Common Stock,$38.195,-0.115,-0.30%,802839268.00,United States,,39261,Consumer Discretionary,Restaurants
BK,The Bank of New York Mellon Corporation Common Stock,$134.62,-0.80,-0.591%,92649116317.00,United States,,906279,Finance,Major Banks
BK^K,The Bank Of New York Mellon Corporation  Depositary Shares each representing a 1/4000th interest in a share of Series K Noncumulative Perpetual Preferred Stock,$25.705,0.065,0.254%,,United States,,9040,,
BKD,Brookdale Senior Living Inc. Common Stock,$13.885,0.245,1.796%,3301747655.00,United States,2005,716937,Health Care,Hospital/Nursing Management
BKE,Buckle Inc. (The) Common Stock,$56.71,0.31,0.55%,2921590657.00,United States,,46008,Consumer Discretionary,Clothing/Shoe/Accessory Stores
BKH,Black Hills Corporation Common Stock,$74.33,-0.34,-0.455%,5653147858.00,United States,,97268,Utilities,Electric Utilities: Central
BKKT,Bakkt Inc. Class A Common Stock,$8.655,-0.025,-0.288%,264514941.00,United States,,453477,Finance,Finance: Consumer Services
BKNG,Booking Holdings Inc. Common Stock,$181.57,4.82,2.727%,142204089734.00,United States,,2765778,Consumer Discretionary,Transportation Services
BKR,Baker Hughes Company Class A Common Stock,$68.15,3.66,5.675%,67588263198.00,United States,,7562546,Consumer Discretionary,Oil and Gas Field Machinery
BKSY,BlackSky Technology Inc. Class A Common Stock,$34.53,-3.91,-10.172%,1277430927.00,United States,2019,1050099,Technology,Radio And Television Broadcasting And Communications Equipment
BKT,BlackRock Income Trust Inc. (The),$10.68,-0.02,-0.187%,1588783190.00,United States,,51037,Finance,Investment Bankers/Brokers/Service
BKTI,BK Technologies Corporation Common Stock,$93.96,5.34,6.026%,355685862.00,United States,,11430,Technology,Radio And Television Broadcasting And Communications Equipment
BKU,BankUnited Inc. Common Stock,$46.06,-0.75,-1.602%,3395543246.00,United States,2011,630076,Finance,Savings Institutions
BKV,BKV Corporation Common Stock,$28.79,0.10,0.349%,2947545449.00,United States,2024,189251,Energy,Oil & Gas Production
BKYI,BIO-key International Inc. Common Stock,$0.582,-0.0127,-2.136%,6314478.00,United States,,42555,Technology,Computer Software: Prepackaged Software
BL,BlackLine Inc. Common Stock,$29.69,0.30,1.021%,1770165007.00,United States,2016,374501,Technology,Computer Software: Prepackaged Software
BLBD,Blue Bird Corporation Common Stock,$64.435,0.885,1.393%,2035624205.00,United States,2014,67208,Consumer Discretionary,Construction/Ag Equipment/Trucks
BLCO,Bausch + Lomb Corporation Common Shares,$15.82,0.04,0.253%,5637973175.00,,2022,126654,Health Care,Ophthalmic Goods
BLD,TopBuild Corp. Common Stock,$457.49,-7.75,-1.666%,12876118726.00,United States,2015,380905,Consumer Discretionary,Engineering & Construction
BLDP,Ballard Power Systems Inc. Common Shares,$3.345,-0.035,-1.036%,1006555510.00,Canada,,2005939,Energy,Industrial Machinery/Components
BLDR,Builders FirstSource Inc. Common Stock,$90.09,-0.05,-0.055%,9964783549.00,United States,2005,425007,Consumer Discretionary,RETAIL: Building Materials
BLFS,BioLife Solutions Inc. Common Stock,$21.5375,-0.1825,-0.84%,1040261250.00,United States,,85774,Health Care,Biotechnology: Electromedical & Electrotherapeutic Apparatus
BLIN,Bridgeline Digital Inc. Common Stock,$1.0001,0.0654,6.997%,12601139.00,United States,2007,33812,Technology,Computer Software: Prepackaged Software
BLIV,BeLive Holdings Ordinary Share,$2.50,0.00,0.00%,27162005.00,Singapore,2025,1,Technology,EDP Services
BLK,BlackRock Inc. Common Stock,$1053.65,0.18,0.017%,163700046711.00,United States,1999,126184,Finance,Investment Bankers/Brokers/Service
BLKB,Blackbaud Inc. Common Stock,$37.07,0.88,2.432%,1710854862.00,United States,2004,142946,Technology,Computer Software: Prepackaged Software
BLLN,BillionToOne Inc. Class A Common Stock,$83.51,-0.42,-0.50%,3841022742.00,United States,2025,97685,Health Care,Medical Specialities
BLMN,Bloomin' Brands Inc. Common Stock,$6.145,-0.245,-3.834%,523723743.00,United States,2012,919906,Consumer Discretionary,Restaurants
BLND,Blend Labs Inc. Class A Common Stock,$1.425,0.035,2.518%,366388495.00,United States,2021,574000,Technology,Computer Software: Programming Data Processing
BLNE,Beeline Holdings Inc. Common Stock,$1.99,0.03,1.531%,60988264.00,United States,,699441,Finance,Finance: Consumer Services
BLNK,Blink Charging Co. Common Stock,$0.7945,0.0095,1.21%,113728479.00,United States,,808548,Consumer Discretionary,Industrial Specialties
BLRK,Bluerock Acquisition Corp. Class A Ordinary Shares,$9.93,0.00,0.00%,0.00,United States,2026,85,,
BLRKU,Bluerock Acquisition Corp. Unit,$10.02,0.00,0.00%,0.00,United States,2025,103,,
BLRKW,Bluerock Acquisition Corp. Warrants,$0.31,-0.04,-11.429%,0.00,United States,2026,129,,
BLRX,BioLineRx Ltd. American Depositary Shares,$2.21,-0.09,-3.913%,9616499.00,Israel,,9693,Health Care,Biotechnology: Pharmaceutical Preparations
BLSH,Bullish Ordinary Shares,$39.65,-2.68,-6.331%,5959482547.00,Cayman Islands,2025,571389,Finance,Finance: Consumer Services
BLTE,Belite Bio Inc American Depositary Shares,$158.81,-5.64,-3.43%,6247579048.00,United States,2022,39322,Health Care,Biotechnology: Pharmaceutical Preparations
BLUW,Blue Water Acquisition Corp. III Class A Ordinary Shares,$10.26,0.005,0.049%,74333700.00,United States,2025,25001,,
BLUWW,Blue Water Acquisition Corp. III Warrant.,$0.397,0.00,0.00%,2876265.00,United States,2025,27,,
BLW,Blackrock Limited Duration Income Trust,$12.79,0.02,0.157%,456746926.00,United States,2003,28514,Consumer Discretionary,Other Consumer Services
BLX,Banco Latinoamericano de Comercio Exterior S.A.,$57.525,0.635,1.116%,2141667715.00,Panama,1992,26167,Finance,Commercial Banks
BLZE,Backblaze Inc. Class A Common Stock,$4.125,0.095,2.357%,247560765.00,United States,2021,144287,Technology,Computer Software: Prepackaged Software
BLZR,Trailblazer Acquisition Corp. Class A Ordinary Shares,$10.09,0.005,0.05%,0.00,United States,2025,47780,Finance,Blank Checks
BLZRU,Trailblazer Acquisition Corp. Unit,$10.21,0.01,0.098%,0.00,United States,2025,1157,,
BLZRW,Trailblazer Acquisition Corp. Warrant,$0.40,0.05,14.286%,0.00,United States,2025,187726,Finance,Blank Checks
BMA,Banco Macro S.A.  ADR (representing Ten Class B Common Shares),$75.42,0.91,1.221%,4822281643.00,Argentina,,55488,Finance,Commercial Banks
BMBL,Bumble Inc. Class A Common Stock,$4.195,-0.015,-0.356%,547158750.00,United States,2021,1792227,Technology,Computer Software: Programming Data Processing
BME,Blackrock Health Sciences Trust,$39.005,-0.605,-1.527%,520054367.00,United States,2005,23466,Finance,Trusts Except Educational Religious and Charitable
BMEA,Biomea Fusion Inc. Common Stock,$1.905,0.035,1.872%,137730433.00,United States,2021,884320,Health Care,Biotechnology: Pharmaceutical Preparations
BMEZ,BlackRock Health Sciences Term Trust Common Shares of Beneficial Interest,$14.08,-0.16,-1.124%,187728893.00,United States,2020,115295,Finance,Trusts Except Educational Religious and Charitable
BMGL,Basel Medical Group Ltd Ordinary Shares,$0.61,-0.01,-1.613%,11459308.00,Singapore,2025,2778,Health Care,Medical/Nursing Services
BMHL,Bluemount Holdings Limited Class B Ordinary Shares,$3.4127,-0.0873,-2.494%,81922365.00,Hong Kong,2025,291,Finance,Finance: Consumer Services
BMI,Badger Meter Inc. Common Stock,$121.71,-1.29,-1.049%,3552175725.00,United States,1971,159628,Industrials,Industrial Machinery/Components
BML^G,Bank of America Corporation Depositary Shares (Each representing a 1/1200th interest in a share of Floating Rate Non-Cumulative Preferred Stock  Series 1),$19.24,-0.07,-0.363%,,United States,,3358,,
BML^H,Bank of America Corporation Depositary Shares (Each representing a 1/1200th interest in a Share of Floating Rate Non-Cumulative Preferred Stock Series 2),$19.2864,-0.0236,-0.122%,,United States,,1810,,
BML^J,Bank of America Corporation Depositary Shares (Each representing a 1/1200th interest in a Share of Floating Rate Non-Cumulative Preferred Stock Series 4),$19.75,0.0999,0.508%,,United States,,2805,,
BML^L,Bank of America Corporation Depositary Shares (Each representing a 1/1200th Interest in a Share of Floating Rate Non-Cumulative Preferred Stock Series 5),$19.57,-0.06,-0.306%,,United States,,6058,,
BMM,Blue Moon Metals Inc. Common Shares,$7.875,0.205,2.673%,696975891.00,Canada,,58812,,
BMN,BlackRock 2037 Municipal Target Term Trust Common Shares of Beneficial Interest,$25.87,-0.21,-0.805%,0.00,,2022,15593,Finance,Trusts Except Educational Religious and Charitable
BMNR,BitMine Immersion Technologies Inc. Common Stock,$22.00,0.00,0.00%,11827834018.00,United States,2025,16118590,Finance,Finance: Consumer Services
BMO,Bank Of Montreal Common Stock,$152.15,0.52,0.343%,107253564763.00,Canada,,163498,Finance,Commercial Banks
BMR,Beamr Imaging Ltd. Ordinary Share,$1.91,-0.01,-0.521%,29662021.00,Israel,2023,124421,Technology,Computer Software: Prepackaged Software
BMRA,Biomerica Inc. Common Stock,$2.14,-0.01,-0.465%,6613176.00,United States,,1951,Health Care,Biotechnology: In Vitro & In Vivo Diagnostic Substances
BMRC,Bank of Marin Bancorp Common Stock,$26.08,0.03,0.115%,422227559.00,United States,,40908,Finance,Major Banks
BMRN,BioMarin Pharmaceutical Inc. Common Stock,$53.195,-0.785,-1.454%,10280999139.00,United States,1999,389731,Health Care,Biotechnology: Pharmaceutical Preparations
BMY,Bristol-Myers Squibb Company Common Stock,$58.6106,-0.4094,-0.694%,119667340059.00,United States,,2570571,Health Care,Biotechnology: Pharmaceutical Preparations
BN,Brookfield Corporation Class A Limited Voting Shares,$45.42,0.06,0.132%,101610392776.00,Canada,1925,1503006,Real Estate,Building operators
BNAI,Brand Engagement Network Inc. Common Stock,$28.50,-2.80,-8.946%,166951718.00,United States,2021,275727,Technology,EDP Services
BNAIW,Brand Engagement Network Inc. Warrant,$0.2229,-0.008,-3.465%,1305738.00,United States,2021,9909,Technology,EDP Services
BNBX,BNB Plus Corp. Common Stock,$0.51,0.013,2.616%,2778209.00,United States,,165067,Consumer Discretionary,Other Consumer Services
BNC,CEA Industries Inc. Common Stock,$3.05,0.18,6.272%,130832315.00,United States,,137552,Industrials,Industrial Machinery/Components
BNCWW,CEA Industries Inc. Warrant,$0.0256,0.00,0.00%,0.00,United States,,74,,
BNCWZ,CEA Industries Inc. Warrant,$0.2988,0.00,0.00%,12817277.00,United States,,225,Industrials,Industrial Machinery/Components
BNED,Barnes & Noble Education Inc Common Stock,$10.92,0.07,0.645%,374513619.00,United States,2015,57805,Consumer Discretionary,Other Specialty Stores
BNGO,Bionano Genomics Inc. Common Stock,$1.22,0.01,0.826%,13531770.00,United States,2018,57530,Industrials,Biotechnology: Laboratory Analytical Instruments
BNH,Brookfield Finance Inc. 4.625% Subordinated Notes due October 16 2080,$15.84,0.12,0.763%,23883503910.00,Canada,2020,29633,Real Estate,Building operators
BNJ,Brookfield Finance Inc. 4.50% Perpetual Subordinated Notes,$15.15,0.09,0.598%,22843124005.00,Canada,2020,3881,Real Estate,Building operators
BNKK,Bonk Inc. Common Stock,$2.87,-0.01,-0.347%,22582474.00,United States,2020,10046,Consumer Discretionary,Package Goods/Cosmetics
BNL,Broadstone Net Lease Inc. Common Stock,$20.145,0.085,0.424%,3859547633.00,United States,2020,418057,Real Estate,Real Estate Investment Trusts
BNR,Burning Rock Biotech Limited American Depositary Shares,$20.99,0.40,1.943%,225990850.00,China,2020,14939,Health Care,Medical Specialities
BNRG,Brenmiller Energy Ltd Ordinary Shares,$3.0922,-0.2678,-7.97%,1593921.00,Israel,,35237,Industrials,Building Products
BNS,Bank Nova Scotia Halifax Pfd 3 Ordinary Shares,$75.62,0.66,0.88%,93200405295.00,Canada,,512561,Finance,Major Banks
BNT,Brookfield Wealth Solutions Ltd. Class A Exchangeable Limited Voting Shares,$45.62,0.27,0.595%,15175857276.00,,2021,2635,Finance,Property-Casualty Insurers
BNTC,Benitec Biopharma Inc. Common Stock,$12.40,-0.30,-2.362%,425993742.00,United States,2015,46548,Health Care,Biotechnology: Pharmaceutical Preparations
BNTX,BioNTech SE American Depositary Share,$104.97,-0.59,-0.559%,26381620940.00,Germany,2019,203693,Health Care,Biotechnology: Biological Products (No Diagnostic Substances)
BNZI,Banzai International Inc. Class A Common Stock,$0.4989,-0.0407,-7.543%,9015594.00,United States,2021,611320,Technology,Computer Software: Prepackaged Software
BNZIW,Banzai International Inc. Warrant,$0.0095,-0.0052,-35.374%,171674.00,United States,2021,332460,Technology,Computer Software: Prepackaged Software
BOBS,Bob's Discount Furniture Inc. Common Stock,$11.55,0.14,1.227%,1505739543.00,,2026,119473,Consumer Discretionary,Other Specialty Stores
BOC,Boston Omaha Corporation Class A Common Stock,$12.30,-0.01,-0.081%,377192759.00,United States,2022,21829,Finance,Real Estate
BODI,The Beachbody Company Inc. Class A Common Stock,$15.33,0.275,1.827%,110915110.00,United States,,49923,Consumer Discretionary,Other Consumer Services
BOE,Blackrock Enhanced Global Dividend Trust Common Shares of Beneficial Interest,$11.665,0.045,0.387%,0.00,United States,2005,72371,Finance,Trusts Except Educational Religious and Charitable
BOF,BranchOut Food Inc. Common Stock,$3.885,-0.015,-0.385%,56652686.00,United States,2023,51060,Consumer Staples,Packaged Foods
BOH,Bank of Hawaii Corporation Common Stock,$76.955,-0.915,-1.175%,3057077469.00,United States,,126475,Finance,Major Banks
BOH^A,Bank of Hawaii Corporation Depositary Shares Each Representing a 1/40th Interest in a Share of 4.375% Fixed Rate Non-Cumulative Perpetual Preferred Stock Series A,$16.33,0.00,0.00%,,United States,,75,,
BOH^B,Bank of Hawaii Corporation Depositary Shares Each Representing a 1/40th Interest in a Share of 8.000% Fixed Rate Non-Cumulative Perpetual Preferred Stock Series B,$26.37,-0.12,-0.453%,,United States,,1011,,
BOKF,BOK Financial Corporation Common Stock,$133.845,-0.105,-0.078%,8132564076.00,United States,,77326,Finance,Major Banks
BOLD,Boundless Bio Inc. Common Stock,$1.51,-0.01,-0.658%,33834949.00,United States,2024,17928,Health Care,Biotechnology: Pharmaceutical Preparations
BOLT,Bolt Biotherapeutics Inc. Common Stock,$5.1216,0.3516,7.371%,9841498.00,United States,2021,698,Health Care,Biotechnology: Pharmaceutical Preparations
BON,Bon Natural Life Limited Class A Ordinary Shares,$1.24,-0.0398,-3.11%,10079724.00,China,2021,12882,Health Care, Medicinal Chemicals and Botanical Products 
BOOM,DMC Global Inc. Common Stock,$6.12,0.47,8.319%,125307924.00,United States,,243312,Industrials,Industrial Specialties
BOOT,Boot Barn Holdings Inc. Common Stock,$169.47,6.28,3.848%,5155350442.00,United States,2014,135696,Consumer Discretionary,Clothing/Shoe/Accessory Stores
BORR,Borr Drilling Limited Common Shares,$5.70,0.13,2.334%,1753896128.00,Bermuda,2019,2136743,Energy,Oil & Gas Production
BOSC,B.O.S. Better Online Solutions Common Stock,$4.75,0.08,1.713%,33486598.00,Israel,,13955,Telecommunications,Computer Communications Equipment
BOTJ,Bank of the James Financial Group Inc. Common Stock,$23.29,0.04,0.172%,105814342.00,United States,,408,Finance,Major Banks
BOW,Bowhead Specialty Holdings Inc. Common Stock,$23.785,-0.045,-0.189%,781052662.00,United States,2024,39468,Finance,Property-Casualty Insurers
BOX,Box Inc. Class A Common Stock,$23.77,0.23,0.977%,3290946540.00,United States,2015,565681,Technology,Computer Software: Prepackaged Software
BOXL,Boxlight Corporation Class A Common Stock,$1.075,-0.005,-0.463%,3656835.00,United States,2017,48764,Real Estate,Other Consumer Services
BP,BP p.l.c. Common Stock,$46.075,-0.275,-0.593%,120196794503.00,United Kingdom,,3897867,Energy,Integrated oil Companies
BPAC,Blueport Acquisition Ltd Class A Ordinary Shares,$10.055,0.00,0.00%,0.00,United States,2026,2,,
BPACR,Blueport Acquisition Ltd Rights,$0.21,0.00,0.00%,0.00,United States,2026,4,,
BPOP,Popular Inc. Common Stock,$147.98,-1.29,-0.864%,9617036261.00,United States,,124802,Finance,Major Banks
BPOPM,Popular Inc. Popular Capital Trust II - 6.125% Cumulative Monthly Income Trust Preferred Securities,$25.20,-0.055,-0.218%,1637716676.00,United States,,2869,Finance,Major Banks
BPRE,Bluerock Private Real Estate Fund Common Shares of Beneficial Interest,$16.00,0.03,0.188%,0.00,,2025,132852,,
BPRN,Princeton Bancorp Inc. Common Stock (PA),$34.73,-0.50,-1.419%,236033867.00,United States,,1381,Finance,Major Banks
BPYPM,Brookfield Property Partners L.P. 6.25% Class A Cumulative Redeemable Preferred Units Series 1,$16.75,0.00,0.00%,17412972538.00,Bermuda,,2302,Finance,Real Estate
BPYPN,Brookfield Property Partners L.P. 5.750% Class A Cumulative Redeemable Perpetual Preferred Units Series 3,$13.95,0.08,0.577%,14502147278.00,Bermuda,,13497,Finance,Real Estate
BPYPO,Brookfield Property Partners L.P. 6.375% Class A Cumulative Redeemable Perpetual Preferred Units Series 2,$15.50,0.2192,1.434%,16113496975.00,Bermuda,,5260,Finance,Real Estate
BPYPP,Brookfield Property Partners L.P. 6.50% Class A Cumulative Redeemable Perpetual Preferred Units,$16.25,-0.1837,-1.118%,16893182313.00,Bermuda,,658,Finance,Real Estate
BQ,Boqii Holding Limited Class A Ordinary Shares,$0.84,0.0022,0.263%,2343345.00,,2025,66168,Consumer Discretionary,Other Specialty Stores
BR,Broadridge Financial Solutions Inc. Common Stock,$154.585,-1.365,-0.875%,18047600108.00,United States,,261409,Real Estate,Real Estate
BRAG,Bragg Gaming Group Inc. Common Shares,$1.97,0.005,0.254%,50339987.00,Canada,,5356,Technology,Office Equipment/Supplies/Services
BRAI,Braiin Limited Common Stock,$21.79,0.57,2.686%,1496887496.00,Australia,,3282,Technology,EDP Services
BRBI,BRBI BR Partners S.A. ADSs,$15.91,0.00,0.00%,797672447.00,Brazil,,94,Finance,Finance: Consumer Services
BRBR,BellRing Brands Inc. Common Stock ,$16.19,-0.11,-0.675%,1898593577.00,United States,2022,404490,Consumer Staples,Packaged Foods
BRBS,Blue Ridge Bankshares Inc. Common Stock,$3.585,0.065,1.847%,327455624.00,United States,,73425,Finance,Major Banks
BRC,Brady Corporation Common Stock,$81.37,-0.72,-0.877%,3842945533.00,United States,,109744,Consumer Discretionary,Miscellaneous manufacturing industries
BRCB,Black Rock Coffee Bar Inc. Class A Common Stock,$13.12,0.42,3.307%,656732188.00,United States,2025,115924,Consumer Discretionary,Restaurants
BRCC,BRC Inc. Class A Common Stock,$1.175,0.065,5.856%,292721942.00,United States,2022,633162,Consumer Staples,Beverages (Production/Distribution)
BRFH,Barfresh Food Group Inc. Common Stock,$2.67,0.00,0.00%,42999958.00,United States,,454,Consumer Staples,Packaged Foods
BRIA,BrilliA Inc Class A Ordinary Shares,$1.71,0.035,2.09%,52368750.00,,2024,752,Consumer Discretionary,Apparel
BRID,Bridgford Foods Corporation Common Stock,$7.52,0.00,0.00%,68257777.00,United States,,95,Consumer Staples,Specialty Foods
BRK/A,Berkshire Hathaway Inc.,$703300.00,-2865.00,-0.406%,1034465684200.00,United States,,91,,
BRK/B,Berkshire Hathaway Inc.,$468.175,-2.375,-0.505%,1032939826118.00,United States,,1344552,,
BRKR,Bruker Corporation Common Stock,$36.945,0.725,2.002%,5623883796.00,United States,,372878,Industrials,Biotechnology: Laboratory Analytical Instruments
BRKRP,Bruker Corporation 6.375% Mandatory Convertible Preferred Stock Series A,$287.57,0.00,0.00%,43774807507.00,United States,,131,Industrials,Biotechnology: Laboratory Analytical Instruments
BRLS,Borealis Foods Inc. Class A Common Shares,$0.9399,0.0299,3.286%,20173361.00,Canada,2021,25373,Consumer Staples,Packaged Foods
BRLSW,Borealis Foods Inc. Warrant,$0.036,-0.0014,-3.743%,772679.00,Canada,2021,1400,Consumer Staples,Packaged Foods
BRLT,Brilliant Earth Group Inc. Class A Common Stock,$1.42,0.01,0.709%,143569540.00,United States,2021,5163,Consumer Discretionary,Consumer Specialties
BRN,Barnwell Industries Inc. Common Stock,$1.135,-0.015,-1.304%,16154749.00,United States,1965,16632,Energy,Oil & Gas Production
BRNS,Barinthus Biotherapeutics plc American Depositary Shares,$0.602,-0.037,-5.79%,24591034.00,United Kingdom,2021,3380,Health Care,Biotechnology: Pharmaceutical Preparations
BRO,Brown & Brown Inc. Common Stock,$66.15,-1.40,-2.073%,22461840485.00,United States,,663602,Finance,Specialty Insurers
BROS,Dutch Bros Inc. Class A Common Stock,$56.555,2.015,3.695%,9319325979.00,United States,2021,1267564,Consumer Discretionary,Restaurants
BRR,ProCap Financial Inc. Common Stock,$1.925,0.015,0.785%,157195793.00,United States,2025,64795,Finance,Finance: Consumer Services
BRRWW,ProCap Financial Inc. Warrant,$0.295,-0.005,-1.667%,24089745.00,United States,2025,1771,Finance,Finance: Consumer Services
BRSL,Brightstar Lottery PLC Trading under the Legal Name to begin at the market open on July 21 2025. Ordinary Shares,$12.77,-0.03,-0.234%,2356065000.00,United States,2015,232171,Consumer Discretionary,Services-Misc. Amusement & Recreation
BRSP,BrightSpire Capital Inc. Class A Common Stock,$6.075,0.035,0.579%,791439245.00,United States,2018,198802,Real Estate,Real Estate Investment Trusts
BRT,BRT Apartments Corp. (MD) Common Stock,$14.21,0.00,0.00%,269748615.00,United States,,2809,Real Estate,Real Estate Investment Trusts
BRTX,BioRestorative Therapies Inc. Common Stock (NV),$0.2271,0.0043,1.93%,5786092.00,United States,,270505,Health Care,Managed Health Care
BRW,Saba Capital Income & Opportunities Fund SBI,$6.785,-0.085,-1.237%,0.00,United States,,71796,Finance,Trusts Except Educational Religious and Charitable
BRX,Brixmor Property Group Inc. Common Stock,$30.505,-0.055,-0.18%,9360040935.00,United States,2013,706635,Real Estate,Real Estate Investment Trusts
BRZE,Braze Inc. Class A Common Stock,$23.15,0.69,3.072%,2856636661.00,United States,2021,593191,Technology,Computer Software: Prepackaged Software
BSAA,BEST SPAC I Acquisition Corp. Class A Ordinary Shares,$10.26,-0.01,-0.097%,,Hong Kong,2025,30000,Finance,Blank Checks
BSAAU,BEST SPAC I Acquisition Corp. Unit ,$10.361,-0.089,-0.852%,0.00,Hong Kong,2025,846,Finance,Blank Checks
BSAC,Banco Santander - Chile ADS,$33.79,0.35,1.047%,15918986561.00,Chile,,153861,Finance,Commercial Banks
BSBK,Bogota Financial Corp. Common Stock,$8.5799,0.0999,1.178%,110846868.00,United States,2020,2222,Finance,Banks
BSBR,Banco Santander Brasil SA American Depositary Shares each representing one unit,$5.95,0.00,0.00%,44453628879.00,Brazil,2009,345646,Finance,Commercial Banks
BSET,Bassett Furniture Industries Incorporated Common Stock,$14.64,-0.26,-1.745%,126595506.00,United States,,54851,Consumer Discretionary,Home Furnishings
BSL,Blackstone Senior Floating Rate 2027 Term Fund Common Shares of Beneficial Interest,$13.1576,0.0976,0.747%,0.00,United States,2010,49636,Finance,Trusts Except Educational Religious and Charitable
BSM,Black Stone Minerals L.P. Common units representing limited partner interests,$14.17,-0.19,-1.323%,3217227820.00,United States,2015,67533,Energy,Oil & Gas Production
BSRR,Sierra Bancorp Common Stock,$36.11,0.05,0.139%,472794874.00,United States,,34631,Finance,Major Banks
BST,BlackRock Science and Technology Trust Common Shares of Beneficial Interest,$42.17,0.88,2.131%,934395691.00,United States,2014,67392,Finance,Finance Companies
BSTZ,BlackRock Science and Technology Term Trust Common Shares of Beneficial Interest,$26.43,0.62,2.402%,585631447.00,United States,2019,66871,Finance,Trusts Except Educational Religious and Charitable
BSVN,Bank7 Corp. Common stock,$43.92,-0.08,-0.182%,418089193.00,United States,2018,9820,Finance,Major Banks
BSX,Boston Scientific Corporation Common Stock,$62.50,-3.19,-4.856%,92885947938.00,United States,,7135853,Health Care,Medical/Dental Instruments
BSY,Bentley Systems Incorporated Class B Common Stock,$32.84,0.19,0.582%,9958621431.00,United States,2020,536242,Technology,Computer Software: Prepackaged Software
BTAI,BioXcel Therapeutics Inc. Common Stock,$1.07,-0.03,-2.727%,28969807.00,United States,2018,298151,Health Care,Biotechnology: Pharmaceutical Preparations
BTBD,BT Brands Inc. Common Stock,$1.84,0.02,1.099%,11324692.00,United States,2021,12685,Consumer Discretionary,Restaurants
BTBDW,BT Brands Inc. Warrant,$0.2189,-0.0211,-8.792%,1347269.00,United States,2021,20826,Consumer Discretionary,Restaurants
BTBT,Bit Digital Inc. Ordinary Shares,$1.595,0.015,0.949%,520890664.00,United States,2018,6828731,Finance,Finance: Consumer Services
BTCS,BTCS Inc. Common Stock,$1.885,0.035,1.892%,93826574.00,United States,,382949,Finance,Finance: Consumer Services
BTCT,BTC Digital Ltd. Ordinary Shares,$1.29,0.00,0.00%,8299912.00,China,,187587,Real Estate,Other Consumer Services
BTDR,Bitdeer Technologies Group Class A Ordinary Shares,$12.32,0.16,1.316%,2969429404.00,Singapore,,2387207,Finance,Finance: Consumer Services
BTE,Baytex Energy Corp Common Shares,$4.575,-0.035,-0.759%,3354702180.00,Canada,2023,9095708,Energy,Oil & Gas Production
BTG,B2Gold Corp Common shares (Canada),$5.025,0.075,1.515%,6736624826.00,Canada,,15854207,Basic Materials,Precious Metals
BTGO,BitGo Holdings Inc. Class A Common Stock,$10.67,-0.51,-4.562%,1232032517.00,,2026,307519,Finance,Finance: Consumer Services
BTI,British American Tobacco  Industries p.l.c. Common Stock ADR,$58.205,0.925,1.615%,126994292532.00,United Kingdom,1998,2366218,Health Care, Medicinal Chemicals and Botanical Products 
BTM,Bitcoin Depot Inc. Class A Common Stock,$7.06,-0.33,-4.465%,80120819.00,United States,2022,281753,Finance,Finance: Consumer Services
BTMD,Biote Corp. Class A Common Stock,$2.25,0.03,1.351%,88416520.00,United States,,33316,Health Care, Medicinal Chemicals and Botanical Products 
BTMWW,Bitcoin Depot Inc. Warrant,$0.0319,0.0007,2.244%,362019.00,United States,2022,119218,Finance,Finance: Consumer Services
BTO,John Hancock Financial Opportunities Fund Common Stock,$36.535,-0.025,-0.068%,0.00,United States,1994,35173,Finance,Investment Managers
BTOC,Armlogi Holding Corp. Common Stock,$0.2792,0.0018,0.649%,12687708.00,United States,2024,1360071,Consumer Discretionary,Office Equipment/Supplies/Services
BTOG,Bit Origin Limited Class A Ordinary Shares,$1.95,-0.06,-2.985%,2879842.00,United States,2019,46456,Finance,Finance: Consumer Services
BTQ,BTQ Technologies Corp. Common Stock,$3.045,-0.085,-2.716%,430291782.00,Canada,,825943,,
BTSG,BrightSpring Health Services Inc. Common Stock,$47.91,0.71,1.504%,9254665992.00,United States,2024,685595,Health Care,Medical/Nursing Services
BTSGU,BrightSpring Health Services Inc. Tangible Equity Unit,$159.47,2.84,1.813%,30804458063.00,United States,2024,3177,Health Care,Medical/Nursing Services
BTT,BlackRock Municipal 2030 Target Term Trust,$22.9548,0.0148,0.065%,0.00,United States,2012,12010,Finance,Investment Managers
BTTC,Black Titan Corporation Ordinary Shares,$1.31,-0.03,-2.239%,1742607.00,Malaysia,,11193,Health Care,Biotechnology: Biological Products (No Diagnostic Substances)
BTU,Peabody Energy Corporation Common Stock ,$26.83,-0.53,-1.937%,3268806998.00,United States,2017,678188,Energy,Coal Mining
BTX,BlackRock Technology and Private Equity Term Trust Common Shares of Beneficial Interest,$7.89,0.26,3.408%,1860431813.00,United States,2021,653116,,
BTZ,BlackRock Credit Allocation Income Trust,$10.345,0.025,0.242%,1118656575.00,United States,2006,111702,Finance,Finance Companies
BUD,Anheuser-Busch Inbev SA Sponsored ADR (Belgium),$72.555,0.335,0.464%,130395845565.00,Belgium,,573089,Consumer Staples,Beverages (Production/Distribution)
BUDA,Buda Juice Inc. Common Stock,$9.9208,0.1708,1.752%,124671380.00,,2026,1537,Consumer Staples,Beverages (Production/Distribution)
BUI,BlackRock Utility Infrastructure & Power Opportunities Trust,$27.394,0.194,0.713%,0.00,United States,2011,30955,Finance,Trusts Except Educational Religious and Charitable
BULL,Webull Corporation Class A Ordinary Shares,$6.84,-0.07,-1.013%,3636398462.00,United States,,5926530,Finance,Investment Bankers/Brokers/Service
BULLW,Webull Corporation Warrants,$2.255,-0.105,-4.449%,1198841891.00,United States,,3485,Finance,Investment Bankers/Brokers/Service
BUR,Burford Capital Limited Ordinary Shares,$4.645,0.165,3.683%,1016379840.00,,2020,854478,Finance,Finance: Consumer Services
BURL,Burlington Stores Inc. Common Stock,$330.67,1.05,0.319%,20776085712.00,United States,2013,138781,Consumer Discretionary,Department/Specialty Retail Stores
BURU,Nuburu Inc. Common Stock,$0.3112,-0.0593,-16.005%,48107918.00,United States,,56035017,Miscellaneous,Industrial Machinery/Components
BUSE,First Busey Corporation Class A Common Stock,$26.236,-0.024,-0.091%,2243295459.00,United States,,114141,Finance,Major Banks
BUSEP,First Busey Corporation Depositary Shares Each Representing a 1/40thInterest in a Share of 8.25% Fixed-Rate Series B Non-Cumulative Perpetual Preferred Stock $0.001 par value,$25.835,-0.005,-0.019%,2209008163.00,United States,,9703,Finance,Major Banks
BUUU,BUUU Group Limited Class A Ordinary Share,$14.10,-0.50,-3.425%,235117500.00,Hong Kong,2025,606,Consumer Discretionary,Services-Misc. Amusement & Recreation
BV,BrightView Holdings Inc. Common Stock,$12.41,-0.10,-0.799%,1169022000.00,United States,2018,60004,Real Estate,Real Estate
BVC,BitVentures Limited Ordinary Shares,$10.58,-0.03,-0.283%,1777440000.00,China,2021,3762,,
BVFL,BV Financial Inc. Common Stock,$19.975,-0.065,-0.324%,175591596.00,United States,2023,469,Finance,Savings Institutions
BVN,Buenaventura Mining Company Inc.,$32.22,0.26,0.814%,8183456855.00,Peru,1996,180095,Basic Materials,Metal Mining
BVS,Bioventus Inc. Class A Common Stock,$9.89,0.18,1.854%,825073566.00,United States,2021,145159,Health Care,Medical/Dental Instruments
BW,Babcock & Wilcox Enterprises Inc. Common Stock,$14.65,-1.01,-6.45%,1988617531.00,United States,2015,2093691,Industrials,Building Products
BW^A,Babcock & Wilcox Enterprises Inc. 7.75% Series A Cumulative Perpetual Preferred Stock,$21.02,-0.28,-1.315%,,United States,,18937,,
BWA,BorgWarner Inc. Common Stock,$56.43,0.29,0.517%,11628049768.00,United States,,699860,Consumer Discretionary,Auto Parts:O.E.M.
BWAY,BrainsWay Ltd. American Depositary Shares,$16.48,0.73,4.635%,659744268.00,Israel,2019,49752,Health Care,Medical/Dental Instruments
BWB,Bridgewater Bancshares Inc. Common Stock,$18.52,0.00,0.00%,515310944.00,United States,2018,15394,Finance,Major Banks
BWBBP,Bridgewater Bancshares Inc. Depositary Shares Each Representing a 1/100th Interest in a Share of 5.875% Non-Cumulative Perpetual Preferred Stock Series A,$20.4399,0.1049,0.516%,568731326.00,United States,,348,Finance,Major Banks
BWEN,Broadwind Inc. Common Stock,$2.615,-0.045,-1.692%,61201763.00,United States,,47204,Telecommunications,Metal Fabrications
BWFG,Bankwell Financial Group Inc. Common Stock,$49.93,-0.44,-0.874%,398100877.00,United States,2014,29219,Finance,Major Banks
BWG,BrandywineGLOBAL Global Income Opportunities Fund Inc.,$8.03,-0.01,-0.124%,0.00,United States,2012,14561,Finance,Finance/Investors Services
BWIN,The Baldwin Insurance Group Inc. Class A Common Stock,$24.95,-0.33,-1.305%,3572324583.00,United States,2019,196638,Finance,Specialty Insurers
BWLP,BW LPG Limited Common Shares,$18.50,0.07,0.38%,2946717000.00,,2024,73107,Consumer Discretionary,Transportation Services
BWMN,Bowman Consulting Group Ltd. Common Stock,$31.96,0.51,1.622%,547267348.00,United States,2021,24015,Consumer Discretionary,Professional Services
BWMX,Betterware de Mexico S.A.P.I. de C.V. Ordinary Shares,$17.04,-0.44,-2.517%,635873944.00,Mexico,,82413,Consumer Discretionary,Catalog/Specialty Distribution
BWNB,Babcock & Wilcox Enterprises Inc. 6.50% Senior Notes due 2026,$24.975,-0.025,-0.10%,2524911111.00,United States,2021,703,Industrials,Building Products
BWXT,BWX Technologies Inc. Common Stock,$223.92,-1.59,-0.705%,20513741126.00,United States,,385519,Industrials,Industrial Machinery/Components
BX,Blackstone Inc. Common Stock,$122.1744,-0.1556,-0.127%,90675486235.00,United States,2007,2095350,Finance,Investment Managers
BXC,Bluelinx Holdings Inc. Common Stock,$57.72,0.21,0.365%,454094553.00,United States,2004,24213,Consumer Discretionary,Wholesale Distributors
BXMT,Blackstone Mortgage Trust Inc. Common Stock,$20.095,0.155,0.777%,3390803011.00,United States,,196940,Real Estate,Real Estate Investment Trusts
BXP,BXP Inc. Common Stock,$57.665,0.665,1.167%,9150049349.00,United States,1997,477508,Real Estate,Real Estate Investment Trusts
BXSL,Blackstone Secured Lending Fund Common Shares of Beneficial Interest,$23.5098,-0.2102,-0.886%,0.00,,2021,1519493,Finance,Trusts Except Educational Religious and Charitable
BY,Byline Bancorp Inc. Common Stock,$33.23,0.17,0.514%,1509278886.00,United States,2017,59950,Finance,Major Banks
BYAH,Park Ha Biological Technology Co. Ltd. Class A Ordinary Shares,$1.0501,-0.0299,-2.769%,5136507.00,China,2024,2081,Consumer Discretionary,Package Goods/Cosmetics
BYD,Boyd Gaming Corporation Common Stock,$83.41,-5.74,-6.439%,6281141922.00,United States,1993,1615082,Consumer Discretionary,Hotels/Resorts
BYFC,Broadway Financial Corporation Class A Common Stock,$7.7905,0.00,0.00%,72483840.00,United States,,72,Finance,Savings Institutions
BYND,Beyond Meat Inc. Common Stock,$0.9285,-0.0216,-2.273%,430416928.00,United States,2019,62612717,Consumer Staples,Packaged Foods
BYRN,Byrna Technologies Inc. Common Stock,$6.09,-0.01,-0.164%,138155633.00,United States,,165030,Miscellaneous,Industrial Machinery/Components
BYSI,BeyondSpring Inc. Ordinary Shares,$1.61,-0.05,-3.012%,66202910.00,United States,2017,819,Health Care,Biotechnology: Pharmaceutical Preparations
BZ,KANZHUN LIMITED American Depository Shares,$13.615,0.285,2.138%,5918926596.00,China,2021,1227894,Technology,Computer Software: Programming Data Processing
BZAI,Blaize Holdings Inc. Common Stock,$1.875,-0.045,-2.344%,230145954.00,United States,2025,2990275,Finance,Blank Checks
BZAIW,Blaize Holdings Inc. Warrants,$0.4349,0.0441,11.285%,53381587.00,United States,2025,16395,Finance,Blank Checks
BZFD,BuzzFeed Inc. Class A Common Stock,$0.7461,0.0395,5.59%,28082254.00,United States,2021,91773,Consumer Discretionary,Telecommunications Equipment
BZFDW,BuzzFeed Inc. Warrant,$0.0213,0.00,0.00%,801705.00,United States,2021,2,Consumer Discretionary,Telecommunications Equipment
BZH,Beazer Homes USA Inc. Common Stock,$22.69,0.12,0.532%,669509428.00,United States,1994,56526,Consumer Discretionary,Homebuilding
BZUN,Baozun Inc. American Depositary Shares,$2.815,0.035,1.259%,162559632.00,China,2015,136321,Consumer Discretionary,Catalog/Specialty Distribution
C,Citigroup Inc. Common Stock,$127.945,-0.565,-0.44%,223589901043.00,United States,,1978149,Finance,Major Banks
C^N,Citigroup Capital XIII 7.875% Fixed rate Floating Rate trust Preferred Securities (TruPS),$29.9899,0.0299,0.10%,,United States,,33558,,
C^R,Citigroup Inc. Depositary Shares Each Representing a 1/1000th Interest in a Share of 6.250% Noncumulative Preferred Stock Series II,$25.3591,-0.0309,-0.122%,,United States,,12872,,
CAAP,Corporacion America Airports SA Common Shares,$25.015,0.015,0.06%,4132956937.00,,2018,89290,Consumer Discretionary,Aerospace
CAAS,China Automotive Systems Inc. Ordinary Share,$4.5599,0.1599,3.634%,137575384.00,China,,36936,Consumer Discretionary,Auto Parts:O.E.M.
CABA,Cabaletta Bio Inc. Common Stock,$2.9325,-0.1175,-3.852%,326459964.00,United States,2019,1113765,Health Care,Biotechnology: Biological Products (No Diagnostic Substances)
CABO,Cable One Inc. Common Stock,$109.705,-5.075,-4.422%,622266726.00,United States,2015,121804,Telecommunications,Cable & Other Pay Television Services
CABR,Caring Brands Inc. Common Stock,$1.02,-0.06,-5.556%,12588336.00,United States,,42693,Consumer Discretionary,Package Goods/Cosmetics
CAC,Camden National Corporation Common Stock,$49.82,-0.06,-0.12%,845752092.00,United States,,19499,Finance,Major Banks
CACC,Credit Acceptance Corporation Common Stock,$517.17,-0.58,-0.112%,5558378700.00,United States,1992,36910,Finance,Finance: Consumer Services
CACI,CACI International Inc. Class A Common Stock,$519.385,-7.105,-1.35%,11471019729.00,United States,,181769,Technology,EDP Services
CADL,Candel Therapeutics Inc. Common Stock,$6.61,-0.43,-6.108%,362861562.00,United States,2021,856605,Health Care,Biotechnology: Biological Products (No Diagnostic Substances)
CAE,CAE Inc. Ordinary Shares,$25.26,-0.14,-0.551%,8128800943.00,Canada,,450191,Miscellaneous,Industrial Machinery/Components
CAEP,Cantor Equity Partners III Inc. Class A Ordinary Shares,$10.4498,-0.0002,-0.002%,0.00,United States,2025,51730,,
CAF,Morgan Stanley China A Share Fund Inc. Common Stock,$18.35,0.10,0.548%,0.00,United States,2006,27104,Finance,Investment Managers
CAG,ConAgra Brands Inc. Common Stock,$14.1999,-0.2101,-1.458%,6793759771.00,United States,,4026708,Consumer Staples,Packaged Foods
CAH,Cardinal Health Inc. Common Stock,$200.81,-3.91,-1.91%,47253809173.00,United States,,440480,Health Care,Other Pharmaceuticals
CAI,Caris Life Sciences Inc. Common Stock,$19.885,0.095,0.48%,5619101689.00,United States,2025,472362,Health Care,Medical Specialities
CAKE,Cheesecake Factory Incorporated (The) Common Stock,$62.25,0.37,0.598%,3100392375.00,United States,1992,243561,Consumer Discretionary,Restaurants
CAL,Caleres Inc. Common Stock,$13.645,-0.075,-0.547%,461777351.00,United States,,123012,Consumer Discretionary,Shoe Manufacturing
CALC,CalciMedica Inc. Common Stock,$0.5845,0.0045,0.776%,9202319.00,United States,2023,29247,Health Care,Biotechnology: Pharmaceutical Preparations
CALM,Cal-Maine Foods Inc. Common Stock,$75.98,-0.20,-0.263%,3599673156.00,United States,1996,186955,Consumer Staples,Farming/Seeds/Milling
CALX,Calix Inc Common Stock,$42.455,-0.235,-0.55%,2707877504.00,United States,2010,521078,Consumer Discretionary,Telecommunications Equipment
CALY,Callaway Golf Company Common Stock,$15.215,0.075,0.495%,2768765920.00,United States,,294821,Consumer Discretionary,Recreational Games/Products/Toys
CAMP,CAMP4 Therapeutics Corporation Common Stock,$4.20,-0.24,-5.405%,218061148.00,United States,2024,23826,,
CAMT,Camtek Ltd. Ordinary Shares,$209.21,13.32,6.80%,9738434070.00,Israel,2000,177883,Technology,Electronic Components
CAN,Canaan Inc. American Depositary Shares,$0.5265,0.023,4.568%,405389111.00,China,2019,3246167,Technology,Semiconductors
CANF,Can-Fite Biopharma Ltd American Depositary Shares each representing two (2) Ordinary Shares,$2.8851,-0.0249,-0.856%,6181462.00,Israel,,10517,Health Care,Biotechnology: Pharmaceutical Preparations
CANG,Cango Inc. Class A Ordinary Shares,$0.4064,-0.0236,-5.488%,42179490.00,China,2025,416677,Technology,Computer Software: Prepackaged Software
CAPL,CrossAmerica Partners LP Common Units representing limited partner interests,$20.74,-0.13,-0.623%,790921518.00,United States,2012,11984,Energy,Oil Refining/Marketing
CAPN,Cayson Acquisition Corp Ordinary shares,$10.94,-0.01,-0.091%,0.00,United States,2024,2094,,
CAPR,Capricor Therapeutics Inc. Common Stock,$34.38,0.52,1.536%,1988542707.00,United States,,357982,Health Care,Biotechnology: Pharmaceutical Preparations
CAPS,Capstone Holding Corp. Common Stock,$0.42,0.0044,1.059%,4810557.00,United States,,211503,Consumer Discretionary,RETAIL: Building Materials
CAQ,Cambridge Acquisition Corp. Class A Ordinary Shares,$9.90,0.03,0.304%,0.00,United States,2026,111,,
CAQUU,Cambridge Acquisition Corp. Unit,$9.95,0.00,0.00%,0.00,United States,2026,5,,
CAR,Avis Budget Group Inc. Common Stock,$209.5965,-19.5435,-8.529%,7403930340.00,United States,,4001234,Consumer Discretionary,Rental/Leasing Companies
CARE,Carter Bankshares Inc. Common Stock,$24.21,0.35,1.467%,536493116.00,United States,,84705,Finance,Major Banks
CARG,CarGurus Inc. Class A Common Stock ,$37.43,-0.05,-0.133%,3375693870.00,United States,2017,222718,Technology,EDP Services
CARL,Carlsmed Inc. Common Stock,$10.005,-0.075,-0.744%,272458941.00,United States,2025,38069,Health Care,Medical/Dental Instruments
CARR,Carrier Global Corporation Common Stock ,$60.86,-0.68,-1.105%,50869458659.00,United States,2020,1741663,Industrials,Industrial Machinery/Components
CARS,Cars.com Inc. Common Stock ,$11.085,0.305,2.829%,644380162.00,United States,2017,238685,Technology,EDP Services
CART,Maplebear Inc. Common Stock,$41.43,-1.24,-2.906%,9948939132.00,United States,2023,750627,Real Estate,Real Estate
CASH,Pathward Financial Inc. Common Stock,$88.505,0.845,0.964%,1926194941.00,United States,1993,89026,Finance,Major Banks
CASS,Cass Information Systems Inc Common Stock,$49.68,2.74,5.837%,640925654.00,United States,,66704,Real Estate,Real Estate
CAST,FreeCast Inc. Class A Common Stock,$2.1062,0.4262,25.369%,85987258.00,United States,,13216593,Technology,EDP Services
CASY,Casey's General Stores Inc. Common Stock,$801.12,11.30,1.431%,29608618114.00,United States,1983,144459,Consumer Discretionary,Retail-Auto Dealers and Gas Stations
CAT,Caterpillar Inc. Common Stock,$834.02,-1.22,-0.146%,388058940635.00,United States,,775838,Industrials,Construction/Ag Equipment/Trucks
CATO,Cato Corporation (The) Class A Common Stock,$2.85,-0.02,-0.697%,56071142.00,United States,,2626,Consumer Discretionary,Clothing/Shoe/Accessory Stores
CATX,Perspective Therapeutics Inc. Common Stock,$4.69,0.18,3.991%,534743271.00,United States,,507089,Health Care,Medical/Dental Instruments
CATY,Cathay General Bancorp Common Stock,$54.61,-0.64,-1.158%,3657343050.00,United States,,150542,Finance,Major Banks
CAVA,CAVA Group Inc. Common Stock,$96.11,3.00,3.222%,11185066994.00,United States,2023,1238382,Consumer Discretionary,Restaurants
CB,Chubb Limited  Common Stock,$327.41,-5.47,-1.643%,127764886385.00,Switzerland,,484083,Finance,Property-Casualty Insurers
CBAN,Colony Bankcorp Inc. Common Stock,$19.95,-0.03,-0.15%,422387684.00,United States,,221233,Finance,Major Banks
CBAT,CBAK Energy Technology Inc. Common Stock,$0.82,0.005,0.613%,72689586.00,China,,43845,Miscellaneous,Industrial Machinery/Components
CBC,Central Bancompany Inc. Class A Common Stock,$25.85,0.22,0.858%,6211576738.00,United States,,235228,,
CBFV,CB Financial Services Inc. Common Stock,$34.74,-0.38,-1.082%,176207637.00,United States,,729,Finance,Major Banks
CBIO,Crescent Biopharma Inc. Common Stock,$24.52,-1.18,-4.591%,676063846.00,United States,2014,130401,Health Care,Biotechnology: Pharmaceutical Preparations
CBK,Commercial Bancgroup Inc. Common Stock,$28.975,-0.105,-0.361%,396899173.00,United States,2025,10523,Finance,Major Banks
CBL,CBL & Associates Properties Inc. Common Stock,$44.93,-0.10,-0.222%,1390349505.00,United States,2021,23767,Real Estate,Real Estate Investment Trusts
CBLL,CeriBell Inc. Common Stock,$21.06,0.00,0.00%,797594660.00,United States,2024,49201,Health Care,Biotechnology: Electromedical & Electrotherapeutic Apparatus
CBNA,Chain Bridge Bancorp Inc. Class A Common Stock,$35.32,-0.46,-1.286%,231763376.00,,2024,780,Finance,Major Banks
CBNK,Capital Bancorp Inc. Common Stock,$31.57,0.13,0.413%,516795975.00,United States,2018,3198,Finance,Major Banks
CBOE,Cboe Global Markets Inc. Common Stock,$300.635,0.515,0.172%,33616629906.00,,2010,202685,Finance,Investment Bankers/Brokers/Service
CBRE,CBRE Group Inc Common Stock Class A,$148.09,-1.22,-0.817%,43411213371.00,United States,,540897,Finance,Real Estate
CBRL,Cracker Barrel Old Country Store Inc Common Stock,$28.71,-0.84,-2.843%,641697870.00,United States,1981,441660,Consumer Discretionary,Restaurants
CBSH,Commerce Bancshares Inc. Common Stock,$50.70,-0.87,-1.687%,7467297076.00,United States,,310377,Finance,Major Banks
CBT,Cabot Corporation Common Stock,$76.77,0.48,0.629%,4009052539.00,United States,,70881,Industrials,Major Chemicals
CBU,Community Financial System Inc. Common Stock,$62.505,-0.615,-0.974%,3283870751.00,United States,,36582,Finance,Major Banks
CBUS,Cibus Inc. Class A Common Stock,$1.475,0.025,1.724%,112609961.00,United States,2017,158714,Industrials,Agricultural Chemicals
CBZ,CBIZ Inc. Common Stock,$29.88,0.17,0.572%,1637840467.00,United States,,182155,Real Estate,Real Estate
CC,Chemours Company (The) Common Stock,$25.72,1.53,6.325%,3860861684.00,United States,2015,1522818,Industrials,Major Chemicals
CCAP,Crescent Capital BDC Inc. Common stock,$13.26,0.06,0.455%,490212719.00,United States,,40332,Finance,Finance: Consumer Services
CCB,Coastal Financial Corporation Common Stock,$82.805,-1.085,-1.293%,1261411789.00,United States,2018,22885,Finance,Major Banks
CCBG,Capital City Bank Group Common Stock,$46.30,0.01,0.022%,794149684.00,United States,,15674,Finance,Major Banks
CCC,CCC Intelligent Solutions Holdings Inc. Common Stock,$4.935,0.145,3.027%,2896215556.00,United States,,3676018,Technology,Computer Software: Prepackaged Software
CCCC,C4 Therapeutics Inc. Common Stock,$2.795,-0.175,-5.892%,272730999.00,United States,2020,1602697,Health Care,Biotechnology: Biological Products (No Diagnostic Substances)
CCD,Calamos Dynamic Convertible & Income Fund Common Stock,$24.25,0.02,0.083%,0.00,United States,,27795,Finance,Trusts Except Educational Religious and Charitable
CCEC,Capital Clean Energy Carriers Corp. Common Share,$20.27,-0.72,-3.43%,1190199935.00,Greece,2007,3667,Consumer Discretionary,Marine Transportation
CCEL,Cryo-Cell International Inc. Common Stock,$3.84,-0.0696,-1.78%,30931776.00,United States,2022,5241,Health Care,Misc Health and Biotechnology Services
CCEP,Coca-Cola Europacific Partners plc Ordinary Shares,$97.83,0.50,0.514%,44413101420.00,United Kingdom,,911724,Consumer Staples,Beverages (Production/Distribution)
CCG,Cheche Group Inc. Class A Ordinary Shares,$0.71,-0.0009,-0.127%,57350068.00,China,,31755,Finance,Specialty Insurers
CCGWW,Cheche Group Inc. Warrant,$0.021,0.0017,8.808%,1696270.00,China,,4400,Finance,Specialty Insurers
CCHH,CCH Holdings Ltd Ordinary Shares,$0.51,-0.0006,-0.118%,9817500.00,Malaysia,2025,104333,Consumer Discretionary,Restaurants
CCI,Crown Castle Inc. Common Stock,$85.63,-1.89,-2.16%,37366135838.00,United States,,1057268,Real Estate,Real Estate Investment Trusts
CCID,Carlyle Credit Income Fund 7.375% Series D Term Preferred Shares due 2028,$25.04,0.00,0.00%,0.00,,,62,,
CCIF,Carlyle Credit Income Fund Shares of Beneficial Interest,$3.2299,-0.0001,-0.003%,0.00,,2019,17777,Finance,Finance/Investors Services
CCII,Cohen Circle Acquisition Corp. II Class A Ordinary Shares,$10.26,0.00,0.00%,0.00,United States,2025,1077,,
CCIIU,Cohen Circle Acquisition Corp. II Unit,$10.40,0.00,0.00%,0.00,United States,2025,131,,
CCIIW,Cohen Circle Acquisition Corp. II Warrant,$0.5599,0.00,0.00%,0.00,United States,2025,17,,
CCIX,Churchill Capital Corp IX Ordinary Shares,$10.76,0.01,0.093%,0.00,United States,2024,30359,Technology,EDP Services
CCIXW,Churchill Capital Corp IX Warrant,$0.365,-0.035,-8.75%,0.00,United States,2024,21959,Technology,EDP Services
CCJ,Cameco Corporation Common Stock,$123.755,-0.095,-0.077%,53899383692.00,Canada,1996,1116613,Basic Materials,Other Metals and Minerals
CCK,Crown Holdings Inc.,$101.42,-1.46,-1.419%,11383579786.00,United States,,241477,Industrials,Containers/Packaging
CCL,Carnival Corporation Common Stock,$27.015,0.365,1.37%,38577848161.00,United States,1987,6896168,Consumer Discretionary,Marine Transportation
CCLD,CareCloud Inc. Common Stock,$3.00,-0.01,-0.332%,127478847.00,United States,2014,65674,Technology,Computer Software: Prepackaged Software
CCLDO,CareCloud Inc. 8.75% Series B Cumulative Redeemable Perpetual Preferred Stock,$27.395,0.005,0.018%,1164094338.00,United States,,17164,Technology,Computer Software: Prepackaged Software
CCM,Concord Medical Services Holdings Limited American Depositary Shares (Each represents thirty (30) Class A ordinary shares),$4.00,0.00,0.00%,17366892.00,China,2024,1,Health Care,Medical/Nursing Services
CCNE,CNB Financial Corporation Common Stock,$30.20,-0.29,-0.951%,895016260.00,United States,,25367,Finance,Major Banks
CCNEP,CNB Financial Corporation Depositary Shares each representing a 1/40th ownership interest in a share of 7.125% Series A Fixed-Rate Non-Cumulative Perpetual Preferred Stock,$25.0882,0.0813,0.325%,743521422.00,United States,,1944,Finance,Major Banks
CCO,Clear Channel Outdoor Holdings Inc. Common Stock,$2.38,-0.01,-0.418%,1186401519.00,United States,2005,925667,Consumer Discretionary,Advertising
CCOI,Cogent Communications Holdings Inc.,$24.365,0.395,1.648%,1220744099.00,United States,,158932,Consumer Discretionary,Telecommunications Equipment
CCRN,Cross Country Healthcare Inc. Common Stock $0.0001 Par Value,$9.98,0.02,0.201%,321348086.00,United States,2001,103753,Consumer Discretionary,Professional Services
CCS,Century Communities Inc. Common Stock,$59.96,0.67,1.13%,1740366702.00,United States,2014,116767,Consumer Discretionary,Homebuilding
CCSI,Consensus Cloud Solutions Inc. Common Stock,$26.59,0.77,2.982%,501724982.00,United States,,40650,Technology,Computer Software: Prepackaged Software
CCTG,CCSC Technology International Holdings Limited Class A Ordinary Shares,$0.6055,0.0417,7.396%,2369621.00,Hong Kong,2024,256890,Consumer Discretionary,Building Products
CCU,Compania Cervecerias Unidas S.A. Common Stock,$11.35,0.16,1.43%,838771515.00,Chile,,48768,Consumer Staples,Beverages (Production/Distribution)
CCXI,Churchill Capital Corp XI Class A Ordinary Shares,$10.25,0.00,0.00%,0.00,United States,2026,2,,
CCXIU,Churchill Capital Corp XI Units,$10.29,0.04,0.39%,0.00,United States,2025,11559,Finance,Blank Checks
CCXIW,Churchill Capital Corp XI Warrants,$0.65,0.00,0.00%,0.00,United States,2026,16672,,
CCZ,Comcast Holdings ZONES,$64.54,0.00,0.00%,232204980453.00,United States,,1,Telecommunications,Cable & Other Pay Television Services
CD,Chaince Digital Holdings Inc. Ordinary Shares,$5.06,-0.11,-2.128%,401813588.00,China,2015,16954,Finance,Finance: Consumer Services
CDE,Coeur Mining Inc. Common Stock,$19.23,0.37,1.962%,12342620545.00,United States,,5200320,Basic Materials,Precious Metals
CDIO,Cardio Diagnostics Holdings Inc. Common stock,$1.8552,0.0352,1.934%,5490407.00,United States,2022,15355,Health Care,Biotechnology: In Vitro & In Vivo Diagnostic Substances
CDIOW,Cardio Diagnostics Holdings Inc. Warrant,$0.0147,-0.0009,-5.769%,43504.00,United States,2022,800,Health Care,Biotechnology: In Vitro & In Vivo Diagnostic Substances
CDLR,Cadeler A/S American Depositary Share (each representing four (4) Ordinary Shares),$26.43,0.69,2.681%,2318952236.00,,2023,32575,Consumer Discretionary,Marine Transportation
CDLX,Cardlytics Inc. Common Stock,$0.954,-0.0161,-1.66%,52537456.00,United States,2018,318241,Technology,Computer Software: Programming Data Processing
CDNA,CareDx Inc. Common Stock,$20.65,0.59,2.941%,1057617504.00,United States,2014,171685,Health Care,Medical Specialities
CDNL,Cardinal Infrastructure Group Inc. Class A Common Stock,$49.60,1.06,2.184%,2126196206.00,United States,2025,100143,Industrials,Military/Government/Technical
CDNS,Cadence Design Systems Inc. Common Stock,$331.11,16.78,5.338%,91416844635.00,United States,,1580733,Technology,Computer Software: Prepackaged Software
CDP,COPT Defense Properties Common Shares of Beneficial Interest,$32.10,0.18,0.564%,3639461342.00,United States,,246938,Real Estate,Real Estate Investment Trusts
CDR^B,Cedar Realty Trust Inc. 7.25% Series B Cumulative Redeemable Preferred Stock,$20.845,0.1251,0.604%,,United States,,1989,,
CDR^C,Cedar Realty Trust Inc. 6.50% Series C Cumulative Redeemable Preferred Stock,$20.24,0.14,0.697%,,United States,,125,,
CDRE,Cadre Holdings Inc. Common Stock,$29.475,0.395,1.358%,1259365474.00,United States,2021,235834,Health Care,Industrial Specialties
CDRO,Codere Online Luxembourg S.A. Ordinary Shares,$8.98,0.13,1.469%,409854510.00,Luxembourg,,1612,Consumer Discretionary,Services-Misc. Amusement & Recreation
CDROW,Codere Online Luxembourg S.A. Warrants,$0.7498,-0.0002,-0.027%,34221482.00,Luxembourg,,3200,Consumer Discretionary,Services-Misc. Amusement & Recreation
CDT,CDT Equity Inc. Common Stock,$2.89,-0.07,-2.365%,14040632.00,United States,2022,17969,Health Care,Biotechnology: Pharmaceutical Preparations
CDTG,CDT Environmental Technology Investment Holdings Limited ordinary shares,$0.34,0.00,0.00%,4598500.00,China,2024,5167,Industrials,Miscellaneous
CDTTW,CDT Equity Inc. Warrant,$0.0062,0.0001,1.639%,30122.00,United States,2022,414,Health Care,Biotechnology: Pharmaceutical Preparations
CDW,CDW Corporation Common Stock,$134.63,-1.84,-1.348%,17327942019.00,United States,2013,379223,Technology,Retail: Computer Software & Peripheral Equipment
CDXS,Codexis Inc. Common Stock,$2.59,0.07,2.778%,235351614.00,United States,2010,710491,Industrials,Major Chemicals
CDZI,CADIZ Inc. Common Stock,$4.785,0.095,2.026%,399279746.00,United States,,282026,Utilities,Water Supply
CDZIP,Cadiz Inc. Depositary Shares,$19.60,0.00,0.00%,1635503243.00,United States,,8840,Utilities,Water Supply
CE,Celanese Corporation Common Stock,$65.605,0.375,0.575%,7342692539.00,United States,2005,514330,Industrials,Major Chemicals
CECO,CECO Environmental Corp. Common Stock,$65.09,0.29,0.448%,2139478228.00,United States,1998,142723,Industrials,Pollution Control Equipment
CEE,The Central and Eastern Europe Fund Inc. (The) Common Stock,$20.36,0.34,1.698%,0.00,United States,,6970,Finance,Finance Companies
CEG,Constellation Energy Corporation Common Stock ,$311.42,18.65,6.37%,97570902103.00,United States,,1551528,Utilities,Electric Utilities: Central
CELC,Celcuity Inc. Common Stock,$118.07,4.51,3.971%,5707111217.00,United States,2017,556073,Health Care,Medical Specialities
CELH,Celsius Holdings Inc. Common Stock,$34.77,0.84,2.476%,8932276528.00,United States,,2229617,Consumer Staples,Beverages (Production/Distribution)
CELU,Celularity Inc. Class A Common Stock,$1.1299,0.0099,0.884%,32583816.00,United States,2019,9184,Health Care,Biotechnology: Pharmaceutical Preparations
CELZ,Creative Medical Technology Holdings Inc. Common Stock,$2.295,0.055,2.455%,8483853.00,United States,,14869,Finance,Finance: Consumer Services
CENN,Cenntro Inc. Common Stock,$4.035,0.045,1.128%,5912138.00,New Zealand,,6548,Industrials,Auto Manufacturing
CENT,Central Garden & Pet Company Common Stock,$38.51,0.49,1.289%,2397919076.00,United States,1993,8674,Consumer Discretionary,Consumer Specialties
CENTA,Central Garden & Pet Company Class A Common Stock Nonvoting,$34.60,0.39,1.14%,2154453389.00,United States,,54485,Consumer Discretionary,Consumer Specialties
CENX,Century Aluminum Company Common Stock,$60.13,0.26,0.434%,5951309446.00,United States,1996,326165,Industrials,Aluminum
CEPF,Cantor Equity Partners IV Inc. Class A Ordinary Shares,$10.255,-0.005,-0.049%,0.00,United States,2025,111,Finance,Blank Checks
CEPO,Cantor Equity Partners I Inc. Class A Ordinary Shares,$10.5801,-0.0099,-0.093%,0.00,United States,2025,11357,Finance,Blank Checks
CEPS,Cantor Equity Partners VI Inc. Class A Ordinary Shares,$10.16,-0.04,-0.392%,0.00,United States,2026,101,Finance,Blank Checks
CEPT,Cantor Equity Partners II Inc. Class A Ordinary Share,$11.14,0.08,0.723%,0.00,United States,2025,291684,Finance,Blank Checks
CEPU,Central Puerto S.A. American Depositary Shares (each represents ten Common Shares),$14.615,0.055,0.378%,2212375177.00,,2018,150119,Utilities,Electric Utilities: Central
CEPV,Cantor Equity Partners V Inc. Class A Ordinary Shares,$10.20,0.00,0.00%,0.00,United States,2025,45424,,
CERS,Cerus Corporation Common Stock,$1.945,0.045,2.368%,389717654.00,United States,1997,473014,Technology,EDP Services
CERT,Certara Inc. Common Stock,$6.14,0.14,2.333%,941415979.00,United States,2020,500643,Technology,Computer Software: Prepackaged Software
CET,Central Securities Corporation Common Stock,$53.115,0.155,0.293%,12855168498.00,United States,1951,39763,Finance,Finance/Investors Services
CETX,Cemtrex Inc. Common Stock,$1.13,0.01,0.893%,11388241.00,United States,,119403,Technology,Electrical Products
CETY,Clean Energy Technologies Inc. Common Stock,$0.7942,-0.0014,-0.176%,9662321.00,United States,,10826,Consumer Discretionary,Metal Fabrications
CEV,Eaton Vance California Municipal Income Trust Shares of Beneficial Interest,$10.34,0.035,0.34%,72727166.00,United States,1999,6752,Finance,Finance/Investors Services
CEVA,CEVA Inc. Common Stock,$28.45,3.81,15.463%,792599048.00,United States,,890848,Technology,Computer Software: Programming Data Processing
CF,CF Industries Holdings Inc. Common Stock,$121.71,-3.88,-3.089%,18696656182.00,United States,2005,1287321,Industrials,Agricultural Chemicals
CFBK,CF Bankshares Inc. Common Stock,$29.53,0.11,0.374%,189996079.00,United States,,13860,Finance,Major Banks
CFFI,C&F Financial Corporation Common Stock,$74.59,0.00,0.00%,242850197.00,United States,,367,Finance,Major Banks
CFFN,Capitol Federal Financial Inc. Common Stock,$7.70,-0.05,-0.645%,999800124.00,United States,,228404,Finance,Savings Institutions
CFG,Citizens Financial Group Inc. Common Stock,$64.01,-1.16,-1.78%,27203203885.00,United States,2014,1183482,Finance,Major Banks
CFG^E,Citizens Financial Group Inc. Depositary Shares Each Representing 1/40th Interest in a Share of 5.000% Fixed-Rate Non-Cumulative Perpetual Preferred Stock Series E,$19.245,0.035,0.182%,,United States,,12481,,
CFG^H,Citizens Financial Group Inc. Depositary Shares Each Representing a 1/40th Interest in a Share of 7.375% Fixed-Rate Non-Cumulative Perpetual Preferred Stock Series H,$25.89,-0.06,-0.231%,,United States,,7573,,
CFG^I,Citizens Financial Group Inc. Depositary Shares Each Representing a 1/40th Interest in a Share of 6.500% Fixed-Rate Reset Non-Cumulative Perpetual Preferred Stock Series I,$25.275,-0.015,-0.059%,,United States,,12751,,
CFND,C1 Fund Inc. Common Stock,$3.80,-0.14,-3.553%,0.00,,2025,14124,,
CFR,Cullen/Frost Bankers Inc. Common Stock,$142.74,-2.15,-1.484%,8987558725.00,United States,,94717,Finance,Major Banks
CFR^B,Cullen/Frost Bankers Inc. Depositary Shares each representing a 1/40th ownership interest in a share of 4.450% non-cumulative perpetual preferred stock Series B,$17.25,0.08,0.466%,,United States,,1627,,
CFTR^A,Cantor Fitzgerald Income Trust Inc. 9.50% Series A Cumulative Redeemable Preferred Stock,$24.95,0.025,0.10%,,,,340,,
CG,The Carlyle Group Inc. Common Stock,$48.78,-0.25,-0.51%,17617924648.00,United States,2012,759584,Finance,Investment Managers
CGABL,The Carlyle Group Inc. 4.625% Subordinated Notes due 2061,$17.4201,-0.0499,-0.286%,6300935650.00,United States,,5628,Finance,Investment Managers
CGAU,Centerra Gold Inc. Common Shares,$18.93,0.27,1.447%,3778073365.00,Canada,2021,503315,Basic Materials,Precious Metals
CGBD,Carlyle Secured Lending Inc. Common Stock,$11.565,0.085,0.74%,811006531.00,United States,2017,467575,Finance,Finance: Consumer Services
CGC,Canopy Growth Corporation Common Shares,$1.18,-0.04,-3.279%,486680415.00,Canada,,12004291,Health Care, Medicinal Chemicals and Botanical Products 
CGCT,Cartesian Growth Corporation III Class A Ordinary Shares,$10.31,0.00,0.00%,0.00,United States,2025,41764,Finance,Blank Checks
CGCTU,Cartesian Growth Corporation III Unit,$10.89,0.07,0.647%,0.00,United States,2025,219,Finance,Blank Checks
CGCTW,Cartesian Growth Corporation III Warrant,$1.14,0.09,8.571%,0.00,United States,2025,6943,Finance,Blank Checks
CGEM,Cullinan Therapeutics Inc. Common Stock,$13.20,0.25,1.931%,798944890.00,United States,2021,253355,Health Care,Biotechnology: Biological Products (No Diagnostic Substances)
CGEN,Compugen Ltd. Ordinary Shares,$3.125,0.205,7.021%,295481647.00,Israel,2000,998612,Health Care,Biotechnology: Biological Products (No Diagnostic Substances)
CGNT,Cognyte Software Ltd. Ordinary Shares,$9.44,-0.01,-0.106%,686061015.00,Israel,,121340,Technology,Computer Software: Prepackaged Software
CGNX,Cognex Corporation Common Stock,$54.45,0.35,0.647%,9093904459.00,United States,1989,445767,Industrials,Industrial Machinery/Components
CGO,Calamos Global Total Return Fund Common Stock,$12.60,0.16,1.286%,0.00,United States,2005,9941,Finance,Investment Managers
CGON,CG Oncology Inc. Common stock,$69.125,-0.765,-1.095%,5836583200.00,United States,2024,167681,Health Care,Biotechnology: Biological Products (No Diagnostic Substances)
CGTL,Creative Global Technology Holdings Limited Class A Ordinary Shares,$1.20,-0.07,-5.512%,30870000.00,China,2024,54826,Technology,Retail: Computer Software & Peripheral Equipment
CGTX,Cognition Therapeutics Inc. Common Stock,$1.275,0.015,1.19%,113926061.00,United States,2021,469175,Health Care,Biotechnology: Biological Products (No Diagnostic Substances)
CHA,Chagee Holdings Limited American Depositary Shares,$10.6175,-0.3025,-2.77%,1972227063.00,China,2025,282136,Consumer Discretionary,Restaurants
CHAI,Core AI Holdings Inc. Common Shares,$0.98,-0.005,-0.508%,19523975.00,Canada,2020,14573,Telecommunications,Telecommunications Equipment
CHAR,Charlton Aria Acquisition Corporation Class A Ordinary Shares,$10.64,0.00,0.00%,0.00,United States,2024,245,,
CHARR,Charlton Aria Acquisition Corporation Rights,$0.0391,-0.0049,-11.136%,0.00,United States,2024,47140,,
CHCI,Comstock Holding Companies Inc. Class A Common Stock,$16.81,-0.67,-3.833%,171641833.00,United States,2004,4857,Finance,Real Estate
CHCO,City Holding Company Common Stock,$125.085,-1.565,-1.236%,1797069177.00,United States,,46448,Finance,Major Banks
CHCT,Community Healthcare Trust Incorporated Common Stock,$17.195,0.125,0.732%,491291981.00,United States,2015,34379,Real Estate,Real Estate Investment Trusts
CHD,Church & Dwight Company Inc. Common Stock,$95.42,0.84,0.888%,22602621469.00,United States,,815493,Consumer Discretionary,Package Goods/Cosmetics
CHDN,Churchill Downs Incorporated Common Stock,$101.00,3.09,3.156%,7039387708.00,United States,,1064043,Consumer Discretionary,Services-Misc. Amusement & Recreation
CHE,Chemed Corp,$424.545,41.575,10.856%,6204587622.00,United States,,268309,Health Care,Medical/Nursing Services
CHEC,Chenghe Acquisition III Co. Class A Ordinary Share,$10.10,0.01,0.099%,0.00,Singapore,2025,4757,,
CHECW,Chenghe Acquisition III Co. Warrants,$0.21,0.0285,15.702%,0.00,Singapore,2025,110,,
CHEF,The Chefs' Warehouse Inc. Common Stock,$65.46,0.51,0.785%,2669303594.00,United States,2011,83679,Consumer Discretionary,Food Distributors
CHGG,Chegg Inc. Common Stock,$1.0199,0.0462,4.745%,114186690.00,United States,2013,370892,Real Estate,Other Consumer Services
CHH,Choice Hotels International Inc. Common Stock,$119.53,-0.47,-0.392%,5469345685.00,United States,,113683,Consumer Discretionary,Hotels/Resorts
CHI,Calamos Convertible Opportunities and Income Fund Common Stock,$12.04,0.03,0.25%,0.00,United States,2002,67016,Finance,Investment Managers
CHKP,Check Point Software Technologies Ltd. Ordinary Shares,$133.72,-0.10,-0.075%,14120301800.00,Israel,1996,189006,Technology,Computer Software: Prepackaged Software
CHMG,Chemung Financial Corp Common Stock,$65.25,-1.05,-1.584%,314404972.00,United States,,4100,Finance,Major Banks
CHMI,Cherry Hill Mortgage Investment Corporation Common Stock,$2.595,0.015,0.581%,95339101.00,,2013,24702,Real Estate,Real Estate Investment Trusts
CHMI^A,Cherry Hill Mortgage Investment Corporation 8.20% Series A Cumulative Redeemable Preferred Stock,$20.82,0.00,0.00%,,,,103,,
CHMI^B,Cherry Hill Mortgage Investment Corporation 8.250% Series B Fixed-to-Floating Rate Cumulative Redeemable Preferred Stock,$23.23,0.08,0.346%,,,,526,,
CHNR,China Natural Resources Inc. Common Stock,$4.13,0.01,0.243%,5093203.00,Hong Kong,,1293,Basic Materials,Precious Metals
CHOW,ChowChow Cloud International Holdings Limited Ordinary Shares,$0.4453,-0.0107,-2.346%,15630030.00,,2025,166577,Technology,Computer Software: Prepackaged Software
CHPG,ChampionsGate Acquisition Corporation Class A Ordinary Share,$10.30,0.00,0.00%,0.00,United States,2025,2,,
CHPGR,ChampionsGate Acquisition Corporation Rights,$0.16,0.00,0.00%,0.00,United States,2025,2,,
CHPT,ChargePoint Holdings Inc. Common Stock,$7.1297,0.1597,2.291%,174080438.00,United States,2019,228686,Consumer Discretionary,Industrial Specialties
CHR,Cheer Holding Inc. Class A Ordinary Share,$1.69,-0.04,-2.312%,3484920.00,China,2018,15034,Technology,EDP Services
CHRD,Chord Energy Corporation Common Stock,$135.39,-1.77,-1.29%,7674731214.00,United States,,197014,Energy,Oil & Gas Production
CHRS,Coherus Oncology Inc. Common Stock,$1.735,-0.025,-1.42%,267567552.00,United States,2014,590578,Health Care,Biotechnology: Biological Products (No Diagnostic Substances)
CHRW,C.H. Robinson Worldwide Inc. Common Stock,$182.70,-1.04,-0.566%,21531270455.00,United States,1997,339128,Industrials,Integrated Freight & Logistics
CHSCL,CHS Inc Class B Cumulative Redeemable Preferred Stock Series 4,$25.55,-0.01,-0.039%,313549677.00,United States,,4384,Industrials,Farming/Seeds/Milling
CHSCM,CHS Inc Class B Reset Rate Cumulative Redeemable Preferred Stock Series 3,$25.105,-0.025,-0.099%,308088635.00,United States,,3354,Industrials,Farming/Seeds/Milling
CHSCN,CHS Inc Preferred Class B Series 2 Reset Rate,$25.35,0.04,0.158%,311095276.00,United States,,2121,Industrials,Farming/Seeds/Milling
CHSCO,CHS Inc. Class B Cumulative Redeemable Preferred Stock,$26.40,0.08,0.304%,323980879.00,United States,,4247,Industrials,Farming/Seeds/Milling
CHSCP,CHS Inc. 8%  Cumulative Redeemable Preferred Stock,$27.89,0.23,0.832%,342266164.00,United States,,15628,Industrials,Farming/Seeds/Milling
CHSN,Chanson International Holding Class A Ordinary Shares,$0.38,-2.11,-84.739%,22430936.00,China,2023,9323991,Consumer Staples,Packaged Foods
CHT,Chunghwa Telecom Co. Ltd.,$43.17,-0.01,-0.023%,33488896713.00,Taiwan,,26196,Telecommunications,Telecommunications Equipment
CHTR,Charter Communications Inc. Class A Common Stock New,$187.65,-54.13,-22.388%,26492121131.00,United States,,7106312,Telecommunications,Cable & Other Pay Television Services
CHW,Calamos Global Dynamic Income Fund Common Stock,$8.24,0.12,1.478%,0.00,United States,2007,84299,Finance,Investment Managers
CHWY,Chewy Inc. Class A Common Stock,$26.165,0.515,2.008%,10902352763.00,United States,2019,1850014,Consumer Discretionary,Catalog/Specialty Distribution
CHY,Calamos Convertible and High Income Fund Common Stock,$12.265,0.045,0.368%,0.00,United States,2003,56469,Finance,Investment Managers
CHYM,Chime Financial Inc. Class A Common Stock,$22.22,-0.36,-1.594%,8487336493.00,United States,2025,663581,Finance,Finance: Consumer Services
CI,The Cigna Group Common Stock,$273.185,-6.535,-2.336%,71991972352.00,United States,,582987,Health Care,Medical Specialities
CIA,Citizens Inc. Class A Common Stock ($1.00 Par),$5.62,0.05,0.898%,282684544.00,United States,1994,7328,Finance,Life Insurance
CIB,Grupo Cibest S.A. American Depositary Shares each representing four Preferred Shares,$71.77,-0.12,-0.167%,9145374498.00,Colombia,2025,62428,Finance,Commercial Banks
CICB,CION Investment Corporation 7.50% Notes due 2029,$24.98,0.10,0.402%,0.00,United States,2024,2840,Finance,Finance/Investors Services
CICC,CION Investment Corporation 7.50% Notes due 2031,$25.13,0.02,0.08%,0.00,United States,2026,139,Finance,Finance/Investors Services
CIEN,Ciena Corporation Common Stock,$524.475,8.625,1.672%,74159940001.00,United States,1997,600703,Utilities,Telecommunications Equipment
CIF,MFS Intermediate High Income Fund Common Stock,$1.62,-0.01,-0.613%,0.00,United States,,24370,Finance,Trusts Except Educational Religious and Charitable
CIFR,Cipher Digital Inc. Common Stock,$19.105,0.415,2.22%,7754967082.00,United States,2020,17601011,Finance,Finance: Consumer Services
CIG,Comp En De Mn Cemig ADS American Depositary Shares,$2.58,-0.03,-1.149%,7383397289.00,Brazil,,3637996,Utilities,Electric Utilities: Central
CIGI,Colliers International Group Inc. Subordinate Voting Shares,$108.845,-2.025,-1.826%,5562395397.00,Canada,,64356,Finance,Real Estate
CII,BlackRock Enhanced Large Cap Core Fund Inc. Common Stock,$23.72,0.25,1.065%,3528645812.00,United States,2004,18217,Finance,Investment Bankers/Brokers/Service
CIIT,Tianci International Inc. Common Stock,$1.3899,-0.0601,-4.145%,5029919.00,Hong Kong,,12679,Energy,Oil & Gas Production
CIK,Credit Suisse Asset Management Income Fund Inc. Common Stock,$2.555,-0.005,-0.195%,0.00,United States,,293269,Finance,Finance/Investors Services
CIM,Chimera Investment Corporation Common Stock,$13.51,0.17,1.274%,1126768126.00,United States,2007,161092,Real Estate,Real Estate Investment Trusts
CIM^A,Chimera Investment Corporation 8.00% Series A Cumulative Redeemable Preferred Stock,$21.75,-0.0572,-0.262%,,United States,,1050,,
CIM^B,Chimera Investment Corporation 8.00% Series B Fixed-to-Floating Rate Cumulative Redeemable Preferred Stock,$24.39,0.08,0.329%,,United States,,15611,,
CIM^C,Chimera Investment Corporation 7.75% Series C Fixed-to-Floating Rate  Cumulative Redeemable  Preferred Stock,$22.875,0.135,0.594%,,United States,,11546,,
CIM^D,Chimera Investment Corporation 8.00% Series D Fixed-to-Floating Rate Cumulative Redeemable Preferred Stock,$24.15,-0.05,-0.207%,,United States,,9465,,
CIMN,Chimera Investment Corporation 9.000% Senior Notes due 2029,$25.65,0.02,0.078%,2065612352.00,United States,2024,5819,Real Estate,Real Estate Investment Trusts
CIMO,Chimera Investment Corporation 9.250% Senior Notes due 2029,$25.69,0.04,0.156%,0.00,United States,2024,2905,Real Estate,Real Estate Investment Trusts
CIMP,Chimera Investment Corporation 8.875% Senior Notes due 2030,$25.46,0.06,0.236%,0.00,United States,2025,790,Real Estate,Real Estate Investment Trusts
CINF,Cincinnati Financial Corporation Common Stock,$166.6567,-1.5233,-0.906%,25934711678.00,United States,,95164,Finance,Property-Casualty Insurers
CING,Cingulate Inc. Common Stock,$5.73,0.11,1.957%,70195732.00,United States,2021,214400,Health Care,Biotechnology: Pharmaceutical Preparations
CINGW,Cingulate Inc. Warrants,$0.0215,-0.0075,-25.862%,263387.00,United States,2021,5210,Health Care,Biotechnology: Pharmaceutical Preparations
CINT,CI&T Inc Class A Common Shares,$4.18,0.01,0.24%,538759168.00,,2021,59075,Technology,EDP Services
CION,CION Investment Corporation Common Stock,$7.545,0.075,1.004%,380996274.00,United States,2021,150648,Finance,Finance/Investors Services
CISO,CISO Global Inc. Common Stock,$0.255,0.0082,3.323%,11554901.00,United States,,315069,Consumer Discretionary,Professional Services
CISS,C3is Inc. Common Stock,$0.4229,-0.0072,-1.674%,1563942.00,Greece,,464930,Consumer Discretionary,Marine Transportation
CITR,CitroTech Inc. Common Stock,$6.59,-0.66,-9.103%,126200042.00,,,41877,Industrials,Environmental Services
CIVB,Civista Bancshares Inc. Common Stock,$24.815,0.285,1.162%,514057242.00,United States,,43676,Finance,Major Banks
CIX,CompX International Inc. Common Stock,$23.60,0.00,0.00%,290824145.00,United States,1998,421,Consumer Discretionary,Industrial Machinery/Components
CJMB,Callan JMB Inc. Common Stock,$1.01,-0.05,-4.717%,5683642.00,United States,2025,28564,Real Estate,Real Estate
CKX,CKX Lands Inc. Common Stock,$10.10,0.00,0.00%,20736603.00,United States,2003,79,Energy,Oil & Gas Production
CL,Colgate-Palmolive Company Common Stock,$84.785,1.065,1.272%,67933093042.00,United States,,2211722,Consumer Discretionary,Package Goods/Cosmetics
CLAR,Clarus Corporation Common Stock,$2.75,0.06,2.23%,105605016.00,United States,,82410,Consumer Discretionary,Recreational Games/Products/Toys
CLB,Core Laboratories Inc. Common Stock,$17.51,0.46,2.698%,806305173.00,Netherlands,2023,121434,Energy,Oilfield Services/Equipment
CLBK,Columbia Financial Inc. Common Stock,$18.16,0.03,0.165%,1890789744.00,United States,2018,53689,Finance,Savings Institutions
CLBR,Colombier Acquisition Corp. III Class A Ordinary Shares,$10.09,0.04,0.398%,0.00,,2026,12852,,
CLBT,Cellebrite DI Ltd. Ordinary Shares,$12.605,-0.125,-0.982%,3144188893.00,Israel,,525977,Technology,Computer Software: Prepackaged Software
CLDI,Calidi Biotherapeutics Inc. Common Stock,$0.216,-0.004,-1.818%,2353477.00,,2021,1602390,Health Care,Biotechnology: Biological Products (No Diagnostic Substances)
CLDT,Chatham Lodging Trust (REIT) Common Shares of Beneficial Interest,$8.57,0.07,0.824%,403132517.00,United States,2010,67455,Real Estate,Real Estate Investment Trusts
CLDT^A,Chatham Lodging Trust (REIT) 6.625% Series A Cumulative Redeemable Preferred Shares of Beneficial Interest,$19.86,0.00,0.00%,,United States,,91,,
CLDX,Celldex Therapeutics Inc.,$33.11,-0.44,-1.311%,2204011716.00,United States,,245957,Health Care,Biotechnology: In Vitro & In Vivo Diagnostic Substances
CLF,Cleveland-Cliffs Inc. Common Stock,$9.415,0.325,3.575%,5370453996.00,United States,,5933888,Basic Materials,Metal Mining
CLFD,Clearfield Inc. Common Stock,$30.91,0.54,1.778%,423016054.00,United States,,77941,Utilities,Telecommunications Equipment
CLGN,CollPlant Biotechnologies Ltd Ordinary Shares,$0.39,0.0334,9.366%,5621900.00,Israel,,7285,Health Care,Industrial Specialties
CLH,Clean Harbors Inc. Common Stock,$309.535,-0.785,-0.253%,16502382460.00,United States,,123955,Industrials,Environmental Services
CLIK,Click Holdings Limited Class A Ordinary Share,$2.835,-0.125,-4.223%,9250699.00,Hong Kong,2024,51199,Consumer Discretionary,Diversified Commercial Services
CLIR,ClearSign Technologies Corporation Common Stock (DE),$5.092,-0.068,-1.318%,27541218.00,United States,2012,3716,Industrials,Industrial Machinery/Components
CLLS,Cellectis S.A. American Depositary Shares,$3.935,0.025,0.639%,285645561.00,France,2015,6526,Health Care,Biotechnology: Pharmaceutical Preparations
CLM,Cornerstone Strategic Investment Fund Inc. Common Shares,$7.445,0.025,0.337%,0.00,United States,2003,519924,Finance,Finance/Investors Services
CLMB,Climb Global Solutions Inc. Common Stock,$20.86,-0.39,-1.835%,384298940.00,United States,,57303,Technology,Retail: Computer Software & Peripheral Equipment
CLMT,Calumet Inc. Common Stock,$30.99,-1.79,-5.461%,2697386892.00,United States,2006,431330,Energy,Integrated oil Companies
CLNE,Clean Energy Fuels Corp. Common Stock,$2.335,-0.055,-2.301%,512371268.00,United States,2007,407927,Utilities,Natural Gas Distribution
CLNN,Clene Inc. Common Stock,$6.07,-0.08,-1.301%,71494323.00,United States,,33514,Health Care,Biotechnology: Pharmaceutical Preparations
CLOV,Clover Health Investments Corp. Class A Common Stock,$2.435,0.035,1.458%,1277564841.00,United States,,1922124,Health Care,Medical Specialities
CLPR,Clipper Realty Inc. Common Stock,$3.33,0.06,1.835%,53767998.00,United States,2017,8591,Real Estate,Real Estate Investment Trusts
CLPS,CLPS Incorporation Common Stock,$0.89,-0.01,-1.111%,26471672.00,China,2018,2549,Technology,Computer Software: Prepackaged Software
CLPT,ClearPoint Neuro Inc. Common Stock,$11.08,0.33,3.07%,332245057.00,United States,,175721,Health Care,Medical/Dental Instruments
CLRB,Cellectar Biosciences Inc.  Common Stock,$2.7551,-0.0299,-1.074%,11681979.00,United States,,11030,Health Care,Biotechnology: Pharmaceutical Preparations
CLRO,ClearOne Inc. (DE) Common Stock,$3.23,0.105,3.36%,8641581.00,United States,,1102,Utilities,Telecommunications Equipment
CLS,Celestica Inc. Common Stock,$414.53,22.93,5.855%,47657624519.00,Canada,1998,1169662,Technology,Electrical Products
CLSK,CleanSpark Inc. Common Stock,$12.945,0.715,5.846%,3310721459.00,United States,,16284901,Finance,Finance: Consumer Services
CLSKW,CleanSpark Inc. Warrant,$0.2928,0.0018,0.619%,74884453.00,United States,,55145,Finance,Finance: Consumer Services
CLST,Catalyst Bancorp Inc. Common Stock,$15.967,0.00,0.00%,64798828.00,United States,2021,7,Finance,Savings Institutions
CLVT,Clarivate Plc Ordinary Shares,$2.435,-0.065,-2.60%,1563707185.00,United Kingdom,2019,1085740,Technology,EDP Services
CLW,Clearwater Paper Corporation Common Stock,$14.36,-0.19,-1.306%,230312645.00,United States,,30285,Basic Materials,Paper
CLWT,Euro Tech Holdings Company Limited Common Stock,$1.25,0.00,0.00%,9432396.00,Hong Kong,1997,51,Consumer Discretionary,Professional and commerical equipment
CLX,Clorox Company (The) Common Stock,$98.63,0.97,0.993%,11925537048.00,United States,,778341,Consumer Discretionary,Specialty Chemicals
CLYM,Climb Bio Inc. Common Stock,$8.935,-0.085,-0.942%,426811932.00,United States,2021,129433,Health Care,Biotechnology: Pharmaceutical Preparations
CM,Canadian Imperial Bank of Commerce Common Stock,$109.37,0.82,0.755%,100678834532.00,Canada,,277552,Finance,Commercial Banks
CMBT,CMB.TECH NV Ordinary Shares,$12.775,-0.095,-0.738%,4036614440.00,,2015,655266,Consumer Discretionary,Marine Transportation
CMC,Commercial Metals Company Common Stock,$68.805,0.775,1.139%,7629606456.00,United States,,230298,Industrials,Steel/Iron Ore
CMCL,Caledonia Mining Corporation Plc Common Shares,$24.96,0.36,1.463%,482053179.00,Canada,,53606,Basic Materials,Precious Metals
CMCM,Cheetah Mobile Inc. American Depositary Shares each representing fifty (50) Class A Ordinary Shares,$5.4237,0.0137,0.253%,4161426668.00,China,2022,1889,Technology,Computer Software: Prepackaged Software
CMCO,Columbus McKinnon Corporation Common Stock,$16.08,0.20,1.259%,462129005.00,United States,1996,83557,Industrials,Construction/Ag Equipment/Trucks
CMCSA,Comcast Corporation Class A Common Stock,$28.615,-3.025,-9.561%,102952363118.00,United States,,28906076,Telecommunications,Cable & Other Pay Television Services
CMCT,Creative Media & Community Trust Corporation Common stock,$5.20,-0.34,-6.137%,1403839.00,United States,,26269,Real Estate,Real Estate Investment Trusts
CMDB,Costamare Bulkers Holdings Limited Common Stock,$16.50,-0.01,-0.061%,398977788.00,,2025,26044,Consumer Discretionary,Marine Transportation
CME,CME Group Inc. Class A Common Stock,$283.86,-1.61,-0.564%,102986701873.00,United States,2002,952445,Finance,Investment Bankers/Brokers/Service
CMG,Chipotle Mexican Grill Inc. Common Stock,$34.035,0.135,0.398%,44327966805.00,United States,2006,5084929,Consumer Discretionary,Restaurants
CMI,Cummins Inc. Common Stock,$660.81,3.88,0.591%,91361885710.00,United States,,199651,Industrials,Industrial Machinery/Components
CMII,Columbus Circle Capital Corp II Class A Ordinary Shares,$9.89,0.01,0.101%,0.00,United States,2026,20000,Finance,Blank Checks
CMMB,Chemomab Therapeutics Ltd. American Depositary Share,$1.635,0.015,0.926%,11759357.00,Israel,2019,6107,Health Care,Biotechnology: Pharmaceutical Preparations
CMND,Clearmind Medicine Inc. Common Shares,$0.8299,0.0118,1.442%,1733500.00,Canada,,1452035,Health Care,Biotechnology: Pharmaceutical Preparations
CMP,Compass Minerals Intl Inc Common Stock,$25.31,-0.08,-0.315%,1059559440.00,United States,2003,114953,Industrials,Mining & Quarrying of Nonmetallic Minerals (No Fuels)
CMPR,Cimpress plc Ordinary Shares (Ireland),$82.03,0.45,0.552%,1992114300.00,Netherlands,2005,38352,Consumer Discretionary,Publishing
CMPS,COMPASS Pathways Plc American Depository Shares,$9.43,0.28,3.06%,1215746672.00,United Kingdom,2020,7764279,Health Care,Biotechnology: Pharmaceutical Preparations
CMPX,Compass Therapeutics Inc. Common Stock,$5.275,0.065,1.248%,949963752.00,United States,,1524364,Health Care,Biotechnology: Biological Products (No Diagnostic Substances)
CMRC,Commerce.com Inc. Series 1 Common Stock,$2.985,0.045,1.531%,245713947.00,United States,2020,127773,Technology,Computer Software: Prepackaged Software
CMRE,Costamare Inc. Common Stock $0.0001 par value,$16.53,0.26,1.598%,1993332186.00,Greece,2010,49680,Consumer Discretionary,Marine Transportation
CMRE^B,Costamare Inc. Perpetual Preferred Stock Series B (Marshall Islands),$26.00,0.00,0.00%,,Greece,,3,,
CMRE^C,Costamare Inc. Perpetual Preferred Series C (Marshall Islands),$26.47,-0.25,-0.936%,,Greece,,334,,
CMRE^D,Costamare Inc. 8.75% Series D Cumulative Redeemable Perpetual Preferred Stock,$27.5501,0.00,0.00%,,Greece,,1,,
CMS,CMS Energy Corporation Common Stock,$76.01,-0.61,-0.796%,23410825747.00,United States,,862278,Utilities,Power Generation
CMS^B,CMS Energy Corporation Preferred Stock,$79.3893,0.3393,0.429%,,United States,,202,,
CMS^C,CMS Energy Corporation Depositary Shares each representing a 1/1000th interest in a share of 4.200% Cumulative Redeemable Perpetual Preferred Stock Series C,$17.3799,0.1628,0.946%,,United States,,4006,,
CMSA,CMS Energy Corporation 5.625% Junior Subordinated Notes due 2078,$22.08,0.08,0.364%,6609326979.00,United States,2018,3863,Utilities,Power Generation
CMSC,CMS Energy Corporation 5.875% Junior Subordinated Notes due 2078,$22.93,0.02,0.087%,6863762121.00,United States,2018,13454,Utilities,Power Generation
CMSD,CMS Energy Corporation 5.875% Junior Subordinated Notes due 2079,$23.29,0.06,0.258%,6971522887.00,United States,2019,10230,Utilities,Power Generation
CMT,Core Molding Technologies Inc Common Stock,$27.995,0.705,2.583%,257639245.00,United States,1996,43734,Industrials,Plastic Products
CMTG,Claros Mortgage Trust Inc. Common Stock,$2.52,-0.03,-1.176%,353351285.00,United States,2021,86930,Finance,Real Estate
CMTL,Comtech Telecommunications Corp. Common Stock,$3.96,0.07,1.799%,117747111.00,United States,,41031,Technology,Radio And Television Broadcasting And Communications Equipment
CMTV,Community Bancorp. Common Stock,$39.70,0.00,0.00%,221551726.00,United States,,8756,Finance,Major Banks
CMU,MFS Municipal Income Trust Common Stock,$3.6503,0.0003,0.008%,103395894.00,United States,1987,36183,Finance,Investment Managers
CNA,CNA Financial Corporation Common Stock,$48.46,-0.29,-0.595%,13080244259.00,United States,,75492,Finance,Property-Casualty Insurers
CNC,Centene Corporation Common Stock,$40.65,-0.44,-1.071%,19990551840.00,United States,,1300273,Health Care,Medical Specialities
CNCK,Coincheck Group N.V. Ordinary Shares,$1.86,0.01,0.541%,252824447.00,Netherlands,,16543,Finance,Finance: Consumer Services
CNCKW,Coincheck Group N.V. Warrants,$0.201,0.00,0.00%,27321352.00,Netherlands,,6840,Finance,Finance: Consumer Services
CNDT,Conduent Incorporated Common Stock ,$1.71,0.03,1.786%,265215552.00,United States,,365813,Real Estate,Real Estate
CNET,ZW Data Action Technologies Inc. Common Stock,$0.75,0.0373,5.234%,2451322.00,China,,2170,Technology,Computer Software: Programming Data Processing
CNEY,CN Energy Group Inc. Class A Ordinary Shares,$0.68,-0.0051,-0.744%,5578249.00,China,2021,48461,Industrials,Major Chemicals
CNF,CNFinance Holdings Limited American Depositary Shares each representing two hundred (200) Ordinary Shares,$3.43,0.00,0.00%,23523681.00,,,10,Finance,Finance: Consumer Services
CNH,CNH Industrial N.V. Common Shares,$10.31,-0.19,-1.81%,12791338764.00,United Kingdom,2013,5560652,Industrials,Construction/Ag Equipment/Trucks
CNI,Canadian National Railway Company Common Stock,$114.99,0.94,0.824%,70233748816.00,Canada,,426420,Industrials,Railroads
CNK,Cinemark Holdings Inc Cinemark Holdings Inc. Common Stock,$28.43,-0.17,-0.594%,3320694421.00,United States,2007,312314,Consumer Discretionary,Movies/Entertainment
CNL,Collective Mining Ltd. Common Shares,$20.09,-0.31,-1.52%,1859841755.00,,2024,25431,,
CNM,Core & Main Inc. Class A Common Stock,$48.89,-0.06,-0.123%,9516438989.00,United States,2021,640796,Consumer Discretionary,Durable Goods
CNMD,CONMED Corporation Common Stock,$37.93,0.43,1.147%,1143350769.00,United States,1987,69811,Health Care,Biotechnology: Electromedical & Electrotherapeutic Apparatus
CNNE,Cannae Holdings Inc. Common Stock,$13.26,0.19,1.454%,614265774.00,United States,2017,136218,Consumer Discretionary,Restaurants
CNO,CNO Financial Group Inc. Common Stock,$43.87,0.12,0.274%,4111837138.00,United States,,88045,Finance,Accident &Health Insurance
CNO^A,CNO Financial Group Inc. 5.125% Subordinated Debentures due 2060,$18.335,0.00,0.00%,,United States,,69,,
CNOB,ConnectOne Bancorp Inc. Common Stock,$29.04,0.11,0.38%,1460377866.00,United States,,184717,Finance,Major Banks
CNOBP,ConnectOne Bancorp Inc. Depositary Shares each representing a 1/40th interest in a share of 5.25% Fixed-Rate Reset Non-Cumulative Perpetual Preferred Stock Series A,$24.75,0.0101,0.041%,1244640227.00,United States,,1505,Finance,Major Banks
CNP,CenterPoint Energy Inc (Holding Co) Common Stock,$42.62,-0.56,-1.297%,27825386910.00,United States,,1316863,Utilities,Electric Utilities: Central
CNQ,Canadian Natural Resources Limited Common Stock,$44.495,-0.935,-2.058%,92815324140.00,Canada,,10782223,Energy,Oil & Gas Production
CNR,Core Natural Resources Inc. Common Stock,$85.75,-1.63,-1.865%,4351843885.00,United States,2017,196061,Energy,Coal Mining
CNS,Cohen & Steers Inc Common Stock,$67.88,0.64,0.952%,3488618543.00,United States,2004,44503,Finance,Investment Managers
CNSP,CNS Pharmaceuticals Inc. Common Stock,$2.43,-0.04,-1.619%,1971821.00,United States,2019,6034,Health Care,Biotechnology: Pharmaceutical Preparations
CNTA,Centessa Pharmaceuticals plc American Depositary Shares,$39.39,-0.04,-0.101%,6088454436.00,United Kingdom,2021,358506,Health Care,Biotechnology: Pharmaceutical Preparations
CNTB,Connect Biopharma Holdings Limited Ordinary Shares,$2.50,-0.02,-0.794%,141303205.00,China,2021,60375,Health Care,Biotechnology: Pharmaceutical Preparations
CNTN,Canton Strategic Holdings Inc. Common Stock,$3.38,0.01,0.297%,191498196.00,United States,2022,177237,Health Care,Biotechnology: Pharmaceutical Preparations
CNTX,Context Therapeutics Inc. Common Stock,$2.24,-0.08,-3.448%,205809356.00,United States,2021,924559,Health Care,Biotechnology: Pharmaceutical Preparations
CNTY,Century Casinos Inc. Common Stock,$1.445,0.005,0.347%,41368242.00,United States,,18945,Consumer Discretionary,Hotels/Resorts
CNVS,Cineverse Corp. Class A Common Stock,$2.405,0.115,5.022%,51214153.00,United States,,50226,Consumer Discretionary,Consumer Electronics/Video Chains
CNX,CNX Resources Corporation Common Stock,$38.17,-0.35,-0.909%,5434193049.00,United States,1999,325768,Energy,Oil & Gas Production
CNXC,Concentrix Corporation Common Stock,$26.26,-0.155,-0.587%,1601986731.00,United States,,371543,Technology,Computer Software: Prepackaged Software
CNXN,PC Connection Inc. Common Stock,$64.35,0.08,0.124%,1622659960.00,United States,,18233,Consumer Discretionary,Catalog/Specialty Distribution
COCH,Envoy Medical Inc. Class A Common Stock,$0.672,-0.018,-2.609%,51664106.00,United States,2021,20636,Health Care,Industrial Specialties
COCHW,Envoy Medical Inc Warrant,$0.062,0.00,0.00%,4766629.00,United States,2021,19176,Health Care,Industrial Specialties
COCO,The Vita Coco Company Inc. Common Stock,$49.48,2.06,4.344%,2819535020.00,United States,2021,218563,Consumer Staples,Beverages (Production/Distribution)
COCP,Cocrystal Pharma Inc. Common Stock,$1.41,0.00,0.00%,19437920.00,United States,,94240,Health Care,Biotechnology: Pharmaceutical Preparations
CODA,Coda Octopus Group Inc. Common stock,$12.54,0.23,1.868%,141402946.00,United States,,46420,Industrials,Industrial Machinery/Components
CODI,D/B/A Compass Diversified Holdings Shares of Beneficial Interest,$11.445,0.005,0.044%,861075631.00,United States,2006,166729,Consumer Discretionary,Home Furnishings
CODI^A,Compass Diversified Holdings 7.250% Series A Preferred Shares representing beneficial interest in Compass Diversified Holdings,$20.9499,0.1299,0.624%,,United States,,959,,
CODI^B,Compass Diversified Holdings 7.875% Series B Fixed-to-Floating Rate Cumulative Preferred Shares representing beneficial interests in Compass Diversified Holdings,$22.515,-0.175,-0.771%,,United States,,3084,,
CODI^C,Compass Diversified Holdings 7.875% Series C Cumulative Preferred Shares,$21.99,-0.24,-1.08%,,United States,,63798,,
CODX,Co-Diagnostics Inc. Common Stock,$1.695,-0.015,-0.877%,6106178.00,United States,2026,49761,Health Care,Medical/Dental Instruments
COE,51Talk Online Education Group American depositary shares each representing 60 Class A ordinary shares,$26.73,0.83,3.205%,156623767.00,China,2016,4405,Real Estate,Other Consumer Services
COEP,Coeptis Therapeutics Holdings Inc. Common Stock,$16.375,0.165,1.018%,101905244.00,United States,2020,44973,Health Care,Biotechnology: Biological Products (No Diagnostic Substances)
COEPW,Coeptis Therapeutics Holdings Inc. Warrants,$0.0119,0.0027,29.348%,74056.00,United States,2020,3694031,Health Care,Biotechnology: Biological Products (No Diagnostic Substances)
COF,Capital One Financial Corporation Common Stock,$192.17,-4.46,-2.268%,120125903418.00,United States,1994,1806145,Finance,Major Banks
COF^I,Capital One Financial Corporation Depositary shares each representing a 1/40th interest in a share of Fixed Rate Non-Cumulative Perpetual Preferred Stock Series I of the Issuer,$19.16,0.01,0.052%,,United States,,22491,,
COF^J,Capital One Financial Corporation Depositary Shares Each Representing a 1/40th Interest in a Share of Fixed Rate Non- Cumulative Perpetual Preferred Stock Series J,$18.43,0.03,0.163%,,United States,,20231,,
COF^K,Capital One Financial Corporation Depositary Shares Each Representing a 1/40th Ownership Interest in a Share of Fixed Rate Non-Cumulative Perpetual Preferred Stock Series K,$17.75,-0.0194,-0.109%,,United States,,964,,
COF^L,Capital One Financial Corporation Depositary Shares Each Representing a 1/40th Interest in a Share of Fixed Rate Non-Cumulative Perpetual Preferred Stock Series L,$16.76,0.05,0.299%,,United States,,6540,,
COF^N,Capital One Financial Corporation Depositary Shares Each Representing a 1/40th Ownership Interest in a Share of Fixed Rate Non-Cumulative Perpetual Preferred Stock Series N,$16.35,0.08,0.492%,,United States,,4801,,
COFS,ChoiceOne Financial Services Inc. Common Stock,$30.72,0.54,1.789%,459476490.00,United States,,52531,Finance,Major Banks
COGT,Cogent Biosciences Inc. Common Stock,$36.79,0.65,1.799%,5971341488.00,United States,2018,404708,Health Care,Biotechnology: Pharmaceutical Preparations
COHN,Cohen & Company Inc.,$22.9666,-0.0634,-0.275%,56903311.00,United States,,6001,Finance,Investment Bankers/Brokers/Service
COHR,Coherent Corp. Common Stock,$337.52,-0.16,-0.047%,63278874687.00,United States,,3072403,Technology,Electronic Components
COHU,Cohu Inc. Common Stock,$47.235,1.665,3.654%,2215486303.00,United States,,442167,Industrials,Electrical Products
COIN,Coinbase Global Inc. Class A Common Stock,$199.50,1.57,0.793%,52682996216.00,United States,,3136882,Finance,Finance: Consumer Services
COKE,Coca-Cola Consolidated Inc. Common Stock,$194.54,2.12,1.102%,12949417755.00,United States,1972,135804,Consumer Staples,Beverages (Production/Distribution)
COLA,Columbus Acquisition Corp Ordinary Shares,$10.57,0.01,0.095%,0.00,Singapore,2025,133,,
COLAU,Columbus Acquisition Corp Unit,$10.66,0.00,0.00%,0.00,Singapore,2025,72,,
COLB,Columbia Banking System Inc. Common Stock,$29.16,-0.49,-1.653%,8456220753.00,United States,1992,1538671,Finance,Major Banks
COLD,Americold Realty Trust Inc. Common Stock,$12.335,0.065,0.53%,3519112271.00,United States,2018,628763,Real Estate,Real Estate Investment Trusts
COLL,Collegium Pharmaceutical Inc. Common Stock,$32.095,-0.185,-0.573%,1040101670.00,United States,2015,134431,Health Care,Biotechnology: Pharmaceutical Preparations
COLM,Columbia Sportswear Company Common Stock,$61.27,-0.95,-1.527%,3207579591.00,United States,1998,115985,Consumer Discretionary,Apparel
COMP,Compass Inc. Class A Common Stock,$7.825,0.035,0.449%,5838587669.00,United States,2021,2229259,Technology,EDP Services
CON,Concentra Group Holdings Parent Inc. Common Stock,$22.65,-0.35,-1.522%,2910690096.00,United States,2024,216028,Health Care,Medical Specialities
COO,The Cooper Companies Inc. Common Stock,$64.36,-0.59,-0.908%,12557562655.00,United States,,688208,Health Care,Ophthalmic Goods
COOK,Traeger Inc. Common Stock,$38.78,3.87,11.086%,106452302.00,United States,2021,6749,Consumer Discretionary,Consumer Electronics/Appliances
COOT,Australian Oilseeds Holdings Limited Ordinary Shares,$0.617,0.007,1.148%,17213398.00,Australia,,74174,Consumer Staples,Packaged Foods
COOTW,Australian Oilseeds Holdings Limited Warrant,$0.0207,0.00,0.00%,577500.00,Australia,,10,Consumer Staples,Packaged Foods
COP,ConocoPhillips Common Stock,$121.00,-3.37,-2.71%,147717740533.00,United States,,4594061,Energy,Integrated oil Companies
COPL,Copley Acquisition Corp Ordinary Shares,$10.35,0.00,0.00%,0.00,,2025,293,,
COR,Cencora Inc. Common Stock,$305.67,-5.72,-1.837%,59462193567.00,United States,,411289,Health Care,Other Pharmaceuticals
CORT,Corcept Therapeutics Incorporated Common Stock,$45.96,0.88,1.952%,4934113289.00,United States,2004,183975,Health Care,Biotechnology: Pharmaceutical Preparations
CORZ,Core Scientific Inc. Common Stock,$21.26,0.45,2.162%,6709545491.00,United States,,6602210,Finance,Finance: Consumer Services
CORZW,Core Scientific Inc. Tranche 1 Warrants,$14.65,0.51,3.607%,4623463849.00,United States,,76500,Finance,Finance: Consumer Services
CORZZ,Core Scientific Inc. Tranche 2 Warrants,$21.05,0.31,1.495%,6643270582.00,United States,,4507,Finance,Finance: Consumer Services
COSM,Cosmos Health Inc. Common Stock,$0.3753,0.0183,5.126%,19074494.00,United States,,430844,Health Care,Other Pharmaceuticals
COSO,CoastalSouth Bancshares Inc. Common Stock,$25.55,0.04,0.157%,302850742.00,United States,2025,9636,Finance,Major Banks
COST,Costco Wholesale Corporation Common Stock,$1008.98,-5.40,-0.532%,447636539809.00,United States,,485362,Consumer Discretionary,Department/Specialty Retail Stores
COTY,Coty Inc. Class A Common Stock,$2.405,0.065,2.778%,2116415293.00,United States,2013,2706965,Consumer Discretionary,Package Goods/Cosmetics
COUR,Coursera Inc. Common Stock,$5.31,-0.66,-11.055%,899055211.00,United States,2021,9970686,Technology,Computer Software: Prepackaged Software
COYA,Coya Therapeutics Inc. Common Stock,$4.305,-0.035,-0.806%,100983173.00,United States,2022,65322,Health Care,Biotechnology: Pharmaceutical Preparations
CP,Canadian Pacific Kansas City Limited Common Shares,$86.93,0.75,0.87%,78002610989.00,Canada,,1356720,Industrials,Railroads
CPA,Copa Holdings S.A. Class A Common Stock,$119.00,2.91,2.507%,4895487807.00,Panama,2005,108472,Consumer Discretionary,Air Freight/Delivery Services
CPAC,Cementos Pacasmayo S.A.A. American Depositary Shares (Each representing five Common Shares),$10.71,-0.01,-0.093%,907926220.00,Peru,,6547,Industrials,Building Materials
CPAY,Corpay Inc. Common Stock,$314.12,0.65,0.207%,20773380699.00,United States,,86679,Real Estate,Real Estate
CPB,The Campbell's Company Common Stock,$20.565,-0.395,-1.885%,6131382526.00,United States,,4095608,Consumer Staples,Packaged Foods
CPBI,Central Plains Bancshares Inc. Common Stock,$17.38,-0.0038,-0.022%,73087332.00,United States,2023,223,Finance,Savings Institutions
CPF,Central Pacific Financial Corp New,$34.25,-0.24,-0.696%,905454406.00,United States,,17334,Finance,Major Banks
CPHC,Canterbury Park Holding Corporation 'New' Common Stock,$15.8499,0.00,0.00%,81211480.00,United States,,20,Consumer Discretionary,Services-Misc. Amusement & Recreation
CPHI,China Pharma Holdings Inc. Common Stock,$0.575,-0.0151,-2.559%,23300151.00,China,,17256,Health Care,Biotechnology: Pharmaceutical Preparations
CPIX,Cumberland Pharmaceuticals Inc. Common Stock,$4.09,0.19,4.872%,64944439.00,United States,2009,891662,Health Care,Biotechnology: Pharmaceutical Preparations
CPK,Chesapeake Utilities Corporation Common Stock,$127.75,-0.16,-0.125%,3064625793.00,United States,,27717,Utilities,Oil & Gas Production
CPNG,Coupang Inc. Class A Common Stock,$20.2702,-0.3098,-1.505%,37057808478.00,United States,2021,6929640,Consumer Discretionary,Catalog/Specialty Distribution
CPOP,Pop Culture Group Co. Ltd Class A Ordinary Shares,$0.3401,-0.0115,-3.271%,27867468.00,China,2021,6006,Consumer Discretionary,Services-Misc. Amusement & Recreation
CPRI,Capri Holdings Limited Ordinary Shares,$20.61,-0.13,-0.627%,2455926038.00,Hong Kong,2011,432544,Consumer Discretionary,Apparel
CPRT,Copart Inc. (DE) Common Stock,$32.905,-0.975,-2.878%,31697662507.00,United States,1994,3018694,Consumer Discretionary,Retail-Auto Dealers and Gas Stations
CPRX,Catalyst Pharmaceuticals Inc. Common Stock,$27.405,-0.275,-0.993%,3346805041.00,United States,2006,1040096,Health Care,Biotechnology: Pharmaceutical Preparations
CPS,Cooper-Standard Holdings Inc. Common Stock,$31.83,1.08,3.512%,565150690.00,United States,,37334,Consumer Discretionary,Auto Parts:O.E.M.
CPSH,CPS Technologies Corp. Common Stock,$5.385,0.305,6.004%,96967496.00,United States,,189878,Consumer Discretionary,Building Materials
CPSS,Consumer Portfolio Services Inc. Common Stock,$8.48,0.05,0.593%,184527132.00,United States,1992,2936,Finance,Finance: Consumer Services
CPT,Camden Property Trust Common Stock,$101.6751,-0.7549,-0.737%,10648078479.00,United States,1993,206952,Real Estate,Real Estate Investment Trusts
CPZ,Calamos Long/Short Equity & Dynamic Income Trust Common Stock,$13.75,-0.10,-0.722%,269942668.00,United States,2019,108276,Finance,Trusts Except Educational Religious and Charitable
CQP,Cheniere Energy Partners LP Common Units,$62.50,-0.37,-0.589%,30253382688.00,United States,2007,23699,Utilities,Oil/Gas Transmission
CR,Crane Company Common Stock,$180.935,0.515,0.285%,10447886576.00,United States,2023,130872,Industrials,Metal Fabrications
CRAC,Crown Reserve Acquisition Corp. I Class A Ordinary Shares,$10.055,0.00,0.00%,0.00,Cayman Islands,2025,7629,,
CRACR,Crown Reserve Acquisition Corp. I Rights,$0.15,-0.0024,-1.575%,0.00,Cayman Islands,2025,400,,
CRACU,Crown Reserve Acquisition Corp. I Unit,$10.19,0.00,0.00%,0.00,Cayman Islands,2025,1396,Finance,Blank Checks
CRACW,Crown Reserve Acquisition Corp. I Warrant,$0.05,-0.01,-16.667%,0.00,Cayman Islands,2025,85605,,
CRAI,CRA International Inc. Common Stock,$146.32,-3.77,-2.512%,960763897.00,United States,1998,145133,Consumer Discretionary,Other Consumer Services
CRAN,Crane Harbor Acquisition Corp. II Class A Ordinary Shares,$9.99,0.00,0.00%,0.00,United States,2026,37799,Finance,Blank Checks
CRANR,Crane Harbor Acquisition Corp. II Rights,$0.2149,-0.0038,-1.738%,0.00,United States,2026,283,Finance,Blank Checks
CRANU,Crane Harbor Acquisition Corp. II Units,$10.18,0.00,0.00%,0.00,United States,2025,1230,,
CRAQ,Cal Redwood Acquisition Corp. Class A Ordinary Shares,$10.22,0.00,0.00%,0.00,United States,2025,12069,Finance,Blank Checks
CRAQR,Cal Redwood Acquisition Corp. Right,$0.17,0.0049,2.968%,0.00,United States,2025,725,Finance,Blank Checks
CRAQU,Cal Redwood Acquisition Corp. Units,$10.30,0.00,0.00%,0.00,United States,2025,41,Finance,Blank Checks
CRBD,Corebridge Financial Inc. 6.375% Junior Subordinated Notes due 2064,$23.71,0.07,0.296%,0.00,United States,2024,8558,Finance,Life Insurance
CRBG,Corebridge Financial Inc. Common Stock,$26.365,-0.175,-0.659%,12699648516.00,United States,2022,1379165,Finance,Life Insurance
CRBP,Corbus Pharmaceuticals Holdings Inc. Common Stock,$10.01,-0.21,-2.055%,177542005.00,United States,,71743,Health Care,Biotechnology: Pharmaceutical Preparations
CRBU,Caribou Biosciences Inc. Common Stock,$2.185,-0.075,-3.319%,211838446.00,United States,2021,961467,Health Care,Biotechnology: Biological Products (No Diagnostic Substances)
CRC,California Resources Corporation Common Stock,$64.51,-0.75,-1.149%,5724417096.00,United States,2020,90659,Energy,Oil & Gas Production
CRCL,Circle Internet Group Inc. Class A Common Stock,$99.15,-0.86,-0.86%,24510913143.00,United States,2025,3575662,Finance,Finance: Consumer Services
CRCT,Cricut Inc. Class A Common Stock,$4.445,-0.125,-2.735%,932993436.00,United States,2021,91182,Technology,Industrial Machinery/Components
CRD/A,Crawford & Company,$10.83,0.07,0.651%,,United States,,7337,,
CRD/B,Crawford & Company,$10.0599,0.1699,1.718%,,United States,,3206,,
CRDF,Cardiff Oncology Inc. Common Stock,$1.705,0.035,2.096%,116562289.00,United States,,224047,Health Care,Biotechnology: Biological Products (No Diagnostic Substances)
CRDL,Cardiol Therapeutics Inc. Class A Common Shares,$1.405,0.045,3.309%,157180278.00,Canada,,263994,Health Care,Biotechnology: Biological Products (No Diagnostic Substances)
CRDO,Credo Technology Group Holding Ltd Ordinary Shares,$196.33,10.79,5.815%,36213056720.00,United States,2022,3402984,Technology,Semiconductors
CRE,Cre8 Enterprise Limited Class A Ordinary Shares,$2.25,0.085,3.926%,4531406.00,Hong Kong,2025,2329,Consumer Discretionary,Publishing
CREG,Smart Powerr Corp. Common Stock,$0.7091,0.0691,10.797%,16280318.00,China,,1074256,Real Estate,Real Estate
CRESY,Cresud S.A.C.I.F. y A. American Depositary Shares,$11.05,0.12,1.098%,678552068.00,Argentina,1997,233007,Finance,Real Estate
CREX,Creative Realities Inc. Common Stock,$3.76,-0.16,-4.082%,39732928.00,United States,,19633,Technology,EDP Services
CRF,Cornerstone Total Return Fund Inc. (The) Common Stock,$7.14,0.02,0.281%,0.00,United States,2003,484033,Finance,Finance/Investors Services
CRGO,Freightos Limited Ordinary shares,$2.1092,0.0892,4.416%,109010834.00,Israel,,35234,Industrials,Integrated Freight & Logistics
CRGOW,Freightos Limited Warrants,$0.111,-0.0001,-0.09%,5736868.00,Israel,,8700,Industrials,Integrated Freight & Logistics
CRGY,Crescent Energy Company Class A Common Stock,$12.63,-0.07,-0.551%,4141380435.00,United States,2021,2425226,Energy,Oil & Gas Production
CRH,CRH PLC Ordinary Shares,$118.31,1.15,0.982%,79189548200.00,Ireland,,1059307,Industrials,Building Materials
CRI,Carter's Inc. Common Stock,$37.21,-0.87,-2.285%,1372209915.00,United States,2003,247521,Consumer Discretionary,Apparel
CRIS,Curis Inc. Common Stock,$0.57,-0.0382,-6.281%,22787855.00,United States,,226956,Health Care,Biotechnology: Biological Products (No Diagnostic Substances)
CRK,Comstock Resources Inc. Common Stock,$16.92,-0.28,-1.628%,4969333477.00,United States,,398488,Energy,Oil & Gas Production
CRL,Charles River Laboratories International Inc. Common Stock,$169.35,1.61,0.96%,8356060926.00,United States,2000,318449,Health Care,Biotechnology: Commercial Physical & Biological Resarch
CRM,Salesforce Inc. Common Stock,$175.45,2.15,1.241%,161940350000.00,United States,2004,5187344,Technology,Computer Software: Prepackaged Software
CRMD,CorMedix Inc. Common Stock,$7.33,0.00,0.00%,574877929.00,United States,,237582,Health Care,Biotechnology: Pharmaceutical Preparations
CRML,Critical Metals Corp. Ordinary Shares,$11.31,0.67,6.297%,1427644256.00,British Virgin Islands,,9255682,Basic Materials,Metal Mining
CRMLW,Critical Metals Corp. Warrants,$5.70,0.52,10.039%,719502410.00,British Virgin Islands,,25959,Basic Materials,Metal Mining
CRMT,America's Car-Mart Inc Common Stock,$12.20,-0.42,-3.328%,101289890.00,United States,,21433,Consumer Discretionary,Retail-Auto Dealers and Gas Stations
CRNC,Cerence Inc. Common Stock,$8.635,0.545,6.737%,388731138.00,United States,,290359,Technology,Computer Software: Prepackaged Software
CRNT,Ceragon Networks Ltd. Ordinary Shares,$2.60,0.07,2.767%,236280083.00,Israel,,209101,Technology,Radio And Television Broadcasting And Communications Equipment
CRNX,Crinetics Pharmaceuticals Inc. Common Stock,$38.64,0.13,0.338%,4045813951.00,United States,2018,298877,Health Care,Biotechnology: Pharmaceutical Preparations
CRON,Cronos Group Inc. Common Share,$2.66,0.06,2.308%,1018496090.00,Canada,,1126614,Health Care, Medicinal Chemicals and Botanical Products 
CROX,Crocs Inc. Common Stock,$103.19,-1.03,-0.988%,5183604771.00,United States,2006,178257,Consumer Discretionary,Shoe Manufacturing
CRS,Carpenter Technology Corporation Common Stock,$432.60,5.94,1.392%,21547683574.00,United States,,158897,Industrials,Steel/Iron Ore
CRSP,CRISPR Therapeutics AG Common Shares,$54.095,-1.085,-1.966%,5216537888.00,Switzerland,2016,738290,Health Care,Biotechnology: Biological Products (No Diagnostic Substances)
CRSR,Corsair Gaming Inc. Common Stock,$6.56,0.17,2.66%,699704931.00,United States,2020,310965,Technology,Computer peripheral equipment
CRT,Cross Timbers Royalty Trust Common Stock,$10.46,-0.19,-1.784%,62760000.00,United States,1992,9330,Energy,Oil & Gas Production
CRTO,Criteo S.A. American Depositary Shares,$18.54,0.03,0.162%,924387454.00,France,2013,47130,Consumer Discretionary,Advertising
CRUS,Cirrus Logic Inc. Common Stock,$173.805,0.995,0.576%,8865339245.00,United States,1989,173778,Technology,Semiconductors
CRVL,CorVel Corp. Common Stock,$56.24,-0.52,-0.916%,2876813057.00,United States,,43048,Finance,Specialty Insurers
CRVO,CervoMed Inc. Common Stock,$3.87,0.02,0.519%,35831243.00,United States,,22073,Health Care,Biotechnology: Pharmaceutical Preparations
CRVS,Corvus Pharmaceuticals Inc. Common Stock,$16.02,0.00,0.00%,1345558360.00,United States,2016,713186,Health Care,Biotechnology: Pharmaceutical Preparations
CRWD,CrowdStrike Holdings Inc. Class A Common Stock,$441.635,-3.755,-0.843%,112004858637.00,United States,2019,1108570,Technology,Computer Software: Prepackaged Software
CRWS,Crown Crafts Inc Common Stock,$2.715,-0.005,-0.184%,29044492.00,United States,,12561,Consumer Discretionary,Textiles
CRWV,CoreWeave Inc. Class A Common Stock,$109.065,-8.355,-7.115%,59218701526.00,United States,2025,18018689,Technology,Computer Software: Prepackaged Software
CSAI,Cloudastructure Inc. Class A Common Stock,$0.5943,0.0089,1.52%,14569727.00,United States,,46373,Technology,Computer Software: Programming Data Processing
CSAN,Cosan S.A. ADS,$4.035,-0.015,-0.37%,4001278428.00,Brazil,2021,608407,Consumer Discretionary,Retail-Auto Dealers and Gas Stations
CSBR,Champions Oncology Inc. Common Stock,$5.8486,-0.1914,-3.169%,81218491.00,United States,,981,Health Care,Biotechnology: Biological Products (No Diagnostic Substances)
CSCO,Cisco Systems Inc. Common Stock (DE),$89.485,0.895,1.01%,353456178863.00,United States,1990,5758705,Telecommunications,Computer Communications Equipment
CSGP,CoStar Group Inc. Common Stock,$36.285,-1.095,-2.929%,15232199927.00,United States,1998,1139313,Real Estate,Real Estate
CSGS,CSG Systems International Inc. Common Stock,$80.35,0.02,0.025%,2290130558.00,United States,1996,71324,Technology,EDP Services
CSHR,CoinShares PLC Ordinary Shares,$5.41,0.06,1.121%,715512150.00,Jersey,,139605,Finance,Investment Bankers/Brokers/Service
CSHRW,CoinShares PLC Warrants,$1.16,-0.02,-1.695%,153418502.00,Jersey,,887,Finance,Investment Bankers/Brokers/Service
CSIQ,Canadian Solar Inc. Common Shares (ON),$13.845,-0.825,-5.624%,938922544.00,Canada,2006,1282224,Technology,Semiconductors
CSL,Carlisle Companies Incorporated Common Stock,$360.93,-2.77,-0.762%,14754196157.00,United States,,615872,Industrials,Specialty Chemicals
CSPI,CSP Inc. Common Stock,$9.82,0.23,2.398%,97345925.00,United States,1982,3097,Technology,EDP Services
CSQ,Calamos Strategic Total Return Common Stock,$19.44,0.18,0.935%,3088775372.00,United States,2004,69900,Finance,Finance Companies
CSR,D/B/A Centerspace Common Stock,$65.86,-0.01,-0.015%,1105519308.00,United States,,19766,Real Estate,Real Estate Investment Trusts
CSTE,Caesarstone Ltd. Ordinary Shares,$1.67,-0.02,-1.183%,57743715.00,Israel,2012,29485,Industrials,Building Materials
CSTL,Castle Biosciences Inc. Common Stock,$24.00,0.31,1.309%,726962064.00,United States,2019,76865,Health Care,Medical Specialities
CSTM,Constellium SE Ordinary Shares (France),$31.32,1.04,3.435%,4264232094.00,Netherlands,2013,518594,Industrials,Metal Fabrications
CSV,Carriage Services Inc. Common Stock,$51.67,1.19,2.357%,819536888.00,United States,,54046,Consumer Discretionary,Other Consumer Services
CSW,CSW Industrials Inc. Common Stock,$296.90,1.20,0.406%,4890011287.00,United States,,32322,Industrials,Home Furnishings
CSWC,Capital Southwest Corporation Common Stock,$23.655,0.205,0.874%,1423132583.00,United States,,144423,Consumer Discretionary,Textiles
CSX,CSX Corporation Common Stock,$45.80,-0.38,-0.823%,85102759605.00,United States,,6276005,Industrials,Railroads
CTA^A,EIDP Inc. Preferred Stock $3.50 Series,$54.50,0.00,0.00%,,United States,,212,,
CTA^B,EIDP Inc. Preferred Stock $4.50 Series,$69.296,0.296,0.429%,,United States,,1355,,
CTAA,ClearThink 1 Acquisition Corp. Class A Ordinary Shares,$9.85,0.00,0.00%,0.00,United States,2026,2701,Finance,Blank Checks
CTAAR,ClearThink 1 Acquisition Corp. Rights,$0.2052,-0.0148,-6.727%,0.00,United States,2026,27415,,
CTAAU,ClearThink 1 Acquisition Corp. Units,$10.03,0.00,0.00%,0.00,United States,2026,396,Finance,Blank Checks
CTAS,Cintas Corporation Common Stock,$176.485,-1.135,-0.639%,70609375197.00,United States,1983,390322,Industrials,Garments and Clothing
CTBB,Qwest Corporation 6.5% Notes due 2056,$18.05,-0.56,-3.009%,18.00,United States,2016,151179,Telecommunications,Telecommunications Equipment
CTBI,Community Trust Bancorp Inc. Common Stock,$65.465,-0.085,-0.13%,1188240224.00,United States,,73093,Finance,Major Banks
CTDD,Qwest Corporation 6.75% Notes due 2057,$18.23,-0.52,-2.773%,18.00,United States,2017,185390,Telecommunications,Telecommunications Equipment
CTEV,Claritev Corporation Class A Common Stock,$22.04,1.74,8.571%,373950917.00,United States,2020,49268,Real Estate,Real Estate
CTGO,Contango Silver & Gold Inc. Common Stock,$22.73,0.73,3.318%,382348626.00,United States,2021,150225,Basic Materials,Precious Metals
CTKB,Cytek Biosciences Inc. Common Stock,$4.54,0.28,6.573%,583617617.00,United States,2021,221147,Industrials,Biotechnology: Laboratory Analytical Instruments
CTLP,Cantaloupe Inc. Common Stock,$10.775,0.015,0.139%,794335090.00,United States,,241480,Miscellaneous,Office Equipment/Supplies/Services
CTM,Castellum Inc. Common Stock,$0.7001,0.0075,1.083%,66238386.00,,2022,389812,Consumer Discretionary,Professional Services
CTMX,CytomX Therapeutics Inc. Common Stock,$4.40,-0.05,-1.124%,748821665.00,United States,2015,951835,Health Care,Biotechnology: Pharmaceutical Preparations
CTNM,Contineum Therapeutics Inc. Class A Common Stock,$12.405,-0.015,-0.121%,463153527.00,United States,2024,63106,Health Care,Biotechnology: Pharmaceutical Preparations
CTNT,Cheetah Net Supply Chain Service Inc Class A Common Stock,$0.0545,0.0214,64.653%,2118851.00,United States,2023,2091382998,Consumer Discretionary,Motor Vehicles
CTO,CTO Realty Growth Inc. Common Stock,$19.61,0.03,0.153%,638493521.00,United States,1992,35424,Real Estate,Real Estate Investment Trusts
CTO^A,CTO Realty Growth Inc. 6.375% Series A Cumulative Redeemable Preferred Stock,$20.64,-0.035,-0.169%,,United States,,101,,
CTOR,Citius Oncology Inc. Common Stock,$0.8587,-0.1191,-12.18%,75801918.00,United States,2022,106529,Health Care,Biotechnology: Pharmaceutical Preparations
CTOS,Custom Truck One Source Inc. Common Stock,$8.875,0.115,1.313%,2011305076.00,Cayman Islands,2017,391150,Consumer Discretionary,Diversified Commercial Services
CTRA,Coterra Energy Inc. Common Stock,$33.31,-0.34,-1.01%,25291374137.00,United States,,3028421,Energy,Oil & Gas Production
CTRE,CareTrust REIT Inc. Common Stock,$37.98,0.00,0.00%,8478550185.00,United States,2022,519623,Real Estate,Real Estate Investment Trusts
CTRI,Centuri Holdings Inc. Common Stock,$34.67,0.16,0.464%,3496279335.00,United States,2024,234372,Utilities,Oil & Gas Production
CTRM,Castor Maritime Inc. Common Shares,$1.935,0.015,0.781%,18696655.00,Cyprus,,20539,Consumer Discretionary,Marine Transportation
CTRN,Citi Trends Inc. Common Stock,$49.89,0.53,1.074%,627996761.00,United States,2005,47427,Consumer Discretionary,Clothing/Shoe/Accessory Stores
CTS,CTS Corporation Common Stock,$56.80,1.27,2.287%,1627319262.00,United States,,107231,Technology,Electrical Products
CTSH,Cognizant Technology Solutions Corporation Class A Common Stock,$54.705,-0.395,-0.717%,25922936905.00,United States,1998,2461227,Technology,EDP Services
CTSO,Cytosorbents Corporation Common Stock,$0.615,-0.0329,-5.078%,38560500.00,United States,,11511,Health Care,Medical/Dental Instruments
CTVA,Corteva Inc. Common Stock ,$79.20,-0.43,-0.54%,53171434958.00,United States,2019,740476,Consumer Staples,Farming/Seeds/Milling
CTW,CTW Cayman Class A Ordinary Shares,$2.465,0.085,3.571%,153816000.00,Japan,2025,63199,Technology,EDP Services
CTXR,Citius Pharmaceuticals Inc. Common Stock,$0.74,-0.193,-20.686%,16558556.00,United States,,2617913,Health Care,Biotechnology: Pharmaceutical Preparations
CUB,Lionheart Holdings Class A Ordinary Shares,$10.7901,-0.0099,-0.092%,342786112.00,United States,2024,545,Industrials,Industrial Machinery/Components
CUBB,Customers Bancorp Inc 5.375% Subordinated Notes Due 2034,$22.80,-0.20,-0.87%,721015572.00,United States,2019,101,Finance,Major Banks
CUBE,CubeSmart Common Shares,$39.83,0.04,0.101%,9079758603.00,United States,,578956,Real Estate,Real Estate Investment Trusts
CUBI,Customers Bancorp Inc Common Stock,$73.285,-4.185,-5.402%,2468307981.00,United States,,340928,Finance,Major Banks
CUBWU,Lionheart Holdings Unit,$10.75,0.00,0.00%,0.00,United States,2024,82,Finance,Blank Checks
CUBWW,Lionheart Holdings Warrant,$0.10,0.0046,4.822%,0.00,United States,2024,77596,,
CUE,Cue Biopharma Inc. Common Stock,$15.90,-0.7262,-4.368%,1552806577.00,United States,2018,241077,Health Care,Biotechnology: Pharmaceutical Preparations
CUK,Carnival Plc ADS ADS,$26.98,0.38,1.429%,38527867606.00,United States,,1125676,Consumer Discretionary,Marine Transportation
CULP,Culp Inc. Common Stock,$3.0576,0.0176,0.579%,38717728.00,United States,,6210,Consumer Discretionary,Textiles
CUPR,Cuprina Holdings (Cayman) Limited Class A Ordinary Shares,$0.2998,0.0026,0.875%,6295800.00,Singapore,2025,68999,Health Care,Biotechnology: Pharmaceutical Preparations
CURB,Curbline Properties Corp. Common Stock,$28.055,-0.275,-0.971%,2960879083.00,United States,2024,107042,Finance,Real Estate
CURI,CuriosityStream Inc. Class A Common Stock,$3.415,0.025,0.737%,202467154.00,United States,2020,149171,Consumer Discretionary,Movies/Entertainment
CURR,Currenc Group Inc. Ordinary Shares,$3.22,0.03,0.94%,246688850.00,Singapore,,101191,Real Estate,Real Estate
CURV,Torrid Holdings Inc. Common Stock,$1.835,-0.085,-4.427%,182579702.00,United States,2021,249021,Consumer Discretionary,Clothing/Shoe/Accessory Stores
CURX,Curanex Pharmaceuticals Inc Common Stock,$0.4472,0.0041,0.925%,12684744.00,United States,2025,77306,Health Care,Biotechnology: Pharmaceutical Preparations
CUZ,Cousins Properties Incorporated Common Stock,$25.008,0.418,1.70%,4155075399.00,United States,,596873,Real Estate,Real Estate Investment Trusts
CV,CapsoVision Inc. Common Stock,$5.98,0.21,3.64%,298036425.00,United States,2025,35417,Health Care,Biotechnology: Electromedical & Electrotherapeutic Apparatus
CVBF,CVB Financial Corporation Common Stock,$20.00,-0.21,-1.039%,2715697600.00,United States,,540055,Finance,Major Banks
CVCO,Cavco Industries Inc. Common Stock When Issued,$538.07,3.16,0.591%,4176048975.00,United States,,31197,Consumer Discretionary,Homebuilding
CVE,Cenovus Energy Inc Common Stock,$26.22,-0.23,-0.87%,49283994801.00,Canada,,1746113,Energy,Oil & Gas Production
CVEO,Civeo Corporation (Canada) Common Shares,$31.245,0.085,0.273%,341923315.00,,2014,5859,Consumer Discretionary,Hotels/Resorts
CVGI,Commercial Vehicle Group Inc. Common Stock,$4.26,-0.04,-0.93%,156061696.00,United States,2004,152946,Consumer Discretionary,Auto Parts:O.E.M.
CVGW,Calavo Growers Inc. Common Stock,$28.04,0.26,0.936%,501189175.00,United States,,97613,Consumer Discretionary,Specialty Foods
CVI,CVR Energy Inc. Common Stock,$31.425,0.205,0.657%,3159174074.00,United States,2007,129773,Energy,Integrated oil Companies
CVKD,Cadrenal Therapeutics Inc. Common Stock,$5.80,0.27,4.882%,17853833.00,United States,2023,21867,Health Care,Biotechnology: Pharmaceutical Preparations
CVLG,Covenant Logistics Group Inc. Class A Common Stock,$33.68,2.49,7.983%,845104521.00,United States,,188727,Industrials,Trucking Freight/Courier Services
CVLT,Commvault Systems Inc. Common Stock,$92.045,1.895,2.102%,4047622451.00,United States,2006,170202,Technology,Computer Software: Prepackaged Software
CVM,Cel-Sci Corporation Common Stock,$3.18,-0.13,-3.927%,27007031.00,United States,1997,32559,Health Care,Biotechnology: Biological Products (No Diagnostic Substances)
CVNA,Carvana Co. Class A Common Stock,$404.895,1.875,0.465%,88713806360.00,United States,2017,761551,Consumer Discretionary,Retail-Auto Dealers and Gas Stations
CVR,Chicago Rivet & Machine Co. Common Stock,$11.6209,0.0209,0.18%,11227323.00,United States,1930,977,Industrials,Industrial Machinery/Components
CVRX,CVRx Inc. Common Stock,$7.645,0.005,0.065%,202064345.00,United States,2021,46277,Health Care,Medical/Dental Instruments
CVS,CVS Health Corporation Common Stock,$77.555,-1.305,-1.655%,99394829475.00,United States,,1790352,Consumer Staples,Retail-Drug Stores and Proprietary Stores
CVSA,Covista Inc. Common Shares,$108.15,-2.18,-1.976%,3732096762.00,United States,,251576,Real Estate,Other Consumer Services
CVU,CPI Aerostructures Inc. Common Stock,$3.74,-0.06,-1.579%,49404162.00,United States,2022,54996,Industrials,Military/Government/Technical
CVV,CVD Equipment Corporation Common Stock,$6.2361,0.5061,8.832%,43261934.00,United States,,138895,Technology,Industrial Machinery/Components
CVX,Chevron Corporation Common Stock,$184.45,-3.15,-1.679%,367477071542.00,United States,,4130982,Energy,Integrated oil Companies
CW,Curtiss-Wright Corporation Common Stock,$725.05,-0.45,-0.062%,26759544334.00,United States,,40863,Technology,Industrial Machinery/Components
CWAN,Clearwater Analytics Holdings Inc. Class A Common Stock,$24.175,-0.005,-0.021%,7142895699.00,United States,2021,1004340,Technology,Computer Software: Prepackaged Software
CWBC,Community West Bancshares Common Stock,$24.42,0.47,1.962%,661937678.00,United States,,196473,Finance,Major Banks
CWCO,Consolidated Water Co. Ltd. Ordinary Shares,$34.47,0.41,1.204%,551526549.00,Cayman Islands,,43825,Utilities,Water Supply
CWD,CaliberCos Inc. Class A Common Stock,$1.0499,0.0199,1.932%,7405010.00,United States,2023,32780,Finance,Real Estate
CWEN,Clearway Energy Inc. Class C Common Stock,$39.56,-0.14,-0.353%,8118460396.00,United States,2015,162644,Utilities,Electric Utilities: Central
CWH,Camping World Holdings Inc. Class A Common Stock,$6.985,0.085,1.232%,719362435.00,United States,2016,955524,Consumer Discretionary,Retail-Auto Dealers and Gas Stations
CWK,Cushman & Wakefield Ltd. Common Shares,$14.345,0.065,0.455%,3360852079.00,United States,2018,234910,Finance,Real Estate
CWST,Casella Waste Systems Inc. Class A Common Stock,$80.50,-3.37,-4.018%,5120591879.00,United States,1997,180580,Utilities,Environmental Services
CWT,California Water Service Group Common Stock,$47.22,-0.30,-0.631%,2825845674.00,United States,,158691,Utilities,Water Supply
CX,Cemex S.A.B. de C.V. Sponsored ADR,$12.545,0.035,0.28%,18199569982.00,Mexico,,2055591,Industrials,Building Materials
CXAI,CXApp Inc. Class A Common Stock,$0.1629,0.0009,0.556%,9304159.00,United States,2021,3252377,Technology,EDP Services
CXAIW,CXApp Inc. Warrant,$0.0391,-0.0004,-1.013%,2233227.00,United States,2021,56052,Technology,EDP Services
CXDO,Crexendo Inc. Common Stock,$6.62,0.03,0.455%,206230232.00,United States,,18456,Telecommunications,Telecommunications Equipment
CXE,MFS High Income Municipal Trust Common Stock,$3.735,0.005,0.134%,117748762.00,United States,1989,38753,Finance,Investment Managers
CXH,MFS Investment Grade Municipal Trust Common Stock,$8.355,0.00,0.00%,76116097.00,United States,1989,48945,Finance,Investment Managers
CXM,Sprinklr Inc. Class A Common Stock,$4.92,0.08,1.653%,1224412577.00,United States,2021,1359111,Technology,Computer Software: Prepackaged Software
CXT,Crane NXT Co. Common Stock,$44.935,-0.425,-0.937%,2585438036.00,United States,,116767,Industrials,Metal Fabrications
CXW,CoreCivic Inc. Common Stock,$20.61,0.57,2.844%,2038056577.00,United States,,356394,Real Estate,Real Estate Investment Trusts
CYAB,Cyabra Inc. Common Stock,$1.15,-0.11,-8.73%,15886244.00,Israel,,100041,Technology,Computer Software: Prepackaged Software
CYCN,Cyclerion Therapeutics Inc. Common Stock,$2.90,-0.05,-1.695%,12557911.00,United States,,99414,Health Care,Biotechnology: Pharmaceutical Preparations
CYCU,Cycurion Inc. Common Stock,$0.9215,-0.0785,-7.85%,5077454.00,United States,2025,275899,Technology,EDP Services
CYCUW,Cycurion Inc. Warrant,$0.0226,-0.0005,-2.165%,124526.00,United States,2025,4123,Technology,EDP Services
CYD,China Yuchai International Limited Common Stock,$41.08,-0.79,-1.887%,1541252668.00,Singapore,1994,37052,Industrials,Industrial Machinery/Components
CYH,Community Health Systems Inc. Common Stock,$2.785,0.295,11.847%,392453043.00,United States,2000,3197241,Health Care,Hospital/Nursing Management
CYN,Cyngn Inc. Common Stock,$1.635,0.005,0.307%,22249539.00,United States,2021,123447,Technology,EDP Services
CYPH,Cypherpunk Technologies Inc. Common Stock,$0.9192,0.0396,4.502%,82709266.00,United States,,1518276,Health Care,Biotechnology: Pharmaceutical Preparations
CYRX,CryoPort Inc. Common Stock,$10.43,0.26,2.557%,523564160.00,United States,,69565,Health Care,Biotechnology: Pharmaceutical Preparations
CYTK,Cytokinetics Incorporated Common Stock,$65.26,-0.22,-0.336%,8107760264.00,United States,2004,339581,Health Care,Biotechnology: Pharmaceutical Preparations
CZFS,Citizens Financial Services Inc. Common Stock,$66.40,1.25,1.919%,319199342.00,United States,,3010,Finance,Major Banks
CZNC,Citizens & Northern Corp Common Stock,$23.15,0.15,0.652%,414622125.00,United States,,2271,Finance,Major Banks
CZR,Caesars Entertainment Inc. Common Stock,$27.89,-0.04,-0.143%,5676201276.00,United States,,626196,Consumer Discretionary,Hotels/Resorts
CZWI,Citizens Community Bancorp Inc. Common Stock,$20.40,-0.09,-0.439%,196423685.00,United States,2006,1137,Finance,Savings Institutions
D,Dominion Energy Inc. Common Stock,$62.50,-0.02,-0.032%,54935294813.00,United States,,981151,Utilities,Electric Utilities: Central
DAAQ,Digital Asset Acquisition Corp. Class A Ordinary shares,$10.29,0.0049,0.048%,0.00,United States,2025,12165,Finance,Blank Checks
DAAQU,Digital Asset Acquisition Corp. Units,$10.45,0.00,0.00%,0.00,United States,2025,1,Finance,Blank Checks
DAAQW,Digital Asset Acquisition Corp. Warrant,$0.3725,0.00,0.00%,0.00,United States,2025,350,Finance,Blank Checks
DAC,Danaos Corporation Common Stock,$117.875,0.345,0.294%,2145734616.00,Greece,2006,22525,Consumer Discretionary,Marine Transportation
DAIC,CID HoldCo Inc. Common Stock,$0.2019,-0.015,-6.916%,5914322.00,United States,,370708,Technology,EDP Services
DAICW,CID HoldCo Inc. Warrants,$0.0206,0.0045,27.95%,603442.00,United States,,7474,Technology,EDP Services
DAIO,Data I/O Corporation Common Stock,$2.60,0.06,2.362%,24425497.00,United States,1981,6248,Industrials,Electrical Products
DAKT,Daktronics Inc. Common Stock,$19.96,0.54,2.781%,964030276.00,United States,1994,94714,Consumer Discretionary,Miscellaneous manufacturing industries
DAL,Delta Air Lines Inc. Common Stock,$68.87,0.50,0.731%,45247184493.00,United States,,2836126,Consumer Discretionary,Air Freight/Delivery Services
DAN,Dana Incorporated Common Stock ,$38.65,0.27,0.703%,4234358957.00,United States,,205792,Consumer Discretionary,Auto Parts:O.E.M.
DAO,Youdao Inc. American Depositary Shares each representing one Class A Ordinary Share,$11.08,0.61,5.826%,1336631711.00,China,2019,20642,Real Estate,Other Consumer Services
DAR,Darling Ingredients Inc. Common Stock,$60.425,-0.515,-0.845%,9591213119.00,United States,1997,463184,Consumer Staples,Packaged Foods
DARE,Dare Bioscience Inc. Common Stock,$2.09,-0.03,-1.415%,30429359.00,United States,2014,235564,Health Care,Biotechnology: Pharmaceutical Preparations
DASH,DoorDash Inc. Class A Common Stock,$177.18,0.18,0.102%,77431118199.00,United States,,885284,Technology,EDP Services
DAVA,Endava plc American Depositary Shares (each representing one Class A Ordinary Share),$4.32,0.04,0.935%,234695245.00,United Kingdom,2018,128520,Technology,EDP Services
DAVE,Dave Inc. Class A Common Stock,$273.685,-0.665,-0.242%,3506826621.00,United States,,142134,Finance,Finance: Consumer Services
DAVEW,Dave Inc. Warrants,$0.94,-0.14,-12.963%,12044566.00,United States,,113080,Finance,Finance: Consumer Services
DB,Deutsche Bank AG Common Stock,$31.725,0.335,1.067%,60368654300.00,Germany,,1490991,Finance,Major Banks
DBCA,D. Boral Acquisition I Corp. Class A Ordinary Shares,$9.88,0.02,0.203%,0.00,United States,2026,52253,Finance,Blank Checks
DBCAW,D. Boral Acquisition I Corp. Warrants,$0.30,0.00,0.00%,0.00,United States,2026,20,Finance,Blank Checks
DBD,Diebold Nixdorf Incorporated Common stock,$85.965,1.465,1.734%,2992368494.00,United States,2023,58941,Miscellaneous,Office Equipment/Supplies/Services
DBGI,Digital Brands Group Inc. Common Stock,$1.49,-0.03,-1.974%,24330763.00,United States,2025,118537,Consumer Discretionary,Clothing/Shoe/Accessory Stores
DBI,Designer Brands Inc. Class A Common Stock,$7.99,-0.27,-3.269%,405142698.00,United States,,303427,Consumer Discretionary,Clothing/Shoe/Accessory Stores
DBL,DoubleLine Opportunistic Credit Fund Common Shares of Beneficial Interest,$14.255,-0.015,-0.105%,0.00,United States,2012,84924,,
DBRG,DigitalBridge Group Inc.,$15.605,-0.005,-0.032%,2855945860.00,United States,2014,728996,Real Estate,Real Estate Investment Trusts
DBRG^H,DigitalBridge Group Inc. 7.125% Series H ,$16.20,-0.15,-0.917%,,United States,,6463,,
DBRG^I,DigitalBridge Group Inc. 7.15% Series I ,$15.9733,-0.1067,-0.664%,,United States,,8032,,
DBRG^J,DigitalBridge Group Inc. 7.125% Series J ,$16.22,-0.15,-0.916%,,United States,,9405,,
DBVT,DBV Technologies S.A. American Depositary Shares,$19.88,0.54,2.792%,1177064761.00,France,2014,75612,Health Care,Biotechnology: Biological Products (No Diagnostic Substances)
DBX,Dropbox Inc. Class A Common Stock,$23.815,-0.085,-0.356%,5683176997.00,United States,2018,761073,Technology,Computer Software: Prepackaged Software
DC,Dakota Gold Corp. Common Stock,$5.71,-0.03,-0.523%,762383081.00,United States,2022,460542,Basic Materials,Metal Mining
DCBG,Dime Community Bancshares Inc. 9.000% Fixed-to-Floating Rate Subordinated Notes due 2034,$26.21,0.00,0.00%,1026085776.00,United States,,96,Finance,Major Banks
DCBO,Docebo Inc. Common Shares,$17.74,0.11,0.624%,510281680.00,Canada,,26196,Technology,Computer Software: Prepackaged Software
DCGO,DocGo Inc. Common Stock,$0.7066,0.019,2.763%,69796827.00,United States,2020,208337,Health Care,Medical/Nursing Services
DCH,Dauch Corporation Common Stock,$5.89,0.07,1.203%,1394439129.00,United States,,774517,Consumer Discretionary,Auto Parts:O.E.M.
DCI,Donaldson Company Inc. Common Stock,$90.40,2.43,2.762%,10469607567.00,United States,,288867,Industrials,Pollution Control Equipment
DCO,Ducommun Incorporated Common Stock,$139.82,-3.34,-2.333%,2095474930.00,United States,,101526,Industrials,Military/Government/Technical
DCOM,Dime Community Bancshares Inc. Common Stock,$35.98,-1.36,-3.642%,1579048323.00,United States,,229969,Finance,Major Banks
DCOM^,Dime Community Bancshares Inc. Fixed-Rate Non-Cumulative Perpetual Preferred Stock Series A,$18.87,0.05,0.266%,,United States,,551,,
DCOY,Decoy Therapeutics Inc. Common Stock,$5.2101,-0.2099,-3.873%,2771606.00,United States,2015,4841,Health Care,Biotechnology: Pharmaceutical Preparations
DCTH,Delcath Systems Inc. Common Stock,$10.845,0.205,1.927%,373659692.00,United States,,71786,Health Care,Medical/Dental Instruments
DCX,Digital Currency X Technology Inc. Class A Ordinary Shares,$2.32,0.02,0.87%,54803149.00,Cayman Islands,,32637,Industrials,Auto Manufacturing
DD,DuPont de Nemours Inc. Common Stock,$46.265,-0.105,-0.226%,18961907894.00,United States,2017,730474,Industrials,Major Chemicals
DDC,DDC Enterprise Limited Class A Ordinary Shares,$1.78,-0.04,-2.198%,81925344.00,,2023,79312,Consumer Staples,Packaged Foods
DDD,3D Systems Corporation Common Stock,$2.24,0.03,1.357%,327172113.00,United States,,962036,Technology,Computer Software: Prepackaged Software
DDI,DoubleDown Interactive Co. Ltd. American Depository Shares,$9.0125,0.2275,2.59%,446600378.00,South Korea,2021,126854,Technology,EDP Services
DDL,Dingdong (Cayman) Limited American Depositary Shares (each two representing three Ordinary Shares),$2.585,-0.025,-0.958%,610648566.00,Cayman Islands,2021,118934,Consumer Discretionary,Catalog/Specialty Distribution
DDOG,Datadog Inc. Class A Common Stock,$126.71,-1.15,-0.899%,44836501898.00,United States,2019,1422654,Technology,Computer Software: Prepackaged Software
DDS,Dillard's Inc. Common Stock,$600.76,-2.77,-0.459%,9382111574.00,United States,,22084,Consumer Discretionary,Department/Specialty Retail Stores
DDT,Dillard's Capital Trust I,$26.0655,-0.0545,-0.209%,407066764.00,United States,,2334,Consumer Discretionary,Department/Specialty Retail Stores
DE,Deere & Company Common Stock,$570.27,-21.68,-3.662%,154034079706.00,United States,,355199,Industrials,Industrial Machinery/Components
DEA,Easterly Government Properties Inc. Common Stock,$23.39,0.22,0.95%,1084131272.00,United States,2015,71039,Real Estate,Real Estate Investment Trusts
DEC,Diversified Energy Company Common Stock,$15.305,-0.295,-1.891%,1174755034.00,United States,2025,161425,,
DECK,Deckers Outdoor Corporation Common Stock,$108.91,1.20,1.114%,15459771342.00,United States,1993,335616,Consumer Discretionary,Shoe Manufacturing
DEFT,Defi Technologies Inc. Common Stock,$0.8213,0.0464,5.988%,318481446.00,Canada,,4113650,Finance,Finance: Consumer Services
DEI,Douglas Emmett Inc. Common Stock,$10.639,0.109,1.035%,1781875756.00,United States,2006,293981,Real Estate,Real Estate Investment Trusts
DELL,Dell Technologies Inc. Class C Common Stock ,$217.05,4.91,2.315%,140159701290.00,United States,2018,2367853,Technology,Computer Manufacturing
DEO,Diageo plc Common Stock,$79.20,-0.17,-0.214%,44082969084.00,United Kingdom,,352526,Consumer Staples,Beverages (Production/Distribution)
DERM,Journey Medical Corporation Common Stock,$5.085,-0.045,-0.877%,138976589.00,United States,2021,97876,Health Care,Biotechnology: Pharmaceutical Preparations
DETX,Liberty Defense Holdings Ltd. Common Shares,$4.70,0.03,0.642%,9326224.00,United States,,59560,Telecommunications,Telecommunications Equipment
DEVS,DevvStream Corp. Common Stock,$0.2951,-0.0459,-13.46%,1133669.00,Canada,2024,601431,Finance,Finance/Investors Services
DFDV,DeFi Development Corp. Common Stock,$4.4197,-0.1103,-2.435%,130369632.00,United States,2023,298275,Finance,Finance: Consumer Services
DFDVW,DeFi Development Corp. Warrant,$0.5955,-0.0245,-3.952%,17565698.00,United States,,1366,,
DFH,Dream Finders Homes Inc. Class A Common Stock,$15.26,-0.13,-0.845%,1400391552.00,United States,2022,133800,Consumer Discretionary,Homebuilding
DFIN,Donnelley Financial Solutions Inc. Common Stock ,$50.32,-0.17,-0.337%,1435634884.00,United States,2016,51257,Consumer Discretionary,Other Consumer Services
DFLI,Dragonfly Energy Holdings Corp. Common Stock (NV),$2.0497,-0.0303,-1.457%,24901361.00,United States,2021,175465,Miscellaneous,Industrial Machinery/Components
DFLIW,Dragonfly Energy Holdings Corp. Warrant,$0.035,-0.0049,-12.281%,425207.00,United States,2021,18369,Miscellaneous,Industrial Machinery/Components
DFNS,T3 Defense Inc. Common Stock,$0.513,-0.0051,-0.984%,19403475.00,United States,2020,1322867,Consumer Discretionary,Professional Services
DFNSW,T3 Defense Inc. Warrants,$0.0694,-0.0041,-5.578%,2624954.00,United States,2020,15630,Consumer Discretionary,Professional Services
DFP,Flaherty & Crumrine Dynamic Preferred and Income Fund Inc. Common Stock,$21.005,-0.015,-0.071%,0.00,,2013,10434,Finance,Investment Managers
DFSC,DEFSEC Technologies Inc. Common Stock,$2.17,0.04,1.878%,4326168.00,Canada,,100658,Technology,Computer Software: Prepackaged Software
DFSCW,DEFSEC Technologies Inc. Warrant,$0.024,0.00,0.00%,47847.00,Canada,,25,Technology,Computer Software: Prepackaged Software
DFTX,Definium Therapeutics Inc. Common Shares,$22.525,-0.735,-3.16%,2218921509.00,United States,,1534681,Health Care, Medicinal Chemicals and Botanical Products 
DG,Dollar General Corporation Common Stock,$120.785,-1.275,-1.045%,26600036061.00,United States,2009,710075,Consumer Discretionary,Department/Specialty Retail Stores
DGICA,Donegal Group Inc. Class A Common Stock,$17.75,0.01,0.056%,656802611.00,United States,,23162,Finance,Property-Casualty Insurers
DGICB,Donegal Group Inc. Class B Common Stock,$18.88,0.00,0.00%,698615960.00,United States,1986,67,Finance,Property-Casualty Insurers
DGII,Digi International Inc. Common Stock,$57.11,0.84,1.493%,2147973348.00,United States,1989,48104,Telecommunications,Computer Communications Equipment
DGNX,Diginex Limited Ordinary Shares,$0.4738,-0.0162,-3.306%,95683959.00,Hong Kong,2025,1045071,Technology,EDP Services
DGX,Quest Diagnostics Incorporated Common Stock,$197.74,-1.79,-0.897%,21889111870.00,United States,,272750,Health Care,Medical Specialities
DGXX,Digi Power X Inc. Subordinate Voting Shares,$3.385,-0.055,-1.599%,236298215.00,Canada,,855417,Finance,Finance: Consumer Services
DH,Definitive Healthcare Corp. Class A Common Stock,$1.01,0.0102,1.02%,105517095.00,United States,2021,91418,Technology,Computer Software: Prepackaged Software
DHC,Diversified Healthcare Trust Common Shares of Beneficial Interest,$7.175,0.075,1.056%,1737218354.00,United States,,208022,Real Estate,Real Estate Investment Trusts
DHCNI,Diversified Healthcare Trust 5.625% Senior Notes due 2042,$17.927,-0.093,-0.516%,4327835178.00,United States,,5404,Real Estate,Real Estate Investment Trusts
DHCNL,Diversified Healthcare Trust 6.25% Senior Notes Due 2046,$18.90,-0.20,-1.047%,4562731347.00,United States,,1749,Real Estate,Real Estate Investment Trusts
DHF,BNY Mellon High Yield Strategies Fund Common Stock,$2.425,-0.005,-0.206%,0.00,United States,1998,163762,Finance,Finance Companies
DHI,D.R. Horton Inc. Common Stock,$161.59,-2.63,-1.602%,46813171598.00,United States,,816467,Consumer Discretionary,Homebuilding
DHR,Danaher Corporation Common Stock,$178.625,0.055,0.031%,126425528248.00,United States,,3093175,Industrials,Industrial Machinery/Components
DHT,DHT Holdings Inc.,$18.0203,0.2303,1.295%,2902018611.00,Jersey,2005,542564,Consumer Discretionary,Marine Transportation
DHX,DHI Group Inc. Common Stock,$2.74,-0.04,-1.439%,120281931.00,United States,2007,38447,Real Estate,Real Estate
DHY,Credit Suisse High Yield Credit Fund Common Stock,$1.76,-0.04,-2.222%,0.00,United States,1998,418101,Finance,Finance/Investors Services
DIBS,1stdibs.com Inc. Common Stock,$5.51,-0.15,-2.65%,200464985.00,United States,2021,26883,Consumer Discretionary,Catalog/Specialty Distribution
DIN,Dine Brands Global Inc. Common Stock,$28.315,0.235,0.837%,367537704.00,United States,,56164,Consumer Discretionary,Restaurants
DINO,HF Sinclair Corporation Common Stock,$59.64,0.10,0.168%,10751508737.00,United States,1960,321531,Energy,Natural Gas Distribution
DIOD,Diodes Incorporated Common Stock,$104.305,3.905,3.889%,4798714554.00,United States,,450324,Technology,Semiconductors
DIS,Walt Disney Company (The) Common Stock,$102.61,-1.04,-1.003%,181775651911.00,United States,,2601910,Consumer Discretionary,Services-Misc. Amusement & Recreation
DIT,AMCON Distributing Company Common Stock,$88.50,-0.65,-0.729%,86378478.00,United States,1999,324,Consumer Discretionary,Food Distributors
DJCO,Daily Journal Corp. (S.C.) Common Stock,$536.33,6.83,1.29%,738913640.00,United States,,16988,Consumer Discretionary,Newspapers/Magazines
DJT,Trump Media & Technology Group Corp. Common Stock,$9.39,0.22,2.399%,2598507048.00,United States,2024,1401728,Technology,Computer Software: Programming Data Processing
DJTWW,Trump Media & Technology Group Corp. Warrants,$4.60,0.06,1.322%,1272964049.00,United States,2021,12319,Technology,Computer Software: Programming Data Processing
DK,Delek US Holdings Inc. Common Stock,$40.245,0.425,1.067%,2406989903.00,United States,2017,236172,Energy,Integrated oil Companies
DKI,DarkIris Inc. Class A Ordinary Shares,$0.4537,-0.0092,-1.987%,9130713.00,Hong Kong,2025,139633,Technology,Computer Software: Prepackaged Software
DKL,Delek Logistics Partners L.P. Common Units representing Limited Partner Interests,$50.60,-0.90,-1.748%,2707724556.00,United States,2012,33721,Energy,Natural Gas Distribution
DKNG,DraftKings Inc. Class A Common Stock,$22.65,0.48,2.165%,11228574511.00,United States,2019,6901851,Consumer Discretionary,Services-Misc. Amusement & Recreation
DKS,Dick's Sporting Goods Inc Common Stock,$225.63,1.17,0.521%,20091195146.00,United States,2002,261617,Consumer Discretionary,Other Specialty Stores
DLB,Dolby Laboratories Common Stock,$63.60,0.64,1.017%,6076332107.00,United States,2005,84440,Miscellaneous,Multi-Sector Companies
DLHC,DLH Holdings Corp.,$5.82,-0.21,-3.483%,84349464.00,United States,,1933,Consumer Discretionary,Professional Services
DLNG,Dynagas LNG Partners LP Common Units,$3.95,-0.03,-0.754%,143708943.00,Greece,,10298,Consumer Discretionary,Marine Transportation
DLNG^A,Dynagas LNG Partners LP 9.00% Series A Cumulative Redeemable Preferred Units,$26.30,0.00,0.00%,,Greece,,4,,
DLO,DLocal Limited Class A Common Shares,$13.305,-0.005,-0.038%,3924069675.00,Uruguay,2021,646447,Real Estate,Real Estate
DLPN,Dolphin Entertainment Inc. Common Stock,$1.36,-0.01,-0.73%,16890719.00,United States,,9146,Consumer Discretionary,Other Consumer Services
DLR,Digital Realty Trust Inc. Common Stock,$203.06,3.06,1.53%,70858896317.00,United States,2004,2286019,Real Estate,Real Estate Investment Trusts
DLR^J,Digital Realty Trust Inc. 5.250% Series J Cumulative Redeemable Preferred Stock,$20.31,0.08,0.395%,,United States,,5517,,
DLR^K,Digital Realty Trust Inc. 5.850% Series K Cumulative Redeemable Preferred Stock par value $0.01 per share,$23.01,0.09,0.393%,,United States,,7034,,
DLR^L,Digital Realty Trust Inc. 5.200% Series L Cumulative Redeemable Preferred Stock,$20.05,0.08,0.401%,,United States,,7663,,
DLTH,Duluth Holdings Inc. Class B Common Stock,$3.58,0.11,3.17%,136500739.00,United States,2015,133772,Consumer Discretionary,Clothing/Shoe/Accessory Stores
DLTR,Dollar Tree Inc. Common Stock,$102.565,0.315,0.308%,20235891627.00,United States,1995,779745,Consumer Discretionary,Department/Specialty Retail Stores
DLX,Deluxe Corporation Common Stock,$30.41,0.14,0.463%,1377347023.00,United States,,55302,Consumer Discretionary,Publishing
DLXY,Delixy Holdings Limited Class A Ordinary Shares,$0.7498,-0.0178,-2.319%,12259230.00,Singapore,2025,78260,Energy,Oil Refining/Marketing
DLY,DoubleLine Yield Opportunities Fund Common Shares of Beneficial Interest,$14.19,-0.03,-0.211%,680350604.00,United States,2020,73255,Finance,Investment Managers
DMA,Destra Multi-Alternative Fund Common Stock,$7.875,-0.075,-0.943%,0.00,,2022,32256,Finance,Trusts Except Educational Religious and Charitable
DMAA,Drugs Made In America Acquisition Corp. Ordinary Shares,$10.55,0.0099,0.094%,0.00,United States,2025,110,,
DMAAR,Drugs Made In America Acquisition Corp. Rights,$0.099,0.0102,11.486%,0.00,United States,2025,2091,Finance,Blank Checks
DMAC,DiaMedica Therapeutics Inc. Common Stock,$6.265,0.045,0.723%,337092259.00,United States,2018,49120,Health Care,Biotechnology: Pharmaceutical Preparations
DMB,BNY Mellon Municipal Bond Infrastructure Fund Inc. Common Stock,$10.865,-0.065,-0.595%,0.00,,2013,21951,Finance,Trusts Except Educational Religious and Charitable
DMII,Drugs Made In America Acquisition II Corp. Ordinary Shares,$10.01,0.00,0.00%,0.00,United States,2025,207948,Finance,Blank Checks
DMIIR,Drugs Made In America Acquisition II Corp. Right,$0.089,0.006,7.229%,0.00,United States,2025,703,Finance,Blank Checks
DMIIU,Drugs Made In America Acquisition II Corp. Unit,$10.06,-0.02,-0.198%,0.00,United States,2025,100,,
DMLP,Dorchester Minerals L.P. Common Units Representing Limited Partnership Interests,$27.575,-1.125,-3.92%,1330644034.00,United States,,128198,Energy,Oil & Gas Production
DMO,Western Asset Mortgage Opportunity Fund Inc. Common Stock,$11.04,0.15,1.377%,0.00,United States,2010,5185,Finance,Trusts Except Educational Religious and Charitable
DMRA,Damora Therapeutics Inc. Common Stock,$24.92,-0.50,-1.967%,1502756043.00,Denmark,2020,41355,Health Care,Biotechnology: Pharmaceutical Preparations
DMRC,Digimarc Corporation Common Stock,$7.16,0.20,2.874%,158187935.00,United States,,55200,Technology,EDP Services
DNA,Ginkgo Bioworks Holdings Inc. Class A Common Stock,$7.90,0.20,2.597%,489202381.00,United States,2021,250849,Health Care,Biotechnology: Biological Products (No Diagnostic Substances)
DNLI,Denali Therapeutics Inc. Common Stock,$19.88,0.43,2.211%,3154468900.00,United States,2017,326923,Health Care,Biotechnology: Biological Products (No Diagnostic Substances)
DNMX,Dynamix Corporation III Class A Ordinary Shares,$9.98,0.01,0.10%,0.00,United States,2025,234,Finance,Blank Checks
DNMXU,Dynamix Corporation III Unit,$10.09,-0.0032,-0.032%,0.00,United States,2025,1205,Finance,Blank Checks
DNMXW,Dynamix Corporation III Warrants,$0.2799,-0.0002,-0.071%,0.00,United States,2025,74020,Finance,Blank Checks
DNN,Denison Mines Corp Ordinary Shares (Canada),$3.8298,-0.0902,-2.301%,3462200339.00,Canada,,11967104,Basic Materials,Other Metals and Minerals
DNOW,DNOW Inc. Common Stock,$12.65,0.21,1.688%,2351894477.00,United States,2014,616710,Consumer Discretionary,Oil and Gas Field Machinery
DNP,DNP Select Income Fund Inc. Common Stock,$10.79,0.00,0.00%,0.00,United States,1987,302538,Finance,Investment Managers
DNTH,Dianthus Therapeutics Inc. Common Stock,$89.2192,-0.6008,-0.669%,4857875790.00,United States,2018,174158,Health Care,Biotechnology: Pharmaceutical Preparations
DNUT,Krispy Kreme Inc. Common Stock,$3.81,-0.01,-0.262%,656082000.00,United States,2021,667868,Consumer Staples,Food Chains
DOC,Healthpeak Properties Inc. Common Stock,$16.5101,0.1001,0.61%,11478756982.00,United States,,2559844,Real Estate,Real Estate Investment Trusts
DOCN,DigitalOcean Holdings Inc. Common Stock,$95.52,-0.34,-0.355%,8787466899.00,United States,2021,618945,Technology,Computer Software: Programming Data Processing
DOCS,Doximity Inc. Class A Common Stock,$23.275,0.105,0.453%,4299100997.00,United States,2021,1417551,Technology,EDP Services
DOCU,DocuSign Inc. Common Stock,$45.54,0.52,1.155%,8923373599.00,United States,1989,1064776,Technology,Computer Software: Prepackaged Software
DOGZ,Dogness (International) Corporation Class A Common Stock,$1.2313,-0.0287,-2.278%,17866973.00,China,2017,15842,Consumer Discretionary,Miscellaneous manufacturing industries
DOLE,Dole plc Ordinary Shares,$15.025,-0.115,-0.76%,1429848791.00,Ireland,2021,154279,Consumer Staples,Farming/Seeds/Milling
DOMH,Dominari Holdings Inc. Common Stock,$2.92,0.03,1.038%,66032241.00,United States,,33333,Health Care,Biotechnology: Pharmaceutical Preparations
DOMO,Domo Inc. Class B Common Stock,$3.645,-0.155,-4.079%,164558621.00,United States,2018,371764,Technology,Computer Software: Prepackaged Software
DOO,BRP Inc. Common Subordinate Voting Shares,$56.49,0.54,0.965%,4130717649.00,Canada,,154619,Consumer Discretionary,Industrial Specialties
DORM,Dorman Products Inc. Common Stock,$110.93,1.58,1.445%,3346824769.00,United States,,83941,Consumer Discretionary,Auto Parts:O.E.M.
DOUG,Douglas Elliman Inc. Common Stock,$1.92,0.05,2.674%,169377489.00,United States,2021,94828,Finance,Real Estate
DOV,Dover Corporation Common Stock,$229.18,1.03,0.451%,30892650411.00,United States,,379758,Industrials,Industrial Machinery/Components
DOW,Dow Inc. Common Stock ,$38.675,0.145,0.376%,27831279251.00,United States,2019,5459752,Industrials,Major Chemicals
DOX,Amdocs Limited Ordinary Shares,$65.345,0.565,0.872%,7053962626.00,Guernsey,,314853,Technology,EDP Services
DOYU,DouYu International Holdings Limited ADS,$4.99,0.01,0.201%,150592506.00,China,2019,3393,Technology,Computer Software: Programming Data Processing
DPG,Duff & Phelps Utility and Infrastructure Fund Inc.,$14.69,0.00,0.00%,0.00,United States,2011,22044,Finance,Trusts Except Educational Religious and Charitable
DPRO,Draganfly Inc. Common Shares,$6.03,-0.13,-2.11%,207287105.00,Canada,,699491,Industrials,Aerospace
DPZ,Domino's Pizza Inc Common Stock,$372.005,-0.385,-0.103%,12510117828.00,United States,2004,400611,Consumer Discretionary,Food Distributors
DQ,DAQO New Energy Corp. American Depositary Shares each representing five ordinary shares,$22.95,-0.11,-0.477%,1552937844.00,China,2010,321960,Technology,Semiconductors
DRCT,Direct Digital Holdings Inc. Class A Common Stock,$0.6298,-0.0332,-5.008%,1871565.00,United States,2022,45601,Consumer Discretionary,Advertising
DRD,DRDGOLD Limited American Depositary Shares,$29.235,0.415,1.44%,2527625094.00,South Africa,,63060,Basic Materials,Precious Metals
DRDB,Roman DBDR Acquisition Corp. II Ordinary shares,$10.53,0.01,0.095%,0.00,United States,2025,347,,
DRDBW,Roman DBDR Acquisition Corp. II Warrants,$0.22,0.0001,0.045%,0.00,United States,2025,200,,
DRH,Diamondrock Hospitality Company Common Stock,$10.235,0.095,0.937%,2094589823.00,United States,2005,301926,Real Estate,Real Estate Investment Trusts
DRI,Darden Restaurants Inc. Common Stock,$202.075,-0.265,-0.131%,23144660731.00,United States,,269777,Consumer Discretionary,Restaurants
DRIO,DarioHealth Corp. Common Stock,$7.35,0.15,2.083%,53657984.00,Israel,,11247,Health Care,Medical/Dental Instruments
DRMA,Dermata Therapeutics Inc. Common Stock,$1.26,-0.005,-0.395%,5067900.00,United States,2021,52172,Health Care,Biotechnology: Pharmaceutical Preparations
DRMAW,Dermata Therapeutics Inc. Warrant,$0.0155,0.0001,0.649%,62343.00,United States,2021,300,Health Care,Biotechnology: Pharmaceutical Preparations
DRS,Leonardo DRS Inc. Common Stock,$39.8799,-1.5301,-3.695%,10607849454.00,Israel,,282365,Industrials,Industrial Machinery/Components
DRTS,Alpha Tau Medical Ltd. Ordinary Shares,$7.92,-0.06,-0.752%,697037117.00,Israel,,180469,Health Care,Medical/Dental Instruments
DRTSW,Alpha Tau Medical Ltd. Warrant,$1.05,0.005,0.478%,92410224.00,Israel,,346,Health Care,Medical/Dental Instruments
DRUG,Bright Minds Biosciences Inc. Common Stock,$87.465,-1.215,-1.37%,856034037.00,Canada,,28171,Health Care,Biotechnology: Pharmaceutical Preparations
DRVN,Driven Brands Holdings Inc. Common Stock,$12.525,0.135,1.09%,2059789080.00,United States,2021,308856,Consumer Discretionary,Automotive Aftermarket
DSACU,Daedalus Special Acquisition Corp. Unit,$10.02,0.00,0.00%,0.00,Cayman Islands,2025,1158,Finance,Blank Checks
DSGN,Design Therapeutics Inc. Common Stock,$12.70,-0.08,-0.626%,783237943.00,United States,2021,155119,Health Care,Biotechnology: Pharmaceutical Preparations
DSGR,Distribution Solutions Group Inc. Common Stock,$27.52,0.17,0.622%,1271216417.00,United States,,22518,Consumer Discretionary,Industrial Specialties
DSGX,Descartes Systems Group Inc. (The) Common Stock,$71.13,-1.17,-1.618%,6118907961.00,Canada,,197360,Technology,Computer Software: Prepackaged Software
DSL,DoubleLine Income Solutions Fund Common Shares of Beneficial Interests,$10.995,0.025,0.228%,1121455124.00,United States,2013,169257,Finance,Trusts Except Educational Religious and Charitable
DSM,BNY Mellon Strategic Municipal Bond Fund Inc. Common Stock,$6.05,0.01,0.166%,0.00,United States,1989,39017,Finance,Investment Managers
DSP,Viant Technology Inc. Class A Common Stock,$10.23,0.06,0.59%,648100934.00,United States,2021,108541,Technology,Computer Software: Programming Data Processing
DSS,DSS Inc. Common Stock,$0.56,-0.05,-8.197%,5623810.00,United States,,88524,Consumer Discretionary,Containers/Packaging
DSU,Blackrock Debt Strategies Fund Inc. Common Stock,$9.83,0.00,0.00%,0.00,United States,1998,138781,Finance,Finance Companies
DSWL,Deswell Industries Inc. Common Shares,$3.32,0.01,0.302%,52904993.00,Macau,1995,2128,Industrials,Plastic Products
DSX,Diana Shipping inc. common stock,$2.44,-0.01,-0.408%,301437007.00,Greece,2005,144294,Consumer Discretionary,Marine Transportation
DSX^B,Diana Shipping Inc. Perpetual Preferred Shares Series B (Marshall Islands),$27.08,0.02,0.074%,,Greece,,1786,,
DSY,Big Tree Cloud Holdings Limited Class A Ordinary Shares,$2.22,0.0135,0.612%,10549156.00,China,,1606,Consumer Discretionary,Containers/Packaging
DSYWW,Big Tree Cloud Holdings Limited Warrants,$0.0199,0.0045,29.221%,94562.00,China,,719,Consumer Discretionary,Containers/Packaging
DT,Dynatrace Inc. Common Stock,$34.38,0.09,0.262%,10253873299.00,United States,2019,1796185,Technology,Computer Software: Prepackaged Software
DTB,DTE Energy Company 2020 Series G 4.375% Junior Subordinated Debentures due 2080,$17.065,-0.025,-0.146%,3549999817.00,United States,2020,6576,Utilities,Electric Utilities: Central
DTCX,Datacentrex Inc. Common Stock,$2.135,0.055,2.644%,77304940.00,United States,,381773,Technology,EDP Services
DTE,DTE Energy Company Common Stock,$146.965,-0.435,-0.295%,30572852215.00,United States,,274040,Utilities,Electric Utilities: Central
DTF,DTF Tax-Free Income 2028 Term Fund Inc. Common Stock,$11.37,-0.04,-0.351%,79926177.00,United States,1991,2873,Finance,Investment Managers
DTG,DTE Energy Company 2021 Series E 4.375% Junior Subordinated Debentures,$17.2683,0.0683,0.397%,3592291933.00,United States,2021,8313,Utilities,Electric Utilities: Central
DTI,Drilling Tools International Corporation Common Stock,$3.235,0.105,3.355%,113834021.00,United States,2021,224413,Consumer Discretionary,Oil and Gas Field Machinery
DTIL,Precision BioSciences Inc. Common Stock,$7.17,-0.14,-1.915%,185008937.00,United States,2019,49524,Health Care,Biotechnology: Biological Products (No Diagnostic Substances)
DTK,DTE Energy Company 2025 Series H 6.25% Junior Subordinated Debentures due 2085,$24.84,0.03,0.121%,0.00,United States,2025,6231,Utilities,Electric Utilities: Central
DTM,DT Midstream Inc. Common Stock ,$133.76,0.13,0.097%,13645408424.00,United States,2021,204185,Utilities,Natural Gas Distribution
DTSQ,DT Cloud Star Acquisition Corporation Ordinary Shares,$11.22,0.00,0.00%,0.00,United States,2024,11,,
DTSQR,DT Cloud Star Acquisition Corporation Right,$0.15,0.00,0.00%,0.00,United States,2024,1,,
DTSQU,DT Cloud Star Acquisition Corporation Units,$10.9475,0.00,0.00%,0.00,United States,2024,1,,
DTSS,Datasea Intelligent Technology Ltd. Class A Ordinary Shares,$1.02,-0.04,-3.774%,10656096.00,China,,45999,Technology,Computer Software: Prepackaged Software
DTST,Data Storage Corporation Common Stock,$3.97,-0.01,-0.251%,8603538.00,United States,,13416,Technology,EDP Services
DTSTW,Data Storage Corporation Warrant,$0.0407,-0.0191,-31.94%,88203.00,United States,,163374,Technology,EDP Services
DTW,DTE Energy Company 2017 Series E 5.25% Junior Subordinated Debentures due 2077,$21.59,-0.03,-0.139%,4491327046.00,United States,2017,3091,Utilities,Electric Utilities: Central
DUK,Duke Energy Corporation (Holding Company) Common Stock,$127.06,-0.98,-0.765%,98867625433.00,United States,,887718,Utilities,Power Generation
DUK^A,Duke Energy Corporation Depositary Shares each representing a 1/1000th interest in a share of 5.75% Series A Cumulative Redeemable Perpetual Preferred Stock,$24.90,-0.07,-0.28%,,United States,,26613,,
DUKB,Duke Energy Corporation 5.625% Junior Subordinated Debentures due 2078,$24.1199,0.0099,0.041%,18768119303.00,United States,2018,12145,Utilities,Power Generation
DUO,Fangdd Network Group Ltd. Class A Ordinary Shares,$1.41,0.00,0.00%,5495911.00,China,2019,32194,Finance,Real Estate
DUOL,Duolingo Inc. Class A Common Stock,$102.26,1.97,1.964%,4783930081.00,United States,2021,469660,Technology,Computer Software: Prepackaged Software
DUOT,Duos Technologies Group Inc. Common Stock,$8.595,0.075,0.88%,251795759.00,United States,,95209,Technology,Computer Software: Prepackaged Software
DV,DoubleVerify Holdings Inc. Common Stock,$10.475,0.045,0.431%,1647118257.00,United States,2021,348249,Technology,Computer Software: Programming Data Processing
DVA,DaVita Inc. Common Stock,$151.06,-3.97,-2.561%,9961552303.00,United States,,213811,Health Care,Misc Health and Biotechnology Services
DVLT,Datavault AI Inc. Common Stock,$0.7028,-0.0358,-4.847%,431735850.00,United States,2018,14938438,Technology,Semiconductors
DVN,Devon Energy Corporation Common Stock,$47.625,-0.525,-1.09%,29596803329.00,United States,1985,5307029,Energy,Oil & Gas Production
DWSN,Dawson Geophysical Company Common Stock,$3.16,0.21,7.119%,98126974.00,United States,,49097,Energy,Oil & Gas Production
DWTX,Dogwood Therapeutics Inc. Common Stock,$1.34,-0.06,-4.286%,44758081.00,United States,2020,96655,Health Care,Biotechnology: Pharmaceutical Preparations
DX,Dynex Capital Inc. Common Stock,$13.70,0.10,0.735%,2835174640.00,United States,,4847948,Real Estate,Real Estate Investment Trusts
DX^C,Dynex Capital Inc. 6.900% Series C Fixed-to-Floating Rate Cumulative Redeemable Preferred Stock,$25.65,0.08,0.313%,,United States,,2420,,
DXC,DXC Technology Company Common Stock ,$11.66,-0.25,-2.099%,1979401169.00,United States,,771155,Technology,EDP Services
DXCM,DexCom Inc. Common Stock,$60.42,-2.28,-3.636%,23314445270.00,United States,2005,1530388,Health Care,Medical/Dental Instruments
DXF,Eason Technology Limited American Depositary Shares (each representing sixty-thousand (60000) Ordinary Shares),$0.4986,-0.0218,-4.189%,692029.00,,,107589,Finance,Finance: Consumer Services
DXLG,Destination XL Group Inc. Common Stock,$0.69,-0.0289,-4.02%,37819253.00,United States,,55738,Consumer Discretionary,Clothing/Shoe/Accessory Stores
DXPE,DXP Enterprises Inc. Common Stock,$172.10,4.14,2.465%,2671372857.00,United States,,125113,Industrials,Industrial Machinery/Components
DXR,Daxor Corporation Common Stock,$10.25,0.48,4.913%,51646060.00,United States,,4230,Health Care,Medical/Dental Instruments
DXST,Decent Holding Inc Class A Ordinary Shares,$2.38,-0.04,-1.653%,4319945.00,China,2025,18345,Industrials,Miscellaneous
DXYZ,Destiny Tech100 Inc. Common Stock,$29.40,-0.10,-0.339%,0.00,,2024,690945,,
DY,Dycom Industries Inc. Common Stock,$417.19,2.84,0.685%,12523459317.00,United States,,71235,Industrials,Water Sewer Pipeline Comm & Power Line Construction
DYAI,Dyadic International Inc. Common Stock,$0.86,-0.006,-0.693%,31337285.00,United States,,7961,Health Care,Biotechnology: Biological Products (No Diagnostic Substances)
DYN,Dyne Therapeutics Inc. Common Stock,$18.62,-0.28,-1.481%,3076387109.00,United States,2020,389425,Health Care,Biotechnology: Pharmaceutical Preparations
DYOR,Insight Digital Partners II Class A Ordinary Shares,$9.98,0.00,0.00%,0.00,United States,2025,1,Finance,Blank Checks
DYORU,Insight Digital Partners II Units,$10.11,0.00,0.00%,0.00,United States,2025,1,Finance,Blank Checks
E,ENI S.p.A. Common Stock,$53.57,-1.08,-1.976%,84286103578.00,Italy,,191696,Energy,Oil & Gas Production
EA,Electronic Arts Inc. Common Stock,$202.53,0.02,0.01%,50683884494.00,United States,,228559,Consumer Discretionary,Services-Misc. Amusement & Recreation
EAD,Allspring Income Opportunities Fund Common Shares,$6.58,0.00,0.00%,0.00,United States,2003,79224,Finance,Finance/Investors Services
EAF,GrafTech International Ltd. Common Stock,$9.40,-0.13,-1.364%,244290481.00,United States,2018,67131,Energy,Industrial Machinery/Components
EAI,Entergy Arkansas LLC First Mortgage Bonds 4.875% Series Due September 1 2066,$20.79,-0.02,-0.096%,9417658711.00,United States,2016,8041,Utilities,Electric Utilities: Central
EARN,Ellington Credit Company Common Shares of Beneficial Interest,$4.6301,0.0401,0.874%,173902829.00,United States,2013,262177,Real Estate,Real Estate Investment Trusts
EAT,Brinker International Inc. Common Stock,$140.665,-3.185,-2.214%,6126006888.00,United States,,577704,Consumer Discretionary,Restaurants
EBAY,eBay Inc. Common Stock,$101.74,-1.66,-1.605%,45579520000.00,United States,1998,1762871,Real Estate,Real Estate
EBC,Eastern Bankshares Inc. Common Stock,$19.55,-0.96,-4.681%,4571746855.00,United States,2020,2092977,Finance,Savings Institutions
EBF,Ennis Inc. Common Stock,$20.40,-0.19,-0.923%,515974466.00,United States,,47773,Consumer Discretionary,Office Equipment/Supplies/Services
EBMT,Eagle Bancorp Montana Inc. Common Stock,$22.01,0.06,0.273%,175319136.00,United States,2010,12611,Finance,Major Banks
EBON,Ebang International Holdings Inc. Class A Ordinary Shares,$2.55,-0.03,-1.163%,16687042.00,China,2020,4518,Technology,Semiconductors
EBS,Emergent BioSolutions Inc. Common Stock,$8.015,-0.075,-0.927%,413930627.00,United States,2006,140067,Health Care,Biotechnology: Pharmaceutical Preparations
EC,Ecopetrol S.A. American Depositary Shares,$13.83,-0.60,-4.158%,28432194385.00,Colombia,,1154967,Energy,Oil & Gas Production
ECAT,BlackRock ESG Capital Allocation Term Trust Common Shares of Beneficial Interest,$14.66,0.27,1.876%,1585259100.00,United States,2021,248156,Finance,Trusts Except Educational Religious and Charitable
ECBK,ECB Bancorp Inc. Common Stock,$18.15,-0.10,-0.548%,159314838.00,United States,2022,1125,Finance,Banks
ECC           ,Eagle Point Credit Company Inc. Common Stock,$4.0469,0.0069,0.171%,245495168.00,United States,2014,203837,Finance,Trusts Except Educational Religious and Charitable
ECC^D,Eagle Point Credit Company Inc. 6.75% Series D Preferred Stock,$18.50,-0.075,-0.404%,,United States,,2345,,
ECCC,Eagle Point Credit Company Inc. 6.50% Series C Term Preferred Stock due 2031,$24.81,-0.04,-0.161%,1505037220.00,United States,,1855,Finance,Trusts Except Educational Religious and Charitable
ECCU,Eagle Point Credit Company Inc. 7.75% Notes due 2030,$25.22,-0.06,-0.237%,0.00,United States,2024,3201,,
ECCV,Eagle Point Credit Company Inc. 5.375% Notes due 2029,$23.97,0.17,0.714%,1454080700.00,United States,2022,1131,Finance,Trusts Except Educational Religious and Charitable
ECCW,Eagle Point Credit Company Inc. 6.75% Notes due 2031,$25.13,0.00,0.00%,1524449228.00,United States,2021,10003,Finance,Trusts Except Educational Religious and Charitable
ECCX,Eagle Point Credit Company Inc. 6.6875% Notes due 2028,$25.1301,0.01,0.04%,1524455294.00,United States,2022,802,Finance,Trusts Except Educational Religious and Charitable
ECF,Ellsworth Growth and Income Fund Ltd.,$12.5499,0.1799,1.454%,0.00,United States,1986,15308,Finance,Finance/Investors Services
ECF^A,Ellsworth Growth and Income Fund Ltd. 5.25% Series A Cumulative Preferred Shares (Liquidation Preference $25.00 per share),$21.5144,0.2394,1.125%,,United States,,1072,,
ECG,Everus Construction Group Inc. Common Stock,$137.47,1.14,0.836%,7016689577.00,United States,2024,173893,Consumer Discretionary,Homebuilding
ECL,Ecolab Inc. Common Stock,$269.085,-2.365,-0.871%,75995999612.00,United States,,438787,Consumer Discretionary,Package Goods/Cosmetics
ECO,Okeanis Eco Tankers Corp. Common Stock,$52.70,2.13,4.212%,2057653319.00,,,163644,Consumer Discretionary,Marine Transportation
ECOR,electroCore Inc. Common Stock,$6.14,-0.04,-0.647%,49633046.00,United States,2018,3763,Health Care,Biotechnology: Electromedical & Electrotherapeutic Apparatus
ECPG,Encore Capital Group Inc Common Stock,$83.78,-0.32,-0.38%,1793752672.00,United States,,55350,Finance,Finance Companies
ECVT,Ecovyst Inc. Common Stock,$13.645,-0.175,-1.266%,1493449425.00,United States,2017,451078,Industrials,Major Chemicals
ECX,ECARX Holdings Inc. Class A Ordinary shares,$1.12,-0.06,-5.085%,426787182.00,China,,398057,Technology,EDP Services
ECXWW,ECARX Holdings Inc. Warrants,$0.0569,0.00,0.00%,21682313.00,China,,200,Technology,EDP Services
ED,Consolidated Edison Inc. Common Stock,$109.09,-1.16,-1.052%,40191073726.00,United States,,361697,Utilities,Power Generation
EDAP,EDAP TMS S.A. American Depositary Shares,$3.305,0.015,0.456%,123877964.00,France,1997,1191,Health Care,Biotechnology: Electromedical & Electrotherapeutic Apparatus
EDBL,Edible Garden AG Incorporated Common Stock,$0.5166,-0.031,-5.661%,472046.00,United States,2022,387288,Consumer Staples,Farming/Seeds/Milling
EDBLW,Edible Garden AG Incorporated Warrant,$0.0849,-0.0011,-1.279%,77578.00,United States,2022,1981,Consumer Staples,Farming/Seeds/Milling
EDD,Morgan Stanley Emerging Markets Domestic Debt Fund Inc. Common Stock,$5.565,-0.045,-0.802%,0.00,United States,2007,115649,Finance,Finance Companies
EDF,Virtus Stone Harbor Emerging Markets Income Fund Common Shares of Beneficial Interest,$5.11,-0.01,-0.195%,0.00,United States,2010,60960,Finance,Investment Managers
EDHL,Everbright Digital Holding Limited Ordinary Shares,$2.58,-0.01,-0.386%,4298925.00,Hong Kong,2025,2840,Consumer Discretionary,Advertising
EDIT,Editas Medicine Inc. Common Stock,$3.055,-0.155,-4.829%,298998957.00,United States,2016,638100,Health Care,Biotechnology: Biological Products (No Diagnostic Substances)
EDN,Empresa Distribuidora Y Comercializadora Norte S.A. (Edenor) American Depositary Shares,$25.56,0.33,1.308%,1156409086.00,Argentina,2007,87593,Utilities,Electric Utilities: Central
EDRY,EuroDry Ltd. Common Shares ,$20.5001,-0.4899,-2.334%,57947571.00,Greece,,9819,Consumer Discretionary,Marine Transportation
EDSA,Edesa Biotech Inc. Common Shares,$7.00,0.22,3.245%,58437127.00,United States,,46401,Health Care,Biotechnology: Pharmaceutical Preparations
EDTK,Skillful Craftsman Education Technology Limited Ordinary Share,$1.04,0.03,2.97%,16566629.00,China,2020,618,Real Estate,Other Consumer Services
EDU,New Oriental Education & Technology Group Inc. Sponsored ADR representing 10 Ordinary Share (Cayman Islands),$51.8117,0.3517,0.683%,20614029276.00,China,2006,299332,Real Estate,Other Consumer Services
EDUC,Educational Development Corporation Common Stock,$1.40,0.00,0.00%,11915910.00,United States,,3540,Consumer Discretionary,Consumer Specialties
EE,Excelerate Energy Inc. Class A Common Stock,$33.33,0.01,0.03%,3802795316.00,United States,2022,119402,Utilities,Oil/Gas Transmission
EEA,The European Equity Fund Inc. Common Stock,$10.56,0.12,1.149%,0.00,United States,,14096,Finance,Trusts Except Educational Religious and Charitable
EEFT,Euronet Worldwide Inc. Common Stock,$74.915,0.275,0.368%,2844230681.00,United States,1997,316729,Finance,Investment Bankers/Brokers/Service
EEIQ,EpicQuest Education Group International Limited Common Stock,$4.0001,0.0001,0.003%,5918064.00,United States,2021,7149,Real Estate,Other Consumer Services
EEX,Emerald Holding Inc. Common Stock,$4.83,0.08,1.684%,955901595.00,United States,2017,12331,Real Estate,Real Estate
EFC,Ellington Financial Inc. Common Stock ,$13.12,0.07,0.536%,1635395182.00,United States,2010,320774,Finance,Real Estate
EFC^B,Ellington Financial Inc. 6.250% Series B Fixed-Rate Reset Cumulative Redeemable Preferred Stock,$24.565,-0.0615,-0.25%,,United States,,361,,
EFC^C,Ellington Financial Inc. 8.625% Series C Fixed-Rate Reset Cumulative Redeemable Preferred Stock,$25.2701,0.00,0.00%,,United States,,23,,
EFC^D,Ellington Financial Inc. 7.00% Series D Cumulative Perpetual Redeemable Preferred Stock,$23.55,0.00,0.00%,,United States,,116,,
EFOI,Energy Focus Inc. Common Stock,$4.95,0.10,2.062%,31216843.00,United States,,294861,Consumer Discretionary,Building Products
EFOR,Everforth Inc.,$19.25,-0.28,-1.434%,795025000.00,United States,,1100650,,
EFR,Eaton Vance Senior Floating-Rate Fund Common Shares of Beneficial Interest,$10.495,-0.005,-0.048%,0.00,United States,2003,54374,Finance,Trusts Except Educational Religious and Charitable
EFSC,Enterprise Financial Services Corporation Common Stock,$59.25,1.57,2.722%,2182832331.00,United States,,152799,Finance,Major Banks
EFSCP,Enterprise Financial Services Corporation Depositary Shares Each Representing a 1/40th Interest in a Share of 5% Fixed Rate Non-Cumulative Perpetual Preferred Stock Series A,$19.87,0.08,0.404%,732031703.00,United States,,230,Finance,Major Banks
EFSI,Eagle Financial Services Inc Common Stock,$39.42,0.13,0.331%,213355862.00,United States,,4972,Finance,Major Banks
EFT,Eaton Vance Floating Rate Income Trust Common Shares of Beneficial Interest,$10.77,0.01,0.093%,313303770.00,United States,2004,28268,Finance,Finance Companies
EFX,Equifax Inc. Common Stock,$172.785,-2.145,-1.226%,20573926189.00,United States,,663174,Finance,Finance: Consumer Services
EFXT,Enerflex Ltd Common Shares,$25.51,0.63,2.532%,3112824026.00,Canada,2022,183934,Industrials,Industrial Machinery/Components
EG,Everest Group Ltd. Common Stock,$345.89,-4.92,-1.402%,17204608377.00,Bermuda,,61091,Finance,Property-Casualty Insurers
EGAN,eGain Corporation Common Stock,$7.38,0.06,0.82%,202109492.00,United States,1999,55105,Technology,Computer Software: Prepackaged Software
EGBN,Eagle Bancorp Inc. Common Stock,$26.50,0.35,1.338%,804631346.00,United States,,124110,Finance,Major Banks
EGP,EastGroup Properties Inc. Common Stock,$200.37,-0.17,-0.085%,10770935235.00,United States,,242662,Real Estate,Real Estate Investment Trusts
EGY,VAALCO Energy Inc.  Common Stock,$6.125,-0.095,-1.527%,638581800.00,United States,,319766,Energy,Oil & Gas Production
EH,EHang Holdings Limited ADS,$10.12,-0.25,-2.411%,728486763.00,China,2019,509564,Industrials,Aerospace
EHAB,Enhabit Inc. Common Stock,$13.735,-0.005,-0.036%,696683770.00,United States,2022,597703,Health Care,Medical/Nursing Services
EHC,Encompass Health Corporation Common Stock,$101.10,-0.76,-0.746%,10050973978.00,United States,,329024,Health Care,Hospital/Nursing Management
EHGO,Eshallgo Inc. Class A Ordinary Shares,$2.21,-0.05,-2.212%,4469911.00,China,2024,3237,Consumer Discretionary,Diversified Commercial Services
EHI,Western Asset Global High Income Fund Inc Common Stock,$6.08,-0.01,-0.164%,0.00,United States,2003,45458,Finance,Investment Managers
EHLD,Euroholdings Ltd. Common Stock ,$8.36,-0.14,-1.647%,23546901.00,Greece,,455,Consumer Discretionary,Marine Transportation
EHTH,eHealth Inc. Common Stock,$1.80,0.08,4.651%,55931404.00,United States,2006,98221,Finance,Specialty Insurers
EIC,Eagle Point Income Company Inc. Common Stock,$9.98,0.04,0.402%,88902918.00,United States,2019,24786,Finance,Finance/Investors Services
EICA,Eagle Point Income Company Inc. 5.00% Series A Term Preferred Stock due 2026,$24.9199,-0.0001,0.00%,221989161.00,United States,2021,2837,Finance,Finance/Investors Services
EIG,Employers Holdings Inc Common Stock,$42.065,-0.145,-0.344%,819510204.00,United States,2007,47890,Finance,Property-Casualty Insurers
EIIA,Eagle Point Institutional Income Fund 8.125% Series A Term Preferred Shares Due 2029,$25.20,-0.09,-0.356%,0.00,,2024,1141,,
EIKN,Eikon Therapeutics Inc. Common Stock,$9.81,-0.89,-8.318%,531099225.00,United States,2026,73358,Health Care,Biotechnology: Biological Products (No Diagnostic Substances)
EIM,Eaton Vance Municipal Bond Fund Common Shares of Beneficial Interest $.01 par value,$9.8101,-0.0399,-0.405%,0.00,United States,2002,40778,Finance,Finance/Investors Services
EIX,Edison International Common Stock,$69.52,-0.82,-1.166%,26758661714.00,United States,,987329,Utilities,Electric Utilities: Central
EJH,E-Home Household Service Holdings Limited Ordinary Shares,$1.59,-0.0245,-1.517%,5088245.00,China,2021,1531,Consumer Discretionary,Other Consumer Services
EKSO,Ekso Bionics Holdings Inc. Common Stock,$10.98,0.15,1.385%,39125923.00,United States,,5568,Industrials,Industrial Machinery/Components
EL,Estee Lauder Companies Inc. (The) Common Stock,$77.26,0.86,1.126%,27947031342.00,United States,1995,932408,Consumer Discretionary,Package Goods/Cosmetics
ELA,Envela Corporation Common Stock,$18.80,0.28,1.512%,488113349.00,United States,,21703,Consumer Discretionary,Consumer Specialties
ELAB,PMGC Holdings Inc. Common Stock,$2.495,-0.445,-15.136%,11104115.00,United States,2023,570815,Health Care,Biotechnology: Pharmaceutical Preparations
ELAN,Elanco Animal Health Incorporated Common Stock,$22.295,-0.095,-0.424%,11133664593.00,United States,2018,1062846,Health Care,Biotechnology: Pharmaceutical Preparations
ELBM,Electra Battery Materials Corporation Common Stock,$0.608,0.016,2.703%,63072905.00,Canada,,215948,Miscellaneous,Industrial Machinery/Components
ELC,Entergy Louisiana Inc. Collateral Trust Mortgage Bonds 4.875 % Series due September 1 2066,$20.74,0.00,0.00%,4422546828.00,United States,2016,3411,Utilities,Electric Utilities: Central
ELDN,Eledon Pharmaceuticals Inc. Common Stock,$3.40,-0.19,-5.292%,257895855.00,United States,2014,1148051,Health Care,Biotechnology: Pharmaceutical Preparations
ELE,Elemental Royalty Corporation Common Stock,$18.24,0.45,2.53%,1171466918.00,Canada,,84321,Basic Materials,Precious Metals
ELF,e.l.f. Beauty Inc. Common Stock,$66.08,-0.15,-0.226%,3902171953.00,United States,2016,676993,Consumer Discretionary,Package Goods/Cosmetics
ELLA,Ellington Credit Company 8.50% Notes due 2031,$25.31,0.02,0.079%,0.00,United States,2026,3937,Real Estate,Real Estate Investment Trusts
ELLO,Ellomay Capital Ltd Ordinary Shares (Israel),$24.30,-0.685,-2.742%,312317816.00,Israel,,934,Utilities,Electric Utilities: Central
ELMD,Electromed Inc. Common Stock,$26.305,0.825,3.238%,217682108.00,United States,2011,16896,Health Care,Biotechnology: Electromedical & Electrotherapeutic Apparatus
ELME,Elme Communities Common Stock,$2.14,0.02,0.943%,190155870.00,United States,2000,349712,Real Estate,Real Estate Investment Trusts
ELMT,The Elmet Group Co. Common Stock,$17.4306,-0.4794,-2.677%,507620452.00,United States,2026,1123216,Industrials,Metal Fabrications
ELOG,Eastern International Ltd. Ordinary Shares,$0.95,-0.02,-2.062%,11416150.00,China,2025,940,Industrials,Integrated Freight & Logistics
ELPC,Companhia Paranaense de Energia (COPEL) American Depositary Shares (each representing four (4) Common Shares),$13.24,-0.21,-1.561%,9873103060.00,Brazil,2023,108403,Utilities,Electric Utilities: Central
ELPW,Elong Power Holding Limited Class A Ordinary Shares,$3.39,0.72,26.966%,4838561.00,China,,60683585,Miscellaneous,Industrial Machinery/Components
ELS,Equity Lifestyle Properties Inc. Common Stock,$63.46,-0.02,-0.032%,12306643656.00,United States,,311323,Real Estate,Real Estate Investment Trusts
ELSE,Electro-Sensors Inc. Common Stock,$7.62,-0.005,-0.066%,26917063.00,United States,,13587,Industrials,Industrial Machinery/Components
ELTK,Eltek Ltd. Ordinary Shares,$8.50,-0.1083,-1.258%,57118530.00,Israel,1997,845,Technology,Electrical Products
ELTX,Elicio Therapeutics Inc. Common Stock,$11.7875,-0.0625,-0.527%,216843722.00,United States,2021,38843,Health Care,Biotechnology: Pharmaceutical Preparations
ELUT,Elutia Inc. Class A Common Stock,$1.07,-0.02,-1.835%,47302813.00,United States,2020,11721,Health Care,Biotechnology: Biological Products (No Diagnostic Substances)
ELV,Elevance Health Inc. Common Stock,$345.25,-1.04,-0.30%,74975311695.00,United States,,578818,Health Care,Medical Specialities
ELVA,Electrovaya Inc. Common Shares,$10.01,-0.14,-1.379%,480488138.00,Canada,,62657,,
ELVN,Enliven Therapeutics Inc. Common Stock,$43.51,-0.38,-0.866%,2649308889.00,United States,2020,216156,Health Care,Biotechnology: Pharmaceutical Preparations
ELVR,Elevra Lithium Limited American Depository Shares,$85.9802,8.6902,11.244%,1456304856.00,Australia,,74193,Industrials,Mining & Quarrying of Nonmetallic Minerals (No Fuels)
ELWT,Elauwit Connection Inc. Common Stock,$7.13,0.15,2.149%,47199145.00,United States,2025,16267,Consumer Discretionary,Telecommunications Equipment
EM,Smart Share Global Limited American Depositary Shares,$1.165,-0.005,-0.427%,295408183.00,China,2021,6009,Consumer Discretionary,Other Consumer Services
EMA,Emera Incorporated Common Shares,$52.36,0.04,0.076%,16010803692.00,Canada,2025,43561,Utilities,Electric Utilities: Central
EMAT,Evolution Metals & Technologies Corp. Common Stock,$9.28,0.01,0.108%,0.00,United States,,50692,,
EMBC,Embecta Corp. Common Stock,$9.20,0.05,0.546%,544822657.00,United States,,147011,Health Care,Medical/Dental Instruments
EMBJ,Embraer S.A. Common Stock,$62.43,-0.63,-0.999%,11280572530.00,Brazil,,523995,Industrials,Aerospace
EMD,Western Asset Emerging Markets Debt Fund Inc Common Stock,$10.7111,0.0411,0.385%,0.00,United States,,63168,Finance,Finance/Investors Services
EME,EMCOR Group Inc. Common Stock,$867.76,-5.35,-0.613%,38563495637.00,United States,,171819,Industrials,Engineering & Construction
EMF,Templeton Emerging Markets Fund Common Stock,$20.37,0.43,2.156%,0.00,United States,1987,58857,Finance,Finance/Investors Services
EMIS,Emmis Acquisition Corp. Class A Ordinary Shares,$10.095,0.00,0.00%,0.00,United States,2025,7,Health Care,Biotechnology: Pharmaceutical Preparations
EML,Eastern Company (The) Common Stock,$22.00,0.00,0.00%,132800580.00,United States,,9461,Consumer Discretionary,Industrial Machinery/Components
EMN,Eastman Chemical Company Common Stock,$72.18,0.26,0.362%,8235544125.00,United States,,354511,Industrials,Major Chemicals
EMO,ClearBridge Energy Midstream Opportunity Fund Inc. Common Stock,$48.65,-0.74,-1.498%,0.00,United States,2011,23895,Finance,Investment Managers
EMP,Entergy Mississippi LLC First Mortgage Bonds 4.90% Series Due October 1 2066,$20.9501,-0.1599,-0.757%,9490182384.00,United States,2016,1212,Utilities,Electric Utilities: Central
EMPD,Empery Digital Inc. Common stock,$5.04,-0.17,-3.263%,0.00,United States,2021,98567,,
EMR,Emerson Electric Company Common Stock,$141.72,-0.72,-0.505%,79646640000.00,United States,,1280074,Technology,Consumer Electronics/Appliances
ENB,Enbridge Inc Common Stock,$52.73,0.23,0.438%,115074621257.00,Canada,,978984,Energy,Natural Gas Distribution
ENGN,enGene Therapeutics Inc. Common Stock,$8.04,-0.10,-1.229%,538595307.00,Canada,,111390,Health Care,Biotechnology: Biological Products (No Diagnostic Substances)
ENGNW,enGene Therapeutics Inc. Warrants,$2.44,-0.03,-1.215%,163454297.00,Canada,,3985,Health Care,Biotechnology: Biological Products (No Diagnostic Substances)
ENGS,Energys Group Limited Ordinary Shares,$1.20,0.02,1.695%,37504099.00,United Kingdom,2025,85566,Industrials,Engineering & Construction
ENIC,Enel Chile S.A. American Depositary Shares (Each representing 50 shares of Common Stock),$4.53,0.02,0.443%,6266490082.00,Chile,2016,114012,Utilities,Electric Utilities: Central
ENJ,Entergy New Orleans LLC First Mortgage Bonds 5.0% Series due December 1 2052,$20.28,0.00,0.00%,9186633894.00,United States,,1,Utilities,Power Generation
ENLT,Enlight Renewable Energy Ltd. Ordinary Shares,$87.57,-0.25,-0.285%,12211116334.00,Israel,2023,48263,Utilities,Electric Utilities: Central
ENLV,Enlivex Ltd. Ordinary Shares,$0.9003,-0.0064,-0.706%,217016166.00,Israel,2014,145883,Health Care,Biotechnology: Pharmaceutical Preparations
ENO,Entergy New Orleans LLC First Mortgage Bonds 5.50% Series due April 1 2066,$22.27,0.0552,0.248%,4762012940.00,United States,2016,472,Utilities,Power Generation
ENOV,Enovis Corporation Common Stock,$23.15,0.34,1.491%,1326509561.00,United States,,236849,Health Care,Industrial Specialties
ENPH,Enphase Energy Inc. Common Stock,$35.12,-1.04,-2.876%,4628252148.00,United States,2012,1961545,Technology,Semiconductors
ENR,Energizer Holdings Inc. Common Stock,$19.98,0.02,0.10%,1368005845.00,United States,2015,155579,Miscellaneous,Industrial Machinery/Components
ENS,EnerSys Common Stock,$210.16,2.36,1.136%,7744684760.00,United States,2004,82166,Technology,Industrial Machinery/Components
ENSC,Ensysce Biosciences Inc. Common Stock,$0.4116,-0.0124,-2.925%,3818750.00,United States,,174651,Health Care,Biotechnology: Pharmaceutical Preparations
ENSG,The Ensign Group Inc. Common Stock,$188.66,-0.68,-0.359%,11020379769.00,United States,2007,92831,Health Care,Hospital/Nursing Management
ENTA,Enanta Pharmaceuticals Inc. Common Stock,$13.40,0.05,0.375%,388859210.00,United States,2013,54075,Health Care,Biotechnology: Pharmaceutical Preparations
ENTG,Entegris Inc. Common Stock,$158.16,8.83,5.913%,24079686498.00,United States,2000,1257688,Industrials,Plastic Products
ENTX,Entera Bio Ltd. Ordinary Shares,$1.14,-0.03,-2.564%,53149352.00,Israel,2018,41443,Health Care,Biotechnology: Biological Products (No Diagnostic Substances)
ENVA,Enova International Inc. Common Stock,$169.66,0.24,0.142%,4232230796.00,United States,2014,177591,Finance,Finance: Consumer Services
ENVB,Enveric Biosciences Inc. Common Stock,$5.12,1.10,27.363%,9664179.00,United States,,38491963,Health Care,Biotechnology: Pharmaceutical Preparations
ENVX,Enovix Corporation Common Stock,$6.63,-0.01,-0.151%,1440198050.00,United States,2021,2186154,Miscellaneous,Industrial Machinery/Components
EOD,Allspring Global Dividend Opportunity Fund Common Shares of Beneficial Interest,$6.34,0.02,0.316%,0.00,United States,2007,51592,Finance,Investment Managers
EOG,EOG Resources Inc. Common Stock,$132.385,-1.485,-1.109%,70920738036.00,United States,,1233337,Energy,Oil & Gas Production
EOI,Eaton Vance Enhance Equity Income Fund Eaton Vance Enhanced Equity Income Fund Shares of Beneficial Interest,$19.9747,0.2247,1.138%,0.00,United States,2004,28927,Finance,Finance/Investors Services
EOLS,Evolus Inc. Common Stock,$5.31,0.00,0.00%,345468547.00,United States,2018,398217,Health Care,Biotechnology: Pharmaceutical Preparations
EONR,EON Resources Inc. Class A Common Stock,$0.6985,-0.0615,-8.092%,34902888.00,,2022,2140419,Energy,Oil & Gas Production
EOS,Eaton Vance Enhance Equity Income Fund II Common Stock,$22.29,0.33,1.503%,0.00,,2005,61638,Finance,Trusts Except Educational Religious and Charitable
EOSE,Eos Energy Enterprises Inc. Class A Common Stock,$7.905,0.975,14.069%,2683423585.00,United States,,25112376,Miscellaneous,Industrial Machinery/Components
EOT,Eaton Vance Municipal Income Trust EATON VANCE NATIONAL MUNICIPAL OPPORTUNITIES TRUST,$17.135,-0.065,-0.378%,267733021.00,United States,2009,10323,Finance,Investment Bankers/Brokers/Service
EP,Empire Petroleum Corporation Common Stock,$2.87,-0.05,-1.712%,101680679.00,United States,2022,14062,Energy,Oil & Gas Production
EP^C,El Paso Corporation Preferred Stock,$50.27,0.00,0.00%,,United States,,3,,
EPAC,Enerpac Tool Group Corp. Common Stock,$35.125,-0.065,-0.185%,1810453811.00,United States,,113591,Technology,Industrial Machinery/Components
EPAM,EPAM Systems Inc. Common Stock,$118.46,-2.31,-1.913%,6212553200.00,United States,2012,697875,Technology,EDP Services
EPC,Edgewell Personal Care Company Common Stock,$23.55,-0.20,-0.842%,1100176048.00,United States,,119780,Consumer Discretionary,Package Goods/Cosmetics
EPD,Enterprise Products Partners L.P. Common Stock,$37.622,-0.218,-0.576%,81329760416.00,United States,,1011883,Utilities,Natural Gas Distribution
EPM,Evolution Petroleum Corporation Inc. Common Stock,$4.78,-0.02,-0.417%,167318374.00,United States,,196404,Energy,Oil & Gas Production
EPOW,E-Power Inc. Class A Ordinary Shares,$0.7956,0.0156,2.00%,21470817.00,China,2021,7231,Real Estate,Real Estate
EPR,EPR Properties Common Stock,$55.995,-0.415,-0.736%,4283816842.00,United States,1997,151948,Real Estate,Real Estate Investment Trusts
EPR^C,EPR Properties 5.75% Series C Cumulative Convertible Preferred Shares,$25.13,-0.12,-0.475%,,United States,,348,,
EPR^E,EPR Properties Series E Cumulative Conv Pfd Shs Ser E,$32.06,-0.14,-0.435%,,United States,,147,,
EPR^G,EPR Properties 5.750% Series G Cumulative Redeemable Preferred Shares,$19.75,-0.24,-1.201%,,United States,,10166,,
EPRT,Essential Properties Realty Trust Inc. Common Stock,$31.79,0.29,0.921%,6874458909.00,United States,2018,901286,Real Estate,Real Estate Investment Trusts
EPRX,Eupraxia Pharmaceuticals Inc. Common Stock,$7.29,0.04,0.552%,448358182.00,Canada,,27490,Health Care,Pharmaceuticals and Biotechnology
EPSM,Epsium Enterprise Limited Class A Ordinary Shares,$1.4199,0.0199,1.421%,19080664.00,Macau,2025,1936,Consumer Staples,Beverages (Production/Distribution)
EPSN,Epsilon Energy Ltd. Common Share,$5.93,-0.07,-1.167%,179374299.00,United States,,84093,Energy,Oil & Gas Production
EQ,Equillium Inc. Common Stock,$2.16,-0.01,-0.461%,136569361.00,United States,2018,203799,Health Care,Biotechnology: Pharmaceutical Preparations
EQBK,Equity Bancshares Inc. Class A Common Stock,$45.28,0.24,0.533%,950524054.00,United States,,72797,Finance,Major Banks
EQH,Equitable Holdings Inc. Common Stock,$41.27,-0.33,-0.793%,11569955398.00,United States,2018,617633,Finance,Specialty Insurers
EQH^A,Equitable Holdings Inc. Depositary Shares,$20.029,-0.071,-0.353%,,United States,,15642,,
EQH^C,Equitable Holdings Inc. Depositary Shares each representing a 1/1000th interest in a share of Fixed Rate Noncumulative Perpetual Preferred Stock Series C,$16.38,-0.06,-0.365%,,United States,,5813,,
EQIX,Equinix Inc. Common Stock REIT,$1114.36,-0.93,-0.083%,109902068973.00,United States,2000,196855,Real Estate,Real Estate Investment Trusts
EQNR,Equinor ASA,$37.75,-0.86,-2.227%,94385231383.00,Norway,,1669628,Energy,Integrated oil Companies
EQPT,EquipmentShare.com Inc Class A Common Stock,$22.98,-1.55,-6.319%,5797624131.00,United States,2026,702582,Consumer Discretionary,Diversified Commercial Services
EQR,Equity Residential Common Shares of Beneficial Interest,$62.05,-0.60,-0.958%,23248566314.00,United States,,549358,Real Estate,Real Estate Investment Trusts
EQS,Equus Total Return Inc. Common Stock,$1.30,0.00,0.00%,18156705.00,United States,,59,Finance,Finance/Investors Services
EQT,EQT Corporation Common Stock,$58.49,-0.44,-0.747%,36584208220.00,United States,,3731134,Energy,Oil & Gas Production
EQX,Equinox Gold Corp. Common Shares,$14.32,0.24,1.705%,11300502142.00,Canada,,6908043,Basic Materials,Precious Metals
ERAS,Erasca Inc. Common Stock,$21.445,-1.025,-4.562%,6665096285.00,United States,2021,2584417,Health Care,Biotechnology: Pharmaceutical Preparations
ERC,Allspring Multi-Sector Income Fund Common Stock,$9.1904,0.0204,0.222%,0.00,United States,2003,17187,Finance,Finance/Investors Services
ERH,Allspring Utilities and High Income Fund Common Shares,$12.33,0.045,0.366%,0.00,,2004,4300,Finance,Finance/Investors Services
ERIC,Ericsson American Depositary Shares,$11.225,-0.095,-0.839%,37843423225.00,Sweden,,3600360,Technology,Radio And Television Broadcasting And Communications Equipment
ERIE,Erie Indemnity Company Class A Common Stock,$240.22,-8.68,-3.487%,11096148554.00,United States,,146082,Finance,Specialty Insurers
ERII,Energy Recovery Inc. Common Stock,$11.24,0.23,2.089%,584500895.00,United States,2008,255405,Technology,Industrial Machinery/Components
ERNA,Ernexa Therapeutics Inc. Common Stock,$0.1879,-0.0031,-1.623%,5478118.00,United States,,97714,Health Care,Biotechnology: Pharmaceutical Preparations
ERNAW,Ernexa Therapeutics Inc. Warrants,$0.0295,-0.0055,-15.714%,860056.00,United States,,659,,
ERO,Ero Copper Corp. Common Shares,$27.06,-0.21,-0.77%,2821721170.00,Canada,2021,240817,Basic Materials,Metal Mining
ES,Eversource Energy (D/B/A) Common Stock,$68.52,-0.25,-0.364%,25752923039.00,United States,,455068,Utilities,Electric Utilities: Central
ESAB,ESAB Corporation Common Stock,$102.48,-0.44,-0.428%,6239138375.00,United States,2022,108450,Industrials,Industrial Machinery/Components
ESCA,Escalade Incorporated Common Stock,$17.99,-0.10,-0.553%,246396635.00,United States,,7437,Consumer Discretionary,Recreational Games/Products/Toys
ESE,ESCO Technologies Inc. Common Stock,$324.14,5.31,1.665%,8393852295.00,United States,,177561,Telecommunications,Telecommunications Equipment
ESEA,Euroseas Ltd. Common Stock (Marshall Islands),$69.645,0.92,1.339%,487975493.00,Greece,,30603,Consumer Discretionary,Marine Transportation
ESHA,ESH Acquisition Corp. Class A Common Stock,$11.895,-0.575,-4.611%,0.00,United States,2023,6714,Finance,Blank Checks
ESHAR,ESH Acquisition Corp. Right,$0.0067,-0.0933,-93.30%,0.00,United States,2023,298520,Finance,Blank Checks
ESI,Element Solutions Inc. Common Stock,$40.055,2.075,5.463%,9756533373.00,United States,2014,1753489,Industrials,Major Chemicals
ESLA,Estrella Immunopharma Inc. Common Stock,$1.60,-0.11,-6.433%,68264365.00,United States,2021,85224,Health Care,Biotechnology: Biological Products (No Diagnostic Substances)
ESLAW,Estrella Immunopharma Inc. Warrant,$0.1212,0.0212,21.20%,5171026.00,United States,2021,500,Health Care,Biotechnology: Biological Products (No Diagnostic Substances)
ESLT,Elbit Systems Ltd. Ordinary Shares,$825.49,-26.85,-3.15%,38392659102.00,Israel,,69060,Industrials,Military/Government/Technical
ESNT,Essent Group Ltd. Common Shares,$63.81,-0.74,-1.146%,5998753788.00,Bermuda,2013,216563,Finance,Property-Casualty Insurers
ESOA,Energy Services of America Corporation Common Stock,$15.80,0.07,0.445%,263212816.00,United States,,26085,Industrials,Water Sewer Pipeline Comm & Power Line Construction
ESP,Espey Mfg. & Electronics Corp. Common Stock,$70.9335,-0.6465,-0.903%,209881090.00,United States,1960,7338,Technology,Industrial Machinery/Components
ESPR,Esperion Therapeutics Inc. Common Stock,$1.8801,-0.0299,-1.565%,483946907.00,United States,2013,3402316,Health Care,Biotechnology: Pharmaceutical Preparations
ESQ,Esquire Financial Holdings Inc. Common Stock,$108.755,-5.895,-5.142%,939296163.00,United States,2017,85651,Finance,Commercial Banks
ESRT,Empire State Realty Trust Inc. Class A Common Stock,$5.545,0.065,1.186%,949525212.00,United States,2013,250719,Real Estate,Real Estate Investment Trusts
ESS,Essex Property Trust Inc. Common Stock,$254.535,-0.525,-0.206%,16411686030.00,United States,1994,89199,Real Estate,Real Estate Investment Trusts
ESTA,Establishment Labs Holdings Inc. Common Shares,$65.66,0.54,0.829%,1929419822.00,Costa Rica,2018,99702,Health Care,Industrial Specialties
ESTC,Elastic N.V. Ordinary Shares,$45.05,-0.70,-1.53%,4662720410.00,United States,2018,1062371,Technology,Computer Software: Prepackaged Software
ET,Energy Transfer LP Common Units ,$18.97,-0.18,-0.94%,65262767488.00,United States,,8364180,Utilities,Natural Gas Distribution
ET^I,Energy Transfer L.P. Series I Fixed Rate Perpetual Preferred Units,$12.035,-0.0051,-0.042%,,United States,,16703,,
ETB,Eaton Vance Tax-Managed Buy-Write Income Fund Eaton Vance Tax-Managed Buy-Write Income Fund Common Shares of Beneficial Interest,$15.14,0.02,0.132%,444682966.00,United States,2005,30152,Finance,Investment Bankers/Brokers/Service
ETD,Ethan Allen Interiors Inc. Common Stock,$22.33,-0.15,-0.667%,568216750.00,United States,,90658,Consumer Discretionary,Home Furnishings
ETG,Eaton Vance Tax-Advantaged Global Dividend Income Fund Common Shares of Beneficial Interest,$21.73,0.15,0.695%,0.00,United States,2004,65852,Finance,Investment Managers
ETHB,iShares Staked Ethereum Trust ETF Shares of Fractional Undivided Beneficial Interest,$29.74,-0.02,-0.067%,0.00,United States,,154572,Finance,Investment Bankers/Brokers/Service
ETHM,Dynamix Corporation Class A Ordinary Shares,$10.775,-0.005,-0.046%,0.00,United States,2024,129658,,
ETHMU,Dynamix Corporation Unit,$10.84,-0.01,-0.092%,0.00,United States,2024,1691,,
ETHMW,Dynamix Corporation Warrant,$0.13,-0.0001,-0.077%,0.00,United States,2024,17840,,
ETI^,Entergy Texas Inc 5.375% Series A Preferred Stock Cumulative No Par Value,$24.00,-0.11,-0.456%,,United States,,102,,
ETJ,Eaton Vance Risk-Managed Diversified Equity Income Fund Common Shares of Beneficial Interest,$8.37,0.02,0.24%,0.00,United States,2007,67854,Finance,Finance Companies
ETN,Eaton Corporation PLC Ordinary Shares,$425.59,1.09,0.257%,165122680851.00,Ireland,,1113290,Technology,Industrial Machinery/Components
ETO,Eaton Vance Tax-Advantage Global Dividend Opp Common Stock,$29.29,0.38,1.314%,480008562.00,United States,2004,11303,Finance,Investment Managers
ETON,Eton Pharmaceuticals Inc. Common Stock,$22.67,-0.30,-1.306%,618539411.00,United States,2018,72236,Health Care,Biotechnology: Pharmaceutical Preparations
ETOR,eToro Group Ltd. Class A Common Shares,$36.53,-0.46,-1.244%,2942357544.00,Israel,2025,218335,Finance,Investment Bankers/Brokers/Service
ETR,Entergy Corporation Common Stock,$114.016,0.096,0.084%,52196368940.00,United States,,908100,Utilities,Electric Utilities: Central
ETS,Elite Express Holding Inc. Class A Common Stock,$0.60,0.004,0.671%,10030003.00,United States,2025,4769,Industrials,Trucking Freight/Courier Services
ETSY,Etsy Inc. Common Stock,$63.74,0.26,0.41%,6048197516.00,United States,2025,574182,Real Estate,Real Estate
ETV,Eaton Vance Corporation Eaton Vance Tax-Managed Buy-Write Opportunities Fund Common Shares of Beneficial Interest,$14.42,0.01,0.069%,1575649593.00,United States,2005,52513,Finance,Investment Bankers/Brokers/Service
ETW,Eaton Vance Corporation Eaton Vance Tax-Managed Global Buy-Write Opportunites Fund Common Shares of Beneficial Interest,$9.295,0.035,0.378%,1018711421.00,United States,2005,129009,Finance,Investment Managers
ETX           ,Eaton Vance Municipal Income 2028 Term Trust Common Shares of Beneficial Interest,$18.78,0.10,0.535%,204419474.00,,2013,2779,Finance,Investment Managers
ETY,Eaton Vance Tax-Managed Diversified Equity Income Fund Common Shares of Beneficial Interest,$14.63,0.09,0.619%,0.00,United States,2006,107307,Finance,Finance Companies
EU,enCore Energy Corp. Common Shares,$1.96,-0.02,-1.01%,367009087.00,United States,,864126,Basic Materials,Other Metals and Minerals
EUDA,EUDA Health Holdings Limited Ordinary Shares,$10.6651,-0.7949,-6.936%,26826726.00,Singapore,2021,195845,Health Care,Medical/Nursing Services
EUDAW,EUDA Health Holdings Limited Warrant,$0.0556,-0.0159,-22.238%,139855.00,Singapore,2021,140310,Health Care,Medical/Nursing Services
EVAC,EQV Ventures Acquisition Corp. II Class A Ordinary Shares,$10.13,0.01,0.099%,0.00,,2025,25187,Industrials,Fluid Controls
EVAX,Evaxion A/S American Depositary Share,$4.09,-0.16,-3.765%,34111479.00,Denmark,2021,14307,Health Care,Biotechnology: Biological Products (No Diagnostic Substances)
EVC,Entravision Communications Corporation Common Stock,$3.65,0.01,0.275%,335943007.00,United States,2000,114274,Industrials,Broadcasting
EVCM,EverCommerce Inc. Common Stock,$11.72,0.36,3.169%,2081083705.00,United States,2021,24107,Technology,Computer Software: Prepackaged Software
EVER,EverQuote Inc. Class A Common Stock,$15.55,0.34,2.235%,550054473.00,United States,2018,232056,Technology,Computer Software: Programming Data Processing
EVEX,Eve Holding Inc. Common Stock,$2.755,-0.005,-0.181%,959579129.00,United States,2022,523095,Industrials,Aerospace
EVF,Eaton Vance Senior Income Trust Common Stock,$4.98,0.03,0.606%,87343513.00,United States,1998,28140,Finance,Investment Bankers/Brokers/Service
EVG,Eaton Vance Short Diversified Income Fund Eaton Vance Short Duration Diversified Income Fund Common Shares of Beneficial Interest,$10.74,0.04,0.374%,0.00,United States,2005,9263,Finance,Investment Managers
EVGN,Evogene Ltd Ordinary Shares,$0.78,-0.0057,-0.725%,7717136.00,Israel,,24079,Industrials,Agricultural Chemicals
EVGO,EVgo Inc. Class A Common Stock,$2.225,0.045,2.064%,697715496.00,United States,,1213883,Technology,EDP Services
EVGOW,EVgo Inc. Warrants,$0.0204,0.0002,0.99%,6397032.00,United States,,41995,Technology,EDP Services
EVH,Evolent Health Inc Class A Common Stock,$3.065,0.115,3.898%,342171506.00,United States,2015,559261,Consumer Discretionary,Other Consumer Services
EVI,EVI Industries Inc.  Common Stock,$19.91,-0.08,-0.40%,256085387.00,United States,1999,13309,Consumer Discretionary,Other Consumer Services
EVLV,Evolv Technologies Holdings Inc. Class A Common Stock,$6.615,0.145,2.241%,1186405138.00,United States,2020,638706,Technology,Computer peripheral equipment
EVLVW,Evolv Technologies Holdings Inc. Warrant,$0.1214,0.0004,0.331%,21773180.00,United States,2020,28166,Technology,Computer peripheral equipment
EVMN,Evommune Inc. Common Stock,$26.155,0.315,1.219%,942060520.00,United States,2025,100607,Health Care,Biotechnology: Pharmaceutical Preparations
EVN,Eaton Vance Municipal Income Trust Common Stock,$10.5696,-0.0004,-0.004%,419266046.00,United States,1999,65261,Finance,Investment Managers
EVO,Evotec SE American Depositary Shares,$3.14,-0.09,-2.786%,278496086.00,Germany,2021,115536,Health Care,Biotechnology: Pharmaceutical Preparations
EVOX,Evolution Global Acquisition Corp Class A Ordinary Shares,$10.00,0.00,0.00%,0.00,United States,2025,2,Finance,Blank Checks
EVOXU,Evolution Global Acquisition Corp Units,$10.175,0.005,0.049%,0.00,United States,2025,1000,Finance,Blank Checks
EVOXW,Evolution Global Acquisition Corp Warrants,$0.38,0.01,2.703%,0.00,United States,2025,1045,Finance,Blank Checks
EVR,Evercore Inc. Class A Common Stock,$347.36,-0.62,-0.178%,13757348417.00,United States,2006,211421,Finance,Investment Managers
EVRG,Evergy Inc. Common Stock,$81.32,-0.57,-0.696%,18726706997.00,United States,,415687,Utilities,Power Generation
EVT,Eaton Vance Tax Advantaged Dividend Income Fund Common Shares of Beneficial Interest,$25.825,0.075,0.291%,0.00,United States,2003,37994,Finance,Finance Companies
EVTC,Evertec Inc. Common Stock,$29.38,0.00,0.00%,1810405707.00,Puerto Rico,2013,40581,Technology,EDP Services
EVTL,Vertical Aerospace Ltd. Ordinary Shares,$2.395,-0.075,-3.036%,304950570.00,,2021,1056481,Industrials,Aerospace
EVTV,Envirotech Vehicles Inc. Common Stock,$1.68,0.03,1.818%,21723608.00,United States,,69518,Consumer Discretionary,Auto Parts:O.E.M.
EVV,Eaton Vance Limited Duration Income Fund Common Shares of Beneficial Interest,$9.495,-0.055,-0.576%,0.00,United States,2003,227478,Finance,Finance/Investors Services
EW,Edwards Lifesciences Corporation Common Stock,$83.535,3.815,4.785%,48161410325.00,United States,,5797830,Health Care,Industrial Specialties
EWBC,East West Bancorp Inc. Common Stock,$122.67,-1.49,-1.20%,16803181054.00,United States,,336491,Finance,Major Banks
EWCZ,European Wax Center Inc. Class A Common Stock,$5.815,0.005,0.086%,317133097.00,United States,2021,135646,Consumer Discretionary,Other Consumer Services
EWTX,Edgewise Therapeutics Inc. Common Stock,$31.35,0.12,0.384%,3362930833.00,United States,2021,331526,Health Care,Biotechnology: Pharmaceutical Preparations
EXC,Exelon Corporation Common Stock,$46.705,-0.045,-0.096%,47787392625.00,United States,,2248674,Utilities,Power Generation
EXE,Expand Energy Corporation Common Stock,$95.45,-0.85,-0.883%,22946013917.00,United States,,696248,Energy,Oil & Gas Production
EXEL,Exelixis Inc. Common Stock,$45.035,-1.015,-2.204%,11439258116.00,United States,2000,851463,Health Care,Biotechnology: Biological Products (No Diagnostic Substances)
EXFY,Expensify Inc. Class A Common Stock,$0.906,0.0306,3.496%,91526262.00,United States,2021,357396,Technology,Computer Software: Prepackaged Software
EXG,Eaton Vance Tax-Managed Global Diversified Equity Income Fund Common Shares of Beneficial Interest,$9.248,0.058,0.631%,0.00,United States,2007,155516,Finance,Finance Companies
EXK,Endeavour Silver Corporation Ordinary Shares (Canada),$9.57,0.13,1.377%,2827079586.00,Canada,,3662606,Basic Materials,Precious Metals
EXLS,ExlService Holdings Inc. Common Stock,$30.20,-0.36,-1.178%,4722787982.00,United States,2006,555332,Real Estate,Real Estate
EXOD,Exodus Movement Inc. Class A Common Stock,$8.32,0.32,4.00%,248049335.00,United States,,12275,Finance,Finance: Consumer Services
EXOZ,eXoZymes Inc. Common Stock,$10.31,0.00,0.00%,87315287.00,United States,2024,376,Health Care,Biotechnology: Biological Products (No Diagnostic Substances)
EXP,Eagle Materials Inc Common Stock,$209.55,1.15,0.552%,6586604518.00,United States,,123801,Industrials,Building Materials
EXPD,Expeditors International of Washington Inc. Common Stock,$148.42,-1.33,-0.888%,19737486319.00,United States,,239022,Industrials,Integrated Freight & Logistics
EXPE,Expedia Group Inc. Common Stock,$251.80,1.43,0.571%,30854281021.00,United States,,253462,Consumer Discretionary,Transportation Services
EXPI,eXp World Holdings Inc. Common Stock,$6.445,0.095,1.496%,1043401004.00,United States,,188617,Finance,Real Estate
EXPO,Exponent Inc. Common Stock,$65.67,-0.60,-0.905%,3192526824.00,United States,,100621,Consumer Discretionary,Professional Services
EXR,Extra Space Storage Inc Common Stock,$142.93,0.27,0.189%,30186432948.00,United States,2004,388580,Real Estate,Real Estate Investment Trusts
EXTR,Extreme Networks Inc. Common Stock,$17.45,0.55,3.254%,2343003473.00,United States,1999,740963,Telecommunications,Computer Communications Equipment
EYE,National Vision Holdings Inc. Common Stock,$23.415,-0.735,-3.043%,1860021687.00,United States,2017,626577,Health Care,Ophthalmic Goods
EYPT,EyePoint Inc. Common Stock,$13.775,-0.065,-0.47%,1149275111.00,United States,,198964,Industrials,Biotechnology: Laboratory Analytical Instruments
EZGO,EZGO Technologies Ltd. Ordinary Shares,$1.33,-0.0468,-3.399%,27776711.00,China,2021,1418,Consumer Discretionary,Motor Vehicles
EZPW,EZCORP Inc. Class A Non Voting Common Stock,$32.065,0.335,1.056%,1978321488.00,United States,1991,261867,Consumer Discretionary,Other Specialty Stores
EZRA,Reliance Global Group Inc. Common Stock,$0.1879,-0.0047,-2.44%,3993441.00,United States,,402963,Finance,Specialty Insurers
F,Ford Motor Company Common Stock,$12.355,-0.125,-1.002%,49556921335.00,United States,,13976147,Industrials,Auto Manufacturing
F^B,Ford Motor Company 6.20% Notes due June 1 2059,$21.10,0.13,0.62%,,United States,,16235,,
F^C,Ford Motor Company 6% Notes due December 1 2059,$20.49,0.16,0.787%,,United States,,12569,,
F^D,Ford Motor Company 6.500% Notes due August 15 2062,$22.37,0.07,0.314%,,United States,,12784,,
FA,First Advantage Corporation Common Stock,$12.155,-0.135,-1.098%,2118848867.00,United States,2021,240206,Technology,EDP Services
FACT,FACT II Acquisition Corp. Class A Ordinary Shares,$10.57,0.00,0.00%,0.00,United States,2024,43757,,
FACTU,FACT II Acquisition Corp. Unit,$10.85,0.00,0.00%,0.00,United States,2024,1,Finance,Blank Checks
FACTW,FACT II Acquisition Corp. Warrant,$0.80,0.00,0.00%,0.00,United States,2024,629,Finance,Blank Checks
FAF,First American Corporation (New) Common Stock,$70.56,1.72,2.499%,7218528610.00,United States,,389616,Finance,Specialty Insurers
FAMI,Farmmi Inc. Class A Ordinary Shares,$1.205,-0.045,-3.60%,16647326.00,China,2018,7482,Consumer Staples,Packaged Foods
FANG,Diamondback Energy Inc. Common Stock,$193.385,-2.205,-1.127%,54401468906.00,United States,2012,664442,Energy,Oil & Gas Production
FARM,Farmer Brothers Company Common Stock,$1.26,0.00,0.00%,27376218.00,United States,,103454,Consumer Staples,Packaged Foods
FAST,Fastenal Company Common Stock,$45.23,-0.22,-0.484%,51925625809.00,United States,1987,1276362,Consumer Discretionary,RETAIL: Building Materials
FATE,Fate Therapeutics Inc. Common Stock,$1.33,0.01,0.758%,154630400.00,United States,2013,385529,Health Care,Biotechnology: Biological Products (No Diagnostic Substances)
FATN,FatPipe Inc. Common Stock,$2.00,0.00,0.00%,27848936.00,United States,2025,19087,Technology,Computer Software: Prepackaged Software
FAX,abrdn Asia-Pacific Income Fund Inc. Common Stock,$14.91,-0.12,-0.798%,0.00,United States,1986,81007,Finance,Investment Managers
FBGL,FBS Global Limited Ordinary Shares,$0.6193,-0.0133,-2.102%,8360550.00,Singapore,2025,80064,Consumer Discretionary,Miscellaneous manufacturing industries
FBIN,Fortune Brands Innovations Inc. Common Stock,$41.23,-0.17,-0.411%,4941186921.00,United States,,424290,Basic Materials,Forest Products
FBIO,Fortress Biotech Inc. Common Stock,$2.285,0.055,2.466%,73582859.00,United States,,98360,Health Care,Biotechnology: Pharmaceutical Preparations
FBIOP,Fortress Biotech Inc. 9.375% Series A Cumulative Redeemable Perpetual Preferred Stock,$14.0001,0.5901,4.40%,450839116.00,United States,,10825,Health Care,Biotechnology: Pharmaceutical Preparations
FBIZ,First Business Financial Services Inc. Common Stock,$56.32,-0.97,-1.693%,469868017.00,United States,,19946,Finance,Major Banks
FBK,FB Financial Corporation Common Stock,$53.555,-0.705,-1.299%,2776482873.00,United States,2016,47038,Finance,Major Banks
FBLA,FB Bancorp Inc. Common Stock,$14.095,0.085,0.607%,251200371.00,United States,2024,62581,Finance,Banks
FBLG,FibroBiologics Inc. Common Stock,$1.42,-0.09,-5.96%,7396837.00,United States,,89616,Health Care,Biotechnology: Pharmaceutical Preparations
FBNC,First Bancorp Common Stock,$58.97,-0.58,-0.974%,2443105930.00,United States,1987,113408,Finance,Major Banks
FBP,First BanCorp. New Common Stock,$23.675,-0.655,-2.692%,3686584941.00,Puerto Rico,,454043,Finance,Major Banks
FBRT,Franklin BSP Realty Trust Inc. Common Stock,$9.135,0.065,0.717%,703057087.00,United States,2021,137828,Real Estate,Real Estate Investment Trusts
FBRT^E,Franklin BSP Realty Trust Inc. 7.50% Series E Cumulative Redeemable Preferred Stock,$19.75,-0.07,-0.353%,,United States,,8249,,
FBRX,Forte Biosciences Inc. Common Stock,$28.395,-0.465,-1.611%,394283543.00,United States,2017,87032,Health Care,Biotechnology: Pharmaceutical Preparations
FBYD,Falcon's Beyond Global Inc. Class A Common Stock,$14.8182,-0.8718,-5.556%,1796591346.00,United States,,23390,Consumer Discretionary,Services-Misc. Amusement & Recreation
FBYDW,Falcon's Beyond Global Inc. Warrants,$1.93,-0.12,-5.854%,233997469.00,United States,,115,Consumer Discretionary,Services-Misc. Amusement & Recreation
FC,Franklin Covey Company Common Stock,$21.625,-0.235,-1.075%,243766602.00,United States,,16190,Consumer Discretionary,Other Consumer Services
FCAP,First Capital Inc. Common Stock,$52.72,0.00,0.00%,176376394.00,United States,,348,Finance,Savings Institutions
FCBC,First Community Bankshares Inc. (VA) Common Stock,$42.75,-0.25,-0.581%,815457447.00,United States,,30012,Finance,Major Banks
FCCO,First Community Corporation Common Stock,$30.02,0.10,0.334%,281709031.00,United States,,33080,Finance,Major Banks
FCEL,FuelCell Energy Inc. Common Stock,$11.38,-0.79,-6.491%,542553369.00,United States,,3958334,Energy,Industrial Machinery/Components
FCF,First Commonwealth Financial Corporation Common Stock,$18.66,-0.18,-0.955%,1907166684.00,United States,,176610,Finance,Major Banks
FCFS,FirstCash Holdings Inc. Common Stock,$221.10,8.77,4.13%,9692291496.00,United States,1991,202760,Consumer Discretionary,Other Specialty Stores
FCHL,Fitness Champs Holdings Limited Common Stock,$0.1799,0.0096,5.637%,206180.00,Singapore,2025,49324571,Consumer Discretionary,Services-Misc. Amusement & Recreation
FCN,FTI Consulting Inc. Common Stock,$183.36,-1.84,-0.994%,5522525960.00,United States,1999,63190,Consumer Discretionary,Professional Services
FCNCA,First Citizens BancShares Inc. Class A Common Stock,$1976.73,0.36,0.018%,23390851670.00,United States,,26991,Finance,Major Banks
FCNCN,First Citizens BancShares Inc. Depositary Shares each representing a 1/40th interest in a share of 6.625% Non-Cumulative Perpetual Preferred Stock Series E,$25.11,-0.06,-0.238%,297129241.00,United States,,6800,Finance,Major Banks
FCNCO,First Citizens BancShares Inc. 5.625% Non-Cumulative Perpetual Preferred Stock Series C,$21.62,0.04,0.185%,255831708.00,United States,,1848,Finance,Major Banks
FCNCP,First Citizens BancShares Inc. Depositary Shares,$21.45,-0.05,-0.233%,253820081.00,United States,,2114,Finance,Major Banks
FCO,abrdn Global Income Fund Inc. Common Stock,$2.71,-0.02,-0.733%,0.00,United States,1992,132485,Finance,Investment Managers
FCPT,Four Corners Property Trust Inc. Common Stock,$25.41,0.26,1.034%,2788727096.00,United States,2015,162091,Real Estate,Real Estate Investment Trusts
FCRS,FutureCrest Acquisition Corp. Class A Ordinary Shares,$10.2487,0.0237,0.232%,0.00,,2025,132109,Finance,Blank Checks
FCRX,Crescent Capital BDC Inc. 5.00% Notes due 2026,$25.0311,0.0011,0.004%,927691289.00,United States,2023,1561,Finance,Finance: Consumer Services
FCT,First Trust Senior Floating Rate Income Fund II Common Shares of Beneficial Interest,$9.7698,-0.0202,-0.206%,0.00,United States,2004,99214,Finance,Finance Companies
FCUV,Focus Universal Inc. Common Stock,$1.50,-0.25,-14.286%,1537703.00,United States,,63991,Industrials,Industrial Machinery/Components
FCX,Freeport-McMoRan Inc. Common Stock,$61.795,0.315,0.512%,88811873243.00,United States,,10338745,Basic Materials,Metal Mining
FDBC,Fidelity D & D Bancorp Inc. Common Stock,$45.1651,-0.9749,-2.113%,265514648.00,United States,,562,Finance,Major Banks
FDMT,4D Molecular Therapeutics Inc. Common Stock,$9.4301,-0.1799,-1.872%,481420628.00,United States,2020,173758,Health Care,Biotechnology: Biological Products (No Diagnostic Substances)
FDP,Fresh Del Monte Produce Inc. Common Stock,$41.76,-0.54,-1.277%,1984900365.00,Cayman Islands,1997,33046,Consumer Staples,Farming/Seeds/Milling
FDS,FactSet Research Systems Inc. Common Stock,$222.72,-5.36,-2.35%,8113940605.00,United States,2000,282298,Technology,Computer Software: Programming Data Processing
FDSB,Fifth District Bancorp Inc. Common Stock,$15.06,-0.09,-0.594%,79724643.00,United States,2024,6899,Finance,Savings Institutions
FDUS,Fidus Investment Corporation Common Stock,$18.53,0.19,1.036%,703294365.00,United States,2011,48091,Finance,Finance/Investors Services
FDX,FedEx Corporation Common Stock,$388.205,-4.485,-1.142%,92628335713.00,United States,,300054,Consumer Discretionary,Air Freight/Delivery Services
FE,FirstEnergy Corp. Common Stock,$49.41,-0.21,-0.423%,28578677297.00,United States,,1436958,Utilities,Electric Utilities: Central
FEAM,5E Advanced Materials Inc. Common Stock,$1.495,-0.045,-2.922%,62060265.00,United States,,78399,Industrials,Mining & Quarrying of Nonmetallic Minerals (No Fuels)
FEBO,Fenbo Holdings Limited Class A Ordinary Shares,$1.15,-0.02,-1.709%,12721875.00,Hong Kong,2023,495,Consumer Discretionary,Home Furnishings
FEDU,Four Seasons Education (Cayman) Inc. American Depositary Shares each ADS representing 10 ordinary shares,$9.58,-0.93,-8.849%,21651356.00,,2017,706,Real Estate,Other Consumer Services
FEED,ENvue Medical Inc. Common Stock,$1.3101,-0.0299,-2.231%,4848560.00,United States,,62182,Health Care,Industrial Specialties
FEIM,Frequency Electronics Inc. Common Stock,$51.79,-0.59,-1.126%,509713399.00,United States,,64432,Industrials,Electrical Products
FELE,Franklin Electric Co. Inc. Common Stock,$101.845,0.235,0.231%,4498008359.00,United States,,92111,Consumer Discretionary,Metal Fabrications
FEMY,Femasys Inc. Common Stock,$0.4005,0.0018,0.451%,24186470.00,United States,2021,85796,Health Care,Medical/Dental Instruments
FENC,Fennec Pharmaceuticals Inc. Common Stock,$6.785,0.125,1.877%,231795955.00,United States,,29791,Health Care,Biotechnology: Biological Products (No Diagnostic Substances)
FENG,Phoenix New Media Limited American Depositary Shares each representing 48 Class A ordinary shares.,$1.78,0.00,0.00%,21379181.00,China,2011,25,Industrials,Broadcasting
FER,Ferrovial SE Ordinary Shares,$69.005,-0.885,-1.266%,49646182177.00,Netherlands,,604511,Industrials,Military/Government/Technical
FERA,Fifth Era Acquisition Corp I Class A Ordinary Shares,$10.36,0.00,0.00%,0.00,Cayman Islands,2025,25014,,
FERAR,Fifth Era Acquisition Corp I Rights,$0.2845,0.0144,5.331%,0.00,Cayman Islands,2025,173503,,
FERG,Ferguson Enterprises Inc. Common Stock,$263.16,-0.21,-0.08%,51459874044.00,United Kingdom,2021,351931,Miscellaneous,Miscellaneous
FET,Forum Energy Technologies Inc. Common Stock,$61.86,1.18,1.945%,700790722.00,United States,2012,35578,Consumer Discretionary,Oil and Gas Field Machinery
FF,FutureFuel Corp.  Common shares,$4.18,0.05,1.211%,183349459.00,United States,,55743,Industrials,Major Chemicals
FFA,First Trust Enhanced Equity Income Fund Common Shares of Beneficial Interest,$22.1599,0.1799,0.818%,0.00,United States,2004,20311,Finance,Investment Managers
FFAI,Faraday Future Intelligent Electric Inc. Class A Common Stock,$0.3683,-0.0257,-6.523%,113903625.00,United States,2020,12451014,Industrials,Auto Manufacturing
FFAIW,Faraday Future Intelligent Electric Inc. Warrant,$0.0175,0.0015,9.375%,5412200.00,United States,2020,16210,Industrials,Auto Manufacturing
FFBC,First Financial Bancorp. Common Stock,$30.54,0.68,2.277%,3204325484.00,United States,,531246,Finance,Major Banks
FFC,Flaherty & Crumrine Preferred and Income Securities Fund Incorporated,$16.07,-0.05,-0.31%,0.00,United States,2003,48449,Finance,Trusts Except Educational Religious and Charitable
FFIC,Flushing Financial Corporation Common Stock,$16.09,-0.03,-0.186%,545187542.00,United States,,153877,Finance,Major Banks
FFIN,First Financial Bankshares Inc. Common Stock,$32.09,-0.32,-0.987%,4596205838.00,United States,,165396,Finance,Major Banks
FFIV,F5 Inc. Common Stock,$298.515,-1.375,-0.459%,16871850780.00,United States,1999,271815,Telecommunications,Computer Communications Equipment
FG,F&G Annuities & Life Inc. Common Stock,$27.995,0.605,2.209%,3796405253.00,United States,2022,102807,Finance,Life Insurance
FGBI,First Guaranty Bancshares Inc. Common Stock,$9.13,-0.32,-3.386%,144194043.00,United States,,29869,Finance,Savings Institutions
FGBIP,First Guaranty Bancshares Inc. 6.75% Series A Fixed-Rate Non-Cumulative Perpetual Preferred Stock,$17.24,0.05,0.291%,272278785.00,United States,,3672,Finance,Savings Institutions
FGI,FGI Industries Ltd. Ordinary Shares,$10.30,2.49,31.882%,19851458.00,United States,2022,363545,Industrials,Industrial Specialties
FGII,FG Imperii Acquisition Corp. Class A Ordinary Shares,$9.91,0.01,0.101%,0.00,United States,2026,1000,Finance,Blank Checks
FGIIU,FG Imperii Acquisition Corp. Units,$9.99,0.00,0.00%,0.00,United States,2026,218,Finance,Blank Checks
FGIIW,FG Imperii Acquisition Corp. Warrants,$0.1999,-0.0001,-0.05%,0.00,United States,2026,1200,Finance,Blank Checks
FGIWW,FGI Industries Ltd. Warrant,$0.0673,0.0316,88.515%,129709.00,United States,2022,4016,Industrials,Industrial Specialties
FGL,Founder Group Limited Class A Ordinary Shares,$1.82,0.01,0.552%,807117.00,Malaysia,2024,6794,Consumer Discretionary,Engineering & Construction
FGMC,FG Merger II Corp. Common stock,$10.1408,0.0017,0.017%,103845828.00,United States,2025,10056,,
FGMCR,FG Merger II Corp. Rights,$0.5001,-0.0199,-3.827%,0.00,United States,2025,1773,,
FGN,F&G Annuities & Life Inc. 7.950% Senior Notes due 2053,$25.14,0.19,0.762%,3170117497.00,United States,2023,7974,Finance,Life Insurance
FGNX,FG Nexus Inc. Common Stock ,$6.775,-0.005,-0.074%,44242152.00,United States,2014,3949,Finance,Property-Casualty Insurers
FGNXP,FG Nexus Inc. 8.00% Cumulative Preferred Stock,$25.97,1.07,4.297%,169589476.00,United States,,270,Finance,Property-Casualty Insurers
FGSN,F&G Annuities & Life Inc. 7.300% Junior Subordinated Notes due 2065,$20.80,0.00,0.00%,0.00,United States,2025,10973,Finance,Life Insurance
FHB,First Hawaiian Inc. Common Stock,$26.73,-0.23,-0.853%,3279483813.00,United States,2016,1129190,Finance,Major Banks
FHI,Federated Hermes Inc. Common Stock,$55.57,-0.90,-1.594%,4221412060.00,United States,,184206,Finance,Investment Managers
FHN,First Horizon Corporation Common Stock,$24.30,-0.41,-1.659%,11606311217.00,United States,,1359122,Finance,Major Banks
FHN^C,First Horizon Corporation Depositary Shares each representing a 1/400th interest in a share of Non-Cumulative Perpetual Preferred Stock Series C,$24.98,0.01,0.04%,,United States,,103,,
FHN^E,First Horizon Corporation Depositary Shares each representing a 1/4000th interest in a share of Non-Cumulative Perpetual Preferred Stock Series E,$24.6225,-0.1375,-0.555%,,United States,,303,,
FHN^F,First Horizon Corporation Depositary Shares each representing 1/4000th Interest in a Share of Non-Cumulative Perpetual Preferred Stock Series F,$17.8799,0.0799,0.449%,,United States,,4695,,
FHN^H,First Horizon Corporation Depositary Shares each representing a 1/4000th interest in a share of Non-Cumulative Perpetual Preferred Stock Series H,$25.07,0.0401,0.16%,,United States,,66242,,
FHTX,Foghorn Therapeutics Inc. Common Stock,$5.335,0.145,2.794%,313165812.00,United States,2020,25191,Health Care,Biotechnology: Pharmaceutical Preparations
FIBK,First Interstate BancSystem Inc. Common Stock (DE),$34.73,-0.13,-0.373%,3386738286.00,United States,2010,265270,Finance,Major Banks
FICO,Fair Isaac Corporation Common Stock,$995.99,16.23,1.657%,23627008243.00,United States,,128632,Real Estate,Real Estate
FIEE,FiEE Inc Common Stock,$6.79,0.95,16.267%,53872688.00,United States,,9985,Utilities,Telecommunications Equipment
FIG,Figma Inc. Class A Common Stock,$16.825,-0.495,-2.858%,8853110038.00,United States,2025,11507562,Technology,Computer Software: Prepackaged Software
FIGR,Figure Technology Solutions Inc. Class A Common Stock,$32.1574,-0.0626,-0.194%,6957263973.00,U.S. Virgin Islands,2025,911763,Finance,Finance: Consumer Services
FIGS,FIGS Inc. Class A Common Stock,$16.60,0.48,2.978%,2761860225.00,United States,2021,3580718,Consumer Discretionary,Apparel
FIGX,FIGX Capital Acquisition Corp. Class A Ordinary Share,$10.20,0.00,0.00%,0.00,United States,2025,1578,,
FIHL,Fidelis Insurance Holdings Limited Common Shares,$21.07,-0.22,-1.033%,1822136655.00,Bermuda,2023,63510,Finance,Property-Casualty Insurers
FINS,Angel Oak Financial Strategies Income Term Trust Common Shares of Beneficial Interest,$12.83,0.055,0.431%,321553646.00,,2019,4262,Finance,Finance/Investors Services
FINV,FinVolution Group American Depositary Shares,$4.765,0.045,0.953%,1207517048.00,United States,2017,396088,Finance,Finance: Consumer Services
FINW,FinWise Bancorp Common Stock,$16.20,0.02,0.124%,221565116.00,United States,2021,3005,Finance,Major Banks
FIP,FTAI Infrastructure Inc. Common Stock ,$5.635,0.095,1.715%,665851632.00,United States,,146904,Energy,Oil Refining/Marketing
FIS,Fidelity National Information Services Inc. Common Stock,$45.42,-0.32,-0.70%,23364215509.00,United States,,1153980,Real Estate,Real Estate
FISI,Financial Institutions Inc. Common Stock,$33.82,-0.33,-0.966%,665739124.00,United States,1999,49028,Finance,Major Banks
FISV,Fiserv Inc. Common Stock,$60.56,-0.99,-1.608%,32278418168.00,United States,1986,1595016,Real Estate,Real Estate
FITB,Fifth Third Bancorp Common Stock,$49.90,-0.99,-1.945%,45187618550.00,United States,,1305688,Finance,Major Banks
FITBI,Fifth Third Bancorp Depositary Shares,$25.34,0.01,0.039%,22946979039.00,United States,,8292,Finance,Major Banks
FITBM,Fifth Third Bancorp Depositary Shares Representing a 1/40th Ownership Interest in a Share of 6.875% Fixed-Rate Reset Non-Cumulative Perpetual Preferred Stock Series M,$25.8148,-0.0652,-0.252%,23376940588.00,United States,,9540,Finance,Major Banks
FITBO,Fifth Third Bancorp Depositary Shares each representing a 1/1000th ownership interest in a share of Non-Cumulative Perpetual Preferred Stock Series K,$19.45,0.01,0.051%,17613210036.00,United States,,6570,Finance,Major Banks
FITBP,Fifth Third Bancorp Depositary Shares each representing 1/40th share of Fifth Third 6.00% Non-Cumulative Perpetual Class B Preferred Stock Series A,$24.20,0.0605,0.251%,21914636652.00,United States,,2769,Finance,Major Banks
FIVE,Five Below Inc. Common Stock,$229.165,-9.035,-3.793%,12658715728.00,United States,2012,383090,Consumer Discretionary,Department/Specialty Retail Stores
FIVN,Five9 Inc. Common Stock,$16.055,0.595,3.849%,1229234827.00,United States,2014,941007,Technology,EDP Services
FIX,Comfort Systems USA Inc. Common Stock,$1708.99,-64.92,-3.66%,60129047763.00,United States,1997,412155,Industrials,Engineering & Construction
FIZZ,National Beverage Corp. Common Stock,$34.08,0.22,0.65%,3190982036.00,United States,,43890,Consumer Staples,Beverages (Production/Distribution)
FJET,Starfighters Space Inc. Common Stock,$5.835,-0.215,-3.554%,257755127.00,United States,2025,507201,Consumer Discretionary,Air Freight/Delivery Services
FKWL,Franklin Wireless Corp. Common Stock,$3.64,-0.02,-0.546%,42894779.00,United States,,1796,Utilities,Telecommunications Equipment
FLC,Flaherty & Crumrine Total Return Fund Inc Common Stock,$17.08,-0.06,-0.35%,0.00,United States,2003,13961,Finance,Trusts Except Educational Religious and Charitable
FLD,Fold Holdings Inc. Class A Common Stock,$1.48,0.02,1.37%,74323411.00,United States,2025,32571,Finance,Finance: Consumer Services
FLDDW,Fold Holdings Inc. Warrant,$0.16,0.0251,18.606%,8034963.00,United States,2025,6466,Finance,Finance: Consumer Services
FLEX,Flex Ltd. Ordinary Shares,$90.94,4.04,4.649%,33436266649.00,Singapore,1994,1228411,Technology,Electrical Products
FLG,Flagstar Bank N.A. Common Stock,$14.235,-0.115,-0.801%,5921661508.00,United States,,7727394,Finance,Banks
FLG^A,Flagstar Bank N.A. Depositary shares each representing a 1/40th interest in a share of Fixed-to-Floating Rate Series A Noncumulative Perpetual Preferred Stock,$22.95,0.13,0.57%,,United States,,4155,,
FLG^U,Flagstar Bank N.A. Bifurcated Option Note Unit SecuritiES,$40.54,0.03,0.074%,,United States,,5515,,
FLGT,Fulgent Genetics Inc. Common Stock,$16.19,0.16,0.998%,481610730.00,United States,2016,84563,Health Care,Medical Specialities
FLL,Full House Resorts Inc. Common Stock,$2.47,0.00,0.00%,89395050.00,United States,,14806,Consumer Discretionary,Hotels/Resorts
FLNA,Filana Therapeutics Inc. Common Stock,$1.65,-0.01,-0.602%,79708028.00,United States,,87262,Health Care,Biotechnology: Pharmaceutical Preparations
FLNC,Fluence Energy Inc. Class A Common Stock,$13.139,-0.381,-2.818%,2416725552.00,United States,2021,1333855,Miscellaneous,Industrial Machinery/Components
FLNG,FLEX LNG Ltd. Ordinary Shares,$30.92,-0.13,-0.419%,1672536266.00,,2019,172222,Consumer Discretionary,Marine Transportation
FLNT,Fluent Inc. Common Stock,$3.115,0.035,1.136%,92875943.00,United States,,5561,Consumer Discretionary,Advertising
FLO,Flowers Foods Inc. Common Stock,$8.795,0.015,0.171%,1863277627.00,United States,,1230136,Consumer Staples,Packaged Foods
FLOC,Flowco Holdings Inc. Class A Common Stock,$23.975,0.365,1.546%,2165844056.00,United States,2025,76211,Consumer Discretionary,Oil and Gas Field Machinery
FLR,Fluor Corporation Common Stock,$48.82,1.20,2.52%,7011894111.00,United States,,807316,Industrials,Military/Government/Technical
FLS,Flowserve Corporation Common Stock,$83.8275,1.9175,2.341%,10712769983.00,United States,,498994,Industrials,Fluid Controls
FLUT,Flutter Entertainment plc Ordinary Shares,$109.115,3.065,2.89%,19114887254.00,Ireland,2024,1286508,Technology,Computer Software: Programming Data Processing
FLUX,Flux Power Holdings Inc. Common Stock,$1.25,-0.01,-0.794%,26675169.00,United States,,48866,Miscellaneous,Industrial Machinery/Components
FLWS,1-800-FLOWERS.COM Inc. Common Stock,$3.605,-0.175,-4.63%,230957227.00,United States,1999,463900,Consumer Discretionary,Other Specialty Stores
FLX,BingEx Limited American Depositary Shares,$2.85,0.17,6.343%,202720244.00,China,2024,79907,Industrials,Trucking Freight/Courier Services
FLXS,Flexsteel Industries Inc. Common Stock,$47.95,-0.33,-0.684%,256797711.00,United States,,18795,Consumer Discretionary,Home Furnishings
FLY,Firefly Aerospace Inc. Common Stock,$36.06,-2.48,-6.435%,5767883075.00,United States,2025,2746298,Industrials,Military/Government/Technical
FLYE,Fly-E Group Inc. Common Stock,$2.065,-0.0723,-3.383%,3370877.00,United States,2024,1017,Industrials,Aerospace
FLYW,Flywire Corporation Voting Common Stock,$13.40,0.11,0.828%,1624137593.00,United States,2021,465080,Real Estate,Real Estate
FLYX,flyExclusive Inc. Class A Common Stock,$2.19,0.04,1.86%,208316654.00,,2023,394874,Consumer Discretionary,Transportation Services
FMACU,Future Money Acquisition Corporation Units,$10.04,0.01,0.10%,0.00,United States,2026,151,Finance,Blank Checks
FMAO,Farmers & Merchants Bancorp Inc. Common Stock,$26.755,0.235,0.886%,367829720.00,United States,,86163,Finance,Savings Institutions
FMBH,First Mid Bancshares Inc. Common Stock,$43.075,-0.135,-0.312%,1146756003.00,United States,,25553,Finance,Major Banks
FMC,FMC Corporation Common Stock,$14.86,0.41,2.837%,1858169190.00,United States,,613856,Industrials,Major Chemicals
FMFC,Kandal M Venture Limited Class A Ordinary Shares,$0.3711,0.0046,1.255%,7095432.00,Cambodia,2025,27748,Consumer Discretionary,Apparel
FMN,Federated Hermes Premier Municipal Income Fund,$11.14,-0.08,-0.713%,960879029.00,United States,2002,4489,Finance,Investment Managers
FMNB,Farmers National Banc Corp. Common Stock,$14.09,0.15,1.076%,531739114.00,United States,,80681,Finance,Major Banks
FMS,Fresenius Medical Care AG American Depositary Shares (Each representing 1/2 of an Ordinary Share),$22.72,-0.02,-0.088%,12690886934.00,Germany,,183169,Health Care,Misc Health and Biotechnology Services
FMST,Foremost Clean Energy Ltd. Common Shares,$1.87,-0.05,-2.604%,30448112.00,Canada,,57898,Basic Materials,Other Metals and Minerals
FMSTW,Foremost Clean Energy Ltd. Warrant,$0.9325,0.00,0.00%,15183350.00,Canada,,188,Basic Materials,Other Metals and Minerals
FMX,Fomento Economico Mexicano S.A.B. de C.V. Common Stock,$114.46,0.84,0.739%,39786581578.00,Mexico,,208378,Consumer Staples,Beverages (Production/Distribution)
FMY,First Trust Mortgage Income Fund Common Shares of Beneficial Interest,$11.9401,-0.0006,-0.005%,0.00,United States,2005,9963,Finance,Finance/Investors Services
FN,Fabrinet Ordinary Shares,$728.50,39.04,5.662%,26099326235.00,Cayman Islands,2010,300912,Utilities,Telecommunications Equipment
FNB,F.N.B. Corporation Common Stock,$17.635,-0.195,-1.094%,6267124096.00,United States,,1379837,Finance,Major Banks
FND,Floor & Decor Holdings Inc. Common Stock,$51.74,0.79,1.551%,5581468539.00,United States,2017,724265,Consumer Discretionary,RETAIL: Building Materials
FNF,Fidelity National Financial Inc. Common Stock,$52.21,0.67,1.30%,14052715163.00,United States,2014,467923,Finance,Specialty Insurers
FNGR,FingerMotion Inc. Common Stock,$1.1386,0.0686,6.411%,69774897.00,United States,,211472,Technology,Computer Software: Prepackaged Software
FNKO,Funko Inc. Class A Common Stock,$4.445,0.075,1.716%,248594355.00,United States,2017,98521,Consumer Discretionary,Recreational Games/Products/Toys
FNLC,First Bancorp Inc  (ME) Common Stock,$29.20,0.10,0.344%,329093315.00,United States,,3939,Finance,Major Banks
FNRN,First Northern Community Bancorp Common stock,$15.60,-0.15,-0.952%,,United States,,23853,Finance,Savings Institutions
FNUC,Frontier Nuclear and Minerals Inc. Common Shares,$2.41,-0.04,-1.633%,43443308.00,Canada,2021,57565,Basic Materials,Other Metals and Minerals
FNV,Franco-Nevada Corporation,$242.725,-1.315,-0.539%,46606638200.00,Canada,,303503,Basic Materials,Precious Metals
FNWB,First Northwest Bancorp Common Stock,$10.20,0.12,1.19%,96892860.00,United States,2015,19078,Finance,Banks
FNWD,Finward Bancorp Common Stock,$33.68,0.48,1.446%,145850768.00,United States,,951,Finance,Major Banks
FOA,Finance of America Companies Inc. Class A Common Stock,$21.76,0.21,0.974%,186090019.00,United States,2021,49197,Finance,Finance: Consumer Services
FOF,Cohen & Steers Closed-End Opportunity Fund Inc. Common Stock,$13.69,0.02,0.146%,672707817.00,United States,2006,38268,Finance,Investment Managers
FOFO,Hang Feng Technology Innovation Co. Ltd. Ordinary Shares,$3.7999,0.1399,3.822%,28769339.00,Hong Kong,2025,14588,Consumer Discretionary,Professional Services
FOLD,Amicus Therapeutics Inc. Common Stock,$14.50,0.04,0.277%,4553010324.00,United States,2007,2392630,Health Care,Biotechnology: Pharmaceutical Preparations
FONR,Fonar Corporation Common Stock,$18.84,0.01,0.053%,123508766.00,United States,1981,14341,Health Care,Biotechnology: Electromedical & Electrotherapeutic Apparatus
FOR,Forestar Group Inc Common Stock ,$28.47,0.52,1.86%,1448897518.00,United States,2017,66931,Finance,Real Estate
FORA,Forian Inc. Common Stock,$2.15,-0.01,-0.463%,67098815.00,United States,,43278,Technology,EDP Services
FORM,FormFactor Inc. FormFactor Inc. Common Stock,$158.25,9.88,6.659%,12336290130.00,United States,2003,1045752,Technology,Semiconductors
FORR,Forrester Research Inc. Common Stock,$5.96,0.00,0.00%,114288322.00,United States,1996,13447,Industrials,Diversified Commercial Services
FORTY,Formula Systems (1985) Ltd. American Depositary Shares,$141.00,5.50,4.059%,2159791047.00,Israel,,275,Technology,EDP Services
FOSL,Fossil Group Inc. Common Stock,$4.885,-0.115,-2.30%,285066442.00,United States,1993,221193,Consumer Discretionary,Consumer Specialties
FOUR,Shift4 Payments Inc. Class A Common Stock,$44.32,-1.93,-4.173%,3515856715.00,United States,2020,663089,Real Estate,Real Estate
FOUR^A,Shift4 Payments Inc. 6.00% Series A Mandatory Convertible Preferred Stock,$55.14,-2.15,-3.753%,,United States,,3761,,
FOX,Fox Corporation Class B Common Stock,$56.70,-1.04,-1.801%,24119957623.00,United States,,268518,Industrials,Broadcasting
FOXA,Fox Corporation Class A Common Stock,$63.38,-1.15,-1.782%,26961603424.00,United States,,1640173,Industrials,Broadcasting
FOXF,Fox Factory Holding Corp. Common Stock,$17.5701,0.2701,1.561%,736759870.00,United States,2013,117559,Consumer Discretionary,Motor Vehicles
FOXX,Foxx Development Holdings Inc. Common Stock,$5.505,0.00,0.00%,38563576.00,United States,,434,Telecommunications,Computer Communications Equipment
FOXXW,Foxx Development Holdings Inc. Warrant,$0.1132,0.0126,12.525%,792988.00,United States,,1336,Telecommunications,Computer Communications Equipment
FPF,First Trust Intermediate Duration Preferred & Income Fund Common Shares of Beneficial Interest,$18.45,0.08,0.435%,0.00,United States,2013,31515,Finance,Trusts Except Educational Religious and Charitable
FPH,Five Point Holdings LLC Class A Common Shares,$5.03,-0.03,-0.593%,741555375.00,United States,2017,345632,Finance,Real Estate
FPI,Farmland Partners Inc. Common Stock,$11.6799,0.0799,0.689%,509586445.00,United States,2014,143423,Real Estate,Real Estate Investment Trusts
FPS,Forgent Power Solutions Inc. Class A Common Stock,$34.45,-0.17,-0.491%,10487575226.00,,2026,1402161,Energy,Industrial Machinery/Components
FR,First Industrial Realty Trust Inc. Common Stock,$62.35,-0.50,-0.796%,8265765936.00,United States,1994,224853,Real Estate,Real Estate Investment Trusts
FRA,Blackrock Floating Rate Income Strategies Fund Inc  Common Stock,$11.09,0.01,0.09%,1649775803.00,United States,2003,28900,Finance,Investment Bankers/Brokers/Service
FRAF,Franklin Financial Services Corporation Common Stock,$57.25,0.99,1.76%,257162878.00,United States,,15409,Finance,Major Banks
FRBA,First Bank Common Stock,$16.585,0.105,0.637%,416854074.00,United States,2013,27079,Finance,Commercial Banks
FRD,Friedman Industries Inc. Common Stock,$20.10,0.435,2.212%,142954858.00,United States,,12776,Industrials,Steel/Iron Ore
FRGT,Freight Technologies Inc. Ordinary Shares,$0.89,0.0104,1.182%,1392179.00,United States,2017,58136,Consumer Discretionary,Professional Services
FRHC,Freedom Holding Corp. Common Stock,$146.085,0.675,0.464%,8939019305.00,Kazakhstan,,20737,Finance,Investment Bankers/Brokers/Service
FRME,First Merchants Corporation Common Stock,$39.54,-0.16,-0.403%,2503901262.00,United States,,131746,Finance,Major Banks
FRMEP,First Merchants Corporation Depository Shares,$25.96,0.00,0.00%,1643937197.00,United States,,1,Finance,Major Banks
FRMI,Fermi Inc. Common Stock,$5.5394,-0.3806,-6.429%,3488934533.00,United States,2025,10094572,Real Estate,Real Estate Investment Trusts
FRMM,Forum Markets Incorporated Common Stock,$4.97,0.33,7.112%,100956162.00,United States,2017,505580,Health Care,Biotechnology: Pharmaceutical Preparations
FRO,Frontline Plc Ordinary Shares,$35.36,0.46,1.318%,7871945355.00,Bermuda,,663872,Consumer Discretionary,Marine Transportation
FROG,JFrog Ltd. Ordinary Shares,$44.38,0.41,0.932%,5376905632.00,United States,2020,504724,Technology,Computer Software: Prepackaged Software
FRPH,FRP Holdings Inc. Common Stock,$21.54,0.14,0.654%,412918246.00,United States,,7534,Finance,Real Estate
FRPT,Freshpet Inc. Common Stock,$65.05,-0.51,-0.778%,3191169364.00,United States,2014,186929,Consumer Staples,Packaged Foods
FRSH,Freshworks Inc. Class A Common Stock,$8.305,0.045,0.545%,2316723019.00,United States,2021,2327446,Technology,Computer Software: Prepackaged Software
FRST,Primis Financial Corp. Common Stock,$14.33,0.41,2.945%,354983792.00,United States,2006,967659,Finance,Major Banks
FRSX,Foresight Autonomous Holdings Ltd. American Depositary Shares,$2.00,-0.125,-5.882%,4793552.00,Israel,,271647,Technology,Computer Software: Prepackaged Software
FRT,Federal Realty Investment Trust Common Stock,$111.15,-0.35,-0.314%,9602049875.00,United States,,119909,Real Estate,Real Estate Investment Trusts
FRT^C,Federal Realty Investment Trust Depositary Shares each representing a 1/1000th interest in a 5.000% Series C Cumulative Redeemable Preferred Share,$19.40,0.04,0.207%,,United States,,1747,,
FSBC,Five Star Bancorp Common Stock,$40.48,-0.23,-0.565%,865306673.00,United States,2021,43265,Finance,Major Banks
FSBW,FS Bancorp Inc. Common Stock,$41.00,0.00,0.00%,307563222.00,United States,2012,1233,Finance,Banks
FSCO,FS Credit Opportunities Corp. Common Stock,$4.97,-0.02,-0.401%,985828823.00,United States,2022,909901,Finance,Trusts Except Educational Religious and Charitable
FSEA,First Seacoast Bancorp Inc. Common Stock,$11.33,0.205,1.843%,53184708.00,United States,2019,14735,Finance,Savings Institutions
FSHP,Flag Ship Acquisition Corp. Ordinary Shares,$10.96,0.00,0.00%,0.00,United States,2024,202,,
FSI,Flexible Solutions International Inc. Common Stock (CDA),$6.70,0.10,1.515%,85341237.00,Canada,2002,5769,Industrials,Major Chemicals
FSK,FS KKR Capital Corp. Common Stock,$10.6502,0.0702,0.664%,2982763525.00,United States,2014,1007065,Finance,Investment Managers
FSLR,First Solar Inc. Common Stock,$190.40,-5.79,-2.951%,20458624704.00,United States,2006,671306,Technology,Semiconductors
FSLY,Fastly Inc. Class A Common Stock,$23.695,-1.265,-5.068%,3705138386.00,United States,,2859895,Technology,Computer Software: Prepackaged Software
FSM,Fortuna Mining Corp. Common Shares,$10.26,0.14,1.383%,3131967456.00,Canada,,2960324,Basic Materials,Precious Metals
FSP,Franklin Street Properties Corp. Common Stock,$0.6607,0.0367,5.881%,68508208.00,United States,,353693,Real Estate,Real Estate Investment Trusts
FSS,Federal Signal Corporation Common Stock,$116.97,0.16,0.137%,7122554902.00,United States,,77509,Industrials,Auto Manufacturing
FSSL,FS Specialty Lending Fund Common Shares of Beneficial Interest,$11.87,-0.01,-0.084%,0.00,,2025,237220,Finance,Finance/Investors Services
FSTR,L.B. Foster Company Common Stock,$31.89,1.90,6.335%,333524467.00,United States,,76447,Industrials,Metal Fabrications
FSUN,FirstSun Capital Bancorp Common Stock,$38.32,-0.115,-0.299%,1690750633.00,United States,,55536,Finance,Major Banks
FSV,FirstService Corporation Common Shares,$146.58,-2.58,-1.73%,6737074927.00,Canada,,76356,Finance,Real Estate
FT,Franklin Universal Trust Common Stock,$8.175,0.025,0.307%,205453233.00,United States,,18491,Finance,Trusts Except Educational Religious and Charitable
FTAI,FTAI Aviation Ltd. Common Stock,$232.06,-3.48,-1.477%,23804867960.00,United States,,629096,Industrials,Misc Corporate Leasing Services
FTAIM,FTAI Aviation Ltd. 9.500% Fixed-Rate Reset Series D Cumulative Perpetual Redeemable Preferred Shares,$26.57,0.04,0.151%,2725568136.00,United States,,504,Industrials,Misc Corporate Leasing Services
FTAIN,FTAI Aviation Ltd. 8.25% Fixed - Rate Reset Series C Cumulative Perpetual Redeemable Preferred Shares,$25.37,0.03,0.118%,2602471344.00,United States,,759,Industrials,Misc Corporate Leasing Services
FTCI,FTC Solar Inc. Common Stock,$5.16,0.03,0.585%,80419622.00,United States,2021,22986,Technology,Semiconductors
FTDR,Frontdoor Inc. Common Stock,$61.385,0.475,0.78%,4304721464.00,United States,,177081,Consumer Discretionary,Diversified Commercial Services
FTEK,Fuel Tech Inc. Common Stock,$1.32,-0.02,-1.493%,41126517.00,United States,,123618,Industrials,Pollution Control Equipment
FTF,Franklin Limited Duration Income Trust Common Shares of Beneficial Interest,$5.88,0.00,0.00%,237583599.00,United States,2003,71294,Finance,Finance/Investors Services
FTFT,Future FinTech Group Inc. Common Stock,$1.49,0.08,5.674%,7808411.00,China,,178173,Real Estate,Real Estate
FTHM,Fathom Holdings Inc. Common Stock,$0.94,-0.0201,-2.094%,30815422.00,United States,2020,64262,Finance,Real Estate
FTHY,First Trust High Yield Opportunities 2027 Term Fund Common Stock,$13.65,0.05,0.368%,501951300.00,United States,2020,33438,Finance,Investment Managers
FTI,TechnipFMC plc Ordinary Share,$74.175,1.735,2.395%,29785660262.00,,,1293983,Consumer Discretionary,Oil and Gas Field Machinery
FTK,Flotek Industries Inc. Common Stock,$17.245,0.315,1.861%,623826459.00,United States,,51778,Industrials,Major Chemicals
FTLF,FitLife Brands Inc. Common Stock,$9.575,-0.025,-0.26%,89919514.00,United States,,7345,Health Care, Medicinal Chemicals and Botanical Products 
FTNT,Fortinet Inc. Common Stock,$83.32,0.56,0.677%,61650432936.00,United States,2009,1736567,Technology,Computer peripheral equipment
FTRE,Fortrea Holdings Inc. Common Stock,$9.65,0.02,0.208%,902275000.00,United States,,222629,Health Care,Medical Specialities
FTRK,FAST TRACK GROUP Ordinary shares,$0.3451,-0.0249,-6.73%,7527494.00,Singapore,2025,2292,Consumer Discretionary,Package Goods/Cosmetics
FTS,Fortis Inc. Common Shares,$56.33,-0.24,-0.424%,28679461608.00,United States,2016,109033,Utilities,Electric Utilities: Central
FTV,Fortive Corporation Common Stock ,$61.11,0.00,0.00%,18813275101.00,United States,2016,1371901,Industrials,Industrial Machinery/Components
FTW,Presidio Production Company Class A Common Stock,$10.55,0.04,0.381%,384041817.00,,,20374,Energy,Oil & Gas Production
FUBO,FuboTV Inc. Class A Common Stock,$11.92,-0.35,-2.852%,1291954600.00,United States,2020,640192,Consumer Discretionary,Movies/Entertainment
FUFU,BitFuFu Inc. Class A Ordinary Shares,$2.185,0.075,3.555%,363763830.00,Singapore,,172620,Finance,Finance: Consumer Services
FUFUW,BitFuFu Inc. Warrant,$0.185,-0.015,-7.50%,30799226.00,Singapore,,5366,Finance,Finance: Consumer Services
FUL,H. B. Fuller Company Common Stock,$62.65,-0.48,-0.76%,3413628969.00,United States,,87589,Industrials,Home Furnishings
FULC,Fulcrum Therapeutics Inc. Common Stock,$7.745,-0.335,-4.146%,515818619.00,United States,2019,337768,Health Care,Biotechnology: Pharmaceutical Preparations
FULT,Fulton Financial Corporation Common Stock,$21.475,-0.605,-2.74%,3862505569.00,United States,,685527,Finance,Major Banks
FULTP,Fulton Financial Corporation Depositary Shares Each Representing a 1/40th Interest in a Share of Fixed Rate Non-Cumulative Perpetual Preferred Stock Series A,$18.99,0.00,0.00%,3415552072.00,United States,,112,Finance,Major Banks
FUN,Six Flags Entertainment Corporation Common Stock New,$18.12,-0.28,-1.522%,1848014243.00,United States,,325551,Consumer Discretionary,Services-Misc. Amusement & Recreation
FUNC,First United Corporation Common Stock,$37.78,-0.18,-0.474%,245622212.00,United States,,1387,Finance,Major Banks
FUND,Sprott Focus Trust Inc. Common Stock,$9.99,-0.01,-0.10%,296039234.00,United States,,26596,Finance,Investment Managers
FURY,Fury Gold Mines Limited Common Shares,$0.5985,0.01,1.699%,113789131.00,,2020,149284,Basic Materials,Precious Metals
FUSB,First US Bancshares Inc. Common Stock,$15.85,-0.06,-0.377%,89554988.00,United States,,5705,Finance,Major Banks
FUSE,Fusemachines Inc. Common stock,$1.77,0.03,1.724%,51222455.00,United States,,108169,Technology,EDP Services
FUSEW,Fusemachines Inc. Warrants,$0.101,0.00,0.00%,2922863.00,United States,,500,Technology,EDP Services
FUTU,Futu Holdings Limited American Depositary Shares,$159.93,5.75,3.729%,22417008586.00,Hong Kong,2019,699829,Finance,Investment Bankers/Brokers/Service
FVAV,Fortress Value Acquisition Corp. V Class A Ordinary Shares,$10.04,0.00,0.00%,0.00,United States,2026,42,,
FVCB,FVCBankcorp Inc. Common Stock,$15.715,0.035,0.223%,282499535.00,United States,,28063,Finance,Major Banks
FVN,Future Vision II Acquisition Corporation Ordinary shares,$10.80,-0.05,-0.461%,0.00,China,2024,44840,,
FVR,FrontView REIT Inc. Common Stock,$17.52,0.14,0.806%,392590280.00,United States,2024,70527,Real Estate,Real Estate Investment Trusts
FVRR,Fiverr International Ltd. Ordinary Shares no par value,$10.44,0.23,2.253%,375325600.00,,2019,179193,Real Estate,Real Estate
FWDI,Forward Industries Inc. Common Stock,$4.57,-0.09,-1.931%,379945399.00,United States,,351992,Industrials,Plastic Products
FWONA,Liberty Media Corporation Series A Liberty Formula One Common Stock,$80.365,-1.215,-1.489%,20129405454.00,United States,,32030,Industrials,Broadcasting
FWONK,Liberty Media Corporation Series C Liberty Formula One Common Stock,$87.6407,-1.0293,-1.161%,21951784789.00,United States,,264818,Industrials,Broadcasting
FWRD,Forward Air Corporation Common Stock,$23.34,0.59,2.593%,736476078.00,United States,,193160,Industrials,Integrated Freight & Logistics
FWRG,First Watch Restaurant Group Inc. Common Stock,$13.27,0.05,0.378%,817765807.00,United States,2021,201790,Consumer Discretionary,Restaurants
FXNC,First National Corporation Common Stock,$28.4175,0.2675,0.95%,256921680.00,United States,,46299,Finance,Major Banks
G,Genpact Limited Common Stock,$34.00,-0.50,-1.449%,5775369030.00,Bermuda,2007,678964,Consumer Discretionary,Professional Services
GAB,Gabelli Equity Trust Inc. (The) Common Stock,$5.595,0.035,0.629%,1643907307.00,United States,1986,462891,Finance,Investment Managers
GAB^G,Gabelli Equity Trust Inc. (The) Series G Cumulative Preferred Stock,$20.31,-0.01,-0.049%,,United States,,563,,
GAB^H,Gabelli Equity Trust Inc. (The) Pfd Ser H,$20.3199,0.0399,0.197%,,United States,,3382,,
GAB^K,Gabelli Equity Trust Inc. (The) 5.00% Series K Cumulative Preferred Stock,$20.70,0.0799,0.387%,,United States,,245,,
GABC,German American Bancorp Inc. Common Stock,$43.565,-0.045,-0.103%,1636979054.00,United States,,35133,Finance,Major Banks
GAIA,Gaia Inc. Class A Common Stock,$3.045,0.045,1.50%,76057620.00,United States,1999,11670,Consumer Discretionary,Movies/Entertainment
GAIN,Gladstone Investment Corporation Business Development Company,$16.235,0.07,0.433%,646509634.00,United States,2005,197625,Finance,Finance: Consumer Services
GAING,Gladstone Investment Corporation 7.125% Notes due 2031,$25.275,-0.015,-0.059%,0.00,United States,,2079,Finance,Finance: Consumer Services
GAINI,Gladstone Investment Corporation 7.875% Notes due 2030,$25.3201,-0.0149,-0.059%,0.00,United States,,5615,Finance,Finance: Consumer Services
GAINN,Gladstone Investment Corporation 5.00% Notes Due 2026,$24.97,0.00,0.00%,954334173.00,United States,,117,Finance,Finance: Consumer Services
GAINZ,Gladstone Investment Corporation 4.875% Notes due 2028,$24.12,-0.03,-0.124%,921847828.00,United States,,2175,Finance,Finance: Consumer Services
GALT,Galectin Therapeutics Inc. Common Stock,$2.34,-0.03,-1.266%,154036228.00,United States,,106292,Health Care,Biotechnology: Pharmaceutical Preparations
GAM,General American Investors Inc. Common Stock,$65.10,-0.12,-0.184%,1560812211.00,United States,,6021,Finance,Investment Managers
GAM^B,General American Investors Company Inc. Cumulative Preferred Stock,$24.83,0.04,0.161%,,United States,,1736,,
GAMB,Gambling.com Group Limited Ordinary Shares,$3.565,-0.065,-1.791%,125121482.00,Jersey,2021,351505,Consumer Discretionary,Services-Misc. Amusement & Recreation
GAME,GameSquare Holdings Inc. Common Stock,$0.6039,-0.0052,-0.854%,59222511.00,United States,,2120168,Consumer Discretionary,Services-Misc. Amusement & Recreation
GANX,Gain Therapeutics Inc. Common Stock,$1.995,0.105,5.556%,84272684.00,United States,2021,555509,Health Care,Biotechnology: Pharmaceutical Preparations
GAP,Gap Inc. (The) Common Stock,$25.025,-0.185,-0.734%,9142638280.00,United States,,2566193,Consumer Discretionary,Clothing/Shoe/Accessory Stores
GASS,StealthGas Inc. Common Stock,$9.27,0.10,1.091%,342792354.00,Greece,2005,49768,Consumer Discretionary,Marine Transportation
GATX,GATX Corporation Common Stock,$198.8882,-0.0518,-0.026%,7065231624.00,United States,,39108,Consumer Discretionary,Transportation Services
GAU,Galiano Gold Inc.,$2.42,-0.02,-0.82%,628692858.00,Canada,,1039516,Industrials,Mining & Quarrying of Nonmetallic Minerals (No Fuels)
GAUZ,Gauzy Ltd. Ordinary Shares,$0.6801,-0.0478,-6.567%,12746497.00,Israel,2024,27606,Miscellaneous,Industrial Machinery/Components
GAVA,Grayscale Avalanche Staking ETF Common Units of Fractional Undivided Beneficial Interest,$22.77,0.3732,1.666%,5646505.00,United States,,2488,Finance,Investment Bankers/Brokers/Service
GBAB,Guggenheim Taxable Municipal Bond & Investment Grade Debt Trust Common Shares of Beneficial Interest,$14.4901,-0.0549,-0.377%,324533393.00,United States,2010,39551,Finance,Investment Managers
GBCI,Glacier Bancorp Inc. Common Stock,$48.19,-1.18,-2.39%,6269880811.00,United States,,512919,Finance,Major Banks
GBDC,Golub Capital BDC Inc. Common Stock,$13.30,0.21,1.604%,3500934807.00,United States,2010,706267,Finance,Finance: Consumer Services
GBFH,GBank Financial Holdings Inc. Common Stock,$29.41,-0.40,-1.342%,418734992.00,United States,,16944,Finance,Commercial Banks
GBLI,Global Indemnity Group LLC Class A Common Stock ,$28.2123,0.4123,1.483%,404111687.00,United States,,463,Finance,Property-Casualty Insurers
GBR,New Concept Energy Inc Common Stock,$0.7898,-0.0237,-2.913%,4053201.00,United States,1993,22473,Energy,Oil & Gas Production
GBTG,Global Business Travel Group Inc. Class A Common Stock,$5.685,-0.015,-0.263%,2975204489.00,United States,2020,309782,Consumer Discretionary,Transportation Services
GBX,Greenbrier Companies Inc. (The) Common Stock,$49.59,-0.03,-0.06%,1534244876.00,United States,1994,83802,Industrials,Railroads
GCBC,Greene County Bancorp Inc. Common Stock,$23.43,0.42,1.825%,398938580.00,United States,,1554,Finance,Banks
GCDT,Green Circle Decarbonize Technology Limited Ordinary Shares,$0.7382,-0.0557,-7.016%,9227500.00,,2026,39959,Industrials,Industrial Machinery/Components
GCL,GCL Global Holdings Ltd Ordinary Shares,$0.54,0.0127,2.408%,68211842.00,Singapore,,46224,Technology,Computer Software: Prepackaged Software
GCMG,GCM Grosvenor Inc. Class A Common Stock,$10.86,0.05,0.463%,2198897939.00,United States,,62093,Finance,Investment Managers
GCO,Genesco Inc. Common Stock,$35.56,-0.11,-0.308%,386118445.00,United States,,33558,Consumer Discretionary,Clothing/Shoe/Accessory Stores
GCT,GigaCloud Technology Inc Class A Ordinary Shares,$47.87,0.37,0.779%,1752908016.00,United States,2022,338307,Consumer Discretionary,Catalog/Specialty Distribution
GCTK,GlucoTrack Inc. Common Stock,$0.71,-0.0194,-2.66%,1380438.00,United States,,105137,Health Care,Medical/Dental Instruments
GCTS,GCT Semiconductor Holding Inc. Common Stock,$1.3699,0.0399,3.00%,99309690.00,United States,2021,694640,Technology,Semiconductors
GCV,Gabelli Convertible and Income Securities Fund Inc. (The) Common Stock,$4.46,0.00,0.00%,84918529.00,United States,,13108,Finance,Finance/Investors Services
GD,General Dynamics Corporation Common Stock,$311.38,-7.33,-2.30%,84335984510.00,United States,,466624,Industrials,Marine Transportation
GDC,GD Culture Group Limited Common Stock,$4.26,0.21,5.185%,258836369.00,United States,2015,9923,Industrials,Steel/Iron Ore
GDDY,GoDaddy Inc. Class A Common Stock,$84.25,-0.52,-0.613%,11235084357.00,United States,2015,546197,Technology,EDP Services
GDEN,Golden Entertainment Inc. Common Stock,$28.275,-0.125,-0.44%,740778959.00,United States,,285861,Consumer Discretionary,Services-Misc. Amusement & Recreation
GDEV,GDEV Inc. Ordinary Shares,$16.905,-1.085,-6.031%,306834017.00,Cyprus,,2421,Technology,EDP Services
GDHG,Golden Heaven Group Holdings Ltd. Class A Ordinary Shares,$1.81,-0.17,-8.586%,36258092.00,China,2023,627,Consumer Discretionary,Services-Misc. Amusement & Recreation
GDL,GDL Fund The Common Shares of Beneficial Interest,$8.43,-0.0499,-0.588%,0.00,United States,2007,3244,Finance,Investment Managers
GDO,Western Asset Global Corporate Opportunity Fund Inc. Common Stock,$11.0674,-0.0326,-0.294%,0.00,United States,2009,4515,Finance,Finance Companies
GDOT,Green Dot Corporation Class A Common Stock $0.001 par value,$12.20,-0.02,-0.164%,677924574.00,United States,2010,59918,Finance,Finance: Consumer Services
GDRX,GoodRx Holdings Inc. Class A Common Stock,$2.295,-0.005,-0.217%,786208473.00,United States,2020,457792,Technology,EDP Services
GDS,GDS Holdings Limited ADS,$45.065,1.815,4.197%,9029996851.00,China,2016,1147695,Technology,Computer Software: Programming Data Processing
GDTC,CytoMed Therapeutics Limited Ordinary Shares,$0.9998,-0.0102,-1.01%,11826069.00,Singapore,2023,12135,Health Care,Biotechnology: Pharmaceutical Preparations
GDV,Gabelli Dividend & Income Trust Common Shares of Beneficial Interest,$29.425,0.185,0.633%,2653796348.00,United States,2003,54591,Finance,Investment Managers
GDV^H,The Gabelli Dividend & Income Trust 5.375% Series H Cumulative Preferred Shares,$22.41,0.00,0.00%,,United States,,51,,
GDV^K,The Gabelli Dividend & Income Trust 4.250% Series K Cumulative Preferred Shares,$17.95,0.0284,0.158%,,United States,,984,,
GDYN,Grid Dynamics Holdings Inc. Class A Common Stock,$5.64,0.07,1.257%,481395268.00,United States,2018,286264,Technology,Computer Software: Prepackaged Software
GE,GE Aerospace Common Stock,$281.51,-0.83,-0.294%,293709865025.00,United States,,4568522,Technology,Consumer Electronics/Appliances
GECC,Great Elm Capital Corp. Common Stock,$5.57,0.02,0.36%,42342917.00,United States,,10286,Finance,Finance: Consumer Services
GECCG,Great Elm Capital Corp. 7.75% Notes Due 2030,$25.05,-0.0999,-0.397%,0.00,United States,,500,Finance,Finance: Consumer Services
GECCH,Great Elm Capital Corp. 8.125% Notes Due 2029,$25.14,0.00,0.00%,0.00,United States,,7,,
GECCI,Great Elm Capital Corp. 8.50% NOTES DUE 2029,$25.42,0.12,0.474%,0.00,United States,,108,Finance,Finance Companies
GECCO,Great Elm Capital Corp. 5.875% Notes due 2026,$25.2873,0.00,0.00%,0.00,United States,,19,Finance,Finance Companies
GEF,Greif Inc. Class A Common Stock,$66.38,-0.97,-1.44%,3072465676.00,United States,,58727,,
GEG,Great Elm Group Inc. Common Stock,$2.05,-0.08,-3.756%,67126334.00,United States,,448,Technology,Computer Software: Prepackaged Software
GEGGL,Great Elm Group Inc.  7.25% Notes due 2027,$24.65,0.25,1.025%,714770800.00,United States,,413,Technology,Computer Software: Prepackaged Software
GEHC,GE HealthCare Technologies Inc. Common Stock ,$68.90,-0.99,-1.417%,31438390853.00,United States,,968147,Health Care,Medical Electronics
GEL,Genesis Energy L.P. Common Units,$16.855,-0.165,-0.969%,2064136080.00,United States,2001,62067,Energy,Oil Refining/Marketing
GELS,Gelteq Limited Ordinary Shares,$0.68,0.0033,0.488%,7283520.00,Australia,2024,22811,Health Care,Biotechnology: Pharmaceutical Preparations
GEMI,Gemini Space Station Inc. Class A Common Stock,$4.3522,-0.0178,-0.407%,522200423.00,United States,2025,727317,Finance,Investment Bankers/Brokers/Service
GEN,Gen Digital Inc. Common Stock,$18.805,-0.005,-0.027%,11389507270.00,United States,,1176133,Technology,Computer Software: Prepackaged Software
GENB,Generate Biomedicines Inc. Common Stock,$12.84,-0.02,-0.156%,1636460581.00,United States,2026,113391,Health Care,Biotechnology: Pharmaceutical Preparations
GENC,Gencor Industries Inc. Common Stock,$14.70,-0.23,-1.541%,215468219.00,United States,,7717,Industrials,Construction/Ag Equipment/Trucks
GENI,Genius Sports Limited Ordinary Shares,$4.375,0.025,0.575%,1125469520.00,Guernsey,2021,1028957,Consumer Discretionary,Services-Misc. Amusement & Recreation
GENK,GEN Restaurant Group Inc. Class A Common Stock,$1.6047,-0.0753,-4.482%,52833064.00,United States,2023,5845,Consumer Discretionary,Restaurants
GENVR,Gen Digital Inc. Contingent Value Rights,$0.397,-0.003,-0.75%,240448518.00,United States,,26374,Technology,Computer Software: Prepackaged Software
GEO,Geo Group Inc (The) REIT,$18.955,0.475,2.57%,2515466625.00,United States,,290660,Consumer Discretionary,Homebuilding
GEOS,Geospace Technologies Corporation Common Stock (Texas),$10.03,0.05,0.501%,129265818.00,United States,,108666,Industrials,Industrial Machinery/Components
GERN,Geron Corporation Common Stock,$1.51,0.01,0.667%,967759498.00,United States,1996,7350639,Health Care,Biotechnology: Pharmaceutical Preparations
GETY,Getty Images Holdings Inc. Class A Common Stock,$0.9275,0.0072,0.782%,387477609.00,United States,2022,227411,Real Estate,Real Estate
GEV,GE Vernova Inc. Common Stock,$1143.54,-5.99,-0.521%,307292063082.00,United States,2024,1684952,,
GEVO,Gevo Inc. Common Stock,$1.7899,-0.0201,-1.11%,434735195.00,United States,2011,996666,Industrials,Major Chemicals
GF,New Germany Fund Inc. (The) Common Stock,$11.75,0.11,0.945%,0.00,United States,1990,17502,Finance,Investment Managers
GFAI,Guardforce AI Co. Limited Ordinary Shares,$0.495,-0.0109,-2.155%,15468957.00,Singapore,,135083,Consumer Discretionary,Diversified Commercial Services
GFAIW,Guardforce AI Co. Limited Warrant,$0.0332,-0.0116,-25.893%,1037514.00,Singapore,,1000,Consumer Discretionary,Diversified Commercial Services
GFF,Griffon Corporation Common Stock,$92.01,-0.26,-0.282%,4285749708.00,United States,,106994,Industrials,Building Products
GFI,Gold Fields Limited American Depositary Shares,$45.89,1.93,4.39%,41072662695.00,South Africa,,1235127,Basic Materials,Precious Metals
GFL,GFL Environmental Inc. Subordinate voting shares no par value,$40.28,-0.08,-0.198%,14465512505.00,Canada,2020,650822,Utilities,Environmental Services
GFR,Greenfire Resources Ltd. Common Shares,$5.95,-0.03,-0.502%,746294541.00,Canada,,44851,Energy,Oil & Gas Production
GFS,GlobalFoundries Inc. Ordinary Shares,$62.795,1.255,2.039%,34940221591.00,United States,2021,2009973,Technology,Semiconductors
GGAL,Grupo Financiero Galicia S.A. American Depositary Shares,$43.66,0.19,0.437%,7012903785.00,Argentina,,438497,Finance,Commercial Banks
GGB,Gerdau S.A. Common Stock,$4.27,-0.04,-0.928%,8433864415.00,Brazil,,9405794,Industrials,Steel/Iron Ore
GGG,Graco Inc. Common Stock,$82.03,-0.15,-0.183%,13614369559.00,United States,,433983,Industrials,Fluid Controls
GGN,GAMCO Global Gold Natural Resources & Income Trust,$5.41,0.00,0.00%,0.00,United States,2005,237568,Finance,Finance/Investors Services
GGN^B,GAMCO Global Gold Natural Reources & Income Trust 5.00% Series B Cumulative 25.00 Liquidation Preference,$20.12,-0.0638,-0.316%,,United States,,3464,,
GGR,Gogoro Inc. Ordinary Shares,$4.22,0.08,1.932%,62344225.00,Taiwan,,5354,Industrials,Auto Manufacturing
GGROW,Gogoro Inc. Warrant,$0.0065,-0.0001,-1.515%,96028.00,Taiwan,,18000,Industrials,Auto Manufacturing
GGRP,The Glimpse Group Inc. Common Stock,$0.592,0.015,2.60%,12477292.00,United States,2021,6114,Technology,EDP Services
GGT,Gabelli Multi-Media Trust Inc. (The) Common Stock,$4.175,-0.015,-0.358%,114961760.00,United States,,73962,Finance,Trusts Except Educational Religious and Charitable
GGT^E,Gabelli Multi-Media Trust Inc. (The) 5.125% Series E Cumulative Preferred Stock,$20.60,0.00,0.00%,,United States,,2,,
GGT^G,Gabelli Multi-Media Trust Inc. (The) 5.125% Series G Cumulative Preferred Shares,$20.60,0.00,0.00%,,United States,,2,,
GGZ,Gabelli Global Small and Mid Cap Value Trust (The) Common Shares of Beneficial Interest,$16.12,0.07,0.436%,143016108.00,,2014,721,Finance,Investment Managers
GH,Guardant Health Inc. Common Stock,$88.75,0.88,1.001%,11641376639.00,United States,2018,469534,Health Care,Medical Specialities
GHC,Graham Holdings Company Common Stock,$1123.06,-8.94,-0.79%,4898602415.00,United States,,4528,Real Estate,Other Consumer Services
GHG,GreenTree Hospitality Group Ltd. American depositary shares each representing one Class A ordinary share,$1.245,0.015,1.22%,126397991.00,,2018,1475,Consumer Discretionary,Hotels/Resorts
GHI,Greystone Housing Impact Investors LP Beneficial Unit Certificates representing assignments of limited partnership interests,$5.15,-0.03,-0.579%,121346927.00,United States,2022,10995,Finance,Finance: Consumer Services
GHM,Graham Corporation Common Stock,$97.635,0.035,0.036%,1081090875.00,United States,1978,37004,Industrials,Industrial Machinery/Components
GHRS,GH Research PLC Ordinary Shares,$19.295,0.485,2.578%,1196857177.00,Ireland,2021,133582,Health Care,Biotechnology: Pharmaceutical Preparations
GHY,PGIM Global High Yield Fund Inc.,$11.89,-0.04,-0.335%,0.00,United States,2012,72547,Finance,Trusts Except Educational Religious and Charitable
GIB,CGI Inc. Common Stock,$72.19,-0.82,-1.123%,15503372368.00,Canada,,133109,Consumer Discretionary,Professional Services
GIBO,GIBO Holdings Limited Class A Ordinary Shares,$1.38,-0.04,-2.817%,89862320.00,Hong Kong,,18520,Technology,Computer Software: Prepackaged Software
GIC,Global Industrial Company Common Stock,$33.92,0.16,0.474%,1297816478.00,United States,,8280,Industrials,Industrial Machinery/Components
GIFT,Giftify Inc. Common Stock,$1.17,-0.03,-2.50%,39361505.00,United States,,24854,Consumer Discretionary,Catalog/Specialty Distribution
GIG,GigCapital7 Corp. Class A Ordinary Share,$10.7099,-0.0001,-0.001%,0.00,United States,2024,2745,Finance,Blank Checks
GIGGU,GigCapital7 Corp. Unit,$11.00,0.00,0.00%,1714100300.00,United States,2024,32,Technology,Computer Software: Prepackaged Software
GIGGW,GigCapital7 Corp. Warrant,$0.67,0.02,3.077%,0.00,United States,2024,26963,Finance,Blank Checks
GIGM,GigaMedia Limited Ordinary Shares,$1.48,0.02,1.37%,16357308.00,Taiwan,,441,Technology,Computer Software: Programming Data Processing
GIII,G-III Apparel Group LTD. Common Stock,$31.65,0.15,0.476%,1335290934.00,United States,1989,56690,Consumer Discretionary,Apparel
GIL,Gildan Activewear Inc. Class A Sub. Vot. Common Stock,$58.58,-1.26,-2.106%,10847697188.00,Canada,2000,179369,Consumer Discretionary,Apparel
GILD,Gilead Sciences Inc. Common Stock,$130.01,-3.63,-2.716%,161397082845.00,United States,1992,1959356,Health Care,Biotechnology: Biological Products (No Diagnostic Substances)
GILT,Gilat Satellite Networks Ltd. Ordinary Shares,$17.56,-0.08,-0.454%,1325269847.00,Israel,,107070,Technology,Radio And Television Broadcasting And Communications Equipment
GIPR,Generation Income Properties Inc. Common Stock,$0.2689,0.015,5.908%,1465015.00,United States,,273469,Real Estate,Real Estate Investment Trusts
GIPRW,Generation Income Properties Inc Warrant,$0.0242,-0.0031,-11.355%,131846.00,United States,,200,Real Estate,Real Estate Investment Trusts
GIS,General Mills Inc. Common Stock,$34.9566,-0.5134,-1.447%,18655680865.00,United States,,2395776,Consumer Staples,Packaged Foods
GITS,Global Interactive Technologies Inc. Common Stock,$1.51,-0.01,-0.658%,11355747.00,South Korea,2023,18142,Technology,Computer Software: Programming Data Processing
GIW,GigCapital8 Corp. Class A Ordinary Shares,$10.0251,0.0001,0.001%,0.00,United States,2025,25794,,
GIX,GigCapital9 Corp. Class A Ordinary Share,$9.875,0.00,0.00%,0.00,United States,2026,25,Finance,Blank Checks
GIXXR,GigCapital9 Corp. Rights,$0.24,-0.02,-7.692%,0.00,United States,2026,16200,,
GIXXU,GigCapital9 Corp. Units,$10.15,0.02,0.197%,0.00,United States,2026,238,Finance,Blank Checks
GJH,Synthetic Fixed-Income Securities Inc 6.375% (STRATS) Cl A-1,$9.80,0.00,0.00%,0.00,United States,,20,Finance,Finance: Consumer Services
GJO,Synthetic Fixed-Income Securities Inc. on behalf of STRATS(SM) Trust for Wal-Mart Stores Inc. Securities Series 2004-5,$24.94,0.07,0.281%,0.00,United States,,4337,Finance,Finance: Consumer Services
GJR,Synthetic Fixed-Income Securities Inc. STRATS Trust for Procter&Gamble Securities Series 2006-1,$24.95,0.00,0.00%,0.00,United States,,57,Finance,Finance: Consumer Services
GJS,Goldman Sachs Group Securities STRATS Trust for Goldman Sachs Group Securities Series 2006-2,$23.535,-0.0561,-0.238%,7343838642.00,United States,,5529,Finance,Finance: Consumer Services
GJT,Synthetic Fixed-Income Securities Inc. Floating Rate Structured Repackaged Asset-Backed Trust Securities Certificates Series 2006-3,$23.13,0.00,0.00%,0.00,United States,,1991,Finance,Finance: Consumer Services
GKOS,Glaukos Corporation Common Stock,$121.46,0.59,0.488%,7108716141.00,United States,2015,111855,Health Care,Medical/Dental Instruments
GL,Globe Life Inc. Common Stock,$152.82,-1.15,-0.747%,11988459120.00,United States,,259808,Finance,Life Insurance
GL^D,Globe Life Inc. 4.25% Junior Subordinated Debentures due 2061,$16.175,0.125,0.779%,,United States,,3142,,
GLAD,Gladstone Capital Corporation Common Stock,$18.43,0.26,1.431%,416390262.00,United States,2001,85896,Consumer Discretionary,Textiles
GLBE,Global-E Online Ltd. Ordinary Shares,$31.025,0.185,0.60%,5198806135.00,Israel,2021,289428,Technology,Computer Software: Prepackaged Software
GLBS,Globus Maritime Limited Common Stock,$2.1998,0.0198,0.908%,47476746.00,Greece,,49598,Consumer Discretionary,Marine Transportation
GLDG,GoldMining Inc. Common Shares,$1.225,0.005,0.41%,262149897.00,,,523935,Basic Materials,Precious Metals
GLE,Global Engine Group Holding Limited Class A Ordinary Shares,$0.3469,0.004,1.167%,6348270.00,Hong Kong,2024,47592,Technology,EDP Services
GLED,GalaxyEdge Acquisition Corporation Ordinary Shares,$9.88,-0.01,-0.101%,0.00,,2026,97600,Finance,Blank Checks
GLIBA,GCI Liberty Inc. Series A GCI Group Common Stock,$36.28,-0.84,-2.263%,1444257786.00,United States,,14106,Telecommunications,Cable & Other Pay Television Services
GLIBK,GCI Liberty Inc. Series C GCI Group Common Stock,$36.005,-0.705,-1.92%,1433310407.00,United States,,66549,Telecommunications,Cable & Other Pay Television Services
GLMD,Galmed Pharmaceuticals Ltd. Ordinary Shares,$0.596,-0.019,-3.089%,3933394.00,Israel,2014,92497,Health Care,Biotechnology: Pharmaceutical Preparations
GLND,Greenland Energy Company Common Stock,$6.47,-0.84,-11.491%,169224351.00,United States,,434855,Energy,Oil & Gas Production
GLNG,Golar Lng Ltd,$52.575,-0.105,-0.199%,5341055765.00,Bermuda,,414622,Consumer Discretionary,Marine Transportation
GLO,Clough Global Opportunities Fund Common Stock,$5.855,0.055,0.948%,0.00,United States,2006,30796,Finance,Finance/Investors Services
GLOB,Globant S.A. Common Shares,$42.05,-1.27,-2.932%,1815700330.00,United States,2014,527752,Technology,EDP Services
GLOO,Gloo Holdings Inc. Class A Common Stock,$7.39,-0.07,-0.938%,597637606.00,United States,2025,22846,Technology,EDP Services
GLOP^A,GasLog Partners LP 8.625% Series A Cumulative Redeemable Perpetual Fixed to Floating Rate Preference Units,$25.65,0.15,0.588%,,Greece,,382,,
GLOP^B,GasLog Partners LP 8.200% Series B Cumulative Redeemable Perpetual Fixed to Floating Rate Preference Units,$25.64,0.04,0.156%,,Greece,,3455,,
GLOP^C,GasLog Partners LP 8.500% Series C Cumulative Redeemable Perpetual Fixed to Floating Rate Preference Units,$25.48,0.07,0.275%,,Greece,,483,,
GLP,Global Partners LP Common Units representing Limited Partner Interests,$46.625,-0.545,-1.155%,1585043125.00,United States,2005,3394,Energy,Oil Refining/Marketing
GLP^B,Global Partners LP 9.50% Series B Fixed Rate Cumulative Redeemable Perpetual Preferred Units representing limited partner interests,$25.82,0.005,0.019%,,United States,,947,,
GLPG,Galapagos NV American Depositary Shares,$28.68,0.00,0.00%,1889927996.00,Belgium,2015,56783,Health Care,Biotechnology: Pharmaceutical Preparations
GLPI,Gaming and Leisure Properties Inc. Common Stock,$46.69,0.05,0.107%,13223627756.00,United States,,638010,Real Estate,Real Estate Investment Trusts
GLQ,Clough Global Equity Fund Clough Global Equity Fund Common Shares of Beneficial Interest,$8.13,0.08,0.994%,0.00,United States,2005,11008,Finance,Finance/Investors Services
GLRE,Greenlight Capital Re Ltd. Class A Ordinary Shares,$18.88,-0.01,-0.053%,641610425.00,Cayman Islands,2007,59872,Finance,Property-Casualty Insurers
GLSI,Greenwich LifeSciences Inc. Common Stock,$23.99,0.32,1.352%,332370391.00,United States,2020,61003,Health Care,Biotechnology: Pharmaceutical Preparations
GLU,Gabelli Global Utility Common Shares of Beneficial Ownership,$19.99,0.07,0.351%,119318531.00,United States,2004,3830,Finance,Finance/Investors Services
GLU^B,The Gabelli Global Utility and Income Trust Series B Cumulative Puttable and Callable Preferred Shares,$50.3401,0.00,0.00%,,United States,,18,,
GLUE,Monte Rosa Therapeutics Inc. Common Stock,$20.28,0.11,0.545%,1622717727.00,United States,2021,164106,Health Care,Biotechnology: Biological Products (No Diagnostic Substances)
GLV,Clough Global Dividend and Income Fund Common Shares of beneficial interest,$6.03,0.05,0.836%,76638785.00,United States,2004,26840,Finance,Finance/Investors Services
GLW,Corning Incorporated Common Stock,$176.84,7.34,4.33%,151719543596.00,United States,,5364461,Industrials,Telecommunications Equipment
GLXG,Galaxy Payroll Group Limited Class A Ordinary Shares,$1.78,-0.06,-3.261%,10611497.00,Hong Kong,2024,1410,Industrials,Diversified Commercial Services
GLXY,Galaxy Digital Inc. Class A Common Stock,$25.73,-0.55,-2.093%,10050403791.00,United States,,1648396,Finance,Investment Bankers/Brokers/Service
GM,General Motors Company Common Stock,$77.75,-0.77,-0.981%,70103798940.00,United States,2010,2523782,Industrials,Auto Manufacturing
GMAB,Genmab A/S ADS,$26.95,-0.03,-0.111%,17312250956.00,Denmark,2019,559815,Health Care,Biotechnology: Pharmaceutical Preparations
GME,GameStop Corporation Common Stock,$24.78,-0.23,-0.92%,11110736390.00,United States,2002,2565056,Consumer Discretionary,Electronics Distribution
GMED,Globus Medical Inc. Class A Common Stock,$93.92,-0.46,-0.487%,12702966550.00,United States,2012,150540,Health Care,Medical/Dental Instruments
GMEX,GMEX ROBOTICS CORPORATION Class A Ordinary Shares,$0.4343,0.0603,16.123%,612189.00,Australia,2023,81998571,Consumer Discretionary,Recreational Games/Products/Toys
GMHS,Gamehaus Holdings Inc. Class A Ordinary Shares,$0.9991,-0.0009,-0.09%,53521146.00,China,,768,Technology,EDP Services
GMM,Global Mofy AI Limited Class A Ordinary Shares,$1.38,0.02,1.471%,68403915.00,China,2023,2253,Technology,Computer Software: Programming Data Processing
GMTL,Guardian Metal Resources PLC ADS,$18.90,-0.31,-1.614%,733350164.00,,2026,138192,Basic Materials,Metal Mining
GNE,Genie Energy Ltd. Class B Common Stock Stock,$13.785,0.105,0.768%,365232941.00,United States,2011,3256,Utilities,Power Generation
GNK,Genco Shipping & Trading Limited Ordinary Shares New (Marshall Islands),$23.73,0.35,1.497%,1027931631.00,United States,,43678,Consumer Discretionary,Marine Transportation
GNL,Global Net Lease Inc. Common Stock,$9.50,0.03,0.317%,2021328452.00,United States,2015,322125,Real Estate,Real Estate Investment Trusts
GNL^A,Global Net Lease Inc. 7.25% Series A Cumulative Redeemable Preferred Stock $0.01 par value per share,$22.615,-0.085,-0.374%,,United States,,660,,
GNL^B,Global Net Lease Inc. 6.875% Series B Cumulative Redeemable Perpetual Preferred Stock,$21.65,0.13,0.604%,,United States,,1666,,
GNL^D,Global Net Lease Inc. 7.50% Series D Cumulative Redeemable Perpetual Preferred Stock,$23.19,0.03,0.13%,,United States,,8159,,
GNL^E,Global Net Lease Inc. 7.375% Series E Cumulative Redeemable Perpetual Preferred Stock,$22.70,0.035,0.154%,,United States,,881,,
GNLN,Greenlane Holdings Inc. Class A Common Stock,$4.08,0.19,4.884%,2570176.00,United States,2019,80304,Consumer Discretionary,Durable Goods
GNLX,Genelux Corporation Common Stock,$2.505,-0.015,-0.595%,112238557.00,United States,2023,83221,Health Care,Biotechnology: Pharmaceutical Preparations
GNPX,Genprex Inc. Common Stock,$0.9949,-0.0251,-2.461%,9158489.00,United States,2018,512456,Health Care,Biotechnology: Pharmaceutical Preparations
GNRC,Generac Holdlings Inc. Common Stock,$220.01,1.63,0.746%,12909268698.00,United States,2010,210208,Consumer Discretionary,Metal Fabrications
GNS,Genius Group Limited Ordinary Shares,$0.3308,-0.0352,-9.617%,54960177.00,Singapore,2022,2828700,Consumer Discretionary,Services-Misc. Amusement & Recreation
GNSS,Genasys Inc. Common Stock,$1.825,-0.015,-0.815%,82512468.00,United States,,37656,Consumer Staples,Consumer Electronics/Appliances
GNT,GAMCO Natural Resources Gold & Income Trust,$8.738,0.038,0.437%,161438386.00,United States,2011,38475,Finance,Finance/Investors Services
GNT^A,GAMCO Natural Resources Gold & Income Tust  5.20% Series A Cumulative Preferred Shares (Liquidation Preference $25.00 per share),$20.62,0.09,0.438%,,United States,,1743,,
GNTA,Genenta Science S.p.A. American Depositary Shares,$0.704,0.0021,0.299%,16608078.00,Italy,2021,23775,Health Care,Biotechnology: Biological Products (No Diagnostic Substances)
GNTX,Gentex Corporation Common Stock,$23.29,0.26,1.129%,4975846758.00,United States,,2643735,Consumer Discretionary,Auto Parts:O.E.M.
GNW,Genworth Financial Inc Common Stock,$8.865,-0.015,-0.169%,3436171932.00,United States,2004,621872,Finance,Life Insurance
GO,Grocery Outlet Holding Corp. Common Stock,$7.685,-0.155,-1.977%,760220734.00,United States,2019,653429,Consumer Staples,Food Chains
GOAI,Eva Live Inc. Common Stock,$3.9476,0.3676,10.268%,123726804.00,United States,,13586,Technology,Computer Software: Programming Data Processing
GOCO,GoHealth Inc. Class A Common Stock,$1.215,0.015,1.25%,35048053.00,United States,2020,17430,Finance,Specialty Insurers
GOF,Guggenheim Strategic Opportunities Fund Common Shares of Beneficial Interest,$11.255,0.055,0.491%,0.00,United States,,325800,Finance,Finance/Investors Services
GOGO,Gogo Inc. Common Stock,$4.145,-0.195,-4.493%,560563678.00,United States,2013,445385,Consumer Discretionary,Telecommunications Equipment
GOLD,Gold.com Inc. Common Stock,$47.18,0.28,0.597%,1193512083.00,United States,,155703,Industrials,Other Specialty Stores
GOLF,Acushnet Holdings Corp. Common Stock,$98.69,-0.19,-0.192%,5778699491.00,United States,2016,77848,Consumer Discretionary,Recreational Games/Products/Toys
GOOD,Gladstone Commercial Corporation Real Estate Investment Trust,$12.565,0.135,1.086%,608233867.00,United States,2003,102943,Real Estate,Real Estate
GOODN,Gladstone Commercial Corporation 6.625% Series E Cumulative Redeemable Preferred Stock,$22.23,0.168,0.761%,1076087454.00,United States,,320,Real Estate,Real Estate
GOODO,Gladstone Commercial Corporation 6.00% Series G Cumulative Redeemable Preferred Stock par value $0.001 per share,$19.76,-0.065,-0.328%,956522182.00,United States,,2032,Real Estate,Real Estate
GOOG,Alphabet Inc. Class C Capital Stock,$341.88,4.13,1.223%,4135722360000.00,United States,2004,8697747,Technology,Computer Software: Programming Data Processing
GOOGL,Alphabet Inc. Class A Common Stock,$343.59,4.70,1.387%,4156408230000.00,United States,2004,14262369,Technology,Computer Software: Programming Data Processing
GOOS,Canada Goose Holdings Inc. Subordinate Voting Shares,$11.77,0.01,0.085%,1143201845.00,,2017,99422,Consumer Discretionary,Apparel
GORO,Gold Resource Corporation Common Stock,$1.6907,0.0307,1.849%,273654756.00,United States,,1396225,Basic Materials,Precious Metals
GOSS,Gossamer Bio Inc. Common Stock,$0.3641,-0.0095,-2.543%,85452916.00,United States,2019,1554902,Health Care,Biotechnology: Pharmaceutical Preparations
GOTU,Gaotu Techedu Inc. American Depositary Shares,$1.925,0.035,1.852%,459000546.00,China,2019,124024,Real Estate,Other Consumer Services
GOVX,GeoVax Labs Inc. Common Stock,$1.1298,-0.0202,-1.757%,3268026.00,United States,,36453,Health Care,Biotechnology: Pharmaceutical Preparations
GP,GreenPower Motor Company Inc. Common Shares,$0.9402,-0.0488,-4.934%,4728539.00,Canada,,96991,Consumer Discretionary,Construction/Ag Equipment/Trucks
GPAC,General Purpose Acquisition Corp. Class A Ordinary Shares,$9.95,0.00,0.00%,0.00,United States,2026,2,,
GPACU,General Purpose Acquisition Corp. Units,$10.07,0.02,0.199%,0.00,United States,2025,1045,,
GPAT,GP-Act III Acquisition Corp. Class A Ordinary Share,$10.82,-0.035,-0.322%,0.00,United States,2024,776685,,
GPATU,GP-Act III Acquisition Corp. Units,$10.87,0.00,0.00%,0.00,United States,2024,1,,
GPC,Genuine Parts Company Common Stock,$109.31,-0.48,-0.437%,15043739014.00,United States,,332310,Consumer Discretionary,Automotive Aftermarket
GPCR,Structure Therapeutics Inc. American Depositary Shares,$45.465,-1.555,-3.307%,3220822983.00,United States,2023,408763,Health Care,Biotechnology: Pharmaceutical Preparations
GPGI,GPGI Inc. Class A Common Stock,$16.035,-0.325,-1.987%,4647921664.00,United States,,951895,Finance,Finance: Consumer Services
GPI,Group 1 Automotive Inc. Common Stock,$340.67,0.89,0.262%,4044630807.00,United States,1997,34428,Consumer Discretionary,Retail-Auto Dealers and Gas Stations
GPJA,Georgia Power Company Series 2017A 5.00% Junior Subordinated Notes due October 1 2077,$22.5653,0.1453,0.648%,208988526.00,United States,2017,9073,Utilities,Electric Utilities: Central
GPK,Graphic Packaging Holding Company,$9.365,-0.065,-0.689%,2769613632.00,United States,,1012876,Consumer Discretionary,Containers/Packaging
GPMT,Granite Point Mortgage Trust Inc. Common Stock,$1.50,-0.02,-1.316%,71879438.00,United States,2017,31844,Real Estate,Real Estate Investment Trusts
GPMT^A,Granite Point Mortgage Trust Inc. 7.00% Series A Fixed-to-Floating Rate Cumulative Redeemable Preferred Stock,$20.05,0.16,0.804%,,United States,,346,,
GPN,Global Payments Inc. Common Stock,$67.28,-0.58,-0.855%,18518349915.00,United States,,450233,Real Estate,Real Estate
GPOR,Gulfport Energy Corporation Common Shares,$186.47,-2.18,-1.156%,3367841383.00,United States,2021,106105,Energy,Oil & Gas Production
GPRE,Green Plains Inc. Common Stock,$16.15,-0.17,-1.042%,1127897331.00,United States,,232705,Industrials,Major Chemicals
GPRK,Geopark Ltd Common Shares,$9.075,-0.035,-0.384%,469242822.00,Bermuda,2014,280443,Energy,Oil & Gas Production
GPRO,GoPro Inc. Class A Common Stock,$1.34,0.05,3.876%,219214920.00,United States,2014,6513123,Consumer Discretionary,Industrial Machinery/Components
GPUS,Hyperscale Data Inc. Common Stock,$0.1549,0.0007,0.454%,68062216.00,United States,1997,9327622,Technology,Industrial Machinery/Components
GPUS^D,Hyperscale Data Inc. 13.00% Series D Cumulative Redeemable Perpetual Preferred Stock,$21.02,0.00,0.00%,,United States,,129,,
GRAB,Grab Holdings Limited Class A Ordinary Shares,$3.89,-0.07,-1.768%,15950874136.00,Singapore,,21192152,Real Estate,Real Estate
GRABW,Grab Holdings Limited Warrant,$0.09,-0.005,-5.263%,369043360.00,Singapore,,505,Real Estate,Real Estate
GRAF,Graf Global Corp. Class A ordinary shares,$10.75,0.00,0.00%,0.00,,2024,2,,
GRAL,GRAIL Inc. Common Stock ,$52.175,1.525,3.011%,2140231805.00,United States,,108247,Health Care,Medical Specialities
GRAN,Grande Group Limited Class A Ordinary Shares,$1.03,-0.02,-1.905%,23432500.00,Hong Kong,2025,464,Finance,Finance: Consumer Services
GRBK,Green Brick Partners Inc. Common Stock,$71.295,-0.545,-0.759%,3076899133.00,United States,2021,38500,Consumer Discretionary,Homebuilding
GRBK^A,Green Brick Partners Inc. Depositary Shares (each representing a 1/1000th fractional interest in a share of 5.75% Series A Cumulative Perpetual Preferred Stock),$23.225,0.2249,0.978%,,United States,,1099,,
GRC,Gorman-Rupp Company (The) Common Stock,$78.065,3.695,4.968%,2054112011.00,United States,1971,142936,Industrials,Fluid Controls
GRCE,Grace Therapeutics Inc. Common Stock,$2.13,-0.22,-9.362%,28577646.00,Canada,,2157095,Health Care,Biotechnology: Pharmaceutical Preparations
GRDN,Guardian Pharmacy Services Inc. Class A Common Stock,$37.63,0.66,1.785%,2382755457.00,United States,2024,162871,Consumer Staples,Retail-Drug Stores and Proprietary Stores
GRDX,GridAI Technologies Corp. Common Stock,$2.23,-0.04,-1.762%,7497044.00,United States,2016,62204,Health Care,Biotechnology: Pharmaceutical Preparations
GREE,Greenidge Generation Holdings Inc. Class A Common Stock,$1.20,0.00,0.00%,19474980.00,United States,,55903,Finance,Finance: Consumer Services
GREEL,Greenidge Generation Holdings Inc. 8.50% Senior Notes due 2026,$20.26,-0.0062,-0.031%,317543428.00,United States,,257,Finance,Finance: Consumer Services
GRF,Eagle Capital Growth Fund Inc. Common Stock,$10.19,0.00,0.00%,0.00,United States,,28,Finance,Finance/Investors Services
GRFS,Grifols S.A. American Depositary Shares,$8.07,0.08,1.001%,5548568108.00,Spain,,227479,Health Care,Biotechnology: Pharmaceutical Preparations
GRI,GRI Bio Inc. Common Stock,$2.331,-0.079,-3.278%,3368363.00,United States,2021,23713,Health Care,Biotechnology: Pharmaceutical Preparations
GRML,Greenland Mines Ltd. Common Stock,$0.4424,-0.007,-1.558%,0.00,United States,2022,1547518,,
GRMLW,Greenland Mines Ltd Warrant,$0.21,-0.01,-4.545%,25460119.00,United States,2022,15126,Health Care,Biotechnology: Biological Products (No Diagnostic Substances)
GRMN,Garmin Ltd. Common Stock (Switzerland),$260.48,-0.32,-0.123%,50242258915.00,Switzerland,2000,269601,Industrials,Industrial Machinery/Components
GRND,Grindr Inc. Common Stock,$13.47,0.39,2.982%,2493939694.00,Singapore,2021,242054,Technology,Computer Software: Programming Data Processing
GRNQ,Greenpro Capital Corp. Common Stock,$2.47,0.07,2.917%,21305758.00,China,,9707,Technology,EDP Services
GRNT,Granite Ridge Resources Inc. Common Stock,$5.585,-0.045,-0.799%,736695708.00,United States,2022,556367,Energy,Oil & Gas Production
GRO,Brazil Potash Corp. Common Shares,$3.32,0.06,1.84%,180093118.00,,2024,53279,Industrials,Mining & Quarrying of Nonmetallic Minerals (No Fuels)
GROV,Grove Collaborative Holdings Inc. Class A Common Stock,$1.08,-0.01,-0.917%,45385588.00,,2021,18749,Consumer Discretionary,Catalog/Specialty Distribution
GROW,U.S. Global Investors Inc. Class A Common Stock,$2.64,0.04,1.538%,33139286.00,United States,,4862,Finance,Investment Managers
GROY,Gold Royalty Corp. Common Shares,$3.495,0.035,1.012%,806618739.00,Canada,2021,873846,Basic Materials,Precious Metals
GRPN,Groupon Inc. Common Stock,$14.68,0.06,0.41%,569566971.00,United States,2011,657809,Consumer Discretionary,Advertising
GRRR,Gorilla Technology Group Inc. Ordinary shares,$12.98,0.23,1.804%,358947090.00,Taiwan,,297115,Technology,Computer Software: Prepackaged Software
GRRRW,Gorilla Technology Group Inc. Warrant,$0.2829,-0.0006,-0.212%,7823277.00,Taiwan,,9450,Technology,Computer Software: Prepackaged Software
GRVY,GRAVITY Co. Ltd. American Depository Shares,$63.52,1.39,2.237%,441394128.00,South Korea,2005,12420,Real Estate,Real Estate
GRWG,GrowGeneration Corp. Common Stock,$1.3601,-0.0599,-4.218%,81729640.00,United States,,591988,Consumer Discretionary,RETAIL: Building Materials
GRX,The Gabelli Healthcare & Wellness Trust Common Shares of Beneficial Interest,$9.15,0.05,0.549%,156400703.00,United States,,3578,Finance,Finance/Investors Services
GS,Goldman Sachs Group Inc. (The) Common Stock,$925.96,-5.34,-0.573%,273152590534.00,United States,1999,615125,Finance,Investment Bankers/Brokers/Service
GS^A,Goldman Sachs Group Inc. (The) Depositary Shares each representing 1/1000th Interest in a Share of Floating Rate Non-Cumulative Preferred Stock Series A,$19.3483,-0.3017,-1.535%,,United States,,12720,,
GS^C,Goldman Sachs Group Inc. (The) Depositary Share repstg 1/1000th Preferred Series C,$19.405,-0.315,-1.597%,,United States,,8070,,
GS^D,Goldman Sachs Group Inc. (The) Dep Shs repstg 1/1000 Pfd Ser D Fltg,$19.0665,-0.2835,-1.465%,,United States,,96188,,
GSAT,Globalstar Inc. Common Stock,$81.845,0.555,0.683%,10524540707.00,United States,2025,774107,Consumer Discretionary,Telecommunications Equipment
GSBC,Great Southern Bancorp Inc. Common Stock,$67.01,0.12,0.179%,734812294.00,United States,1989,66860,Finance,Major Banks
GSBD,Goldman Sachs BDC Inc. Common Stock,$9.595,0.115,1.213%,1080100198.00,United States,2015,257139,Finance,Investment Managers
GSHD,Goosehead Insurance Inc. Class A Common Stock,$48.68,-2.09,-4.117%,1733164311.00,United States,2018,139932,Finance,Specialty Insurers
GSHR,Gesher Acquisition Corp. II Class A Ordinary Shares,$10.37,0.00,0.00%,0.00,United States,2025,1,,
GSHRW,Gesher Acquisition Corp. II Warrants,$0.2199,0.0007,0.319%,0.00,United States,2025,131,Finance,Blank Checks
GSIT,GSI Technology Common Stock,$7.665,0.96,14.318%,277367246.00,United States,2007,869818,Technology,Semiconductors
GSIW,Garden Stage Limited Class A Ordinary Shares,$30.00,0.40,1.351%,39916620.00,Hong Kong,2023,2017,Finance,Investment Bankers/Brokers/Service
GSK,GSK plc American Depositary Shares (Each representing two Ordinary Shares),$54.54,-1.09,-1.959%,111229560695.00,United Kingdom,2022,1778915,Health Care,Biotechnology: Pharmaceutical Preparations
GSL,Global Ship Lease Inc New Class A Common Shares,$38.305,0.655,1.74%,1375848336.00,United Kingdom,,79924,Consumer Discretionary,Marine Transportation
GSL^B,Global Ship Lease Inc. Depository Shares Representing 1/100th Perpetual Preferred Series B% (Marshall Island),$27.155,-0.325,-1.183%,,United Kingdom,,694,,
GSM,Ferroglobe PLC Ordinary Shares,$4.375,0.105,2.459%,817514762.00,United Kingdom,,638435,Basic Materials,Metal Mining
GSRF,GSR IV Acquisition Corp. Class A ordinary share,$10.08,0.00,0.00%,0.00,United States,2025,25003,,
GSUN,Golden Sun Technology Group Limited Class A Ordinary Shares,$0.706,0.085,13.688%,7080382.00,China,2022,241503,Real Estate,Other Consumer Services
GT,The Goodyear Tire & Rubber Company Common Stock,$7.13,0.08,1.135%,2042867900.00,United States,,2510678,Consumer Discretionary,Automotive Aftermarket
GTBP,GT Biopharma Inc. Common Stock,$0.3293,-0.0296,-8.247%,10390697.00,United States,,1071750,Health Care,Biotechnology: Pharmaceutical Preparations
GTE,Gran Tierra Energy Inc. Common Stock,$8.58,-0.37,-4.134%,302863481.00,Canada,,130271,Energy,Oil & Gas Production
GTEC,Greenland Technologies Holding Corporation Class A Ordinary Shares,$0.705,0.0069,0.988%,13418370.00,China,2018,14521,Industrials,Industrial Machinery/Components
GTEN,Gores Holdings X Inc. Class A ordinary shares,$10.34,0.00,0.00%,0.00,United States,2025,213,,
GTENW,Gores Holdings X Inc. Warrants,$0.55,-0.04,-6.78%,0.00,United States,2025,408,,
GTERA,Globa Terra Acquisition Corporation Class A Ordinary Shares,$10.23,0.00,0.00%,0.00,Mexico,2025,8,Finance,Blank Checks
GTERR,Globa Terra Acquisition Corporation Rights,$0.12,0.015,14.286%,0.00,Mexico,2025,615,Finance,Blank Checks
GTERU,Globa Terra Acquisition Corporation Units,$10.38,-0.01,-0.096%,0.00,Mexico,2025,501,Finance,Blank Checks
GTES,Gates Industrial Corporation plc Ordinary Shares,$25.625,0.125,0.49%,6523759536.00,United Kingdom,2018,630001,Industrials,Industrial Machinery/Components
GTIM,Good Times Restaurants Inc. Common Stock,$1.27,-0.02,-1.55%,13408528.00,United States,,4710,Consumer Discretionary,Restaurants
GTLB,GitLab Inc. Class A Common Stock,$21.06,0.40,1.936%,3582306000.00,United States,2021,1975272,Technology,Computer Software: Prepackaged Software
GTLS,Chart Industries Inc. Common Stock,$207.925,-0.015,-0.007%,9952453425.00,United States,2006,470790,Industrials,Metal Fabrications
GTM,ZoomInfo Technologies Inc Common Stock,$5.785,-0.085,-1.448%,1724249939.00,United States,2020,2244336,Technology,Computer Software: Prepackaged Software
GTN,Gray Media Inc. Common Stock,$5.595,-0.105,-1.842%,575064669.00,United States,,591288,Industrials,Broadcasting
GTX,Garrett Motion Inc. Common Stock,$20.92,0.38,1.85%,3939836237.00,Switzerland,,638749,Consumer Discretionary,Auto Parts:O.E.M.
GTY,Getty Realty Corporation Common Stock,$33.875,0.115,0.341%,2026284988.00,United States,,164614,Finance,Real Estate
GUG,Guggenheim Active Allocation Fund Common Shares of Beneficial Interest,$15.62,0.03,0.192%,0.00,United States,2021,9779,Finance,Trusts Except Educational Religious and Charitable
GURE,Gulf Resources Inc. (NV) Common Stock,$5.13,-0.1063,-2.03%,7897794.00,China,,6844,Industrials,Major Chemicals
GUT,Gabelli Utility Trust (The) Common Stock,$6.205,-0.055,-0.879%,455440975.00,United States,,113966,Finance,Trusts Except Educational Religious and Charitable
GUT^C,Gabelli Utility Trust (The) 5.375% Series C Cumulative Preferred Shares,$22.56,-0.07,-0.309%,,United States,,258,,
GUTS,Fractyl Health Inc. Common Stock,$0.5962,0.0152,2.616%,94586512.00,United States,2024,1016043,Health Care,Medical/Dental Instruments
GV,Visionary Holdings Inc. Common Shares,$0.195,-0.0019,-0.965%,1093433.00,Canada,2022,402026,Real Estate,Other Consumer Services
GVA,Granite Construction Incorporated Common Stock,$123.555,0.975,0.795%,5375096318.00,United States,,88694,Industrials,Military/Government/Technical
GVH,Globavend Holdings Limited Ordinary Shares,$3.645,0.525,16.827%,8335455.00,Australia,2023,59234,Industrials,Integrated Freight & Logistics
GWAV,Greenwave Technology Solutions Inc. Common Stock,$3.71,-0.04,-1.067%,3077931.00,United States,,1420,Industrials,Metal Fabrications
GWH,ESS Tech Inc. Common Stock,$1.125,-0.015,-1.316%,31413365.00,United States,,259529,Miscellaneous,Industrial Machinery/Components
GWRE,Guidewire Software Inc. Common Stock,$135.17,3.92,2.987%,11443150220.00,United States,2012,604427,Technology,Computer Software: Prepackaged Software
GWRS,Global Water Resources Inc. Common Stock,$7.54,0.13,1.754%,216877800.00,United States,2016,12645,Utilities,Water Supply
GWW,W.W. Grainger Inc. Common Stock,$1146.04,-18.87,-1.62%,54242056009.00,United States,,116900,Industrials,Office Equipment/Supplies/Services
GXAI,Gaxos.ai Inc. Common Stock,$1.3201,0.0001,0.008%,13491335.00,United States,2023,194963,Technology,Computer Software: Prepackaged Software
GXO,GXO Logistics Inc. Common Stock ,$56.59,-0.07,-0.124%,6510522350.00,United States,2021,270185,Consumer Discretionary,Transportation Services
GYRE,Gyre Therapeutics Inc. Common Stock,$7.5254,0.0854,1.148%,729918655.00,United States,2006,17078,Health Care,Biotechnology: Pharmaceutical Preparations
GYRO,Gyrodyne LLC Common Stock,$7.50,0.00,0.00%,16494810.00,United States,,1,Real Estate,Building operators
H,Hyatt Hotels Corporation Class A Common Stock,$163.08,-1.38,-0.839%,15352346145.00,United States,2009,118270,Consumer Discretionary,Hotels/Resorts
HACQU,HCM IV Acquisition Corp. Unit,$10.02,0.00,0.00%,0.00,United States,2026,12,,
HAE,Haemonetics Corporation Common Stock,$59.02,-0.60,-1.006%,2742739077.00,United States,1991,131133,Health Care,Medical/Dental Instruments
HAFC,Hanmi Financial Corporation Common Stock,$30.035,0.285,0.958%,893630544.00,United States,,62832,Finance,Major Banks
HAFN,Hafnia Limited Common Shares,$8.515,0.035,0.413%,4255637812.00,,2024,853676,Consumer Discretionary,Transportation Services
HAIN,Hain Celestial Group Inc. (The) Common Stock,$0.8715,0.0157,1.835%,79300173.00,United States,,437764,Consumer Staples,Packaged Foods
HAL,Halliburton Company Common Stock,$40.01,0.36,0.908%,33414649855.00,United States,,5585520,Energy,Oilfield Services/Equipment
HALO,Halozyme Therapeutics Inc. Common Stock,$65.10,-1.49,-2.238%,7712676930.00,United States,,388209,Health Care,Biotechnology: Biological Products (No Diagnostic Substances)
HAO,Haoxi Health Technology Limited Class A Ordinary Shares,$1.07,-0.03,-2.727%,63604896.00,China,2024,4013,Consumer Discretionary,Advertising
HAS,Hasbro Inc. Common Stock,$96.13,-0.45,-0.466%,13609707417.00,United States,,543119,Consumer Discretionary,Recreational Games/Products/Toys
HASI,HA Sustainable Infrastructure Capital Inc. Common Stock,$41.78,-0.10,-0.239%,5365402808.00,United States,2013,214758,Finance,Finance/Investors Services
HAVA,Harvard Ave Acquisition Corporation Class A Ordinary Share,$10.0329,0.00,0.00%,0.00,South Korea,2025,1,,
HAVAU,Harvard Ave Acquisition Corporation Unit,$10.13,0.00,0.00%,0.00,South Korea,2025,4,Finance,Blank Checks
HAYW,Hayward Holdings Inc. Common Stock,$15.255,-0.075,-0.489%,3320012818.00,United States,2021,491498,Industrials,Industrial Machinery/Components
HBAN,Huntington Bancshares Incorporated Common Stock,$16.48,-0.35,-2.08%,33571731997.00,United States,,5823226,Finance,Major Banks
HBANL,Huntington Bancshares Incorporated Depositary Shares Each Representing a 1/40th Interest in a Share of 6.875% Series J Non-Cumulative Perpetual Preferred Stock,$25.49,-0.06,-0.235%,51926180133.00,United States,,5677,Finance,Major Banks
HBANM,Huntington Bancshares Incorporated Depositary Shares each representing a 1/1000th interest in a share of Huntington Series I Preferred Stock,$22.045,0.045,0.205%,44908302905.00,United States,,489,Finance,Major Banks
HBANP,Huntington Bancshares Incorporated Depositary Shares 4.500% Series H Non-Cumulative Perpetual Preferred Stock,$17.0589,0.0439,0.258%,34751020568.00,United States,,22943,Finance,Major Banks
HBANZ,Huntington Bancshares Incorporated Depositary Shares Each Representing a 1/1000th Interest in a Share of 5.50% Series L Non-Cumulative Perpetual Preferred Stock,$21.15,0.03,0.142%,43085080809.00,United States,,6518,Finance,Major Banks
HBB,Hamilton Beach Brands Holding Company Class A Common Stock ,$21.11,0.37,1.784%,286616191.00,United States,2017,2701,Consumer Discretionary,Home Furnishings
HBCP,Home Bancorp Inc. Common Stock,$62.60,0.08,0.128%,490627250.00,United States,2008,45181,Finance,Banks
HBIO,Harvard Bioscience Inc. Common Stock,$6.7349,-0.0451,-0.665%,30375860.00,United States,2000,5179,Industrials,Biotechnology: Laboratory Analytical Instruments
HBM,Hudbay Minerals Inc. Ordinary Shares (Canada),$24.23,0.21,0.874%,9615557040.00,Canada,,2257993,Basic Materials,Metal Mining
HBNB,Hotel101 Global Holdings Corp. Class A Ordinary Shares,$6.53,0.00,0.00%,1529015159.00,Singapore,,17,Consumer Discretionary,Hotels/Resorts
HBNC,Horizon Bancorp Inc. Common Stock,$17.865,0.065,0.365%,915151525.00,United States,,100829,Finance,Major Banks
HBT,HBT Financial Inc. Common Stock,$28.04,-0.05,-0.178%,1020636512.00,United States,2019,20295,Finance,Major Banks
HCA,HCA Healthcare Inc. Common Stock,$438.865,-35.165,-7.418%,98116594264.00,United States,2011,2040252,Health Care,Hospital/Nursing Management
HCAC,Hall Chadwick Acquisition Corp Class A Ordinary Shares,$9.96,0.00,0.00%,0.00,Cayman Islands,2026,1442,Consumer Discretionary,Auto Parts:O.E.M.
HCACR,Hall Chadwick Acquisition Corp Rights,$0.30,0.00,0.00%,0.00,Cayman Islands,2026,32,,
HCACU,Hall Chadwick Acquisition Corp. Unit,$10.28,0.00,0.00%,0.00,Cayman Islands,2025,489,Consumer Discretionary,Auto Parts:O.E.M.
HCAI,Huachen AI Parking Management Technology Holding Co. Ltd. Class A Ordinary Shares,$8.55,-0.38,-4.255%,9939375.00,China,2025,21634,Consumer Discretionary,Miscellaneous manufacturing industries
HCAT,Health Catalyst Inc Common Stock,$1.37,0.04,3.008%,100813071.00,United States,2019,206917,Technology,Computer Software: Programming Data Processing
HCC,Warrior Met Coal Inc. Common Stock,$87.23,-1.39,-1.568%,4605694279.00,United States,2017,323617,Energy,Coal Mining
HCHL,Happy City Holdings Limited Class A Ordinary shares,$1.55,0.15,10.714%,29778600.00,Hong Kong,2025,12169,Consumer Discretionary,Restaurants
HCI,HCI Group Inc. Common Stock,$154.26,0.74,0.482%,2004138978.00,United States,,84403,Finance,Property-Casualty Insurers
HCIC,Hennessy Capital Investment Corp. VIII Class A Ordinary Shares,$9.89,0.01,0.101%,0.00,United States,2026,101,,
HCICR,Hennessy Capital Investment Corp. VIII Share Rights,$0.15,-0.01,-6.25%,0.00,United States,2026,1337,,
HCICU,Hennessy Capital Investment Corp. VIII Units,$10.00,0.0044,0.044%,0.00,United States,2026,2700,,
HCKT,Hackett Group Inc (The). Common Stock,$12.84,0.23,1.824%,323827702.00,United States,,111372,Consumer Discretionary,Professional Services
HCM,HUTCHMED (China) Limited American Depositary Shares,$14.15,0.28,2.019%,2468687165.00,Hong Kong,2016,8617,Health Care,Biotechnology: Pharmaceutical Preparations
HCMA,HCM III Acquisition Corp. Class A Ordinary Share,$10.14,0.00,0.00%,804160163.00,United States,2025,113,Consumer Discretionary,Hotels/Resorts
HCMAU,HCM III Acquisition Corp. Units,$10.26,-0.02,-0.195%,0.00,United States,2025,256,,
HCMAW,HCM III Acquisition Corp. Warrants,$0.45,0.00,0.00%,35687581.00,United States,2025,9,Consumer Discretionary,Hotels/Resorts
HCSG,Healthcare Services Group Inc. Common Stock,$22.59,1.03,4.777%,1557670860.00,United States,1983,429990,Health Care,Hospital/Nursing Management
HCTI,Healthcare Triangle Inc. Common Stock,$2.12,-0.13,-5.778%,4171287.00,United States,2021,93288,Technology,EDP Services
HCWB,HCW Biologics Inc. Common Stock,$0.389,-0.0203,-4.96%,2619566.00,United States,2021,294401,Health Care,Biotechnology: Pharmaceutical Preparations
HCWC,Healthy Choice Wellness Corp. Class A Common Stock,$0.2663,-0.0047,-1.734%,6058545.00,,2024,240727,Consumer Staples,Food Chains
HCXY,Hercules Capital Inc. 6.25% Notes due 2033,$24.95,0.07,0.281%,4532808291.00,United States,2018,880,Finance,Investment Managers
HD,Home Depot Inc. (The) Common Stock,$337.175,-2.985,-0.878%,335835625586.00,United States,,1084717,Consumer Discretionary,RETAIL: Building Materials
HDB,HDFC Bank Limited Common Stock,$25.575,0.065,0.255%,130893527917.00,India,2001,2458171,Finance,Commercial Banks
HDL,SUPER HI INTERNATIONAL HOLDING LTD. American Depositary Shares,$14.20,0.00,0.00%,923424580.00,Singapore,2024,22,Consumer Discretionary,Restaurants
HDSN,Hudson Technologies Inc. Common Stock,$6.31,-0.04,-0.63%,267978267.00,United States,,87193,Consumer Discretionary,Industrial Specialties
HE,Hawaiian Electric Industries Inc. Common Stock,$15.085,-0.295,-1.918%,2603979880.00,United States,,422809,Utilities,Electric Utilities: Central
HEI,Heico Corporation Common Stock,$262.83,-5.91,-2.199%,36669620809.00,United States,2000,177697,Industrials,Aerospace
HEI/A,Heico Corporation,$203.57,-4.10,-1.974%,,United States,,70631,,
HELE,Helen of Troy Limited Common Stock,$22.28,-1.54,-6.465%,514046455.00,Bermuda,,982518,Consumer Discretionary,Home Furnishings
HELP,Cybin Inc. Common Stock,$5.645,-0.105,-1.826%,282452063.00,Canada,,1161977,Health Care,Biotechnology: Pharmaceutical Preparations
HEPS,D-Market Electronic Services & Trading American Depositary Shares,$2.78,-0.02,-0.714%,893444479.00,Turkey,2021,57418,Consumer Discretionary,Catalog/Specialty Distribution
HEQ,John Hancock Diversified Income Fund Common Shares of Beneficial Interest,$11.575,-0.075,-0.644%,0.00,United States,2011,27400,Finance,Investment Managers
HERE,Here Group Limited American Depositary Shares,$3.64,0.14,4.00%,197959999.00,China,2023,40178,Real Estate,Other Consumer Services
HERZ,Herzfeld Credit Income Fund Inc. Common Stock,$17.0401,-0.1249,-0.728%,0.00,United States,,3814,Finance,Investment Managers
HESM,Hess Midstream LP Class A Representing Limited Partner Interests,$37.18,-0.68,-1.796%,4811212612.00,United States,2017,486489,Energy,Oil & Gas Production
HFBL,Home Federal Bancorp Inc. of Louisiana Common Stock,$19.10,0.00,0.00%,58725567.00,United States,2010,19,Finance,Savings Institutions
HFFG,HF Foods Group Inc. Common Stock,$2.00,0.03,1.523%,106087664.00,United States,2017,26490,Consumer Discretionary,Food Distributors
HFRO,Highland Opportunities and Income Fund Common Shares of Beneficial Interest,$6.10,0.00,0.00%,0.00,United States,2017,6860,Finance,Finance/Investors Services
HFRO^A,Highland Opportunities and Income Fund 5.375% Series A Cumulative Preferred Shares,$16.50,-0.03,-0.181%,,United States,,1118,,
HFRO^B,Highland Opportunities and Income Fund 5.375% Series B Cumulative Preferred Shares,$16.32,0.06,0.369%,,United States,,5983,,
HFWA,Heritage Financial Corporation Common Stock,$26.66,-1.04,-3.755%,1096555126.00,United States,,177566,Finance,Banks
HG,Hamilton Insurance Group Ltd. Class B Common Shares,$32.58,-0.10,-0.306%,3247664679.00,Bermuda,2023,55756,Finance,Property-Casualty Insurers
HGBL,Heritage Global Inc. Common Stock,$1.395,0.025,1.825%,48464466.00,United States,,7221,Real Estate,Real Estate
HGLB,Highland Global Allocation Fund Common Stock,$8.28,0.01,0.121%,0.00,,2019,30520,Finance,Trusts Except Educational Religious and Charitable
HGTY,Hagerty Inc. Class A Common Stock,$10.59,-0.02,-0.189%,3628331917.00,United States,2021,11094,Finance,Specialty Insurers
HGV,Hilton Grand Vacations Inc. Common Stock ,$46.08,0.01,0.022%,3744408637.00,United States,2016,154714,Consumer Discretionary,Hotels/Resorts
HHH,Howard Hughes Holdings Inc. Common Stock,$63.995,-0.075,-0.117%,3816427770.00,United States,,153010,Real Estate,Real Estate Investment Trusts
HHS,Harte Hanks Inc. Common Stock,$2.72,0.00,0.00%,20168240.00,United States,,144,Consumer Discretionary,Advertising
HIFS,Hingham Institution for Savings Common Stock,$286.08,1.34,0.471%,614328192.00,United States,,21094,Finance,Banks
HIG,The Hartford Insurance Group Inc. Common Stock,$136.86,-2.75,-1.97%,37639398969.00,United States,,829626,Finance,Property-Casualty Insurers
HIG^G,The Hartford Insurance Group Inc. Depositary Shares each representing a 1/1000th interest in a share of 6.000% Non-Cumulative Preferred Stock Series G,$25.06,0.00,0.00%,,United States,,12841,,
HIHO,Highway Holdings Limited Common Stock,$0.8379,0.0149,1.81%,3855869.00,Hong Kong,,964,Industrials,Metal Fabrications
HII,Huntington Ingalls Industries Inc. Common Stock,$358.225,-11.915,-3.219%,14105887081.00,United States,,199413,Industrials,Marine Transportation
HIMS,Hims & Hers Health Inc. Class A Common Stock,$30.9703,2.8203,10.019%,7059331965.00,United States,2019,27385059,Health Care,Medical/Nursing Services
HIMX,Himax Technologies Inc. American Depositary Shares,$12.148,1.218,11.144%,2118926003.00,Taiwan,2006,2389916,Technology,Semiconductors
HIND,Vyome Holdings Inc. Common Stock,$2.2018,-0.0582,-2.575%,15453395.00,United States,2016,32565,Health Care,Medical/Dental Instruments
HIO,Western Asset High Income Opportunity Fund Inc. Common Stock,$3.65,0.01,0.275%,0.00,United States,,88192,Finance,Finance/Investors Services
HIPO,Hippo Holdings Inc. Common Stock,$28.775,0.295,1.036%,749048557.00,United States,2021,15186,Finance,Property-Casualty Insurers
HIT,Health In Tech Inc. Class A Common Stock,$1.50,-0.01,-0.662%,89937414.00,United States,2024,78113,Finance,Specialty Insurers
HITI,High Tide Inc. Common Shares,$2.44,0.04,1.667%,214470774.00,Canada,,228007,Consumer Discretionary,Other Specialty Stores
HIVE,HIVE Digital Technologies Ltd. Common Shares,$2.5541,0.0141,0.555%,636471394.00,Canada,,11025891,Finance,Finance: Consumer Services
HIW,Highwoods Properties Inc. Common Stock,$23.935,0.275,1.162%,2639051535.00,United States,1994,260628,Real Estate,Real Estate Investment Trusts
HIX,Western Asset High Income Fund II Inc. Common Stock,$3.935,-0.005,-0.127%,0.00,United States,1998,139372,Finance,Finance/Investors Services
HKD,AMTD Digital Inc. American Depositary Shares (every five of which represent two Class A Ordinary Shares),$1.74,0.05,2.959%,219525310.00,,2022,125757,Finance,Finance: Consumer Services
HKIT,Hitek Global Inc. Class A Ordinary Share,$1.12,0.12,12.00%,787615.00,China,2023,708722,Technology,Computer Software: Prepackaged Software
HKPD,Cellyan Biotechnology Co. Ltd Class A Ordinary Shares,$0.6436,0.0206,3.307%,15124591.00,Hong Kong,2025,12226,Health Care,Other Pharmaceuticals
HL,Hecla Mining Company Common Stock,$18.795,0.365,1.98%,12603285921.00,United States,,5659446,Industrials,Mining & Quarrying of Nonmetallic Minerals (No Fuels)
HL^B,Hecla Mining Company Preferred Stock,$66.51,0.01,0.015%,,United States,,109,,
HLF,Herbalife Ltd. Common Shares,$16.32,0.14,0.865%,1687649078.00,Cayman Islands,2004,260694,Health Care,Other Pharmaceuticals
HLI,Houlihan Lokey Inc. Class A Common Stock,$158.77,0.50,0.316%,11079811922.00,United States,2015,55600,Finance,Investment Managers
HLIO,Helios Technologies Inc. Common Stock,$69.095,0.775,1.134%,2287535973.00,United States,2021,147455,Industrials,Metal Fabrications
HLIT,Harmonic Inc. Common Stock,$10.60,0.17,1.63%,1168568974.00,United States,1995,122021,Technology,Radio And Television Broadcasting And Communications Equipment
HLLY,Holley Inc. Common Stock,$3.38,0.01,0.297%,412479432.00,United States,2020,132846,Consumer Discretionary,Auto Parts:O.E.M.
HLMN,Hillman Solutions Corp. Common Stock,$8.885,-0.045,-0.504%,1743322394.00,United States,2020,682729,Consumer Discretionary,Industrial Machinery/Components
HLN,Haleon plc American Depositary Shares (Each representing two Ordinary Shares),$9.61,0.08,0.839%,42795595509.00,United Kingdom,2022,2778688,Consumer Discretionary,Package Goods/Cosmetics
HLNE,Hamilton Lane Incorporated Class A Common Stock,$97.37,-5.79,-5.613%,5430822850.00,United States,2017,881972,Finance,Investment Managers
HLP,Hongli Group Inc. Ordinary Shares,$0.9012,0.0017,0.189%,66183002.00,China,2023,5289,Industrials,Industrial Machinery/Components
HLT,Hilton Worldwide Holdings Inc. Common Stock ,$336.26,1.98,0.592%,76934921103.00,United States,2016,408302,Consumer Discretionary,Hotels/Resorts
HLX,Helix Energy Solutions Group Inc. Common Stock,$9.755,0.055,0.567%,1436873377.00,United States,,1339114,Energy,Oilfield Services/Equipment
HLXC,Helix Acquisition Corp. III Class A Ordinary Shares,$10.27,0.00,0.00%,0.00,United States,2026,30,,
HMC,Honda Motor Company Ltd. Common Stock,$24.315,-0.165,-0.674%,35228460081.00,Japan,,584103,Industrials,Auto Manufacturing
HMH,HMH Holding Inc. Class A Common Stock,$20.32,0.11,0.544%,875741119.00,United States,2026,41335,Consumer Discretionary,Oil and Gas Field Machinery
HMN,Horace Mann Educators Corporation Common Stock,$45.47,-0.79,-1.708%,1836131891.00,United States,1991,38444,Finance,Property-Casualty Insurers
HMR,Heidmar Maritime Holdings Corp. Common Stock,$0.8293,0.0192,2.37%,48234859.00,Greece,,9116,Consumer Discretionary,Marine Transportation
HMY,Harmony Gold Mining Company Limited,$16.775,0.245,1.482%,10648228570.00,South Africa,,1921071,Basic Materials,Precious Metals
HNGE,Hinge Health Inc. Class A Common Stock,$43.785,0.545,1.26%,3387781578.00,United States,2025,77965,Technology,EDP Services
HNI,HNI Corporation Common Stock,$37.47,0.26,0.699%,2697574263.00,United States,,61003,Consumer Discretionary,Office Equipment/Supplies/Services
HNNA,Hennessy Advisors Inc. Common Stock,$9.93,0.00,0.00%,78369318.00,United States,,320,Finance,Investment Managers
HNNAZ,Hennessy Advisors Inc. 4.875% Notes due 2026,$25.01,-0.04,-0.16%,194766876.00,United States,,545,Finance,Investment Managers
HNRG,Hallador Energy Company Common Stock,$15.69,-0.25,-1.568%,739475850.00,United States,,232821,Energy,Coal Mining
HNST,The Honest Company Inc. Common Stock,$3.575,0.135,3.924%,401586317.00,United States,2021,1465827,Consumer Discretionary,Catalog/Specialty Distribution
HNVR,Hanover Bancorp Inc. Common Stock,$22.35,-0.02,-0.089%,160297061.00,United States,2022,1708,Finance,Major Banks
HOFT,Hooker Furnishings Corporation Common Stock,$12.185,-0.365,-2.908%,131350998.00,United States,,15443,Consumer Discretionary,Home Furnishings
HOG,Harley-Davidson Inc. Common Stock,$23.3874,0.0074,0.032%,2551472258.00,United States,,1978618,Consumer Discretionary,Motor Vehicles
HOLO,MicroCloud Hologram Inc. Ordinary Shares,$1.92,-0.02,-1.031%,43991731.00,United States,2021,941113,Technology,Computer Software: Programming Data Processing
HOLOW,MicroCloud Hologram Inc. Warrant,$0.0752,-0.0058,-7.16%,1723009.00,United States,2021,14176,Technology,Computer Software: Programming Data Processing
HOMB,Home BancShares Inc. Common Stock,$26.53,-0.29,-1.081%,5216704742.00,United States,2006,539972,Finance,Major Banks
HON,Honeywell International Inc. Common Stock,$212.79,-1.55,-0.723%,134835047192.00,United States,,1654394,Industrials,Aerospace
HOOD,Robinhood Markets Inc. Class A Common Stock,$84.12,0.58,0.694%,75778011898.00,United States,2021,12508001,Finance,Investment Bankers/Brokers/Service
HOPE,Hope Bancorp Inc. Common Stock,$12.475,-0.085,-0.677%,1596134521.00,United States,,208160,Finance,Major Banks
HOTH,Hoth Therapeutics Inc. Common Stock,$0.7897,-0.0081,-1.015%,15105100.00,United States,2019,168791,Health Care,Biotechnology: Pharmaceutical Preparations
HOUR,Hour Loop Inc. Common Stock,$1.9631,-0.0369,-1.845%,69069494.00,United States,2022,5673,Consumer Discretionary,Catalog/Specialty Distribution
HOV,Hovnanian Enterprises Inc. Class A Common Stock,$118.76,-1.11,-0.926%,705219919.00,United States,1983,78210,Consumer Discretionary,Homebuilding
HOVNP,Hovnanian Enterprises Inc Dep Shr Srs A Pfd,$21.39,0.00,0.00%,127017970.00,United States,,93,Consumer Discretionary,Homebuilding
HOVR,New Horizon Aircraft Ltd. Class A Ordinary Share,$1.885,0.105,5.899%,85321411.00,United States,2023,363830,Industrials,Aerospace
HOVRW,New Horizon Aircraft Ltd. Warrant,$0.3399,0.0049,1.463%,15385012.00,United States,2023,1002,Industrials,Aerospace
HOWL,Werewolf Therapeutics Inc. Common Stock,$0.8198,-0.0403,-4.686%,39839671.00,United States,2021,100369,Health Care,Biotechnology: Pharmaceutical Preparations
HP,Helmerich & Payne Inc. Common Stock,$38.76,1.18,3.14%,3870166155.00,United States,,398016,Energy,Oil & Gas Production
HPAI,Helport AI Limited Ordinary Shares,$1.51,-0.0303,-1.967%,56846834.00,Singapore,,1565,Technology,Computer Software: Prepackaged Software
HPAIW,Helport AI Limited Warrants,$0.0707,-0.0093,-11.625%,2661637.00,Singapore,,1900,Technology,Computer Software: Prepackaged Software
HPE,Hewlett Packard Enterprise Company Common Stock,$28.085,0.155,0.555%,37264697090.00,United States,2015,5045685,Technology,Retail: Computer Software & Peripheral Equipment
HPE^C,Hewlett Packard Enterprise Company 7.625% Series C Mandatory Convertible Preferred Stock,$75.72,0.42,0.558%,,United States,,20505,,
HPF,John Hancock Pfd Income Fund II Pfd Income Fund II,$15.915,0.085,0.537%,0.00,United States,2002,9601,Finance,Finance Companies
HPI,John Hancock Preferred Income Fund Common Shares of Beneficial Interest,$16.072,-0.008,-0.05%,0.00,United States,2002,10576,Finance,Trusts Except Educational Religious and Charitable
HPK,HighPeak Energy Inc. Common Stock,$6.135,-0.105,-1.683%,775206968.00,United States,,138541,Energy,Oil & Gas Production
HPP,Hudson Pacific Properties Inc. Common Stock,$8.39,0.10,1.206%,455090581.00,United States,2010,141071,Finance,Real Estate
HPP^C,Hudson Pacific Properties Inc. 4.750% Series C Cumulative Redeemable Preferred Stock,$14.165,-0.085,-0.596%,,United States,,2594,,
HPQ,HP Inc. Common Stock,$19.7901,-0.3499,-1.737%,18163054000.00,United States,,6131937,Technology,Computer Manufacturing
HPS,John Hancock Preferred Income Fund III Preferred Income Fund III,$14.67,0.07,0.479%,0.00,United States,2003,16595,Finance,Investment Managers
HQ,Horizon Quantum Holdings Ltd. Class A Ordinary Shares,$11.33,-0.17,-1.478%,584380258.00,Singapore,,38534,Technology,EDP Services
HQH,abrdn Healthcare Investors Shares of Beneficial Interest,$19.19,-0.23,-1.184%,908526102.00,United States,1987,38154,Finance,Finance Companies
HQI,HireQuest Inc. Common Stock (DE),$10.5318,0.0518,0.494%,147445200.00,United States,,2298,Consumer Discretionary,Professional Services
HQL,abrdn Life Sciences Investors Shares of Beneficial Interest,$17.28,-0.13,-0.747%,443744110.00,United States,1992,28534,Finance,Investment Managers
HQWWW,Horizon Quantum Holdings Ltd. Warrant,$3.25,-0.07,-2.108%,167628936.00,Singapore,,8633,Technology,EDP Services
HQY,HealthEquity Inc. Common Stock,$81.445,3.695,4.752%,6880343777.00,United States,2014,245897,Real Estate,Real Estate
HR,Healthcare Realty Trust Incorporated Common Stock,$18.765,0.175,0.941%,6502711242.00,United States,,543954,Real Estate,Real Estate Investment Trusts
HRB,H&R Block Inc. Common Stock,$30.3675,-0.6425,-2.072%,3849376344.00,United States,,551108,Consumer Discretionary,Other Consumer Services
HRI,Herc Holdings Inc. Common Stock ,$121.08,-0.38,-0.313%,4040470839.00,United States,2016,277322,Industrials,Misc Corporate Leasing Services
HRL,Hormel Foods Corporation Common Stock,$21.86,0.10,0.46%,12029212765.00,United States,,2017124,Consumer Staples,Meat/Poultry/Fish
HRMY,Harmony Biosciences Holdings Inc. Common Stock,$31.07,-1.01,-3.148%,1797939776.00,United States,2020,307992,Health Care,Biotechnology: Pharmaceutical Preparations
HROW,Harrow Inc. Common Stock,$38.95,0.20,0.516%,1450097010.00,United States,,250358,Health Care,Biotechnology: Pharmaceutical Preparations
HRTG,Heritage Insurance Holdings Inc. Common Stock,$28.35,0.38,1.359%,870938025.00,United States,2014,198672,Finance,Property-Casualty Insurers
HRTX,Heron Therapeutics Inc. Common Stock,$0.9854,-0.0144,-1.44%,185884739.00,United States,,586400,Health Care,Biotechnology: Pharmaceutical Preparations
HRZN,Horizon Technology Finance Corporation Common Stock,$3.925,-0.105,-2.605%,187633491.00,United States,2010,1028239,Finance,Finance: Consumer Services
HSAI,Hesai Group American Depositary Share each ADS represents one Class B ordinary share,$22.29,1.29,6.143%,2952704231.00,China,2023,980538,Industrials,Industrial Machinery/Components
HSBC,HSBC Holdings plc. Common Stock,$89.58,-0.06,-0.067%,307711597332.00,United Kingdom,,686154,Finance,Savings Institutions
HSCS,HeartSciences Inc. Common Stock,$2.05,0.01,0.49%,6528635.00,United States,2022,9612,Health Care,Industrial Specialties
HSCSW,HeartSciences Inc. Warrant,$0.0639,-0.0001,-0.156%,203502.00,United States,2022,21,Health Care,Industrial Specialties
HSDT,Solana Company Class A Common Stock (DE),$2.125,0.065,3.155%,116640334.00,United States,,89030,Health Care,Biotechnology: Electromedical & Electrotherapeutic Apparatus
HSHP,Himalaya Shipping Ltd. Common Shares,$13.38,0.01,0.075%,625515000.00,,2023,67313,Consumer Discretionary,Marine Transportation
HSIC,Henry Schein Inc. Common Stock,$77.32,-0.90,-1.151%,8872319303.00,United States,1995,289231,Health Care,Medical Specialities
HSLV,Highlander Silver Corp. Common Shares,$6.33,-0.11,-1.708%,1286804608.00,,,78488,,
HSPT,Horizon Space Acquisition II Corp. Ordinary share,$8.35,0.15,1.829%,0.00,United States,2025,6423,Finance,Blank Checks
HST,Host Hotels & Resorts Inc. Common Stock,$20.915,-0.155,-0.736%,14375575949.00,United States,,1902073,Real Estate,Real Estate Investment Trusts
HSTM,HealthStream Inc. Common Stock,$21.175,0.275,1.316%,623003058.00,United States,2000,40948,Technology,Computer Software: Programming Data Processing
HSY,The Hershey Company Common Stock,$191.90,-0.20,-0.104%,38896393689.00,United States,,650970,Consumer Staples,Specialty Foods
HTB,HomeTrust Bancshares Inc. Common Stock,$45.36,-0.92,-1.988%,762869016.00,United States,,15675,Finance,Savings Institutions
HTCO,High-Trend International Group Class A Ordinary Shares,$10.91,0.81,8.02%,80573885.00,Singapore,,416616,Consumer Discretionary,Marine Transportation
HTCR,Heartcore Enterprises Inc. Common Stock,$3.0798,-0.0802,-2.538%,3916847.00,Japan,2022,14263,Technology,EDP Services
HTD,John Hancock Tax Advantaged Dividend Income Fund Common Shares of Beneficial Interest,$24.90,-0.06,-0.24%,0.00,United States,2004,35281,Finance,Finance Companies
HTFC,Horizon Technology Finance Corporation 6.25% Notes due 2027,$24.68,0.0699,0.284%,1050028345.00,United States,2022,1390,Finance,Finance: Consumer Services
HTFL,Heartflow Inc. Common Stock,$31.02,-0.22,-0.704%,2660205529.00,United States,2025,163160,Health Care,Medical/Dental Instruments
HTGC,Hercules Capital Inc. Common Stock,$15.475,0.125,0.814%,2842686888.00,United States,2012,439526,Finance,Investment Managers
HTH,Hilltop Holdings Inc.,$36.56,-1.40,-3.688%,2173475804.00,United States,,159691,Finance,Major Banks
HTHT,H World Group Limited American Depositary Shares,$51.432,-0.658,-1.263%,15786490403.00,China,2010,503401,Consumer Discretionary,Hotels/Resorts
HTLD,Heartland Express Inc. Common Stock,$12.95,0.93,7.737%,1003541110.00,United States,1986,443770,Industrials,Trucking Freight/Courier Services
HTLM,HomesToLife Ltd Ordinary Shares,$1.88,-0.08,-4.082%,168612500.00,Singapore,2024,279,Consumer Discretionary,Other Specialty Stores
HTO,H2O America Common Stock,$60.65,-0.66,-1.076%,2537568101.00,United States,,177556,Utilities,Water Supply
HTOO,Fusion Fuel Green PLC Class A Ordinary Shares,$3.35,-0.05,-1.471%,10109771.00,Ireland,,36624,Energy,Industrial Machinery/Components
HTT,High Templar Tech Limited American depositary shares each representing one Class A ordinary share,$2.42,0.02,0.833%,375786080.00,China,2017,14415,Finance,Finance: Consumer Services
HTZ,Hertz Global Holdings Inc Common Stock,$5.635,-0.265,-4.492%,1775323813.00,United States,,5428099,Consumer Discretionary,Rental/Leasing Companies
HTZWW,Hertz Global Holdings Inc Warrant,$2.74,-0.06,-2.143%,863245297.00,United States,,8289,Consumer Discretionary,Rental/Leasing Companies
HUBB,Hubbell Inc Common Stock,$555.305,-2.545,-0.456%,29444899914.00,United States,2015,195022,Technology,Electrical Products
HUBC,Hub Cyber Security Ltd. Ordinary Shares,$1.935,0.195,11.207%,2328289.00,Israel,,1066077,Telecommunications,Computer Communications Equipment
HUBCW,Hub Cyber Security Ltd. Warrant 2/27/28,$0.0122,0.0038,45.238%,14680.00,Israel,,1061715,Telecommunications,Computer Communications Equipment
HUBCZ,Hub Cyber Security Ltd. Warrant ,$0.0077,0.0002,2.667%,9265.00,Israel,,1800,Telecommunications,Computer Communications Equipment
HUBG,Hub Group Inc. Class A Common Stock,$43.08,-0.42,-0.966%,2634493211.00,United States,1996,114683,Industrials,Integrated Freight & Logistics
HUBS,HubSpot Inc. Common Stock,$219.98,5.29,2.464%,11601863109.00,United States,2014,301978,Technology,Computer Software: Prepackaged Software
HUDI,Huadi International Group Co. Ltd. Ordinary Shares,$1.15,-0.035,-2.954%,16444059.00,China,2021,3787,Industrials,Steel/Iron Ore
HUHU,HUHUTECH International Group Inc. Ordinary Shares,$9.90,0.09,0.917%,252388115.00,China,2024,6859,Telecommunications,Metal Fabrications
HUIZ,Huize Holding Limited American Depositary Shares,$1.6805,0.0105,0.629%,16953852.00,China,2020,1504,Finance,Specialty Insurers
HUM,Humana Inc. Common Stock,$212.275,-2.675,-1.244%,25599508895.00,United States,,375943,Health Care,Medical Specialities
HUMA,Humacyte Inc. Common Stock,$0.7073,-0.0008,-0.113%,157034115.00,United States,2020,1137453,Health Care,Biotechnology: Biological Products (No Diagnostic Substances)
HUMAW,Humacyte Inc. Warrant,$0.0766,-0.0115,-13.053%,17006664.00,United States,2020,7987,Health Care,Biotechnology: Biological Products (No Diagnostic Substances)
HUN,Huntsman Corporation Common Stock,$13.505,-0.045,-0.332%,2349547757.00,United States,2005,1185230,Industrials,Major Chemicals
HURA,TuHURA Biosciences Inc. Common Stock,$2.3699,0.0799,3.489%,150674754.00,United States,,595556,Health Care,Biotechnology: Pharmaceutical Preparations
HURC,Hurco Companies Inc. Common Stock,$16.15,-0.14,-0.859%,104110232.00,United States,,1694,Industrials,Industrial Machinery/Components
HURN,Huron Consulting Group Inc. Common Stock,$123.67,1.84,1.51%,2050041973.00,United States,2004,99139,Consumer Discretionary,Professional Services
HUT,Hut 8 Corp. Common Stock,$80.36,1.59,2.019%,8910902142.00,United States,,2422819,Finance,Finance: Consumer Services
HUYA,HUYA Inc. American depositary shares each  representing one Class A ordinary share,$3.093,-0.007,-0.226%,691315530.00,United States,2018,117952,Technology,Computer Software: Programming Data Processing
HVII,Hennessy Capital Investment Corp. VII Ordinary Shares,$10.41,0.015,0.144%,,United States,2025,25977,,
HVIIR,Hennessy Capital Investment Corp. VII Rights,$0.3306,0.0007,0.212%,0.00,United States,2025,14038,Finance,Blank Checks
HVIIU,Hennessy Capital Investment Corp. VII Unit,$10.72,0.00,0.00%,0.00,United States,2025,3,Finance,Blank Checks
HVMC,Highview Merger Corp. Class A Ordinary Share,$10.12,0.01,0.099%,0.00,United States,2025,1020,,
HVMCU,Highview Merger Corp. Units,$10.3498,0.1198,1.171%,0.00,United States,2025,2177,Finance,Blank Checks
HVMCW,Highview Merger Corp. Warrants,$0.2751,0.0001,0.036%,0.00,United States,2025,1200,,
HVT,Haverty Furniture Companies Inc. Common Stock,$22.77,-0.01,-0.044%,368553922.00,United States,,12607,Consumer Discretionary,Other Specialty Stores
HVT/A,Haverty Furniture Companies Inc.,$23.905,0.00,0.00%,,United States,,9,,
HWBK,Hawthorn Bancshares Inc. Common Stock,$33.845,-1.005,-2.884%,233185619.00,United States,,1505,Finance,Major Banks
HWC,Hancock Whitney Corporation Common Stock,$67.12,-1.50,-2.186%,5473402691.00,United States,,175644,Finance,Major Banks
HWCPZ,Hancock Whitney Corporation 6.25% Subordinated Notes due 2060,$22.6157,-0.0043,-0.019%,1916793156.00,United States,,3174,Finance,Major Banks
HWH,HWH International Inc. Common Stock,$1.08,0.0201,1.896%,8074512.00,United States,2022,1844,Health Care,Other Pharmaceuticals
HWKN,Hawkins Inc. Common Stock,$170.68,3.16,1.886%,3567569233.00,United States,,95206,Consumer Discretionary,Specialty Chemicals
HWM,Howmet Aerospace Inc. Common Stock,$242.30,-3.86,-1.568%,97092894861.00,United States,,564771,Industrials,Metal Fabrications
HXHX,Haoxin Holdings Limited Class A Ordinary Shares,$0.6104,-0.0151,-2.414%,8393000.00,China,2025,68431,Industrials,Trucking Freight/Courier Services
HXL,Hexcel Corporation Common Stock,$87.96,-3.36,-3.679%,6634575105.00,United States,,592220,Industrials,Major Chemicals
HY,Hyster-Yale Inc. Class A common stock,$40.02,0.31,0.781%,578442117.00,United States,,31471,Industrials,Construction/Ag Equipment/Trucks
HYFM,Hydrofarm Holdings Group Inc. Common Stock,$1.0399,0.0498,5.03%,4954720.00,United States,2020,9325,Consumer Discretionary,Consumer Specialties
HYFT,MindWalk Holdings Corp. Common Stock,$1.24,0.04,3.333%,57922714.00,Canada,,128148,Health Care,Biotechnology: Pharmaceutical Preparations
HYI,Western Asset High Yield Opportunity Fund Inc. Common Stock,$10.785,-0.005,-0.046%,0.00,,2010,24382,Finance,Investment Managers
HYLN,Hyliion Holdings Corp. Class A Common Stock,$1.93,0.04,2.116%,344152107.00,United States,2019,350021,Consumer Discretionary,Construction/Ag Equipment/Trucks
HYMC,Hycroft Mining Holding Corporation Class A Common Stock,$38.40,0.54,1.426%,3496247078.00,United States,2018,913724,Basic Materials,Precious Metals
HYNE,Hoyne Bancorp Inc. Common Stock,$15.7709,-0.1491,-0.937%,127696000.00,United States,2025,3814,Finance,Banks
HYPD,Hyperion DeFi Inc. Common Stock,$4.09,0.16,4.071%,46591828.00,United States,2018,87306,Health Care,Biotechnology: Pharmaceutical Preparations
HYPR,Hyperfine Inc. Class A Common Stock,$1.31,0.03,2.344%,129061458.00,United States,2021,115539,Health Care,Biotechnology: Electromedical & Electrotherapeutic Apparatus
HYT,Blackrock Corporate High Yield Fund Inc. Common Stock,$8.595,0.005,0.058%,0.00,United States,2003,378351,Finance,Finance Companies
HZO,MarineMax Inc.  (FL) Common Stock,$29.47,-0.15,-0.506%,649147891.00,United States,1998,70461,Consumer Discretionary,Auto & Home Supply Stores
IAC,IAC Inc. Common Stock,$44.04,0.09,0.205%,3387026735.00,United States,,317529,Technology,Computer Software: Programming Data Processing
IACO,Idea Acquisition Corp. Class A Ordinary Shares,$9.90,0.02,0.202%,0.00,United States,2026,164,Finance,Blank Checks
IACOU,Idea Acquisition Corp. Units,$9.95,0.00,0.00%,0.00,United States,2026,66,Finance,Blank Checks
IAE,Voya Asia Pacific High Dividend Equity Income Fund ING Asia Pacific High Dividend Equity Income Fund Common Shares of Beneficial Interest,$8.065,0.195,2.478%,0.00,United States,2007,15793,Finance,Trusts Except Educational Religious and Charitable
IAF,abrdn Australia Equity Fund Inc. Common Stock,$12.6611,-0.0089,-0.07%,0.00,United States,1985,2856,Finance,Finance/Investors Services
IAG,Iamgold Corporation Ordinary Shares,$17.23,0.12,0.701%,10031684526.00,Canada,,4310165,Basic Materials,Precious Metals
IART,Integra LifeSciences Holdings Corporation Common Stock,$10.47,0.15,1.453%,816002568.00,United States,,114821,Health Care,Medical/Dental Instruments
IAUX,i-80 Gold Corp. Common Shares,$1.565,0.015,0.968%,1314760068.00,Canada,2022,4539007,Basic Materials,Precious Metals
IBAC,IB Acquisition Corp. Common Stock,$10.80,0.00,0.00%,0.00,United States,2024,278,Finance,Blank Checks
IBACR,IB Acquisition Corp. Right,$0.11,0.0062,5.973%,0.00,United States,2024,60601,Finance,Blank Checks
IBCP,Independent Bank Corporation Common Stock,$33.73,0.43,1.291%,694448284.00,United States,,48365,Finance,Major Banks
IBEX,IBEX Limited Common Shares,$28.10,0.33,1.188%,376695112.00,Bermuda,2020,40909,Technology,EDP Services
IBG,Innovation Beverage Group Limited Ordinary Shares,$1.10,-0.01,-0.901%,1175769.00,Australia,2024,51697,Consumer Staples,Beverages (Production/Distribution)
IBIO,iBio Inc. Common Stock,$1.73,-0.08,-4.42%,59760361.00,United States,,692933,Health Care,Biotechnology: Pharmaceutical Preparations
IBKR,Interactive Brokers Group Inc. Class A Common Stock,$76.39,0.49,0.646%,34040642678.00,United States,2019,1282043,Finance,Investment Bankers/Brokers/Service
IBM,International Business Machines Corporation Common Stock,$225.59,-5.49,-2.376%,211611181198.00,United States,,5163213,Technology,Computer Manufacturing
IBN,ICICI Bank Limited Common Stock,$27.715,-0.335,-1.194%,98880738788.00,India,,3249456,Finance,Commercial Banks
IBO,Impact BioMedical Inc. Common Stock,$0.6311,-0.0239,-3.649%,68045979.00,,2024,14267,Health Care,Biotechnology: Pharmaceutical Preparations
IBOC,International Bancshares Corporation Common Stock,$71.485,-0.785,-1.086%,4444936871.00,United States,,64894,Finance,Major Banks
IBP,Installed Building Products Inc. Common Stock,$303.88,-5.10,-1.651%,8186020632.00,United States,2014,69617,Consumer Discretionary,Homebuilding
IBRX,ImmunityBio Inc. Common Stock,$7.585,-0.605,-7.387%,7798225394.00,United States,2015,8629696,Health Care,Biotechnology: Biological Products (No Diagnostic Substances)
IBTA,Ibotta Inc. Class A Common Stock,$35.79,0.06,0.168%,853433666.00,United States,2024,38227,Consumer Discretionary,Advertising
ICCC,ImmuCell Corporation Common Stock,$8.435,0.435,5.438%,76309750.00,United States,1987,12533,Health Care,Biotechnology: In Vitro & In Vivo Diagnostic Substances
ICCM,IceCure Medical Ltd. Ordinary Shares,$0.2815,-0.0101,-3.464%,22852183.00,Israel,,383801,Health Care,Medical/Dental Instruments
ICE,Intercontinental Exchange Inc. Common Stock,$156.78,-0.70,-0.445%,88805014710.00,United States,2005,918119,Finance,Investment Bankers/Brokers/Service
ICFI,ICF International Inc. Common Stock,$67.30,0.35,0.523%,1218962501.00,United States,2006,475808,Consumer Discretionary,Professional Services
ICG,Intchains Group Limited American Depositary Shares,$1.305,0.015,1.163%,157621687.00,China,2023,34233,Technology,Semiconductors
ICHR,Ichor Holdings Ordinary Shares,$72.0782,3.6682,5.362%,2504336228.00,United States,2016,418724,Technology,Semiconductors
ICL,ICL Group Ltd. Ordinary Shares,$5.175,-0.035,-0.672%,6679231373.00,Israel,2014,610706,Industrials,Agricultural Chemicals
ICLR,ICON plc Ordinary Shares,$104.65,-1.69,-1.589%,8451205399.00,Ireland,1998,833571,Health Care,Biotechnology: Commercial Physical & Biological Resarch
ICMB,Investcorp Credit Management BDC Inc. Common Stock,$1.87,0.01,0.538%,26988723.00,United States,2014,5219,Finance,Finance: Consumer Services
ICON,Icon Energy Corp. Common stock,$1.03,0.02,1.98%,3310491.00,Greece,2024,41741,Consumer Discretionary,Marine Transportation
ICR^A,InPoint Commercial Real Estate Income Inc. 6.75% Series A Cumulative Redeemable Preferred Stock,$20.85,-0.07,-0.335%,,,,402,,
ICU,SeaStar Medical Holding Corporation Common Stock,$4.145,-0.095,-2.241%,16553965.00,United States,2021,101014,Health Care,Medical/Dental Instruments
ICUCW,SeaStar Medical Holding Corporation Warrant,$0.0199,0.00,0.00%,79475.00,United States,2021,1659,Health Care,Medical/Dental Instruments
ICUI,ICU Medical Inc. Common Stock,$123.38,-1.17,-0.939%,3083560831.00,United States,1992,76013,Health Care,Medical/Dental Instruments
IDA,IDACORP Inc. Common Stock,$146.925,-1.895,-1.273%,8074372393.00,United States,,82833,Utilities,Electric Utilities: Central
IDAI,T Stamp Inc. Class A Common Stock,$2.43,-0.02,-0.816%,12842569.00,United States,,39131,Technology,Computer Software: Prepackaged Software
IDCC,InterDigital Inc. Common Stock,$368.91,9.46,2.632%,9539869832.00,United States,,58107,Miscellaneous,Multi-Sector Companies
IDE,Voya Infrastructure Industrials and Materials Fund Common Shares of Beneficial Interest,$13.47,0.15,1.126%,0.00,United States,2010,24485,Finance,Finance/Investors Services
IDN,Intellicheck Inc. Common Stock,$8.24,-0.41,-4.74%,166769854.00,United States,1999,390741,Technology,Computer Software: Prepackaged Software
IDR,Idaho Strategic Resources Inc. Common Stock,$43.38,1.03,2.432%,685677337.00,United States,2022,43933,Basic Materials,Precious Metals
IDT,IDT Corporation Class B Common Stock,$51.32,0.01,0.019%,1286912124.00,United States,,27177,Telecommunications,Telecommunications Equipment
IDXX,IDEXX Laboratories Inc. Common Stock,$559.55,-1.38,-0.246%,44494822317.00,United States,1991,211841,Health Care,Biotechnology: In Vitro & In Vivo Diagnostic Substances
IDYA,IDEAYA Biosciences Inc. Common Stock,$30.64,-0.06,-0.195%,2690621787.00,United States,2019,244261,Health Care,Biotechnology: Pharmaceutical Preparations
IE,Ivanhoe Electric Inc. Common Stock,$13.8201,0.2401,1.768%,2162979000.00,Canada,2022,736081,Basic Materials,Metal Mining
IEAG,Infinite Eagle Acquisition Corp. Class A Ordinary Shares,$10.03,0.00,0.00%,0.00,United States,2026,2,Finance,Blank Checks
IEAGU,Infinite Eagle Acquisition Corp. Unit,$10.2199,0.0399,0.392%,0.00,United States,2026,2000,,
IEP,Icahn Enterprises L.P. Common Stock,$8.115,0.055,0.682%,5170954703.00,United States,,247738,Consumer Discretionary,Auto Parts:O.E.M.
IESC,IES Holdings Inc. Common Stock,$606.325,20.155,3.438%,12082843994.00,United States,,147041,Industrials,Engineering & Construction
IEX,IDEX Corporation Common Stock,$206.56,-0.08,-0.039%,15327292361.00,United States,1989,121405,Industrials,Fluid Controls
IFBD,Infobird Co. Ltd Ordinary Shares,$1.0209,0.0409,4.173%,8359715.00,China,2021,2263,Technology,Computer Software: Prepackaged Software
IFF,International Flavors & Fragrances Inc. Common Stock,$70.59,-0.35,-0.493%,18034155807.00,United States,,239268,Industrials,Major Chemicals
IFN,Aberdeen India Fund Inc. Common Stock,$12.02,-0.01,-0.083%,0.00,United States,,35299,Finance,Finance/Investors Services
IFRX,InflaRx N.V. Common Stock,$1.49,-0.07,-4.487%,107716360.00,Germany,2017,713266,Health Care,Biotechnology: Pharmaceutical Preparations
IFS,Intercorp Financial Services Inc. Common Shares,$45.18,-0.61,-1.332%,5215927312.00,,2019,87900,Finance,Commercial Banks
IGA,Voya Global Advantage and Premium Opportunity Fund Common Shares of Beneficial Interest,$9.59,0.04,0.419%,0.00,United States,2005,74447,Finance,Investment Managers
IGAC,Invest Green Acquisition Corporation Class A Ordinary Shares,$9.95,0.00,0.00%,0.00,United States,2025,1,Finance,Blank Checks
IGACR,Invest Green Acquisition Corporation Rights,$0.1899,-0.0001,-0.053%,0.00,United States,2025,1642,,
IGACU,Invest Green Acquisition Corporation Units,$10.22,0.14,1.389%,0.00,United States,2025,1113,Finance,Blank Checks
IGC,IGC Pharma Inc. Common Stock,$0.3388,-0.0009,-0.265%,32463146.00,United States,,227178,Health Care,Biotechnology: Pharmaceutical Preparations
IGD,Voya Global Equity Dividend and Premium Opportunity Fund,$5.962,0.022,0.37%,0.00,United States,2005,76988,Finance,Trusts Except Educational Religious and Charitable
IGI,Western Asset Investment Grade Opportunity Trust Inc. Common Stock,$16.00,-0.09,-0.559%,0.00,United States,2009,21697,Finance,Investment Managers
IGIC,International General Insurance Holdings Ltd. Ordinary Share,$26.345,-0.075,-0.284%,1128678181.00,Jordan,2018,10792,Finance,Property-Casualty Insurers
IGR,CBRE Global Real Estate Income Fund Common Shares of Beneficial Interest,$4.72,-0.01,-0.211%,0.00,United States,2004,171876,Finance,Finance Companies
IH,iHuman Inc. American depositary shares each representing five Class A ordinary shares,$1.70,-0.06,-3.409%,87586683.00,United States,2020,2708,Real Estate,Other Consumer Services
IHD,Voya Emerging Markets High Income Dividend Equity Fund Common Shares,$7.27,0.12,1.678%,0.00,United States,2011,69328,Finance,Investment Managers
IHG,Intercontinental Hotels Group American Depositary Shares (Each representing one Ordinary Share),$146.35,2.73,1.901%,22156161099.00,United Kingdom,,110896,Consumer Discretionary,Hotels/Resorts
IHRT,iHeartMedia Inc. Class A Common Stock,$4.04,0.03,0.748%,610421582.00,United States,,85823,Consumer Discretionary,Broadcasting
IHS,IHS Holding Limited Ordinary Shares,$8.245,0.025,0.304%,2766372475.00,Cayman Islands,2021,1055054,Telecommunications,Telecommunications Equipment
IHT,InnSuites Hospitality Trust Shares of Beneficial Interest,$1.18,-0.02,-1.667%,10861704.00,United States,1999,5577,Finance,Investment Bankers/Brokers/Service
IIF,Morgan Stanley India Investment Fund Inc. Common Stock,$22.17,0.01,0.045%,0.00,United States,1994,47444,Finance,Trusts Except Educational Religious and Charitable
III,Information Services Group Inc. Common Stock,$4.095,0.085,2.12%,195226426.00,United States,,62163,Consumer Discretionary,Professional Services
IIIN,Insteel Industries Inc. Common Stock,$25.76,0.04,0.156%,500600443.00,United States,,90339,Industrials,Steel/Iron Ore
IIIV,i3 Verticals Inc. Class A Common Stock,$21.27,-0.01,-0.047%,648221351.00,United States,2018,117105,Technology,Computer Software: Prepackaged Software
IIM,Invesco Value Municipal Income Trust Common Stock,$12.20,0.03,0.247%,574234956.00,United States,,72437,Finance,Investment Managers
IINN,Inspira Technologies Oxy B.H.N. Ltd. Ordinary Shares,$0.525,-0.0147,-2.724%,23056423.00,Israel,2021,72122,Health Care,Medical/Dental Instruments
IINNW,Inspira Technologies Oxy B.H.N. Ltd. Warrant,$0.0699,0.00,0.00%,3069798.00,Israel,2021,1,Health Care,Medical/Dental Instruments
IIPR,Innovative Industrial Properties Inc. Common Stock,$54.9501,1.9401,3.66%,1570115034.00,United States,2016,122298,Finance,Real Estate
IIPR^A,Innovative Industrial Properties Inc. 9.00% Series A Cumulative Redeemable Preferred Stock,$22.075,0.235,1.076%,,United States,,57432,,
IKT,Inhibikase Therapeutics Inc. Common Stock,$1.92,-0.01,-0.518%,253560261.00,United States,2020,199809,Health Care,Biotechnology: Biological Products (No Diagnostic Substances)
ILAG,Intelligent Living Application Group Inc. Ordinary Shares,$3.82,0.16,4.372%,7935851.00,Hong Kong,2022,5051,Consumer Discretionary,Office Equipment/Supplies/Services
ILLR,Triller Group Inc. Common Stock,$0.2062,-0.0496,-19.39%,40717694.00,United States,2019,1594799,Finance,Investment Managers
ILLRW,Triller Group Inc. Warrant,$0.0428,-0.0092,-17.692%,8451587.00,United States,2019,5186,Finance,Investment Managers
ILLU,Illumination Acquisition Corp I Class A Ordinary Shares,$9.83,0.00,0.00%,0.00,United States,2026,306,,
ILLUW,Illumination Acquisition Corp I Warrant,$0.2799,0.0198,7.612%,0.00,United States,2026,980,,
ILMN,Illumina Inc. Common Stock,$127.22,1.78,1.419%,19325597726.00,United States,2000,296056,Health Care,Medical Specialities
ILPT,Industrial Logistics Properties Trust Common Shares of Beneficial Interest,$7.34,0.18,2.514%,489233967.00,United States,2018,150048,Real Estate,Real Estate Investment Trusts
IMA,ImageneBio Inc. Common Stock,$6.10,0.24,4.096%,64991114.00,United States,2021,9223,Health Care,Biotechnology: Biological Products (No Diagnostic Substances)
IMAX,Imax Corporation Common Stock,$36.61,0.00,0.00%,1976684352.00,Canada,,200675,Consumer Discretionary,Industrial Machinery/Components
IMCC,IM Cannabis Corp. Common Shares,$0.2819,-0.0178,-5.939%,1661748.00,Canada,,500889,Health Care, Medicinal Chemicals and Botanical Products 
IMCR,Immunocore Holdings plc American Depositary Shares,$29.25,0.02,0.068%,1406584121.00,United Kingdom,2021,90685,Health Care,Biotechnology: Biological Products (No Diagnostic Substances)
IMDX,Insight Molecular Diagnostics Inc. Common Stock,$3.7886,0.2686,7.631%,121871601.00,United States,,112801,Health Care,Biotechnology: In Vitro & In Vivo Diagnostic Substances
IMKTA,Ingles Markets Incorporated Class A Common Stock,$90.61,-0.24,-0.264%,1721080409.00,United States,1987,28835,Consumer Staples,Food Chains
IMMP,Immutep Limited American Depositary Shares,$0.5707,-0.0002,-0.035%,84002494.00,Australia,,1370638,Health Care,Biotechnology: Pharmaceutical Preparations
IMMR,Immersion Corporation Common Stock,$6.145,0.035,0.573%,203402278.00,United States,1999,180572,Technology,Computer peripheral equipment
IMMX,Immix Biopharma Inc. Common Stock,$9.99,-0.18,-1.77%,529590799.00,United States,2021,214183,Health Care,Biotechnology: Pharmaceutical Preparations
IMNM,Immunome Inc. Common Stock,$23.51,0.52,2.262%,2659761508.00,United States,2020,175282,Health Care,Biotechnology: Pharmaceutical Preparations
IMNN,Imunon Inc. Common Stock,$2.80,-0.06,-2.098%,10983739.00,United States,,13672,Health Care,Biotechnology: Pharmaceutical Preparations
IMO,Imperial Oil Limited Common Stock,$124.18,-2.55,-2.012%,60052578740.00,Canada,1929,83558,Energy,Integrated oil Companies
IMOS,ChipMOS TECHNOLOGIES INC. American Depositary Shares,$45.57,-0.20,-0.437%,1594911539.00,Taiwan,,64624,Technology,Semiconductors
IMPP,Imperial Petroleum Inc. Common Shares,$4.525,0.025,0.556%,207013035.00,Greece,,130147,Consumer Discretionary,Marine Transportation
IMPPP,Imperial Petroleum Inc. 8.75% Series A Cumulative Redeemable Perpetual Preferred Shares,$26.25,-0.11,-0.417%,1200904346.00,Greece,,1163,Consumer Discretionary,Marine Transportation
IMRN,Immuron Limited American Depositary Shares,$0.8411,-0.0402,-4.561%,5639995.00,Australia,2017,8750,Health Care,Biotechnology: Pharmaceutical Preparations
IMRX,Immuneering Corporation Class A Common Stock,$6.03,-0.10,-1.631%,390124279.00,United States,2021,354861,Health Care,Biotechnology: Pharmaceutical Preparations
IMSR,Terrestrial Energy Inc. Common Stock  ,$7.98,0.24,3.101%,845363423.00,United States,2024,1807271,,
IMSRW,Terrestrial Energy Inc. Warrant,$3.83,0.175,4.788%,0.00,United States,2024,5005,,
IMTE,Integrated Media Technology Limited Ordinary Shares,$0.52,0.01,1.961%,1792146.00,Australia,,9266,Consumer Staples,Consumer Electronics/Appliances
IMTX,Immatics N.V. Ordinary Shares,$11.225,0.075,0.673%,1505234066.00,Germany,,76007,Health Care,Biotechnology: Biological Products (No Diagnostic Substances)
IMUX,Immunic Inc. Common Stock,$0.8999,-0.0184,-2.004%,117405296.00,United States,2014,1746435,Health Care,Biotechnology: Pharmaceutical Preparations
IMVT,Immunovant Inc. Common Stock,$28.85,-0.06,-0.208%,5871903393.00,United States,2019,414245,Health Care,Biotechnology: Biological Products (No Diagnostic Substances)
IMXI,International Money Express Inc. Common Stock,$15.905,0.025,0.157%,479324738.00,United States,2017,148023,Real Estate,Real Estate
INAB,IN8bio Inc. Common Stock,$1.46,0.04,2.817%,14376750.00,United States,2021,19808,Health Care,Biotechnology: Biological Products (No Diagnostic Substances)
INAC,Indigo Acquisition Corp. Ordinary Shares,$10.17,0.0077,0.076%,0.00,United States,2025,1310,,
INACR,Indigo Acquisition Corp. Right,$0.145,0.00,0.00%,0.00,United States,2025,69,,
INACU,Indigo Acquisition Corp. Unit,$10.30,0.02,0.195%,0.00,United States,2025,500,,
INBK,First Internet Bancorp Common Stock,$22.58,-0.04,-0.177%,196822228.00,United States,,14918,Finance,Major Banks
INBKZ,First Internet Bancorp 6.0% Fixed-to-Floating Rate Subordinated Notes Due 2029,$24.80,0.05,0.202%,216084731.00,United States,,3381,Finance,Major Banks
INBS,Intelligent Bio Solutions Inc. Common Stock,$2.5301,-0.0999,-3.798%,5063168.00,United States,2020,24668,Health Care,Medical/Dental Instruments
INBX,Inhibrx Biosciences Inc. Common Stock,$122.56,2.63,2.193%,1790238332.00,United States,,225427,Health Care,Biotechnology: Biological Products (No Diagnostic Substances)
INCR,Intercure Ltd. Ordinary Shares,$0.92,0.021,2.336%,50306828.00,Israel,,51169,Health Care,Biotechnology: Pharmaceutical Preparations
INCY,Incyte Corp. Common Stock,$94.745,-0.725,-0.759%,18855627476.00,United States,,330765,Health Care,Biotechnology: Commercial Physical & Biological Resarch
INDB,Independent Bank Corp. Common Stock,$77.62,-0.62,-0.792%,3770177036.00,United States,,82665,Finance,Major Banks
INDI,indie Semiconductor Inc. Class A Common Stock,$3.88,0.45,13.12%,879219496.00,United States,,5036439,Technology,Semiconductors
INDO,Indonesia Energy Corporation Limited Ordinary Shares,$3.1701,-0.2799,-8.113%,47511791.00,,2019,701929,Energy,Oil & Gas Production
INDP,Indaptus Therapeutics Inc. Common Stock,$3.27,0.12,3.81%,7332399.00,United States,,7855,Health Care,Biotechnology: Pharmaceutical Preparations
INDV,Indivior Pharmaceuticals Inc. Common Stock,$33.01,-0.15,-0.452%,4118651758.00,United Kingdom,,233728,Health Care,Biotechnology: Pharmaceutical Preparations
INEO,INNEOVA Holdings Limited Class A Ordinary Shares,$0.6807,0.0563,9.017%,11007344.00,Singapore,2024,133692,Consumer Discretionary,Motor Vehicles
INFQ,Infleqtion Inc. Common Stock,$13.52,-0.44,-3.152%,2926700453.00,,2026,6066627,Technology,EDP Services
INFU,InfuSystems Holdings Inc. Common Stock,$10.19,-0.08,-0.779%,205776840.00,United States,,51503,Health Care,Medical/Dental Instruments
INFY,Infosys Limited American Depositary Shares,$12.505,-0.435,-3.362%,51948437492.00,India,,10028454,Technology,EDP Services
ING,ING Group N.V. Common Stock,$27.93,0.21,0.758%,81065084626.00,Netherlands,1997,1335020,Finance,Commercial Banks
INGM,Ingram Micro Holding Corporation Common Stock,$30.55,0.14,0.46%,7076801614.00,United States,2024,304553,Technology,Retail: Computer Software & Peripheral Equipment
INGN,Inogen Inc Common Stock,$6.995,0.005,0.072%,191135689.00,United States,2014,115678,Health Care,Industrial Specialties
INGR,Ingredion Incorporated Common Stock,$111.94,-0.95,-0.842%,7058283790.00,United States,,87119,Consumer Staples,Packaged Foods
INHD,Inno Holdings Inc. Common Stock,$0.1493,-0.007,-4.479%,1256094.00,United States,2023,14594869,Industrials,Steel/Iron Ore
INKT,MiNK Therapeutics Inc. Common Stock,$10.883,0.153,1.426%,54043433.00,United States,2021,30382,Health Care,Biotechnology: Biological Products (No Diagnostic Substances)
INLF,INLIF LIMITED Class A Ordinary Shares,$3.30,-0.19,-5.444%,45560625.00,China,2025,45779,Industrials,Industrial Machinery/Components
INLX,Intellinetics Inc. Common Stock,$7.00,0.00,0.00%,31319904.00,,2022,72,Technology,Computer Software: Prepackaged Software
INM,InMed Pharmaceuticals Inc. Common Shares,$0.775,0.0129,1.693%,2173244.00,Canada,,36208,Health Care,Biotechnology: Pharmaceutical Preparations
INMB,INmune Bio Inc. Common stock,$1.415,0.035,2.536%,37618140.00,United States,2019,61050,Health Care,Biotechnology: Biological Products (No Diagnostic Substances)
INMD,InMode Ltd. Ordinary Shares,$14.325,-0.035,-0.244%,907614094.00,Israel,2019,186373,Health Care,Biotechnology: Electromedical & Electrotherapeutic Apparatus
INN,Summit Hotel Properties Inc. Common Stock,$4.74,0.04,0.851%,515705772.00,United States,2011,116908,Real Estate,Real Estate Investment Trusts
INN^E,Summit Hotel Properties Inc. 6.250% Series E Cumulative Redeemable Preferred Stock,$18.465,0.145,0.791%,,United States,,272,,
INN^F,Summit Hotel Properties Inc. 5.875% Series F Cumulative Redeemable Preferred Stock $0.01 par value per share,$17.635,0.025,0.142%,,United States,,376,,
INNV,InnovAge Holding Corp. Common Stock,$7.7668,0.0268,0.346%,1053950651.00,United States,2021,58570,Health Care,Medical/Nursing Services
INO,Inovio Pharmaceuticals Inc. Common Stock,$1.14,0.00,0.00%,79159121.00,United States,,442373,Health Care,Medical/Dental Instruments
INOD,Innodata Inc. Common Stock,$41.90,-1.58,-3.634%,1366040434.00,United States,1993,468346,Technology,EDP Services
INR,Infinity Natural Resources Inc. Class A Common Stock,$15.9149,0.0049,0.031%,1011095989.00,United States,2025,70626,Energy,Oil & Gas Production
INSE,Inspired Entertainment Inc. Common Stock,$6.955,0.205,3.037%,185527094.00,United States,2014,37344,Technology,Computer Software: Prepackaged Software
INSG,Inseego Corp. Common Stock,$15.23,0.41,2.767%,247160786.00,United States,,34181,Telecommunications,Telecommunications Equipment
INSM,Insmed Incorporated Common Stock,$136.36,-7.47,-5.194%,29433599038.00,United States,,896135,Health Care,Biotechnology: Pharmaceutical Preparations
INSP,Inspire Medical Systems Inc. Common Stock,$55.63,-0.72,-1.278%,1601806827.00,United States,2018,143169,Health Care,Medical/Dental Instruments
INSW,International Seaways Inc. Common Stock ,$79.345,2.535,3.30%,3927950104.00,United States,2016,145070,Consumer Discretionary,Marine Transportation
INTA,Intapp Inc. Common Stock,$21.80,0.08,0.368%,1752628200.00,United States,2021,182966,Technology,Computer Software: Prepackaged Software
INTC,Intel Corporation Common Stock,$80.925,14.145,21.181%,405703354515.00,United States,,186731005,Technology,Semiconductors
INTG,Intergroup Corporation (The) Common Stock,$35.975,0.685,1.941%,77303512.00,United States,,9664,Real Estate,Building operators
INTJ,Intelligent Group Limited Class A Ordinary Shares ,$10.36,0.00,0.00%,15928479.00,Hong Kong,2024,207,Consumer Discretionary,Professional Services
INTR,Inter & Co. Inc. Class A Common Shares,$7.945,-0.045,-0.563%,3493449639.00,Brazil,,1176083,Finance,Commercial Banks
INTS,Intensity Therapeutics Inc. Common stock,$5.3199,-0.0101,-0.189%,13515302.00,United States,2023,17798,Health Care,Biotechnology: Biological Products (No Diagnostic Substances)
INTT,inTest Corporation Common Stock,$19.06,1.86,10.814%,238165069.00,United States,1997,419248,Industrials,Electrical Products
INTU,Intuit Inc. Common Stock,$388.235,4.935,1.288%,107366389250.00,United States,1993,742500,Technology,Computer Software: Prepackaged Software
INTZ,Intrusion Inc. Common Stock,$0.8216,0.0182,2.265%,16735225.00,United States,,57679,Telecommunications,Computer Communications Equipment
INUV,Inuvo Inc.,$1.97,-0.02,-1.005%,28986038.00,United States,,113748,Consumer Discretionary,Advertising
INV,Innventure Inc. Common Stock,$6.675,-0.225,-3.261%,534462704.00,United States,,2097308,Finance,Blank Checks
INVA,Innoviva Inc. Common Stock,$23.27,-0.21,-0.894%,1723175194.00,United States,2004,159951,Health Care,Biotechnology: Pharmaceutical Preparations
INVE,Identiv Inc. Common Stock,$4.20,0.32,8.247%,100581894.00,United States,,789135,Technology,Computer peripheral equipment
INVH,Invitation Homes Inc. Common Stock,$27.165,-0.135,-0.495%,16553973216.00,United States,2017,1294373,Finance,Real Estate
INVX,Innovex International Inc. Common Stock,$27.935,0.655,2.401%,1915326680.00,United States,,63695,Consumer Discretionary,Oil and Gas Field Machinery
INVZ,Innoviz Technologies Ltd. Ordinary shares,$0.7067,0.0867,13.984%,151603801.00,Israel,,2900257,Consumer Discretionary,Auto Parts:O.E.M.
IONQ,IonQ Inc. Common Stock,$42.425,-1.205,-2.762%,15554734073.00,United States,2021,13516545,Technology,EDP Services
IONR,ioneer Ltd American Depositary Shares,$3.86,0.00,0.00%,257443630.00,Australia,,12719,Industrials,Mining & Quarrying of Nonmetallic Minerals (No Fuels)
IONS,Ionis Pharmaceuticals Inc. Common Stock,$73.165,-0.925,-1.248%,12086273485.00,United States,,712826,Health Care,Biotechnology: Pharmaceutical Preparations
IOR,Income Opportunity Realty Investors Inc. Common Stock,$17.90,-0.16,-0.886%,72784586.00,United States,1987,1004,Real Estate,Real Estate Investment Trusts
IOSP,Innospec Inc. Common Stock,$77.015,0.355,0.463%,1916939316.00,United States,,44972,Industrials,Major Chemicals
IOT,Samsara Inc. Class A Common Stock,$29.22,-0.06,-0.205%,16968530198.00,United States,2021,1123040,Technology,EDP Services
IOTR,iOThree Limited Ordinary Shares,$2.5083,0.0583,2.38%,6433792.00,Singapore,2025,3649,Consumer Discretionary,Telecommunications Equipment
IOVA,Iovance Biotherapeutics Inc. Common Stock,$3.475,-0.005,-0.144%,1551595826.00,United States,,5259047,Health Care,Biotechnology: Biological Products (No Diagnostic Substances)
IP,International Paper Company Common Stock,$32.885,-0.655,-1.953%,17412154049.00,United States,,2477188,Basic Materials,Paper
IPAR,Interparfums Inc. Common Stock,$91.66,0.51,0.56%,2939699813.00,United States,,145988,Consumer Discretionary,Package Goods/Cosmetics
IPCX,Inflection Point Acquisition Corp. III Class A Ordinary Shares,$10.30,0.00,0.00%,0.00,United States,2025,10514,Finance,Blank Checks
IPCXR,Inflection Point Acquisition Corp. III Rights,$0.38,0.0273,7.74%,0.00,United States,2025,2235,Finance,Blank Checks
IPCXU,Inflection Point Acquisition Corp. III Units,$10.42,0.00,0.00%,0.00,United States,2025,1,Finance,Blank Checks
IPDN,Professional Diversity Network Inc. Common Stock,$0.9249,-0.0451,-4.649%,9475402.00,United States,2013,22153,Technology,Computer Software: Programming Data Processing
IPEX,Inflection Point Acquisition Corp. V Class A Ordinary Shares,$10.43,0.00,0.00%,,United States,2025,32,Health Care,Biotechnology: Pharmaceutical Preparations
IPEXR,Inflection Point Acquisition Corp. V Rights,$0.7699,0.1099,16.652%,0.00,United States,2025,1039,Finance,Blank Checks
IPEXU,Inflection Point Acquisition Corp. V Units,$10.61,0.00,0.00%,0.00,United States,2025,3,Finance,Blank Checks
IPFXU,Inflection Point Acquisition Corp. VI Units,$10.145,0.025,0.247%,0.00,United States,2026,20500,Finance,Blank Checks
IPGP,IPG Photonics Corporation Common Stock,$127.86,4.30,3.48%,5426810695.00,United States,2006,617700,Technology,Semiconductors
IPHA,Innate Pharma S.A. ADS,$1.3757,0.0057,0.416%,129026962.00,France,2019,9792,Health Care,Biotechnology: Biological Products (No Diagnostic Substances)
IPI,Intrepid Potash Inc Common Stock,$36.79,-0.62,-1.657%,494227331.00,United States,2008,47581,Industrials,Mining & Quarrying of Nonmetallic Minerals (No Fuels)
IPM,Intelligent Protection Management Corp. Common Stock ,$1.715,-0.045,-2.557%,15582025.00,United States,,4871,Technology,Computer Software: Programming Data Processing
IPOD,Dune Acquisition Corporation II Class A Ordinary Shares,$10.37,0.01,0.097%,0.00,United States,2025,40905,Finance,Blank Checks
IPSC,Century Therapeutics Inc. Common Stock,$2.26,0.00,0.00%,406929451.00,United States,2021,467645,Health Care,Biotechnology: Biological Products (No Diagnostic Substances)
IPST,IP Strategy Holdings Inc. Common Stock,$5.515,0.015,0.273%,2921086.00,United States,2024,20791,Consumer Staples,Beverages (Production/Distribution)
IPW,iPower Inc. Common Stock,$1.00,-0.07,-6.542%,1322477.00,United States,2021,407114,Consumer Discretionary,RETAIL: Building Materials
IPWR,Ideal Power Inc. Common Stock,$4.64,0.83,21.785%,56094765.00,United States,2013,1354598,Technology,Semiconductors
IPX,IperionX Limited American Depositary Share,$29.745,0.03,0.101%,1009497916.00,United States,,45275,Basic Materials,Other Metals and Minerals
IQ,iQIYI Inc. American Depositary Shares,$1.17,-0.03,-2.50%,1129078940.00,China,2018,6029780,Consumer Discretionary,Consumer Electronics/Video Chains
IQI,Invesco Quality Municipal Income Trust Common Stock,$9.885,0.025,0.254%,522756333.00,United States,,71124,Finance,Finance Companies
IQST,iQSTEL Inc. Common Stock,$1.55,-0.33,-17.553%,7859652.00,United States,,5805744,Telecommunications,Telecommunications Equipment
IQV,IQVIA Holdings Inc. Common Stock,$162.87,2.19,1.363%,27641915936.00,United States,2013,362531,Health Care,Biotechnology: Commercial Physical & Biological Resarch
IR,Ingersoll Rand Inc. Common Stock,$84.59,-0.36,-0.424%,33126966112.00,United States,2017,874367,Industrials,Industrial Machinery/Components
IRD,Opus Genetics Inc. Common Stock,$5.1001,-0.1099,-2.109%,364159747.00,United States,,317781,Health Care,Biotechnology: Pharmaceutical Preparations
IRDM,Iridium Communications Inc Common Stock,$39.48,-1.45,-3.543%,4173745574.00,United States,,2041219,Telecommunications,Telecommunications Equipment
IREN,IREN Limited Ordinary Shares,$51.43,-0.59,-1.134%,17089180098.00,Australia,2021,25859361,Technology,EDP Services
IRHO,Iron Horse Acquisitions II Corp. Common Stock,$9.96,0.01,0.101%,0.00,United States,2026,5710,,
IRHOR,Iron Horse Acquisitions Corp. II Rights,$0.16,-0.0011,-0.683%,0.00,United States,2026,5784,,
IRHOU,Iron Horse Acquisitions II Corp. Units,$10.225,0.00,0.00%,0.00,United States,2025,1193,Finance,Blank Checks
IRIX,IRIDEX Corporation Common Stock,$1.065,0.015,1.429%,18432382.00,United States,1996,29634,Health Care,Biotechnology: Electromedical & Electrotherapeutic Apparatus
IRM,Iron Mountain Incorporated (Delaware)Common Stock REIT,$116.875,0.755,0.65%,34767836737.00,United States,,548032,Real Estate,Real Estate Investment Trusts
IRMD,iRadimed Corporation Common Stock,$89.325,0.525,0.591%,1141802708.00,United States,2014,31279,Health Care,Medical/Dental Instruments
IRON,Disc Medicine Inc. Common Stock,$68.90,0.58,0.849%,2629228479.00,United States,,79492,Health Care,Biotechnology: Pharmaceutical Preparations
IRS,IRSA Inversiones Y Representaciones S.A. Global Depositary Shares (Each representing ten shares of Common Stock),$14.645,-0.025,-0.17%,115434936.00,Argentina,,73246,Real Estate,Homebuilding
IRT,Independence Realty Trust Inc. Common Stock,$15.82,-0.03,-0.189%,3727940428.00,United States,2013,945182,Real Estate,Real Estate Investment Trusts
IRTC,iRhythm Holdings Inc. Common Stock,$120.65,-0.81,-0.667%,3963678376.00,United States,2016,60577,Health Care,Medical/Dental Instruments
IRWD,Ironwood Pharmaceuticals Inc. Class A Common Stock,$3.85,0.06,1.583%,627774517.00,United States,2010,559350,Health Care,Biotechnology: Pharmaceutical Preparations
ISBA,Isabella Bank Corporation Common stock,$41.195,-3.235,-7.281%,302078816.00,United States,,30586,Finance,Major Banks
ISD,PGIM High Yield Bond Fund Inc.,$13.36,0.02,0.15%,0.00,United States,2012,26725,Finance,Trusts Except Educational Religious and Charitable
ISOU,IsoEnergy Ltd. Common Shares,$11.95,-0.25,-2.049%,723646196.00,,2025,22229,,
ISPC,iSpecimen Inc. Common Stock,$0.1282,-0.034,-20.962%,3802700.00,United States,2021,20971067,Health Care,Biotechnology: Commercial Physical & Biological Resarch
ISPR,Ispire Technology Inc. Common Stock,$1.57,0.01,0.641%,89945086.00,United States,2023,42708,Health Care, Medicinal Chemicals and Botanical Products 
ISRG,Intuitive Surgical Inc. Common Stock,$477.945,-0.875,-0.183%,169270359520.00,United States,2000,986992,Health Care,Industrial Specialties
ISSC,Innovative Solutions and Support Inc. Common Stock,$19.785,-0.265,-1.322%,351744516.00,United States,2000,194764,Technology,EDP Services
ISTR,Investar Holding Corporation Common Stock,$27.80,0.39,1.423%,382089455.00,United States,2014,32775,Finance,Major Banks
IT,Gartner Inc. Common Stock,$148.80,0.20,0.135%,10045516421.00,United States,1993,321746,Consumer Discretionary,Other Consumer Services
ITGR,Integer Holdings Corporation Common Stock,$84.83,-0.03,-0.035%,2890165989.00,United States,,66803,Health Care,Biotechnology: Electromedical & Electrotherapeutic Apparatus
ITHAU,ITHAX Acquisition Corp III Units,$10.00,0.00,0.00%,0.00,United States,2025,2,,
ITIC,Investors Title Company Common Stock,$245.73,2.54,1.044%,463937257.00,United States,,19402,Finance,Specialty Insurers
ITOC,iTonic Holdings Ltd Class A Ordinary Shares,$0.3593,0.0597,19.927%,6126065.00,China,2024,29437374,Health Care,Biotechnology: Electromedical & Electrotherapeutic Apparatus
ITP,IT Tech Packaging Inc. Common Stock,$0.1903,0.0023,1.223%,3228519.00,China,,312560,Consumer Discretionary,Containers/Packaging
ITRG,Integra Resources Corp. Common Shares,$2.94,-0.02,-0.676%,594346901.00,,,2500094,Basic Materials,Precious Metals
ITRI,Itron Inc. Common Stock,$88.16,-0.40,-0.452%,3907233832.00,United States,1993,197412,Industrials,Electrical Products
ITRN,Ituran Location and Control Ltd. Ordinary Shares,$57.34,1.30,2.32%,1140697877.00,Israel,2005,48853,Technology,Electronic Components
ITT,ITT Inc. Common Stock ,$220.33,1.23,0.561%,19698084993.00,United States,2011,132250,Industrials,Fluid Controls
ITUB,Itau Unibanco Banco Holding SA American Depositary Shares (Each repstg 500 Preferred shares),$8.83,0.02,0.227%,100288250550.00,Brazil,,7888065,Finance,Major Banks
ITW,Illinois Tool Works Inc. Common Stock,$270.865,-2.265,-0.829%,78030268056.00,United States,,341866,Industrials,Industrial Machinery/Components
IVA,Inventiva S.A. American Depository Shares,$5.12,-0.09,-1.727%,1063462272.00,France,2020,170413,Health Care,Biotechnology: Pharmaceutical Preparations
IVDA,Iveda Solutions Inc. Common Stock,$0.2876,0.0125,4.544%,3203789.00,United States,,127439,Technology,Computer Software: Prepackaged Software
IVDAW,Iveda Solutions Inc. Warrant,$0.0717,0.00,0.00%,798719.00,United States,,50,Technology,Computer Software: Prepackaged Software
IVF,INVO Fertility Inc. Common Stock,$2.1275,-0.0425,-1.959%,2961946.00,United States,,22114,Health Care,Medical/Dental Instruments
IVR,INVESCO MORTGAGE CAPITAL INC Common Stock,$8.355,0.115,1.396%,726438225.00,United States,2009,1461230,Real Estate,Real Estate Investment Trusts
IVR^C,INVESCO MORTGAGE CAPITAL INC 7.5% Fixed-to-Floating Series C Cumulative Redeemable Preferred Stock Liquation Preference $25.00 per Share,$23.825,0.225,0.953%,,United States,,9016,,
IVT,InvenTrust Properties Corp. Common Stock,$32.67,0.34,1.052%,2538434203.00,United States,2021,81967,Real Estate,Real Estate Investment Trusts
IVVD,Invivyd Inc. Common Stock,$1.4629,-0.0471,-3.119%,413713771.00,United States,2021,852500,Health Care,Biotechnology: Biological Products (No Diagnostic Substances)
IVZ,Invesco Ltd Common Stock,$25.675,0.305,1.202%,11382262233.00,United States,,2949641,Finance,Investment Managers
IX,ORIX Corporation American Depositary Shares,$30.41,0.01,0.033%,35365681840.00,Japan,,85376,Finance,Diversified Financial Services
IXHL,Incannex Healthcare Inc. Common Stock,$3.97,0.18,4.749%,47418923.00,Australia,,332694,Health Care,Biotechnology: Pharmaceutical Preparations
IZEA,IZEA Worldwide Inc. Common Stock,$4.27,0.00,0.00%,74025237.00,United States,,12341,Consumer Discretionary,Advertising
IZM,ICZOOM Group Inc. Class A Ordinary Shares,$0.3715,-0.0093,-2.442%,4464728.00,China,2023,71727,Consumer Discretionary,Consumer Electronics/Video Chains
J,Jacobs Solutions Inc. Common Stock,$126.5399,-1.0401,-0.815%,14861695318.00,United States,2022,177964,Industrials,Military/Government/Technical
JACK,Jack In The Box Inc. Common Stock,$12.61,-0.10,-0.787%,240044162.00,United States,,222804,Consumer Discretionary,Restaurants
JACS,Jackson Acquisition Company II Class A Ordinary Shares,$10.58,-0.03,-0.283%,0.00,,2025,25006,,
JAGU,Jaguar Uranium Corp. Class A Common Shares,$2.64,0.23,9.544%,53311571.00,,2026,64185,,
JAGX,Jaguar Health Inc. Common Stock,$0.3831,-0.0113,-2.865%,5380363.00,United States,2015,220398,Health Care,Biotechnology: Pharmaceutical Preparations
JAKK,JAKKS Pacific Inc. Common Stock,$22.50,-0.10,-0.442%,257499248.00,United States,1996,12331,Consumer Discretionary,Recreational Games/Products/Toys
JAN,Janus Living Inc. Class A-1 Common Stock,$24.97,0.27,1.093%,8187656208.00,,2026,299002,Real Estate,Real Estate Investment Trusts
JANX,Janux Therapeutics Inc. Common Stock,$15.075,-0.115,-0.757%,917037214.00,United States,2021,173808,Health Care,Biotechnology: Pharmaceutical Preparations
JATT,JATT II Acquisition Corp Ordinary Shares,$10.50,0.0729,0.699%,0.00,United States,2026,3431,,
JAZZ,Jazz Pharmaceuticals plc Common Stock (Ireland),$196.08,-3.88,-1.94%,12070753428.00,Ireland,2007,180927,Health Care,Biotechnology: Pharmaceutical Preparations
JBDI,JBDI Holdings Limited Ordinary Shares,$0.57,-0.0134,-2.297%,10846566.00,Singapore,2024,1201,,
JBGS,JBG SMITH Properties Common Shares ,$15.49,0.13,0.846%,1168509619.00,United States,2017,50799,Real Estate,Real Estate Investment Trusts
JBHT,J.B. Hunt Transport Services Inc. Common Stock,$251.81,-1.90,-0.749%,23822254140.00,United States,,166821,Industrials,Trucking Freight/Courier Services
JBI,Janus International Group Inc. Common Stock,$5.445,0.075,1.397%,756082741.00,United States,2021,226124,Industrials,Building Products
JBIO,Jade Biosciences Inc. Common Stock,$25.32,0.11,0.436%,1248688387.00,United States,2021,537755,Health Care,Biotechnology: Pharmaceutical Preparations
JBL,Jabil Inc. Common Stock,$345.25,6.72,1.985%,36424780246.00,United States,1993,454743,Technology,Electrical Products
JBLU,JetBlue Airways Corporation Common Stock,$5.275,0.025,0.476%,1952381249.00,United States,2002,13619943,Consumer Discretionary,Air Freight/Delivery Services
JBS,JBS N.V. Class A Common Shares,$16.445,-0.415,-2.461%,17610570012.00,,2025,2419059,Consumer Staples,Meat/Poultry/Fish
JBSS,John B. Sanfilippo & Son Inc. Common Stock,$82.058,0.618,0.759%,958996255.00,United States,1991,30089,Consumer Staples,Specialty Foods
JBTM,JBT Marel Corporation Common Stock,$131.00,0.10,0.076%,6818564279.00,United States,,81470,Industrials,Industrial Machinery/Components
JCAP,Jefferson Capital Inc. Common Stock,$20.42,-0.20,-0.97%,1260150627.00,United States,2025,41591,Finance,Finance Companies
JCE,Nuveen Core Equity Alpha Fund Common Shares of Beneficial Interest,$15.885,-0.005,-0.031%,0.00,United States,2007,10103,Finance,Trusts Except Educational Religious and Charitable
JCI,Johnson Controls International plc Ordinary Share,$142.46,0.73,0.515%,87186155657.00,Switzerland,,798534,Industrials,Industrial Machinery/Components
JCSE,JE Cleantech Holdings Limited Ordinary Shares,$1.1219,0.0619,5.84%,5901486.00,Singapore,2022,24146,Consumer Discretionary,Miscellaneous manufacturing industries
JCTC,Jewett-Cameron Trading Company Common Shares,$1.91,0.00,0.00%,6723416.00,United States,,713,Consumer Discretionary,RETAIL: Building Materials
JD,JD.com Inc. American Depositary Shares,$30.23,0.25,0.834%,41288760728.00,China,2014,1892552,Consumer Discretionary,Other Specialty Stores
JDZG,JIADE LIMITED Class A Ordinary Shares,$1.16,-0.02,-1.695%,5005165.00,China,2024,29792,Real Estate,Other Consumer Services
JEF,Jefferies Financial Group Inc. Common Stock,$48.33,2.64,5.778%,9880213397.00,United States,,1182797,Finance,Investment Bankers/Brokers/Service
JELD,JELD-WEN Holding Inc. Common Stock,$1.375,0.075,5.769%,118669569.00,United States,2017,859984,Basic Materials,Forest Products
JEM,707 Cayman Holdings Limited Ordinary Shares,$1.23,-0.05,-3.906%,2215560.00,China,2025,30114,Consumer Discretionary,Clothing/Shoe/Accessory Stores
JENA,Jena Acquisition Corporation II Class A Ordinary Shares,$10.25,0.01,0.098%,0.00,,2025,8102,Finance,Blank Checks
JF,J and Friends Holdings Limited American Depositary Shares,$1.06,0.01,0.952%,16904838.00,China,2018,7501,Technology,Computer Software: Programming Data Processing
JFB,JFB Construction Holdings Class A Common Stock,$6.105,0.045,0.743%,86739230.00,United States,2025,92596,Consumer Discretionary,General Bldg Contractors - Nonresidential Bldgs
JFIN,Jiayin Group Inc. American Depositary Shares,$4.62,-0.01,-0.216%,246567303.00,China,2019,25056,Finance,Finance: Consumer Services
JFR,Nuveen Floating Rate Income Fund Common Stock,$7.4545,-0.0155,-0.207%,0.00,United States,2004,173250,Finance,Trusts Except Educational Religious and Charitable
JFU,9F Inc. American Depositary Shares,$2.8871,0.0371,1.302%,33990790.00,China,2019,803,Finance,Finance: Consumer Services
JG,Aurora Mobile Limited American Depositary Shares,$7.195,0.195,2.786%,42893590.00,China,2018,14986,Technology,Computer Software: Programming Data Processing
JGH,Nuveen Global High Income Fund Common Shares of Beneficial Interest,$12.74,0.07,0.552%,0.00,United States,2014,30055,Finance,Investment Managers
JHG,Janus Henderson Group plc Ordinary Shares,$51.57,0.02,0.039%,7945679105.00,United Kingdom,2017,507570,Finance,Investment Managers
JHI,John Hancock Investors Trust Common Stock,$13.34,0.00,0.00%,116652257.00,United States,,11766,Finance,Trusts Except Educational Religious and Charitable
JHS,John Hancock Income Securities Trust Common Stock,$11.195,0.035,0.314%,130383519.00,United States,,2524,Finance,Finance Companies
JHX,James Hardie Industries plc. Ordinary Shares,$22.02,0.12,0.548%,12842944800.00,Ireland,2025,1578763,Industrials,Building Materials
JILL,J. Jill Inc. Common Stock,$13.30,0.29,2.229%,198253059.00,United States,2017,19727,Consumer Discretionary,Apparel
JJSF,J & J Snack Foods Corp. Common Stock,$85.145,3.415,4.178%,1618768481.00,United States,1986,84907,Consumer Staples,Specialty Foods
JKHY,Jack Henry & Associates Inc. Common Stock,$150.17,-0.43,-0.286%,10837373653.00,United States,1985,255311,Technology,EDP Services
JKS,JinkoSolar Holding Company Limited American Depositary Shares (each representing 4 Common Shares),$22.21,-0.75,-3.267%,1172040023.00,China,2010,194000,Technology,Semiconductors
JL,J-Long Group Limited Class A Ordinary Shares,$6.26,0.25,4.16%,23548248.00,Hong Kong,2024,13174,Consumer Discretionary,Clothing/Shoe/Accessory Stores
JLHL,Julong Holding Limited Class A Ordinary Shares,$10.00,0.44,4.603%,214486320.00,China,2025,15152,Consumer Discretionary,Military/Government/Technical
JLL,Jones Lang LaSalle Incorporated Common Stock,$338.645,1.015,0.301%,15710796091.00,United States,,82401,Finance,Real Estate
JLS,Nuveen Mortgage and Income Fund,$18.185,-0.015,-0.082%,0.00,United States,2009,8037,Finance,Investment Managers
JMIA,Jumia Technologies AG American Depositary Shares each representing two Ordinary Shares,$7.11,-0.02,-0.281%,880592007.00,,2019,2323188,Consumer Discretionary,Catalog/Specialty Distribution
JMM,Nuveen Multi-Market Income Fund (MA),$5.854,-0.036,-0.611%,0.00,United States,,3371,Finance,Trusts Except Educational Religious and Charitable
JMSB,John Marshall Bancorp Inc. Common Stock,$20.785,-0.345,-1.633%,295428761.00,United States,,4725,Finance,Major Banks
JNJ,Johnson & Johnson Common Stock,$227.595,-3.055,-1.325%,547870546515.00,United States,,2268532,Health Care,Biotechnology: Pharmaceutical Preparations
JOB,GEE Group Inc. Common Stock,$0.2405,0.0001,0.042%,26423900.00,United States,1968,47428,Consumer Discretionary,Diversified Commercial Services
JOBY,Joby Aviation Inc. Common Stock,$8.49,0.00,0.00%,8347107204.00,United States,2020,13127722,Industrials,Aerospace
JOE,St. Joe Company (The) Common Stock,$71.15,1.57,2.256%,4094096295.00,United States,,61559,Real Estate,Homebuilding
JOF,Japan Smaller Capitalization Fund Inc Common Stock,$10.97,0.04,0.366%,0.00,United States,1990,22617,Finance,Trusts Except Educational Religious and Charitable
JOUT,Johnson Outdoors Inc. Class A Common Stock,$52.44,0.18,0.344%,548158152.00,United States,,30111,Consumer Discretionary,Recreational Games/Products/Toys
JOYY,JOYY Inc. American Depositary Shares,$58.18,0.43,0.745%,3009185495.00,Singapore,2012,69968,Technology,EDP Services
JPC,Nuveen Preferred & Income Opportunities Fund,$7.945,0.005,0.063%,0.00,United States,2003,497935,Finance,Investment Managers
JPM,JP Morgan Chase & Co. Common Stock,$308.35,-3.34,-1.072%,827062422602.00,United States,,1834704,Finance,Major Banks
JPM^C,J P Morgan Chase & Co Depositary Shares each representing a 1/400th interest in a share of 6.00% Non-Cumulative  Preferred Stock Series EE,$25.36,-0.03,-0.118%,,United States,,47701,,
JPM^D,J P Morgan Chase & Co Depositary Shares each representing a 1/400th  interest in a share of 5.75% Non-Cumulative  Preferred Stock Series DD,$24.7999,0.0799,0.323%,,United States,,32793,,
JPM^J,J P Morgan Chase & Co Depositary Shares each representing a 1/400th interest in a share of JPMorgan Chase & Co. 4.75% Non-Cumulative Preferred Stock Series GG,$20.06,0.04,0.20%,,United States,,14585,,
JPM^K,J P Morgan Chase & Co Depositary Shares each representing a 1/400th interest in a share of 4.55% Non-Cumulative Preferred Stock Series JJ,$19.2501,0.0001,0.001%,,United States,,39634,,
JPM^L,J P Morgan Chase & Co Depositary Shares each representing a 1/400th interest in a share of 4.625% Non-Cumulative Preferred Stock Series LL,$19.525,0.065,0.334%,,United States,,48685,,
JPM^M,J P Morgan Chase & Co Depositary Shares each representing a 1/400th interest in a share of 4.20% Non-Cumulative Preferred Stock Series MM,$18.09,0.05,0.277%,,United States,,42007,,
JQC,Nuveen Credit Strategies Income Fund Shares of Beneficial Interest,$4.775,-0.025,-0.521%,0.00,United States,2003,378602,Finance,Finance Companies
JRI,Nuveen Real Asset Income and Growth Fund Common Shares of Beneficial Interest,$12.91,0.03,0.233%,0.00,United States,2012,42420,Finance,Finance Companies
JRS,Nuveen Real Estate Income Fund Common Shares of Beneficial Interest,$8.14,0.07,0.867%,0.00,United States,2001,4214,Finance,Finance/Investors Services
JRSH,Jerash Holdings (US) Inc. Common Stock,$3.40,0.02,0.592%,43179796.00,United States,2018,94107,Consumer Discretionary,Apparel
JRVR,James River Group Holdings Inc. Common Stock,$6.34,0.08,1.278%,291440823.00,Bermuda,2014,159195,Finance,Property-Casualty Insurers
JSM,Navient Corporation 6% Senior Notes due December 15 2043,$18.43,-0.16,-0.861%,1832514030.00,United States,,1781,Finance,Investment Bankers/Brokers/Service
JSPR,Jasper Therapeutics Inc. Common Stock,$0.8206,-0.0845,-9.336%,22974190.00,United States,2020,384567,Health Care,Biotechnology: Biological Products (No Diagnostic Substances)
JSPRW,Japer Therapeutics Inc. Warrants,$0.0193,0.00,0.00%,540339.00,United States,2020,104,Health Care,Biotechnology: Biological Products (No Diagnostic Substances)
JTAI,Jet.AI Inc. Common Stock,$7.025,-0.665,-8.648%,4187237.00,United States,2021,133025,Consumer Discretionary,Transportation Services
JUNS,Jupiter Neurosciences Inc. Common Stock,$0.3803,-0.0052,-1.349%,13797760.00,United States,2024,35490,Health Care,Biotechnology: Pharmaceutical Preparations
JVA,Coffee Holding Co. Inc. Common Stock,$4.5329,-0.0171,-0.376%,25876508.00,United States,2005,65381,Consumer Staples,Packaged Foods
JWEL,Jowell Global Ltd. Ordinary Shares,$2.36,-0.03,-1.255%,5122321.00,China,2021,179,Consumer Discretionary,Other Consumer Services
JXG,JX Luxventure Group Inc. Common Stock,$3.81,-0.14,-3.544%,7111830.00,China,2013,4705,Consumer Staples,Apparel
JXN,Jackson Financial Inc. Class A Common Stock ,$113.37,-0.03,-0.026%,7982787338.00,United States,2021,123023,Finance,Life Insurance
JXN^A,Jackson Financial Inc. Depositary Shares each representing a 1/1000th interest in a share of Fixed-Rate Reset Noncumulative Perpetual Preferred Stock Series A,$26.18,0.05,0.191%,,United States,,7987,,
JYD,Jayud Global Logistics Limited Class A Ordinary Shares,$4.0945,-0.0055,-0.134%,33979846.00,China,2023,29087,Industrials,Integrated Freight & Logistics
JYNT,The Joint Corp. Common Stock,$8.99,0.19,2.159%,128761621.00,United States,2014,5267,Miscellaneous,Multi-Sector Companies
JZ,Jianzhi Education Technology Group Company Limited American Depositary Shs,$0.988,0.00,0.00%,46682387.00,China,2022,157,Real Estate,Other Consumer Services
JZXN,Jiuzi Holdings Inc. Ordinary Shares,$0.9701,-0.0049,-0.503%,1289109.00,China,2021,11145,Consumer Discretionary,Retail-Auto Dealers and Gas Stations
KAI,Kadant Inc Common Stock,$313.81,-12.77,-3.91%,3705400069.00,United States,1992,100707,Industrials,Industrial Machinery/Components
KALA,KALA BIO Inc. Common Stock,$0.144,-0.01,-6.494%,133846787.00,United States,2017,4686475,Health Care,Biotechnology: Pharmaceutical Preparations
KALU,Kaiser Aluminum Corporation Common Stock,$180.01,15.94,9.715%,2918041844.00,United States,,197782,Industrials,Metal Fabrications
KALV,KalVista Pharmaceuticals Inc. Common Stock,$19.44,0.36,1.887%,982619936.00,United Kingdom,2015,337729,Health Care,Biotechnology: Pharmaceutical Preparations
KAPA,Kairos Pharma Ltd. Common Stock,$0.635,-0.0338,-5.054%,13596111.00,,2024,43153,Health Care,Biotechnology: Pharmaceutical Preparations
KARO,Karooooo Ltd. Ordinary Shares,$50.05,0.10,0.20%,1546209665.00,Singapore,2021,15724,Technology,Computer Software: Prepackaged Software
KB,KB Financial Group Inc,$106.58,-0.06,-0.056%,39818364631.00,South Korea,,42419,Finance,Commercial Banks
KBDC,Kayne Anderson BDC Inc. Common Stock,$14.32,0.20,1.416%,959119203.00,,2024,65151,,
KBH,KB Home Common Stock,$55.76,-0.38,-0.677%,3493266197.00,United States,1986,292560,Consumer Discretionary,Homebuilding
KBON,Karbon Capital Partners Corp. Class A Ordinary Shares,$10.08,-0.01,-0.099%,0.00,United States,2026,1018,Finance,Blank Checks
KBONU,Karbon Capital Partners Corp. Units,$10.23,-0.03,-0.292%,0.00,United States,2025,1506,Finance,Blank Checks
KBONW,Karbon Capital Partners Corp. Warrant,$0.6899,-0.0001,-0.014%,0.00,United States,2026,3970,Finance,Blank Checks
KBR,KBR Inc. Common Stock,$35.20,-0.03,-0.085%,4451190973.00,United States,2006,247885,Industrials,Military/Government/Technical
KBSX,FST Corp. Ordinary Shares,$1.4299,-0.1401,-8.924%,64010908.00,Taiwan,,23229,Consumer Discretionary,Recreational Games/Products/Toys
KC,Kingsoft Cloud Holdings Limited American Depositary Shares,$16.325,-0.615,-3.63%,4443430785.00,China,2020,448093,Technology,Computer Software: Prepackaged Software
KCHV,Kochav Defense Acquisition Corp. Class A Ordinary Shares,$10.30,0.02,0.195%,0.00,United States,2025,80180,,
KD,Kyndryl Holdings Inc. Common Stock,$13.375,-0.045,-0.335%,3015356193.00,United States,2021,1203350,Technology,EDP Services
KDK,Kodiak AI Inc. Common Stock ,$8.84,-0.04,-0.45%,1613789595.00,United States,,185721,Technology,EDP Services
KDKRW,Kodiak AI Inc. Warrants,$1.50,-0.10,-6.25%,273833076.00,United States,,4290,Technology,EDP Services
KDP,Keurig Dr Pepper Inc. Common Stock,$28.9901,0.4601,1.613%,39387864917.00,United States,,5613934,Consumer Staples,Beverages (Production/Distribution)
KE,Kimball Electronics Inc. Common Stock,$27.85,0.69,2.541%,674363632.00,United States,,22396,Technology,Electrical Products
KEEL,Keel Infrastructure Corp. Common Stock,$3.41,0.17,5.247%,1895829851.00,Canada,,27810310,Finance,Finance: Consumer Services
KELYA,Kelly Services Inc. Class A Common Stock,$9.51,0.05,0.529%,325352582.00,United States,,89084,Consumer Discretionary,Professional Services
KELYB,Kelly Services Inc. Class B Common Stock,$17.35,0.29,1.70%,593571746.00,United States,,2086,Consumer Discretionary,Professional Services
KEN,Kenon Holdings Ltd. Ordinary Shares,$82.99,1.66,2.041%,4324475867.00,Singapore,2015,3278,Utilities,Electric Utilities: Central
KEP,Korea Electric Power Corporation Common Stock,$15.54,0.13,0.844%,19952243513.00,South Korea,1994,160378,Utilities,Electric Utilities: Central
KEQU,Kewaunee Scientific Corporation Common Stock,$36.11,0.00,0.00%,103505126.00,United States,,145,Industrials,Medical Specialities
KEX,Kirby Corporation Common Stock,$151.36,0.51,0.338%,8116074560.00,United States,,205841,Consumer Discretionary,Marine Transportation
KEY,KeyCorp Common Stock,$21.755,-0.255,-1.159%,23336451291.00,United States,,6400060,Finance,Major Banks
KEY^I,KeyCorp Depositary Shares Each Representing a 1/40th Ownership Interest in a Share of Fixed-to-Floating Rate Perpetual Non-Cumulative Preferred Stock Series E,$25.075,0.035,0.14%,,United States,,6944,,
KEY^J,KeyCorp Depositary Shares each representing a 1/40th ownership interest in a share of Fixed Rate Perpetual Non-Cumulative Preferred Stock Series F,$21.74,0.1465,0.678%,,United States,,7236,,
KEY^K,KeyCorp Depositary Shares each representing a 1/40th ownership interest in a share of Fixed Rate Perpetual Non-Cumulative Preferred Stock Series G,$21.5028,0.1228,0.574%,,United States,,3873,,
KEY^L,KeyCorp Depositary Shares each representing a 1/40th ownership interest in a share of Fixed Rate Perpetual Non-Cumulative Preferred Stock Series H,$25.06,-0.04,-0.159%,,United States,,7871,,
KEYS,Keysight Technologies Inc. Common Stock,$351.555,5.025,1.45%,60292559630.00,United States,2014,316391,Industrials,Industrial Machinery/Components
KF,Korea Fund Inc. (The) New Common Stock,$55.80,2.02,3.756%,0.00,United States,,6270,Finance,Investment Managers
KFFB,Kentucky First Federal Bancorp Common Stock,$4.31,-0.19,-4.222%,34853742.00,United States,2005,5153,Finance,Savings Institutions
KFII,K&F Growth Acquisition Corp. II Class A Ordinary shares,$10.47,0.00,0.00%,0.00,United States,2025,6414,,
KFRC,Kforce Inc. Common Stock,$31.36,-0.68,-2.122%,571618696.00,United States,1995,93179,Consumer Discretionary,Professional Services
KFS,Kingsway Financial Services Inc. Common Stock (DE),$11.78,0.12,1.029%,340991702.00,Canada,,11849,Finance,Property-Casualty Insurers
KFY,Korn Ferry Common Stock,$65.45,0.10,0.153%,3396009844.00,United States,1999,89646,Consumer Discretionary,Diversified Commercial Services
KG,Kestrel Group Ltd.,$10.49,0.04,0.383%,81212982.00,Bermuda,2008,4602,Finance,Property-Casualty Insurers
KGC,Kinross Gold Corporation Common Stock,$32.675,0.555,1.728%,39204871234.00,Canada,2001,3000014,Basic Materials,Precious Metals
KGEI,Kolibri Global Energy Inc. Common stock,$5.56,-0.01,-0.18%,197237141.00,United States,,835516,Energy,Oil & Gas Production
KGS,Kodiak Gas Services Inc. Common Stock,$65.665,0.845,1.304%,5640262539.00,United States,2023,202277,Utilities,Natural Gas Distribution
KHC,The Kraft Heinz Company Common Stock,$21.925,-0.045,-0.205%,25997838537.00,United States,,5600650,Consumer Staples,Packaged Foods
KIDS,OrthoPediatrics Corp. Common Stock,$16.17,-0.04,-0.247%,415346080.00,United States,2017,87609,Health Care,Medical/Dental Instruments
KIDZ,Classover Holdings Inc. Class B Common Stock,$1.0198,-0.1502,-12.838%,1331297.00,United States,,315206,Real Estate,Other Consumer Services
KIDZW,Classover Holdings Inc. Warrants,$0.0187,0.0051,37.50%,24412.00,United States,,1162,Real Estate,Other Consumer Services
KIM,Kimco Realty Corporation (HC) Common Stock,$23.7899,-0.0501,-0.21%,16043984973.00,United States,,1440402,Real Estate,Real Estate Investment Trusts
KIM^L,Kimco Realty Corporation Class L Depositary Shares each of which represents a one-one thousandth fractional interest in a share of 5.125% Class L Cumulative Redeemable Preferred Stock liquidation preference $25000.00 per share,$19.62,0.04,0.204%,,United States,,1358,,
KIM^M,Kimco Realty Corporation Class M Depositary Shares each of which represents a one-one thousandth fractional interest in a share of 5.25% Class M Cumulative Redeemable Preferred Stock liquidation preference $25000.00 per share,$20.1701,0.0301,0.149%,,United States,,5088,,
KIM^N,Kimco Realty Corporation Depositary Shares each representing 1/1000th interest in a share of 7.25% Class N Cumulative Convertible Perpetual Preferred Stock,$60.01,0.00,0.00%,,United States,,7,,
KINS,Kingstone Companies Inc. Common Stock,$17.695,0.275,1.579%,256167418.00,United States,,52969,Finance,Property-Casualty Insurers
KIO,KKR Income Opportunities Fund Common Shares,$11.1865,0.0765,0.689%,0.00,United States,2013,45410,Finance,Investment Managers
KITT,Nauticus Robotics Inc. Common stock,$3.0083,-0.0417,-1.367%,13115114.00,United States,2021,210936,Industrials,Industrial Machinery/Components
KITTW,Nauticus Robotics Inc. Warrant,$0.023,-0.0028,-10.853%,100272.00,United States,2021,330873,Industrials,Industrial Machinery/Components
KKR,KKR & Co. Inc. Common Stock,$101.96,0.32,0.315%,90902529152.00,United States,,829162,Finance,Investment Managers
KKR^D,KKR & Co. Inc. 6.25% Series D Mandatory Convertible Preferred Stock,$43.9516,0.0516,0.118%,,United States,,30957,,
KKRS,KKR Group Finance Co. IX LLC 4.625% Subordinated Notes due 2061,$17.01,0.00,0.00%,15165280707.00,United States,2021,3864,Finance,Investment Managers
KKRT,KKR & Co. Inc. 6.875% Subordinated Notes due 2065,$25.1601,0.0001,0.00%,0.00,United States,2025,10694,Finance,Investment Managers
KLAC,KLA Corporation Common Stock,$1932.00,116.57,6.421%,253240012452.00,United States,1980,433883,Technology,Electronic Components
KLAR,Klarna Group plc Ordinary Shares,$13.87,0.17,1.241%,9787289201.00,,2025,1440744,Finance,Finance: Consumer Services
KLC,KinderCare Learning Companies Inc. Common Stock,$3.375,0.045,1.351%,399695509.00,United States,2024,227217,Consumer Discretionary,Other Consumer Services
KLIC,Kulicke and Soffa Industries Inc. Common Stock,$88.375,3.715,4.388%,4624355852.00,Singapore,,476511,Technology,Semiconductors
KLRA,Kailera Therapeutics Inc. Common Stock,$23.79,-1.29,-5.144%,2924951310.00,United States,2026,377643,Health Care,Biotechnology: Pharmaceutical Preparations
KLRS,Kalaris Therapeutics Inc. Common Stock,$6.185,0.085,1.393%,141811554.00,United States,2020,11435,Health Care,Biotechnology: Biological Products (No Diagnostic Substances)
KLTR,Kaltura Inc. Common Stock,$1.26,0.01,0.80%,187406804.00,United States,2021,122451,Technology,Computer Software: Prepackaged Software
KLXE,KLX Energy Services Holdings Inc. Common Stock,$3.16,0.22,7.483%,62153256.00,United States,,292245,Energy,Oilfield Services/Equipment
KMB,Kimberly-Clark Corporation Common Stock,$98.1926,0.2626,0.268%,32592653971.00,United States,,1375415,Consumer Discretionary,Containers/Packaging
KMDA,Kamada Ltd. Ordinary Shares,$8.245,-0.025,-0.302%,475621532.00,Israel,2013,7510,Health Care,Biotechnology: Pharmaceutical Preparations
KMI,Kinder Morgan Inc. Common Stock,$31.44,-0.29,-0.914%,69948305839.00,United States,2011,4651415,Utilities,Natural Gas Distribution
KMPB,Kemper Corporation 5.875% Fixed-Rate Reset Junior Subordinated Debentures due 2062,$23.93,0.025,0.105%,1406972534.00,United States,2022,7378,Finance,Property-Casualty Insurers
KMPR,Kemper Corporation,$32.77,0.14,0.429%,1926723357.00,United States,,111342,Finance,Property-Casualty Insurers
KMRK,K-Tech Solutions Company Limited Class A Ordinary Shares,$3.42,-0.79,-18.765%,72162000.00,Hong Kong,2025,344753,Consumer Discretionary,Recreational Games/Products/Toys
KMT,Kennametal Inc. Common Stock,$39.22,-0.26,-0.659%,2988516622.00,United States,,170821,Industrials,Industrial Machinery/Components
KMTS,Kestra Medical Technologies Ltd. Common Stock,$22.22,-0.50,-2.201%,1297055904.00,United States,2025,65907,Health Care,Medical/Dental Instruments
KMX,CarMax Inc,$37.95,-0.60,-1.556%,5382096134.00,United States,,876826,Consumer Discretionary,Retail-Auto Dealers and Gas Stations
KN,Knowles Corporation Common Stock,$29.595,-1.675,-5.357%,2531250406.00,United States,2014,933363,Consumer Staples,Consumer Electronics/Appliances
KNDI,Kandi Technologies Group Inc. Ordinary Shares,$0.7173,-0.0127,-1.74%,62662061.00,China,,126239,Industrials,Auto Manufacturing
KNF,Knife Riv Holding Co. Common Stock,$89.23,0.88,0.996%,5064146482.00,United States,2023,71248,Industrials,Mining & Quarrying of Nonmetallic Minerals (No Fuels)
KNOP,KNOT Offshore Partners LP Common Units representing Limited Partner Interests,$10.475,0.045,0.431%,352592082.00,United Kingdom,2013,76448,Consumer Discretionary,Marine Transportation
KNRX,KNOREX LTD. Class A Ordinary Shares,$1.16,-0.043,-3.574%,35290811.00,,2025,5827,Technology,Computer Software: Programming Data Processing
KNSA,Kiniksa Pharmaceuticals International plc Class A Ordinary Shares,$42.5175,-0.5325,-1.237%,3267614435.00,United States,2018,172025,Health Care,Biotechnology: Pharmaceutical Preparations
KNSL,Kinsale Capital Group Inc. Common Stock,$342.185,-5.615,-1.614%,7890066143.00,United States,,217351,Finance,Property-Casualty Insurers
KNTK,Kinetik Holdings Inc. Class A Common Stock,$47.08,-1.04,-2.161%,7633943847.00,United States,2022,185464,Utilities,Natural Gas Distribution
KNX,Knight-Swift Transportation Holdings Inc.,$66.17,0.40,0.608%,10749836662.00,United States,2017,748734,Industrials,Trucking Freight/Courier Services
KO,Coca-Cola Company (The) Common Stock,$76.655,0.375,0.492%,329934838786.00,United States,,4604828,Consumer Staples,Beverages (Production/Distribution)
KOD,Kodiak Sciences Inc Common Stock,$44.81,-0.40,-0.885%,2785196245.00,United States,2018,187242,Health Care,Biotechnology: Biological Products (No Diagnostic Substances)
KODK,Eastman Kodak Company Common New,$12.86,0.04,0.312%,1255246159.00,United States,,367188,Consumer Discretionary,Industrial Machinery/Components
KOF,Coca Cola Femsa S.A.B. de C.V.  American Depositary Shares each representing 10 Units (each Unit consists of 3 Series B Shares and 5 Series L Shares),$102.15,0.31,0.304%,5365000435.00,Mexico,1993,33183,Consumer Staples,Beverages (Production/Distribution)
KOP,Koppers Holdings Inc. Common Stock,$40.24,1.59,4.114%,778130055.00,United States,2006,88120,Basic Materials,Forest Products
KOPN,Kopin Corporation Common Stock,$3.71,0.18,5.099%,680697318.00,United States,1992,5509827,Technology,Semiconductors
KORE,KORE Group Holdings Inc. Common Stock,$9.14,-0.03,-0.327%,160744595.00,United States,,20581,Telecommunications,Telecommunications Equipment
KOS,Kosmos Energy Ltd. Common Shares (DE),$2.765,-0.105,-3.659%,1599621310.00,Bermuda,2011,8141873,Energy,Oil & Gas Production
KOSS,Koss Corporation Common Stock,$4.2701,-0.2099,-4.685%,40422637.00,United States,,18107,Consumer Staples,Consumer Electronics/Appliances
KOYN,CSLM Digital Asset Acquisition Corp III Class A Ordinary Shares,$10.0901,0.0001,0.001%,0.00,United States,2025,2005,,
KOYNU,CSLM Digital Asset Acquisition Corp III Units,$10.20,-0.01,-0.098%,0.00,United States,2025,1118,,
KOYNW,CSLM Digital Asset Acquisition Corp III Warrants,$0.2499,0.0098,4.082%,0.00,United States,2025,14700,,
KPLT,Katapult Holdings Inc. Common Stock,$7.07,0.11,1.58%,33688960.00,United States,2019,20617,Consumer Discretionary,Diversified Commercial Services
KPLTW,Katapult Holdings Inc. Warrant,$0.0026,0.0003,13.043%,12389.00,United States,2019,5300,Consumer Discretionary,Diversified Commercial Services
KPRX,Kiora Pharmaceuticals Inc.  Common Stock,$2.39,-0.01,-0.417%,9442001.00,United States,,7910,Health Care,Biotechnology: Pharmaceutical Preparations
KPTI,Karyopharm Therapeutics Inc. Common Stock,$8.45,-0.30,-3.429%,190491020.00,United States,2013,153108,Health Care,Biotechnology: Pharmaceutical Preparations
KR,Kroger Company (The) Common Stock,$67.2399,-1.8601,-2.692%,41192805814.00,United States,,1126757,Consumer Staples,Food Chains
KRAQ,KRAKacquisition Corp Class A Ordinary Shares,$9.925,-0.015,-0.151%,0.00,United States,2026,204,,
KRAQU,KRAKacquisition Corp Unit,$10.04,-0.005,-0.05%,0.00,United States,2026,2202,,
KRAQW,KRAKacquisition Corp Warrants,$0.4899,0.0699,16.643%,0.00,United States,2026,3346,,
KRC,Kilroy Realty Corporation Common Stock,$31.76,0.30,0.954%,3712188264.00,United States,1997,276258,Real Estate,Real Estate Investment Trusts
KREF,KKR Real Estate Finance Trust Inc. Common Stock,$6.005,-0.085,-1.396%,386124004.00,United States,2017,591576,Real Estate,Real Estate Investment Trusts
KREF^A,KKR Real Estate Finance Trust Inc. 6.50% Series A Cumulative Redeemable Preferred Stock,$18.08,0.27,1.516%,,United States,,11022,,
KRG,Kite Realty Group Trust Common Stock,$26.06,0.03,0.115%,5291526025.00,United States,2004,885743,Real Estate,Real Estate Investment Trusts
KRKR,36Kr Holdings Inc. American Depositary Shares,$3.45,-0.19,-5.22%,141658432.00,China,2019,4817,Real Estate,Real Estate
KRMD,KORU Medical Systems Inc. Common Stock (DE),$3.99,0.00,0.00%,185586870.00,United States,,39722,Health Care,Medical/Dental Instruments
KRMN,Karman Holdings Inc. Common Stock,$72.51,-4.09,-5.339%,9609481940.00,United States,2025,1229018,Industrials,Military/Government/Technical
KRNT,Kornit Digital Ltd. Ordinary Shares,$16.10,0.31,1.963%,746081680.00,Israel,2015,58774,Industrials,Industrial Machinery/Components
KRNY,Kearny Financial Corp Common Stock,$7.87,-0.18,-2.236%,509497118.00,United States,2005,120658,Finance,Savings Institutions
KRO,Kronos Worldwide Inc Common Stock,$7.195,0.355,5.19%,827807170.00,United States,,197617,Basic Materials,Major Chemicals
KROS,Keros Therapeutics Inc. Common Stock,$11.50,-0.06,-0.519%,227560126.00,United States,2020,83098,Health Care,Biotechnology: Pharmaceutical Preparations
KRP,Kimbell Royalty Partners Common Units Representing Limited Partner Interests,$14.62,0.03,0.206%,1577322969.00,United States,2017,324251,Energy,Oil & Gas Production
KRRO,Korro Bio Inc. Common Stock,$13.02,-0.575,-4.229%,187781874.00,United States,2019,61221,Health Care,Biotechnology: Pharmaceutical Preparations
KRSP,Rice Acquisition Corporation 3 Class A Ordinary Shares,$10.275,0.005,0.049%,0.00,,2025,31976,,
KRT,Karat Packaging Inc. Common Stock,$29.66,0.75,2.594%,592124261.00,United States,2021,34509,Industrials,Plastic Products
KRUS,Kura Sushi USA Inc. Class A Common Stock,$57.055,-0.075,-0.131%,693097408.00,United States,2019,134230,Consumer Discretionary,Restaurants
KRYS,Krystal Biotech Inc. Common Stock,$270.98,2.94,1.097%,7976498451.00,United States,2017,116407,Health Care,Biotechnology: Biological Products (No Diagnostic Substances)
KSCP,Knightscope Inc. Class A Common Stock,$3.1492,-0.0508,-1.588%,51278150.00,United States,2022,210702,Telecommunications,Telecommunications Equipment
KSPI,Joint Stock Company Kaspi.kz American Depository Shares,$85.19,0.02,0.023%,16129317883.00,Kazakhstan,2024,301007,,
KSS,Kohl's Corporation Common Stock,$15.02,-0.04,-0.266%,1686042328.00,United States,1992,1276452,Consumer Discretionary,Department/Specialty Retail Stores
KT,KT Corporation Common Stock,$21.605,-0.085,-0.392%,10622441597.00,South Korea,,350422,Telecommunications,Telecommunications Equipment
KTB,Kontoor Brands Inc. Common Stock ,$73.80,-1.98,-2.613%,4077755606.00,United States,2019,98076,Industrials,Garments and Clothing
KTCC,Key Tronic Corporation Common Stock,$2.90,0.00,0.00%,31491880.00,United States,1983,308,Technology,Electrical Products
KTF,DWS Municipal Income Trust,$9.14,0.01,0.11%,361038573.00,United States,1988,26815,Finance,Finance Companies
KTH,Structures Products Cp 8% CorTS Issued by Peco Energy Cap Tr II Preferred Stock,$29.02,-0.17,-0.582%,0.00,United States,,440,Finance,Finance: Consumer Services
KTN,Structured Products Corp 8.205% CorTS 8.205% Corporate Backed Trust Securities (CorTS),$26.08,0.00,0.00%,0.00,United States,,748,Finance,Finance: Consumer Services
KTOS,Kratos Defense & Security Solutions Inc. Common Stock,$62.59,-2.93,-4.472%,11730850697.00,United States,,1968975,Industrials,Military/Government/Technical
KTTA,Pasithea Therapeutics Corp. Common Stock,$0.7098,0.0205,2.974%,17702375.00,United States,2021,65547,Health Care,Biotechnology: Pharmaceutical Preparations
KTTAW,Pasithea Therapeutics Corp. Warrant,$0.0076,-0.0012,-13.636%,189544.00,United States,2021,36685,Health Care,Biotechnology: Pharmaceutical Preparations
KTWO,K2 Capital Acquisition Corporation Class A Ordinary Share,$9.96,0.02,0.201%,199609954.00,Cayman Islands,2026,50131,,
KTWOR,K2 Capital Acquisition Corporation Rights,$0.1902,-0.0098,-4.90%,3811829.00,Cayman Islands,2026,1192,,
KTWOU,K2 Capital Acquisition Corporation Units,$10.11,0.00,0.00%,0.00,Cayman Islands,2026,30,,
KULR,KULR Technology Group Inc. Common Stock,$2.4325,-0.0375,-1.518%,112476450.00,United States,,542662,Technology,Electrical Products
KURA,Kura Oncology Inc. Common Stock,$9.27,0.00,0.00%,822830266.00,United States,,312694,Health Care,Biotechnology: Pharmaceutical Preparations
KUST,Kustom Entertainment Inc. Common Stock,$3.97,-0.31,-7.243%,2090654.00,United States,,49414,Technology,Radio And Television Broadcasting And Communications Equipment
KVAC,Keen Vision Acquisition Corporation Ordinary Shares,$12.06,0.00,0.00%,0.00,United States,2023,70,,
KVACW,Keen Vision Acquisition Corporation Warrant,$0.0175,-0.0002,-1.13%,0.00,United States,2023,5507,,
KVHI,KVH Industries Inc. Common Stock,$9.90,-0.02,-0.202%,192841447.00,United States,1996,18717,Technology,Radio And Television Broadcasting And Communications Equipment
KVUE,Kenvue Inc. Common Stock,$17.5201,0.0301,0.172%,33637125690.00,United States,2023,2639761,Consumer Discretionary,Specialty Chemicals
KVYO,Klaviyo Inc. Series A Common Stock,$19.46,0.70,3.731%,5930904453.00,United States,2023,770534,Technology,Computer Software: Prepackaged Software
KW,Kennedy-Wilson Holdings Inc. Common Stock,$10.895,-0.005,-0.046%,1508570880.00,United States,,222183,Finance,Real Estate
KWM,K Wave Media Ltd. Ordinary Shares,$0.3076,-0.0186,-5.702%,22529803.00,Cayman Islands,,127318,Consumer Discretionary,Movies/Entertainment
KWMWW,K Wave Media Ltd. Warrant,$0.0203,0.0003,1.50%,1486850.00,Cayman Islands,,1420,Consumer Discretionary,Movies/Entertainment
KWR,Quaker Houghton Common Stock,$140.51,2.12,1.532%,2435751669.00,United States,,97619,Industrials,Major Chemicals
KXIN,Kaixin Holdings Ordinary Shares,$6.02,0.10,1.689%,9955653.00,China,2017,2535,Consumer Discretionary,Retail-Auto Dealers and Gas Stations
KYIV,Kyivstar Group Ltd. Common Shares,$11.74,0.23,1.998%,2710338946.00,United Arab Emirates,,79110,Telecommunications,Telecommunications Equipment
KYIVW,Kyivstar Group Ltd. Warrant,$4.55,-0.15,-3.191%,1050429489.00,United Arab Emirates,,5894,Telecommunications,Telecommunications Equipment
KYMR,Kymera Therapeutics Inc. Common Stock,$86.37,-0.80,-0.918%,7051453570.00,United States,2020,143018,Health Care,Biotechnology: Biological Products (No Diagnostic Substances)
KYN,Kayne Anderson Energy Infrastructure Fund Inc.,$13.375,-0.105,-0.779%,1820759214.00,United States,2004,219421,Finance,Finance/Investors Services
KYNB,Kyntra Bio Inc. Common Stock,$7.10,0.089,1.269%,28732472.00,United States,2014,6706,Health Care,Biotechnology: Pharmaceutical Preparations
KYTX,Kyverna Therapeutics Inc. Common Stock,$9.26,0.31,3.464%,560510513.00,United States,2024,780746,Health Care,Biotechnology: Biological Products (No Diagnostic Substances)
KZIA,Kazia Therapeutics Limited American Depositary Shares,$12.2599,0.4399,3.722%,140092639.00,Australia,,102776,Health Care,Biotechnology: Pharmaceutical Preparations
KZR,Kezar Life Sciences Inc. Common Stock,$7.27,0.00,0.00%,53591001.00,United States,2018,20156,Health Care,Biotechnology: Pharmaceutical Preparations
L,Loews Corporation Common Stock,$111.375,-1.045,-0.93%,22917377365.00,United States,,96918,Finance,Property-Casualty Insurers
LAB,Standard BioTools Inc. Common Stock,$0.9092,0.0153,1.712%,354653013.00,United States,2011,824432,Industrials,Biotechnology: Laboratory Analytical Instruments
LABT,Lakewood-Amedex Biotherapeutics Inc. Common Stock,$7.70,-0.95,-10.983%,53865111.00,United States,,4958105,,
LAC,Lithium Americas Corp. Common Shares,$4.635,-0.085,-1.801%,1456780500.00,Canada,2023,4418194,Basic Materials,Metal Mining
LAD,Lithia Motors Inc. Common Stock,$275.265,-1.125,-0.407%,6434294601.00,United States,,36003,Consumer Discretionary,Retail-Auto Dealers and Gas Stations
LADR,Ladder Capital Corp Class A Common Stock,$10.355,-0.095,-0.909%,1322003010.00,United States,2014,251599,Real Estate,Real Estate Investment Trusts
LAES,SEALSQ Corp Ordinary Shares,$2.9433,0.1333,4.744%,655690711.00,Switzerland,,5329170,Technology,Semiconductors
LAFA,LaFayette Acquisition Corp. Ordinary Share,$10.00,0.00,0.00%,0.00,France,2025,27,,
LAKE,Lakeland Industries Inc. Common Stock,$10.02,-0.13,-1.281%,107446514.00,United States,1986,28674,Health Care,Industrial Specialties
LAMR,Lamar Advertising Company Class A Common Stock,$133.395,0.165,0.124%,13531794362.00,United States,1996,160325,Real Estate,Real Estate Investment Trusts
LAND,Gladstone Land Corporation Common Stock,$9.955,-0.0283,-0.283%,415166516.00,United States,1993,268792,Real Estate,Real Estate Investment Trusts
LANDO,Gladstone Land Corporation 6.00% Series B Cumulative Redeemable Preferred Stock,$21.151,0.286,1.371%,882088093.00,United States,,13088,Real Estate,Real Estate Investment Trusts
LANDP,Gladstone Land Corporation 6.00% Series C Cumulative Redeemable Preferred Stock,$21.09,0.295,1.419%,879544130.00,United States,,54211,Real Estate,Real Estate Investment Trusts
LANV,Lanvin Group Holdings Limited Ordinary Shares,$1.55,0.00,0.00%,216652496.00,Cayman Islands,2022,5734,Consumer Discretionary,Apparel
LAR,Lithium Argentina AG Common Shares,$9.325,0.265,2.925%,1527435000.00,Canada,2023,1695186,Basic Materials,Metal Mining
LARK,Landmark Bancorp Inc. Common Stock,$26.75,-0.08,-0.298%,163130167.00,United States,,634,Finance,Major Banks
LASE,Laser Photonics Corporation Common Stock,$0.9793,0.0093,0.959%,31929786.00,United States,2022,580478,Miscellaneous,Industrial Machinery/Components
LASR,nLIGHT Inc. Common Stock,$77.635,3.435,4.629%,4331359051.00,United States,2018,743267,Technology,Semiconductors
LATA,Galata Acquisition Corp. II Class A Ordinary Shares,$10.03,0.00,0.00%,0.00,United States,2025,21,Finance,Blank Checks
LATAU,Galata Acquisition Corp. II Units,$10.0501,0.00,0.00%,0.00,United States,2025,396,,
LAUR,Laureate Education Inc. Common Stock,$31.03,-0.22,-0.704%,4346144743.00,United States,2017,318927,Real Estate,Other Consumer Services
LAW,CS Disco Inc. Common Stock,$4.00,0.06,1.523%,253316052.00,United States,2021,39572,Technology,Computer Software: Prepackaged Software
LAZ,Lazard Inc. Common Stock,$47.48,0.44,0.935%,5304881382.00,Bermuda,2005,177061,Finance,Investment Managers
LB,LandBridge Company LLC Class A Shares Representing Limited Liability Company Interests,$67.48,-2.18,-3.129%,5201973480.00,,2024,66643,Energy,Oil & Gas Production
LBGJ,Li Bang International Corporation Inc. Class A Ordinary Shares,$1.18,-0.08,-6.349%,1637226.00,China,2024,41648,Industrials,Industrial Machinery/Components
LBRDA,Liberty Broadband Corporation Class A Common Stock,$43.62,-12.79,-22.673%,6259370983.00,United States,,309875,Telecommunications,Cable & Other Pay Television Services
LBRDK,Liberty Broadband Corporation Class C Common Stock,$43.62,-12.85,-22.755%,6259370983.00,United States,,3572025,Telecommunications,Cable & Other Pay Television Services
LBRDP,Liberty Broadband Corporation Series A Cumulative Redeemable Preferred Stock,$22.63,-0.73,-3.125%,3247353630.00,United States,,65352,Telecommunications,Cable & Other Pay Television Services
LBRT,Liberty Energy Inc. Class A common stock,$32.76,0.44,1.361%,5308807992.00,United States,2018,1334601,Energy,Oilfield Services/Equipment
LBRX,LB Pharmaceuticals Inc Common Stock,$30.1601,-0.6149,-1.998%,864835650.00,United States,2025,53629,Health Care,Biotechnology: Pharmaceutical Preparations
LBTYA,Liberty Global Ltd. Class A Common Shares,$11.985,-0.125,-1.032%,4015319149.00,United Kingdom,,535240,Telecommunications,Cable & Other Pay Television Services
LBTYB,Liberty Global Ltd. Class B Common Shares,$17.23,0.39,2.316%,5772544759.00,United Kingdom,,7746,Telecommunications,Cable & Other Pay Television Services
LBTYK,Liberty Global Ltd. Class C Common Shares,$11.645,-0.075,-0.64%,3901409386.00,United Kingdom,,255948,Telecommunications,Cable & Other Pay Television Services
LC,LendingClub Corporation Common Stock,$17.36,0.04,0.231%,2002805614.00,United States,2014,746662,Finance,Finance: Consumer Services
LCCC,Lakeshore Acquisition III Corp. Ordinary Shares,$10.35,0.00,0.00%,0.00,United States,2025,1,Finance,Blank Checks
LCCCU,Lakeshore Acquisition III Corp. Unit,$10.50,0.03,0.287%,0.00,United States,2025,187,Finance,Blank Checks
LCFY,Locafy Limited Ordinary Share,$4.7508,0.1308,2.831%,8546950.00,Australia,2022,13262,Technology,Computer Software: Programming Data Processing
LCFYW,Locafy Limited Warrant,$2.90,-0.10,-3.333%,5217260.00,Australia,2022,877,Technology,Computer Software: Programming Data Processing
LCID,Lucid Group Inc. Common Stock,$6.315,0.045,0.718%,2069325995.00,United States,,9474407,Industrials,Auto Manufacturing
LCII,LCI Industries,$119.88,-0.67,-0.556%,2911223103.00,United States,1995,48875,Consumer Discretionary,Auto Parts:O.E.M.
LCNB,LCNB Corporation Common Stock,$16.28,0.22,1.37%,231794086.00,United States,,9555,Finance,Major Banks
LCTX,Lineage Cell Therapeutics Inc. Common Stock,$1.56,0.00,0.00%,388576545.00,United States,,452945,Health Care,Biotechnology: Biological Products (No Diagnostic Substances)
LCUT,Lifetime Brands Inc. Common Stock,$6.77,0.16,2.421%,153368981.00,United States,1991,18232,Consumer Discretionary,Industrial Machinery/Components
LDI,loanDepot Inc. Class A Common Stock,$1.5901,0.0301,1.929%,363848778.00,United States,2021,591970,Finance,Finance: Consumer Services
LDOS,Leidos Holdings Inc. Common Stock,$145.61,-1.99,-1.348%,18364057851.00,United States,,260912,Technology,EDP Services
LDP,Cohen & Steers Limited Duration Preferred and Income Fund Inc.,$20.825,0.005,0.024%,0.00,United States,2012,6550,Finance,Finance Companies
LE,Lands' End Inc. Common Stock,$11.675,-0.025,-0.214%,358187716.00,United States,,62778,Consumer Discretionary,Clothing/Shoe/Accessory Stores
LEA,Lear Corporation Common Stock,$129.58,-0.14,-0.108%,6560241347.00,United States,,109883,Consumer Discretionary,Auto Parts:O.E.M.
LECO,Lincoln Electric Holdings Inc. Common Shares,$261.99,-1.18,-0.448%,14363277406.00,United States,,60403,Industrials,Industrial Machinery/Components
LEDS,SemiLEDS Corporation Common Stock,$1.69,0.31,22.464%,13955434.00,Taiwan,2010,119821,Technology,Semiconductors
LEE,Lee Enterprises Incorporated Common Stock,$8.21,-0.16,-1.912%,182507799.00,United States,,7706,Consumer Discretionary,Newspapers/Magazines
LEG,Leggett & Platt Incorporated Common Stock,$11.25,-0.13,-1.142%,1534228346.00,United States,,531958,Consumer Discretionary,Home Furnishings
LEGH,Legacy Housing Corporation Common Stock (TX),$21.555,0.095,0.443%,513275010.00,United States,2018,14949,Consumer Discretionary,Homebuilding
LEGN,Legend Biotech Corporation American Depositary Shares,$24.051,0.061,0.254%,4448368290.00,United States,2020,696147,Health Care,Biotechnology: Pharmaceutical Preparations
LEGO,Legato Merger Corp. IV Ordinary Shares,$9.87,0.00,0.00%,299130445.00,,2026,80,Industrials,Steel/Iron Ore
LEGT,Legato Merger Corp. III Ordinary Shares,$11.05,0.02,0.181%,0.00,,2024,216,,
LEN,Lennar Corporation Class A Common Stock,$94.60,0.42,0.446%,23299818802.00,United States,,731186,Consumer Discretionary,Homebuilding
LENZ,LENZ Therapeutics Inc. Common Stock,$9.32,0.17,1.858%,292222952.00,United States,2021,284283,Health Care,Biotechnology: Biological Products (No Diagnostic Substances)
LEO,BNY Mellon Strategic Municipals Inc. Common Stock,$6.32,-0.01,-0.158%,393678197.00,United States,1987,94531,Finance,Trusts Except Educational Religious and Charitable
LESL,Leslie's Inc. Common Stock,$2.05,-0.26,-11.255%,19098979.00,United States,2020,112769,Consumer Discretionary,Other Specialty Stores
LEU,Centrus Energy Corp. Class A Common Stock,$210.00,-9.58,-4.363%,4131033270.00,United States,2014,510524,Industrials,Mining & Quarrying of Nonmetallic Minerals (No Fuels)
LEVI,Levi Strauss & Co Class A Common Stock,$22.40,-0.09,-0.40%,8614956022.00,United States,2019,617393,Consumer Discretionary,Apparel
LEXX,Lexaria Bioscience Corp. Common Stock,$0.9199,-0.023,-2.439%,22801972.00,Canada,,46093,Health Care,Biotechnology: Pharmaceutical Preparations
LFAC,Leapfrog Acquisition Corporation Class A Ordinary Shares,$9.94,0.00,0.00%,0.00,United States,2026,1,Finance,Blank Checks
LFACU,Leapfrog Acquisition Corporation Units,$10.0899,0.0499,0.497%,0.00,United States,2025,1959,,
LFCR,Lifecore Biomedical Inc. Common Stock,$4.90,-0.02,-0.407%,183585125.00,United States,,130411,Health Care,Biotechnology: Pharmaceutical Preparations
LFMD,LifeMD Inc. Common Stock,$4.50,-0.04,-0.881%,215882298.00,United States,,686507,Health Care,Medical/Nursing Services
LFMDP,LifeMD Inc. 8.875% Series A Cumulative Perpetual Preferred Stock,$23.84,-0.16,-0.667%,1143696441.00,United States,,2157,Health Care,Medical/Nursing Services
LFS,LEIFRAS Co. Ltd. American Depositary Shares  ,$2.08,0.055,2.716%,54414088.00,Japan,2025,14092,Consumer Discretionary,Other Consumer Services
LFST,LifeStance Health Group Inc. Common Stock,$7.045,0.055,0.787%,2732245984.00,United States,2021,552559,Health Care,Medical/Nursing Services
LFT,Lument Finance Trust Inc. Common Stock,$1.269,-0.001,-0.079%,66494667.00,United States,2013,14821,Real Estate,Real Estate Investment Trusts
LFT^A,Lument Finance Trust Inc. 7.875% Series A Cumulative Redeemable Preferred Stock,$19.86,0.00,0.00%,,United States,,2,,
LFUS,Littelfuse Inc. Common Stock,$404.425,2.745,0.683%,10176187550.00,United States,,96979,Energy,Electrical Products
LFVN,Lifevantage Corporation Common Stock (Delaware),$5.28,0.32,6.452%,67548936.00,United States,,167009,Health Care,Biotechnology: Pharmaceutical Preparations
LFWD,Lifeward Ltd. Ordinary Shares,$7.6199,-0.0301,-0.393%,11644899.00,Israel,2014,5320,Health Care,Industrial Specialties
LGCB,Linkage Global Inc. Class A Ordinary Shares,$0.6111,-0.002,-0.326%,6821417.00,Japan,2023,31294,Consumer Discretionary,Catalog/Specialty Distribution
LGCL,Lucas GC Limited Ordinary Shares,$1.81,0.02,1.117%,77450631.00,China,2024,1772,Technology,Computer Software: Programming Data Processing
LGCY,Legacy Education Inc. Common Stock,$12.005,-0.345,-2.794%,151420097.00,,2024,116527,Real Estate,Other Consumer Services
LGHL,Lion Group Holding Ltd. American Depositary Share,$0.8616,-0.0834,-8.825%,821705.00,China,,37662,Finance,Investment Bankers/Brokers/Service
LGI,Lazard Global Total Return and Income Fund Common Stock,$17.47,0.07,0.402%,0.00,United States,2004,29517,,
LGIH,LGI Homes Inc. Common Stock,$45.545,0.295,0.652%,1053596402.00,United States,2013,85409,Consumer Discretionary,Homebuilding
LGL,LGL Group Inc. (The) Common Stock,$7.42,-0.1496,-1.976%,48530028.00,United States,1946,484,Technology,Industrial Machinery/Components
LGN,Legence Corp. Class A Common stock,$78.42,-2.70,-3.328%,8472334627.00,United States,2025,683249,Consumer Discretionary,Engineering & Construction
LGND,Ligand Pharmaceuticals Incorporated Common Stock,$226.94,-1.54,-0.674%,4547499518.00,United States,,91150,Health Care,Biotechnology: Pharmaceutical Preparations
LGO,Largo Inc. Common Shares,$1.30,0.05,4.00%,108776200.00,Canada,,2050278,Industrials,Mining & Quarrying of Nonmetallic Minerals (No Fuels)
LGPS,LogProstyle Inc. Common Shares,$0.924,0.084,10.00%,21854550.00,,2025,190453,Consumer Discretionary,Homebuilding
LGVN,Longeveron Inc. Class A Common Stock,$0.975,-0.0014,-0.143%,22686060.00,United States,2021,99539,Health Care,Biotechnology: Pharmaceutical Preparations
LH,Labcorp Holdings Inc. Common Stock,$264.80,-0.12,-0.045%,21763129781.00,United States,,146442,Health Care,Medical Specialities
LHAI,Linkhome Holdings Inc. Common stock,$1.085,0.005,0.463%,17609550.00,United States,2025,19241,Finance,Real Estate
LHSW,Lianhe Sowell International Group Ltd Class A Ordinary Shares,$0.2467,0.0142,6.108%,12828400.00,China,2025,324255,Technology,Computer Software: Prepackaged Software
LHX,L3Harris Technologies Inc. Common Stock,$316.925,-13.295,-4.026%,59197119773.00,United States,,683217,Industrials,Industrial Machinery/Components
LI,Li Auto Inc. American Depositary Shares,$17.895,-0.755,-4.048%,19116432226.00,China,2020,2242589,Industrials,Auto Manufacturing
LICN,Lichen International Limited Class A Ordinary Shares,$6.00,-0.05,-0.826%,97960950.00,China,2023,69064,Consumer Discretionary,Professional Services
LIDR,AEye Inc. Class A Common Stock,$2.305,0.615,36.391%,104522343.00,United States,2021,94681651,Consumer Discretionary,Auto Parts:O.E.M.
LIDRW,AEye Inc. Warrant,$0.0596,0.0126,26.809%,2702617.00,United States,2021,78309,Consumer Discretionary,Auto Parts:O.E.M.
LIEN,Chicago Atlantic BDC Inc. Common Stock,$9.4687,-0.0213,-0.224%,216081321.00,United States,2022,12249,Finance,Finance: Consumer Services
LIF,Life360 Inc. Common Stock,$45.32,1.50,3.423%,3656785734.00,United States,2024,173783,Technology,EDP Services
LIFE,Ethos Technologies Inc. Class A Common Stock,$17.1769,0.8369,5.122%,1079905743.00,United States,2026,161260,Finance,Specialty Insurers
LII,Lennox International Inc. Common Stock,$492.19,-1.48,-0.30%,17119013953.00,United States,1999,141479,Industrials,Industrial Machinery/Components
LILA,Liberty Latin America Ltd. Class A Common Stock,$8.32,-0.17,-2.002%,1664832000.00,United States,,61815,Telecommunications,Cable & Other Pay Television Services
LILAK,Liberty Latin America Ltd. Class C Common Stock,$8.53,-0.16,-1.841%,1706853000.00,United States,,152928,Telecommunications,Cable & Other Pay Television Services
LIMN,Liminatus Pharma Inc. Class A Common Stock,$0.1959,-0.0038,-1.903%,8791528.00,United States,,519295,,
LIMNW,Liminatus Pharma Inc. Warrants,$0.06,0.00,0.00%,0.00,United States,,365,,
LIN,Linde plc Ordinary Shares,$507.07,-0.99,-0.195%,234973274683.00,United States,,472729,Basic Materials,Major Chemicals
LINC,Lincoln Educational Services Corporation Common Stock,$39.28,-0.31,-0.783%,1245041741.00,United States,2005,98321,Real Estate,Other Consumer Services
LIND,Lindblad Expeditions Holdings Inc. Common Stock,$18.17,-0.24,-1.304%,1185628622.00,United States,2013,116758,Consumer Discretionary,Transportation Services
LINE,Lineage Inc. Common Stock,$35.78,0.23,0.647%,8124934064.00,United States,2024,165196,Real Estate,Real Estate Investment Trusts
LINK,Interlink Electronics Inc. Common Stock,$2.855,0.005,0.175%,44966270.00,United States,,14934,Technology,Computer peripheral equipment
LION,Lionsgate Studios Corp Common Shares,$11.525,0.185,1.631%,3344407964.00,Canada,2025,959591,Consumer Discretionary,Movies/Entertainment
LIQT,LiqTech International Inc. Common Stock,$2.16,0.03,1.408%,21487337.00,Denmark,,6141,Technology,Industrial Machinery/Components
LITB,LightInTheBox Holding Co. Ltd. American Depositary Shares each representing twelve ordinary shares,$2.11,-0.02,-0.939%,37860711.00,China,,1504,Consumer Discretionary,Catalog/Specialty Distribution
LITE,Lumentum Holdings Inc. Common Stock,$884.375,37.485,4.426%,63144375000.00,United States,,2770177,Telecommunications,Telecommunications Equipment
LITS,Lite Strategy Inc. Common Stock,$1.14,-0.04,-3.39%,41452679.00,United States,2003,250956,Health Care,Biotechnology: Pharmaceutical Preparations
LIVE,Live Ventures Incorporated Common Stock,$13.60,0.00,0.00%,41774522.00,United States,,278,Consumer Discretionary,Other Specialty Stores
LIVN,LivaNova PLC Ordinary Shares,$64.09,-1.055,-1.619%,3505074153.00,United Kingdom,,108074,Health Care,Biotechnology: Electromedical & Electrotherapeutic Apparatus
LIXT,Lixte Biotechnology Holdings Inc. Common Stock,$3.80,-0.18,-4.523%,44148187.00,United States,,27436,Health Care,Biotechnology: Pharmaceutical Preparations
LKFN,Lakeland Financial Corporation Common Stock,$59.98,0.47,0.79%,1515484850.00,United States,,35102,Finance,Major Banks
LKQ,LKQ Corporation Common Stock,$31.71,0.34,1.084%,8092681227.00,United States,2003,526536,Consumer Discretionary,Motor Vehicles
LKSP,Lake Superior Acquisition Corp. Class A Ordinary Shares,$10.09,0.01,0.099%,0.00,United States,2025,4778,,
LKSPR,Lake Superior Acquisition Corp. Rights,$1.23,0.08,6.957%,0.00,United States,2025,7302,,
LKSPU,Lake Superior Acquisition Corp. Units,$10.20,0.00,0.00%,0.00,United States,2025,683,,
LLY,Eli Lilly and Company Common Stock,$879.165,-38.485,-4.194%,830651691514.00,United States,,2495828,Health Care,Biotechnology: Pharmaceutical Preparations
LLYVA,Liberty Live Holdings Inc. Series A Liberty Live Group Common Stock,$90.77,0.92,1.024%,8344637595.00,United States,,22135,Consumer Discretionary,Services-Misc. Amusement & Recreation
LLYVK,Liberty Live Holdings Inc. Series C Liberty Live Group Common Stock,$93.545,1.165,1.261%,8599747977.00,United States,,53270,Consumer Discretionary,Services-Misc. Amusement & Recreation
LMAT,LeMaitre Vascular Inc. Common Stock,$113.31,0.41,0.363%,2588883991.00,United States,2006,25614,Health Care,Medical/Dental Instruments
LMB,Limbach Holdings Inc. Common Stock,$98.82,-0.95,-0.952%,1154157419.00,United States,,112967,Consumer Discretionary,Engineering & Construction
LMFA,LM Funding America Inc. Common Stock,$0.2508,0.0016,0.642%,4052399.00,United States,2015,91664,Finance,Finance: Consumer Services
LMND,Lemonade Inc. Common Stock,$65.385,-0.755,-1.142%,5022747480.00,United States,2020,552331,Finance,Property-Casualty Insurers
LMNR,Limoneira Co Common Stock,$12.835,0.045,0.352%,232401766.00,United States,,5917,Consumer Staples,Farming/Seeds/Milling
LMRI,Lumexa Imaging Holdings Inc. Common Stock,$9.425,0.015,0.159%,905836062.00,United States,2025,128435,Health Care,Medical Specialities
LMT,Lockheed Martin Corporation Common Stock,$504.45,-25.34,-4.783%,116256615425.00,United States,,1464146,Industrials,Military/Government/Technical
LNAI,Lunai Bioworks Inc. Common Stock,$0.2988,-0.0059,-1.936%,10837810.00,United States,,27933303,Health Care,Biotechnology: Pharmaceutical Preparations
LNC,Lincoln National Corporation Common Stock,$36.89,0.43,1.179%,7012435077.00,United States,,440677,Finance,Life Insurance
LNC^D,Lincoln National Corporation Depositary Shares Each Representing a 1/1000th Interest in a Share of 9.000% Non-Cumulative Preferred Stock Series D,$26.22,0.03,0.115%,,United States,,103598,,
LND,Brasilagro Brazilian Agric Real Estate Co Sponsored ADR (Brazil),$4.01,0.00,0.00%,411760610.00,Brazil,,56502,Consumer Staples,Farming/Seeds/Milling
LNG,Cheniere Energy Inc. Common Stock,$254.60,-2.59,-1.007%,53500856777.00,United States,2001,495968,Utilities,Oil/Gas Transmission
LNKB,LINKBANCORP Inc. Common Stock,$8.61,-0.10,-1.148%,322596002.00,United States,,71083,Finance,Major Banks
LNKS,Linkers Industries Limited Class A Ordinary Shares,$1.78,-0.02,-1.111%,2859771.00,Malaysia,2024,143362,Technology,Electrical Products
LNN,Lindsay Corporation Common Stock,$108.53,-2.00,-1.809%,1128240437.00,United States,,77438,Industrials,Industrial Machinery/Components
LNSR,LENSAR Inc. Common Stock,$5.11,-0.15,-2.852%,61808674.00,United States,,24749,Health Care,Medical/Dental Instruments
LNT,Alliant Energy Corporation Common Stock,$72.24,-0.39,-0.537%,18657893132.00,United States,,635972,Utilities,Power Generation
LNTH,Lantheus Holdings Inc. Common Stock,$83.70,0.88,1.063%,5438123255.00,United States,2015,147551,Health Care,Biotechnology: In Vitro & In Vivo Diagnostic Substances
LNZA,LanzaTech Global Inc. Common Stock,$25.29,0.29,1.16%,255154932.00,United States,2021,12539,Industrials,Major Chemicals
LNZAW,LanzaTech Global Inc. Warrant,$0.0153,-0.0007,-4.375%,154364.00,United States,2021,12103,Industrials,Major Chemicals
LOAN,Manhattan Bridge Capital Inc,$4.49,0.04,0.899%,51317786.00,United States,,4394,Real Estate,Real Estate Investment Trusts
LOAR,Loar Holdings Inc. Common Stock,$58.325,-0.595,-1.01%,5460647271.00,United States,2024,315377,Industrials,Military/Government/Technical
LOB,Live Oak Bancshares Inc. Common Stock,$36.95,-0.53,-1.414%,1708563972.00,United States,2022,60367,Finance,Major Banks
LOB^A,Live Oak Bancshares Inc. Depositary Shares Each Representing a 1/40th Interest in a Share of 8.375% Fixed Rate Series A Non-Cumulative Perpetual Preferred Stock,$25.3499,0.0199,0.079%,,United States,,100,,
LOBO,LOBO TECHNOLOGIES LTD. Class A Ordinary Shares,$0.65,0.0196,3.109%,8169534.00,China,2024,621491,Consumer Discretionary,Motor Vehicles
LOCL,Local Bounti Corporation Common Stock,$2.51,0.06,2.449%,57105750.00,,2021,189096,Consumer Staples,Farming/Seeds/Milling
LOCO,El Pollo Loco Holdings Inc. Common Stock,$13.9019,0.0219,0.158%,416448917.00,United States,2014,46065,Consumer Discretionary,Restaurants
LODE,Comstock Inc. Common Stock,$3.21,-0.05,-1.534%,237858239.00,United States,,380616,Industrials,Major Chemicals
LOGI,Logitech International S.A. Ordinary Shares,$95.46,0.46,0.484%,13993380785.00,United States,1997,309191,Technology,Computer peripheral equipment
LOKV,Live Oak Acquisition Corp. V Class A Ordinary Shares,$10.45,0.01,0.096%,0.00,United States,2025,2152539,,
LOKVW,Live Oak Acquisition Corp. V Warrants,$1.4199,0.00,0.00%,0.00,United States,2025,2,,
LOMA,Loma Negra Compania Industrial Argentina Sociedad Anonima ADS,$11.06,-0.08,-0.718%,1290664728.00,Argentina,2017,338020,Industrials,Building Materials
LONA,LeonaBio Inc. Common Stock,$8.02,-0.60,-6.961%,75335982.00,United States,2020,28239,Health Care,Biotechnology: Biological Products (No Diagnostic Substances)
LOOP,Loop Industries Inc. Common Stock,$1.32,-0.01,-0.752%,63805573.00,Canada,,4257,Industrials,Major Chemicals
LOPE,Grand Canyon Education Inc. Common Stock,$162.21,-2.83,-1.715%,4402939673.00,United States,2008,127676,Real Estate,Other Consumer Services
LOT,Lotus Technology Inc. American Depositary Shares,$1.33,-0.02,-1.481%,902064970.00,China,,17554,Industrials,Auto Manufacturing
LOTWW,Lotus Technology Inc. Warrants,$0.0699,0.00,0.00%,47409279.00,China,,104,Industrials,Auto Manufacturing
LOVE,The Lovesac Company Common Stock,$16.28,-0.47,-2.806%,237966486.00,United States,2018,43980,Consumer Discretionary,Other Specialty Stores
LOW,Lowe's Companies Inc. Common Stock,$244.954,-1.586,-0.643%,137189777187.00,United States,,676135,Consumer Discretionary,RETAIL: Building Materials
LPA,Logistic Properties of the Americas Ordinary Shares,$3.69,0.09,2.50%,116669737.00,,2024,1903,Finance,Real Estate
LPAA,Launch One Acquisition Corp. Class A Ordinary shares,$10.73,-0.01,-0.093%,0.00,United States,2024,103,,
LPAAW,Launch One Acquisition Corp. Warrant,$0.1101,-0.0036,-3.166%,0.00,United States,2024,10580,Finance,Blank Checks
LPBB,Launch Two Acquisition Corp. Class A Ordinary Shares,$10.63,0.01,0.094%,0.00,United States,2024,100001,,
LPBBW,Launch Two Acquisition Corp. Warrant,$0.1499,-0.0001,-0.067%,0.00,United States,2024,4611,,
LPCN,Lipocine Inc. Common Stock,$2.40,0.05,2.128%,17940276.00,United States,,82254,Health Care,Biotechnology: Pharmaceutical Preparations
LPCV,Launchpad Cadenza Acquisition Corp I Class A Ordinary Share,$9.99,0.02,0.201%,0.00,United States,2026,100,,
LPCVU,Launchpad Cadenza Acquisition Corp I Unit,$10.05,0.00,0.00%,0.00,United States,2025,1,Finance,Blank Checks
LPG,Dorian LPG Ltd. Common Stock,$37.265,0.645,1.761%,1592858998.00,United States,2014,116983,Consumer Discretionary,Marine Transportation
LPL,LG Display Co Ltd AMERICAN DEPOSITORY SHARES,$4.215,-0.065,-1.519%,4215000000.00,South Korea,2004,1119375,Technology,Industrial Machinery/Components
LPLA,LPL Financial Holdings Inc. Common Stock,$321.48,0.48,0.15%,25778863958.00,United States,2010,239500,Finance,Investment Bankers/Brokers/Service
LPRO,Open Lending Corporation Common Stock,$1.715,0.045,2.695%,202742296.00,United States,,93395,Finance,Finance: Consumer Services
LPSN,LivePerson Inc. Common Stock,$2.65,-0.025,-0.935%,31942048.00,United States,2000,84911,Technology,Computer Software: Prepackaged Software
LPTH,LightPath Technologies Inc. Class A Common Stock,$16.13,1.51,10.328%,930839766.00,United States,1996,4543838,Technology,Semiconductors
LPX,Louisiana-Pacific Corporation Common Stock,$73.98,-0.72,-0.964%,5167387591.00,United States,,188906,Basic Materials,Forest Products
LQDA,Liquidia Corporation Common Stock,$37.05,-0.41,-1.095%,3264639594.00,United States,2018,283638,Health Care,Biotechnology: Pharmaceutical Preparations
LQDT,Liquidity Services Inc. Common Stock,$35.01,0.55,1.596%,1085795974.00,United States,2006,28564,Real Estate,Real Estate
LRCX,Lam Research Corporation Common Stock,$273.20,14.64,5.662%,341164237200.00,United States,1984,5122511,Technology,Industrial Machinery/Components
LRE,Lead Real Estate Co. Ltd American Depositary Shares,$1.2407,-0.0393,-3.07%,16925505.00,Japan,2023,6553,Consumer Discretionary,Homebuilding
LRHC,La Rosa Holdings Corp. Common Stock,$1.982,-0.078,-3.786%,106037.00,United States,2023,203482,Finance,Real Estate
LRMR,Larimar Therapeutics Inc. Common Stock,$4.505,0.005,0.111%,467992631.00,United States,2014,347923,Health Care,Biotechnology: Pharmaceutical Preparations
LRN,Stride Inc. Common Stock,$97.88,-0.48,-0.488%,4167758785.00,United States,,149154,Real Estate,Other Consumer Services
LSAK,Lesaka Technologies Inc. Common Stock,$4.89,0.04,0.825%,410372101.00,South Africa,,10738,Finance,Investment Bankers/Brokers/Service
LSBK,Lake Shore Bancorp Inc. Common Stock,$15.80,-0.05,-0.315%,124241530.00,United States,2006,2069,Finance,Savings Institutions
LSCC,Lattice Semiconductor Corporation Common Stock,$122.08,4.07,3.449%,16709019648.00,United States,,1351520,Technology,Semiconductors
LSE,Leishen Energy Holding Co. Ltd. Class A Ordinary Shares,$5.3872,0.4175,8.401%,91717080.00,China,2024,14894,Consumer Discretionary,Oil and Gas Field Machinery
LSF,Laird Superfood Inc. Common Stock,$3.0938,0.0538,1.77%,33800439.00,,2020,37459,Consumer Staples,Packaged Foods
LSH,Lakeside Holding Limited Common Stock,$0.5647,-0.0629,-10.022%,19441243.00,United States,2024,28647,,
LSPD,Lightspeed Commerce Inc. Subordinate Voting Shares,$9.405,-0.035,-0.371%,1291315331.00,Canada,,215452,Technology,Computer Software: Prepackaged Software
LSTA,Lisata Therapeutics Inc. Common Stock,$3.2245,-0.1055,-3.168%,29124622.00,United States,,16578,Health Care,Misc Health and Biotechnology Services
LSTR,Landstar System Inc. Common Stock,$179.785,-0.115,-0.064%,6106776871.00,United States,1993,82085,Industrials,Trucking Freight/Courier Services
LTBR,Lightbridge Corporation Common Stock,$12.69,-0.31,-2.385%,439728538.00,United States,,554887,Consumer Discretionary,Professional Services
LTC,LTC Properties Inc. Common Stock,$38.18,0.26,0.686%,1890190127.00,United States,,52929,Real Estate,Real Estate Investment Trusts
LTH,Life Time Group Holdings Inc. Common Stock,$27.37,0.20,0.736%,6095369067.00,United States,2021,502613,Consumer Discretionary,Hotels/Resorts
LTM,LATAM Airlines Group S.A. American Depositary Shares (each representing two thousand (2000) shares of Common Stock),$50.535,0.255,0.507%,14509002376.00,Chile,2024,244854,Consumer Discretionary,Air Freight/Delivery Services
LTRN,Lantern Pharma Inc. Common Stock,$2.385,0.075,3.247%,26842452.00,United States,2020,77907,Health Care,Biotechnology: Pharmaceutical Preparations
LTRX,Lantronix Inc. Common Stock,$6.54,0.14,2.188%,259585850.00,United States,2000,182512,Telecommunications,Computer Communications Equipment
LTRYW,Sports Entertainment Gaming Global Corporation Warrants,$0.01,-0.001,-9.091%,126434.00,United States,2023,72750,Technology,Computer Software: Prepackaged Software
LU,Lufax Holding Ltd American Depositary Shares each representing two (2) Ordinary Shares,$1.93,0.07,3.763%,1672709562.00,China,,313331,Finance,Finance: Consumer Services
LUCD,Lucid Diagnostics Inc. Common Stock,$1.085,-0.005,-0.459%,192319964.00,United States,2021,507348,Health Care,Medical/Dental Instruments
LUCK,Lucky Strike Entertainment Corporation Class A Common Stock,$7.22,-0.31,-4.117%,994226837.00,United States,2021,50633,Consumer Discretionary,Services-Misc. Amusement & Recreation
LUCY,Innovative Eyewear Inc. Common Stock,$1.045,-0.005,-0.476%,6584191.00,United States,2022,99012,Health Care,Ophthalmic Goods
LUCYW,Innovative Eyewear Inc. Series A Warrants 8/16/27,$0.0644,0.00,0.00%,405763.00,United States,2022,22,Health Care,Ophthalmic Goods
LUD,Luda Technology Group Limited Ordinary Shares,$5.42,-0.44,-7.509%,122979800.00,,2025,28733,Industrials,Steel/Iron Ore
LULU,lululemon athletica inc. Common Stock,$144.66,3.00,2.118%,15982423187.00,Canada,2007,2218328,Consumer Discretionary,Apparel
LUMN,Lumen Technologies Inc. Common Stock,$8.975,-0.035,-0.388%,9193717241.00,United States,,4165099,Telecommunications,Telecommunications Equipment
LUNG,Pulmonx Corporation Common Stock,$1.27,-0.01,-0.781%,53641248.00,United States,2020,111352,Health Care,Medical/Dental Instruments
LUNR,Intuitive Machines Inc. Class A Common Stock,$25.735,-1.825,-6.622%,5579367353.00,United States,2021,7100346,Industrials,Industrial Machinery/Components
LUV,Southwest Airlines Company Common Stock,$39.03,1.28,3.391%,19166686444.00,United States,,4245868,Consumer Discretionary,Air Freight/Delivery Services
LUXE,LuxExperience B.V. American Depositary Shares each representing one Ordinary Share,$8.98,-0.05,-0.554%,1224640819.00,,2021,33361,Consumer Discretionary,Catalog/Specialty Distribution
LVLU,Lulu's Fashion Lounge Holdings Inc. Common Stock,$9.28,-0.11,-1.171%,26512394.00,United States,2021,4963,Consumer Discretionary,Catalog/Specialty Distribution
LVO,LiveOne Inc. Common Stock,$5.13,0.10,1.988%,59757144.00,United States,,23293,Consumer Discretionary,Restaurants
LVS,Las Vegas Sands Corp. Common Stock,$52.22,0.27,0.52%,34654142978.00,United States,2004,1772380,Consumer Discretionary,Hotels/Resorts
LVWR,LiveWire Group Inc. Common Stock,$2.04,0.13,6.806%,417714133.00,United States,2022,42514,Consumer Discretionary,Motor Vehicles
LW,Lamb Weston Holdings Inc. Common Stock ,$44.735,0.795,1.809%,6176686842.00,United States,2016,273830,Consumer Staples,Packaged Foods
LWAC,LightWave Acquisition Corp. Class A Ordinary Shares,$10.19,0.00,0.00%,0.00,United States,2025,77,Finance,Blank Checks
LWACW,LightWave Acquisition Corp. Warrants,$0.2583,0.0282,12.256%,0.00,United States,2025,100,Finance,Blank Checks
LWAY,Lifeway Foods Inc. Common Stock,$26.915,0.445,1.681%,407751484.00,United States,,27403,Consumer Staples,Packaged Foods
LWLG,Lightwave Logic Inc. Common Stock,$12.7666,-0.8334,-6.128%,1900067402.00,United States,,8003106,Industrials,Containers/Packaging
LX,LexinFintech Holdings Ltd. American Depositary Shares,$2.12,-0.002,-0.094%,356718622.00,China,2017,1608734,Finance,Finance: Consumer Services
LXEH,Lixiang Education Holding Co. Ltd. American Depositary Shares,$1.2913,-0.0487,-3.634%,2474992.00,China,2020,21266,Real Estate,Other Consumer Services
LXEO,Lexeo Therapeutics Inc. Common Stock,$5.91,-0.10,-1.664%,437854542.00,United States,2023,366025,Health Care,Biotechnology: Biological Products (No Diagnostic Substances)
LXFR,Luxfer Holdings PLC Ordinary Shares,$13.06,0.16,1.24%,355711002.00,United Kingdom,2012,20006,Basic Materials,Major Chemicals
LXP,LXP Industrial Trust Common Stock (Maryland REIT),$50.515,0.005,0.01%,2978239274.00,United States,,89475,Real Estate,Real Estate Investment Trusts
LXP^C,LXP Industrial Trust 6.5% Series C Cumulative Convertible Preferred Stock,$46.69,-0.0301,-0.064%,,United States,,1781,,
LXRX,Lexicon Pharmaceuticals Inc. Common Stock,$1.665,-0.015,-0.893%,705428217.00,United States,,1326475,Health Care,Biotechnology: Pharmaceutical Preparations
LXU,LSB Industries Inc. Common Stock,$14.13,-0.44,-3.02%,1015195877.00,United States,2003,200935,Basic Materials,Major Chemicals
LYB,LyondellBasell Industries NV Ordinary Shares Class A (Netherlands),$69.99,-0.73,-1.032%,22590622327.00,Netherlands,,1657348,Industrials,Major Chemicals
LYEL,Lyell Immunopharma Inc. Common Stock,$23.20,-0.40,-1.695%,541218648.00,United States,2021,10138,Health Care,Biotechnology: Pharmaceutical Preparations
LYFT,Lyft Inc. Class A Common Stock,$13.965,-0.065,-0.463%,5431340320.00,United States,2019,4092005,Real Estate,Real Estate
LYG,Lloyds Banking Group Plc American Depositary Shares,$5.33,0.00,0.00%,78996004162.00,United Kingdom,,11528219,Finance,Commercial Banks
LYTS,LSI Industries Inc. Common Stock,$22.54,-0.13,-0.573%,701302370.00,United States,1985,259674,Consumer Discretionary,Building Products
LYV,Live Nation Entertainment Inc. Common Stock,$155.26,2.05,1.338%,36455346410.00,United States,,896821,Consumer Discretionary,Services-Misc. Amusement & Recreation
LZ,LegalZoom.com Inc. Common Stock,$6.255,0.005,0.08%,1081320146.00,United States,2021,457506,Technology,EDP Services
LZB,La-Z-Boy Incorporated Common Stock,$35.58,-0.32,-0.891%,1456065602.00,United States,,76123,Consumer Discretionary,Home Furnishings
LZM,Lifezone Metals Limited Ordinary Shares,$5.07,0.43,9.267%,455699560.00,Isle of Man,,779963,Basic Materials,Metal Mining
LZMH,LZ Technology Holdings Limited Class B Ordinary Shares,$0.1322,0.0094,7.655%,20103654.00,China,2025,52498605,Technology,EDP Services
M,Macy's Inc Common Stock,$20.155,-0.025,-0.124%,5316113012.00,United States,,1315926,Consumer Discretionary,Department/Specialty Retail Stores
MA,Mastercard Incorporated Common Stock,$502.88,0.50,0.10%,448474574956.00,United States,2006,1079024,Real Estate,Real Estate
MAA,Mid-America Apartment Communities Inc. Common Stock,$125.755,-0.245,-0.194%,14631296965.00,United States,1994,154219,Real Estate,Real Estate Investment Trusts
MAA^I,Mid-America Apartment Communities Inc. 8.50% Series I Cumulative Redeemable Preferred Stock,$55.39,0.00,0.00%,,United States,,126,,
MAAS,Maase Inc. Class A Ordinary Shares,$9.45,0.34,3.732%,4178559212.00,China,2019,147302,Finance,Investment Managers
MAC,Macerich Company (The) Common Stock,$21.275,-0.135,-0.631%,5535247549.00,United States,1994,876329,Real Estate,Real Estate Investment Trusts
MACI,Melar Acquisition Corp. I Class A Ordinary Shares,$10.80,0.00,0.00%,0.00,United States,2024,3,,
MAGN,Magnera Corporation Common Stock,$10.26,-0.11,-1.061%,368334000.00,United States,2000,110072,Basic Materials,Paper
MAIA,MAIA Biotechnology Inc. Common Stock,$1.305,0.045,3.571%,79176296.00,,2022,202225,Health Care,Biotechnology: Pharmaceutical Preparations
MAIN,Main Street Capital Corporation Common Stock,$54.1831,0.1631,0.302%,4882159069.00,United States,2007,139700,Finance,Finance/Investors Services
MAIR,Madison Air Solutions Corporation Class A Common Stock,$34.015,-0.225,-0.657%,16630828945.00,,2026,530558,Industrials,Pollution Control Equipment
MAKO,Mako Mining Corp Common Stock,$7.75,0.08,1.043%,678626014.00,Canada,,84865,,
MAMA,Mama's Creations Inc. Common Stock,$14.35,0.30,2.135%,583427950.00,United States,,62472,Consumer Staples,Specialty Foods
MAMO,Massimo Group Common Stock,$1.005,-0.015,-1.471%,41849155.00,United States,2024,230927,Consumer Discretionary,Industrial Specialties
MAN,ManpowerGroup Common Stock,$29.32,0.06,0.205%,1363076421.00,United States,,428533,Consumer Discretionary,Professional Services
MANE,Veradermics Incorporated Common Stock,$67.87,-1.38,-1.993%,2534285482.00,,2026,120676,Health Care,Biotechnology: Pharmaceutical Preparations
MANH,Manhattan Associates Inc. Common Stock,$139.36,1.04,0.752%,8312492741.00,United States,1998,212946,Technology,Computer Software: Prepackaged Software
MANU,Manchester United Ltd. Class A Ordinary Shares,$17.16,0.21,1.239%,2958879220.00,United Kingdom,2012,86470,Consumer Discretionary,Services-Misc. Amusement & Recreation
MAPS,WM Technology Inc. Class A Common Stock ,$0.4377,0.0295,7.227%,69611924.00,United States,2019,1902641,Technology,Computer Software: Prepackaged Software
MAPSW,WM Technology Inc. Warrants ,$0.0025,-0.0003,-10.714%,397601.00,United States,2019,579891,Technology,Computer Software: Prepackaged Software
MAR,Marriott International Class A Common Stock,$366.775,-1.465,-0.398%,97170431733.00,United States,,327066,Consumer Discretionary,Hotels/Resorts
MARA,MARA Holdings Inc. Common Stock,$11.535,-0.265,-2.246%,4386006515.00,United States,,29477234,Technology,EDP Services
MARPS,Marine Petroleum Trust Units of Beneficial Interest,$4.95,-0.095,-1.883%,9900000.00,United States,,3701,Energy,Oil & Gas Production
MAS,Masco Corporation Common Stock,$74.065,-1.335,-1.771%,14941461076.00,United States,,1515068,Industrials,Industrial Specialties
MASI,Masimo Corporation Common Stock,$178.51,-0.20,-0.112%,9316889958.00,United States,2007,222105,Health Care,Biotechnology: Electromedical & Electrotherapeutic Apparatus
MASK,3 E Network Technology Group Ltd Class A Ordinary Shares,$1.625,-0.045,-2.695%,1873307.00,China,2025,69433,Technology,EDP Services
MASS,908 Devices Inc. Common Stock,$6.78,0.02,0.296%,253436081.00,United States,2020,45241,Industrials,Industrial Machinery/Components
MAT,Mattel Inc. Common Stock,$14.745,-0.015,-0.102%,4284265118.00,United States,,985137,Consumer Discretionary,Recreational Games/Products/Toys
MATH,Metalpha Technology Holding Limited Ordinary Shares,$1.16,0.01,0.87%,50352202.00,China,2017,9482,Finance,Finance/Investors Services
MATV,Mativ Holdings Inc. Common Stock,$9.73,0.09,0.934%,533873988.00,United States,,91146,Basic Materials,Paper
MATW,Matthews International Corporation Class A Common Stock,$28.61,0.47,1.67%,890517177.00,United States,1994,81213,Telecommunications,Metal Fabrications
MATX,Matson Inc. Common Stock,$174.575,4.215,2.474%,5313942543.00,United States,,80722,Consumer Discretionary,Marine Transportation
MAX,MediaAlpha Inc. Class A Common Stock,$9.53,0.04,0.421%,604753387.00,United States,2020,135330,Real Estate,Real Estate
MAXN,Maxeon Solar Technologies Ltd. Ordinary Shares,$1.48,-0.06,-3.896%,25007159.00,Singapore,,84699,Technology,Semiconductors
MAYS,J. W. Mays Inc. Common Stock,$40.01,0.00,0.00%,80651358.00,United States,,84,Real Estate,Building operators
MAZE,Maze Therapeutics Inc. Common Stock,$25.57,-0.44,-1.692%,1271050385.00,United States,2025,162414,Health Care,Biotechnology: Biological Products (No Diagnostic Substances)
MB,MasterBeef Group Ordinary Shares,$6.15,0.15,2.50%,104550000.00,Hong Kong,2025,2795,Consumer Discretionary,Restaurants
MBAI,Check-Cap Ltd. Ordinary Share,$1.55,0.08,5.442%,11296956.00,Israel,2015,17246,Health Care,Medical Electronics
MBAV,M3-Brigade Acquisition V Corp. Class A Ordinary shares,$10.84,-0.005,-0.046%,0.00,United States,2024,2534,,
MBAVW,M3-Brigade Acquisition V Corp. Warrant,$0.302,-0.048,-13.714%,0.00,United States,2024,125,Finance,Blank Checks
MBBC,Marathon Bancorp Inc. Common Stock,$14.97,0.70,4.905%,43991141.00,United States,,6860,Finance,Banks
MBC,MasterBrand Inc. Common Stock,$9.305,-0.045,-0.481%,1190876800.00,United States,2022,586899,Consumer Discretionary,Home Furnishings
MBI,MBIA Inc. Common Stock,$6.06,0.03,0.498%,308657137.00,United States,1987,92106,Finance,Property-Casualty Insurers
MBIN,Merchants Bancorp Common Stock,$49.18,-0.53,-1.066%,2259411134.00,United States,2017,45997,Finance,Major Banks
MBINL,Merchants Bancorp Depositary Shares Each Representing a 1/40thInterest in a Share of 7.25% Fixed Rate Series E Non-CumulativePerpetual Preferred Stock without par value,$24.14,0.00,0.00%,1109031817.00,United States,,6253,Finance,Major Banks
MBINM,Merchants Bancorp Depositary Shares Each Representing a 1/40th Interest in a Share of 8.25% Fixed-Rate Reset Series D Non-Cumulative Perpetual Preferred Stock,$25.59,0.10,0.392%,1175647233.00,United States,,4809,Finance,Major Banks
MBINN,Merchants Bancorp Depositary Shares Preferred Series C,$20.44,0.145,0.714%,939047653.00,United States,,1600,Finance,Major Banks
MBIO,Mustang Bio Inc. Common Stock,$0.759,-0.0044,-0.576%,5751305.00,United States,,31752,Health Care,Biotechnology: Pharmaceutical Preparations
MBLY,Mobileye Global Inc. Class A Common Stock,$9.465,0.765,8.793%,7963676030.00,Israel,2022,8509287,Technology,Computer Software: Prepackaged Software
MBNKO,Medallion Bank Fixed-Rate Reset Non-Cumulative Perpetual Preferred Stock Series G par value $1.00 per share,$25.64,-0.1899,-0.735%,25640000.00,United States,,203,Finance,Commercial Banks
MBOT,Microbot Medical Inc. Common Stock,$2.20,0.02,0.917%,147747697.00,Israel,,623513,Health Care,Biotechnology: Biological Products (No Diagnostic Substances)
MBRX,Moleculin Biotech Inc. Common Stock,$2.60,0.06,2.362%,13874510.00,United States,2016,58091,Health Care,Biotechnology: Pharmaceutical Preparations
MBUU,Malibu Boats Inc. Class A Common Stock,$26.025,-0.315,-1.196%,484130973.00,United States,2014,39159,Industrials,Marine Transportation
MBVI,M3-Brigade Acquisition VI Corp. Class A Ordinary Shares,$10.09,0.0001,0.001%,0.00,United States,2025,25103,,
MBVIU,M3-Brigade Acquisition VI Corp. Units,$10.14,0.00,0.00%,0.00,United States,2025,635,Finance,Blank Checks
MBVIW,M3-Brigade Acquisition VI Corp. Warrant,$0.345,0.00,0.00%,0.00,United States,2025,29,,
MBWM,Mercantile Bank Corporation Common Stock,$50.94,0.26,0.513%,879983355.00,United States,1998,63891,Finance,Major Banks
MBX,MBX Biosciences Inc. Common Stock,$31.49,-1.90,-5.69%,1497994573.00,United States,2024,199934,Health Care,Biotechnology: Pharmaceutical Preparations
MC,Moelis & Company Class A Common Stock,$68.495,1.255,1.866%,5317041022.00,United States,2014,229918,Finance,Investment Managers
MCB,Metropolitan Bank Holding Corp. Common Stock,$88.26,-0.91,-1.021%,1084995537.00,United States,2017,59214,Finance,Major Banks
MCBS,MetroCity Bankshares Inc. Common Stock,$31.54,-0.04,-0.127%,903937725.00,United States,2019,33674,Finance,Major Banks
MCD,McDonald's Corporation Common Stock,$300.74,-1.79,-0.592%,213774301747.00,United States,,1317660,Consumer Discretionary,Restaurants
MCFT,MasterCraft Boat Holdings Inc. Common Stock,$23.625,-0.115,-0.484%,384730857.00,United States,2015,14094,Industrials,Marine Transportation
MCGA,Yorkville Acquisition Corp. Class A Ordinary Share,$10.17,0.01,0.098%,0.00,United States,2025,8019,Utilities,Electric Utilities: Central
MCGAU,Yorkville Acquisition Corp. Unit,$10.2501,-0.0499,-0.484%,0.00,United States,2025,448,Finance,Blank Checks
MCGAW,Yorkville Acquisition Corp. Warrant,$0.31,0.0099,3.299%,0.00,United States,2025,5200,,
MCHB,Mechanics Bancorp Class A Common Stock,$15.44,-0.01,-0.065%,3418425110.00,United States,2012,131719,Finance,Major Banks
MCHP,Microchip Technology Incorporated Common Stock,$89.085,-1.555,-1.716%,48207052276.00,United States,1993,4356251,Technology,Semiconductors
MCHPP,Microchip Technology Incorporated Depositary Shares Each Representing a 1/20th Interest in a Share of 7.50% Series A Mandatory Convertible Preferred Stock,$76.14,-1.12,-1.45%,41202053772.00,United States,,6926,Technology,Semiconductors
MCHX,Marchex Inc. Class B Common Stock,$1.7699,0.0299,1.718%,77716659.00,United States,2004,1735,Technology,Computer Software: Prepackaged Software
MCI,Barings Corporate Investors Common Stock,$17.7901,0.1401,0.794%,360458007.00,United States,,2596,Finance,Trusts Except Educational Religious and Charitable
MCK,McKesson Corporation Common Stock,$822.155,-13.945,-1.668%,100703674388.00,United States,,289692,Health Care,Other Pharmaceuticals
MCN,XAI Madison Equity Premium Income Fund Common Shares,$5.92,0.0057,0.096%,0.00,United States,2004,13587,,
MCO,Moody's Corporation Common Stock,$455.86,3.51,0.776%,81144846458.00,United States,,316559,Finance,Finance: Consumer Services
MCR,MFS Charter Income Trust Common Stock,$6.0003,-0.0147,-0.244%,264063483.00,United States,1989,54629,Finance,Trusts Except Educational Religious and Charitable
MCRB,Seres Therapeutics Inc. Common Stock,$7.96,-0.13,-1.607%,76306932.00,United States,2015,46871,Health Care,Biotechnology: Pharmaceutical Preparations
MCRI,Monarch Casino & Resort Inc. Common Stock,$116.02,-0.63,-0.54%,2058204430.00,United States,1993,122182,Consumer Discretionary,Hotels/Resorts
MCRP,Micropolis AI Robotics Ordinary Shares,$2.55,0.09,3.659%,88965540.00,,2025,67645,Consumer Discretionary,Auto Parts:O.E.M.
MCS,Marcus Corporation (The) Common Stock,$18.83,0.22,1.182%,578800513.00,United States,,11505,Consumer Discretionary,Movies/Entertainment
MCW,Mister Car Wash Inc. Common Stock,$7.005,-0.005,-0.071%,2300995850.00,United States,,2244515,Consumer Discretionary,Automotive Aftermarket
MCY,Mercury General Corporation Common Stock,$97.095,-0.545,-0.558%,5377958739.00,United States,,54446,Finance,Property-Casualty Insurers
MD,Pediatrix Medical Group Inc. Common Stock,$22.75,-0.01,-0.044%,1889890366.00,United States,,178870,Health Care,Hospital/Nursing Management
MDA,MDA Space Ltd. Common Shares,$33.01,0.15,0.456%,4577146629.00,,2026,181909,Consumer Discretionary,Electronic Components
MDAI,Spectral AI Inc. Class A Common Stock,$1.845,0.045,2.50%,58715252.00,United States,2021,151469,Health Care,Medical/Dental Instruments
MDAIW,Spectral AI Inc. Warrants,$0.68,0.00,0.00%,21640310.00,United States,2021,100,Health Care,Medical/Dental Instruments
MDB,MongoDB Inc. Class A Common Stock,$249.45,-8.66,-3.355%,20048178510.00,United States,2017,1318587,Technology,Computer Software: Prepackaged Software
MDBH,MDB Capital Holdings LLC Class A common,$3.6601,-0.1598,-4.183%,37699513.00,United States,2023,1556,Finance,Finance: Consumer Services
MDCX,Medicus Pharma Ltd. Common Stock  ,$0.312,-0.0201,-6.052%,12280978.00,Canada,,1180713,Health Care,Biotechnology: Pharmaceutical Preparations
MDCXW,Medicus Pharma Ltd. Warrant,$0.2901,0.00,0.00%,11418948.00,Canada,,1035,Health Care,Biotechnology: Pharmaceutical Preparations
MDGL,Madrigal Pharmaceuticals Inc. Common Stock,$517.76,-0.98,-0.189%,11877398349.00,United States,2007,85925,Health Care,Biotechnology: Pharmaceutical Preparations
MDIA,Mediaco Holding Inc. Class A Common Stock ,$0.89,-0.01,-1.111%,72741330.00,United States,,539,Consumer Discretionary,Broadcasting
MDLN,Medline Inc. Class A Common Stock,$44.99,-1.24,-2.682%,59103066606.00,United States,2025,4856282,Health Care,Medical/Dental Instruments
MDLZ,Mondelez International Inc. Class A Common Stock,$57.595,-0.115,-0.199%,73920682301.00,United States,,4208370,Consumer Staples,Packaged Foods
MDRR,Medalist Diversified Inc. Common Stock,$11.20,-0.01,-0.089%,15999200.00,United States,2018,2299,Real Estate,Real Estate Investment Trusts
MDT,Medtronic plc. Ordinary Shares,$83.29,-0.50,-0.597%,106934778652.00,United States,,2223502,Health Care,Biotechnology: Electromedical & Electrotherapeutic Apparatus
MDU,MDU Resources Group Inc. Common Stock (Holding Company),$21.76,-0.18,-0.82%,4454403082.00,United States,,207923,Industrials,Mining & Quarrying of Nonmetallic Minerals (No Fuels)
MDV,Modiv Industrial Inc. Class C Common Stock,$16.1395,0.1595,0.998%,166551247.00,United States,2022,10302,Real Estate,Real Estate Investment Trusts
MDV^A,Modiv Industrial Inc. 7.375% Series A Cumulative Redeemable Perpetual Preferred Stock,$25.02,0.12,0.482%,,United States,,152,,
MDWD,MediWound Ltd. Ordinary Shares,$16.52,-0.13,-0.781%,212210369.00,Israel,2014,24741,Health Care, Medicinal Chemicals and Botanical Products 
MDXG,MiMedx Group Inc Common Stock,$3.4614,0.1114,3.325%,514248381.00,United States,,542209,Health Care,Biotechnology: Pharmaceutical Preparations
MDXH,MDxHealth SA Ordinary Shares,$2.105,-0.065,-2.995%,108122315.00,Belgium,2021,43650,Health Care,Medical Specialities
MEC,Mayville Engineering Company Inc. Common Stock,$21.51,0.12,0.561%,437048139.00,United States,2019,42733,Industrials,Industrial Specialties
MED,MEDIFAST INC Common Stock,$11.04,0.06,0.546%,121789891.00,United States,,38613,Consumer Staples,Packaged Foods
MEDP,Medpace Holdings Inc. Common Stock,$405.74,12.32,3.132%,11587138744.00,United States,2016,344011,Health Care,Biotechnology: Commercial Physical & Biological Resarch
MEG,Montrose Environmental Group Inc. Common Stock,$21.09,0.19,0.909%,762820681.00,United States,2020,53873,Consumer Discretionary,Professional Services
MEGI,NYLI CBRE Global Infrastructure Megatrends Term Fund Common Shares,$15.11,-0.05,-0.33%,0.00,United States,2021,51317,Finance,Investment Managers
MEGL,Magic Empire Global Limited Class A Ordinary Shares,$1.21,-0.03,-2.419%,6127501.00,Hong Kong,2022,4296,Finance,Finance: Consumer Services
MEHA,Functional Brands Inc. Common Stock,$0.107,0.0035,3.382%,2225226.00,United States,,4451338,Health Care, Medicinal Chemicals and Botanical Products 
MEI,Methode Electronics Inc. Common Stock,$8.22,0.38,4.847%,291238061.00,United States,,114498,Technology,Electrical Products
MELI,MercadoLibre Inc. Common Stock,$1821.44,12.24,0.677%,92341875182.00,Argentina,2007,145324,Real Estate,Real Estate
MENS,Jyong Biotech Ltd. Ordinary Shares,$2.23,-0.04,-1.762%,169541697.00,Taiwan,2025,25540,Health Care,Biotechnology: Pharmaceutical Preparations
MEOH,Methanex Corporation Common Stock,$59.70,-0.67,-1.11%,4617169344.00,Canada,,200378,Industrials,Major Chemicals
MER^K,Bank of America Corporation Income Capital Obligation Notes initially due December 15 2066,$25.69,0.06,0.234%,,United States,,17766,,
MERC,Mercer International Inc. Common Stock,$1.14,-0.03,-2.564%,76360057.00,Canada,,75589,Basic Materials,Paper
MESH,Meshflow Acquisition Corp. Class A Ordinary Shares,$9.94,0.00,0.00%,0.00,United States,2026,3,,
MESHU,Meshflow Acquisition Corp. Units,$10.01,0.01,0.10%,0.00,United States,2025,1817,,
MESO,Mesoblast Limited American Depositary Shares,$15.45,-0.05,-0.323%,1994289384.00,Australia,2015,30210,Health Care,Biotechnology: Biological Products (No Diagnostic Substances)
MET,MetLife Inc. Common Stock,$77.18,1.12,1.473%,50325517455.00,United States,2000,767869,Finance,Life Insurance
MET^A,MetLife Inc. Preferred Series A Floating Rate,$21.14,0.09,0.428%,,United States,,8605,,
MET^E,MetLife Inc. Depositary Shares ,$22.8289,0.1089,0.479%,,United States,,30263,,
MET^F,MetLife Inc. Depositary Shares each representing a 1/1000th interest in a share of 4.75% Non-Cumulative Preferred Stock Series F,$19.27,0.11,0.574%,,United States,,20770,,
META,Meta Platforms Inc. Class A Common Stock,$675.765,16.615,2.521%,1715377624028.00,United States,2012,6231540,Technology,Computer Software: Programming Data Processing
METC,Ramaco Resources Inc. Class A Common Stock,$13.825,-0.155,-1.109%,941171382.00,United States,2017,484500,Energy,Coal Mining
METCB,Ramaco Resources Inc. Class B Common Stock,$10.215,0.015,0.147%,695411622.00,United States,,13574,Energy,Coal Mining
METCI,Ramaco Resources Inc. 8.250% Senior Notes due 2030,$25.0899,0.00,0.00%,0.00,United States,,13,,
METCZ,Ramaco Resources Inc. 8.375% Senior Notes due 2029,$25.06,-0.04,-0.159%,0.00,United States,,1130,Energy,Coal Mining
MEVOU,M Evo Global Acquisition Corp II Units,$10.02,0.01,0.10%,0.00,United States,2026,121,Finance,Blank Checks
MEVOW,M Evo Global Acquisition Corp II Warrants,$0.35,0.00,0.00%,0.00,United States,2026,25245,Finance,Blank Checks
MFA,MFA Financial Inc.,$10.185,0.015,0.147%,1034757623.00,United States,,288073,Real Estate,Real Estate Investment Trusts
MFA^B,MFA Financial Inc. Preferred Series B,$20.55,0.21,1.032%,,United States,,4724,,
MFA^C,MFA Financial Inc. 6.50% Series C Fixed-to-Floating Rate Cumulative Redeemable Preferred Stock,$23.57,-0.02,-0.085%,,United States,,1224,,
MFAN,MFA Financial Inc. 8.875% Senior Notes due 2029,$25.5901,0.0201,0.079%,2627302351.00,United States,2024,2823,Real Estate,Real Estate Investment Trusts
MFAO,MFA Financial Inc. 9.000% Senior Notes due 2029,$25.685,0.025,0.097%,2637045611.00,United States,2024,922,Real Estate,Real Estate Investment Trusts
MFC,Manulife Financial Corporation Common Stock,$38.865,0.215,0.556%,65166618366.00,Canada,,684057,Finance,Life Insurance
MFG,Mizuho Financial Group Inc. Sponosred ADR (Japan),$8.11,-0.01,-0.123%,101895930847.00,Japan,,1885426,Finance,Major Banks
MFI,mF International Limited Class A Ordinary Shares,$11.19,0.19,1.727%,561474576.00,Hong Kong,2024,6278,Technology,EDP Services
MFIC,MidCap Financial Investment Corporation Common Stock,$11.425,0.075,0.661%,1053520603.00,United States,2004,158740,Finance,Finance/Investors Services
MFICL,MidCap Financial Investment Corporation 8.00% Notes due 2028,$25.32,0.02,0.079%,2362447709.00,United States,,3283,Finance,Finance/Investors Services
MFIN,Medallion Financial Corp. Common Stock,$9.475,0.055,0.584%,222947536.00,United States,,6090,Finance,Finance: Consumer Services
MFM,MFS Municipal Income Trust Common Stock,$5.39,0.00,0.00%,222001331.00,United States,1986,51187,Finance,Finance Companies
MG,Mistras Group Inc Common Stock,$18.97,0.12,0.637%,599367811.00,United States,2009,61774,Consumer Discretionary,Military/Government/Technical
MGA,Magna International Inc. Common Stock,$63.12,0.92,1.479%,17788115902.00,Canada,,1083708,Consumer Discretionary,Auto Parts:O.E.M.
MGEE,MGE Energy Inc,$80.72,0.17,0.211%,2966648804.00,United States,,28691,Energy,Electric Utilities: Central
MGF,MFS Government Markets Income Trust Common Stock,$2.90,0.00,0.00%,94532440.00,United States,1987,5823,Finance,Trusts Except Educational Religious and Charitable
MGIH,Millennium Group International Holdings Limited Ordinary Shares,$1.48,0.00,0.00%,16650000.00,Hong Kong,2023,182,Consumer Discretionary,Publishing
MGLD,The Marygold Companies Inc. Common Stock,$1.07,-0.07,-6.14%,45807997.00,,2022,4223,Finance,Finance: Consumer Services
MGM,MGM Resorts International Common Stock,$39.12,0.18,0.462%,10008720713.00,United States,,1235807,Consumer Discretionary,Hotels/Resorts
MGN,Megan Holdings Limited Class A Ordinary Shares,$0.1821,-0.0179,-8.95%,2959125.00,Malaysia,2025,680578,Consumer Staples,Farming/Seeds/Milling
MGNI,Magnite Inc. Common Stock,$12.62,0.09,0.718%,1807373338.00,United States,,791972,Technology,Computer Software: Programming Data Processing
MGNX,MacroGenics Inc. Common Stock,$3.205,0.025,0.786%,203710018.00,United States,2013,286391,Health Care,Biotechnology: Pharmaceutical Preparations
MGPI,MGP Ingredients Inc.,$20.385,0.195,0.966%,435609613.00,United States,,34143,Consumer Staples,Beverages (Production/Distribution)
MGR,Affiliated Managers Group Inc. 5.875% Junior Subordinated Notes due 2059,$20.36,0.0899,0.444%,578469603.00,United States,2019,7166,Finance,Investment Managers
MGRB,Affiliated Managers Group Inc. 4.750% Junior Subordinated Notes due 2060,$16.68,-0.07,-0.418%,473913211.00,United States,2020,5006,Finance,Investment Managers
MGRC,McGrath RentCorp Common Stock,$117.36,2.36,2.052%,2888424066.00,United States,1984,118217,Consumer Discretionary,Diversified Commercial Services
MGRD,Affiliated Managers Group Inc. 4.200% Junior Subordinated Notes due 2061,$15.04,0.08,0.535%,427317428.00,United States,2021,4459,Finance,Investment Managers
MGRE,Affiliated Managers Group Inc. 6.750% Junior Subordinated Notes due 2064,$23.95,0.18,0.757%,680468909.00,United States,2024,5361,Finance,Investment Managers
MGRT,Mega Fortune Company Limited Ordinary Shares,$137.25,-2.75,-1.964%,1887187500.00,Hong Kong,2025,14711,Technology,EDP Services
MGRX,Mangoceuticals Inc. Common Stock,$0.4223,0.018,4.452%,7165341.00,United States,2023,86904,Health Care,Misc Health and Biotechnology Services
MGTX,MeiraGTx Holdings plc Ordinary Shares,$9.35,0.03,0.322%,761521278.00,United States,2018,303712,Health Care,Biotechnology: Biological Products (No Diagnostic Substances)
MGX,Metagenomi Therapeutics Inc. Common Stock,$1.45,0.02,1.399%,54549769.00,United States,2024,34980,Health Care,Biotechnology: Biological Products (No Diagnostic Substances)
MGY,Magnolia Oil & Gas Corporation Class A Common Stock,$29.34,-0.28,-0.945%,5609203977.00,United States,2017,345387,Energy,Oil & Gas Production
MGYR,Magyar Bancorp Inc. Common Stock,$17.765,0.245,1.398%,115081510.00,United States,2006,442,Finance,Savings Institutions
MH,McGraw Hill Inc. Common Stock,$13.005,-0.205,-1.552%,2483974755.00,,2025,290974,Consumer Discretionary,Publishing
MHD,Blackrock MuniHoldings Fund Inc. Common Stock,$11.745,-0.035,-0.297%,1747215222.00,United States,1997,126551,Finance,Investment Bankers/Brokers/Service
MHF,Western Asset Municipal High Income Fund Inc. Common Stock,$6.88,-0.02,-0.29%,0.00,United States,1988,18421,Finance,Finance/Investors Services
MHH,Mastech Digital Inc Common Stock,$7.0001,0.3301,4.949%,83131130.00,United States,,11128,Consumer Discretionary,Professional Services
MHK,Mohawk Industries Inc. Common Stock,$108.05,-0.22,-0.203%,6639313126.00,United States,,181897,Consumer Discretionary,Home Furnishings
MHLA,Maiden Holdings Ltd. 6.625% Notes due 2046,$11.75,0.00,0.00%,90967830.00,Bermuda,2016,65,Finance,Property-Casualty Insurers
MHNC,Maiden Holdings North America Ltd. 7.75% Notes due 2043,$13.06,0.3198,2.51%,101109776.00,Bermuda,2013,1542,Finance,Property-Casualty Insurers
MHO,M/I Homes Inc. Common Stock,$132.42,-2.25,-1.671%,3388642234.00,United States,1993,89618,Consumer Discretionary,Homebuilding
MI,NFT Limited Class A Ordinary Share,$0.2515,0.0175,7.479%,3601080.00,,2023,94653,Consumer Discretionary,Other Specialty Stores
MIAX,Miami International Holdings Inc. Common Stock,$45.335,-0.155,-0.341%,4155019936.00,United States,2025,186107,Finance,Investment Bankers/Brokers/Service
MICC,The Magnum Ice Cream Company N.V. Ordinary Shares,$13.225,0.075,0.57%,8097135048.00,,2025,312144,Consumer Staples,Specialty Foods
MIDD,Middleby Corporation (The) Common Stock,$142.07,-3.31,-2.277%,6623564951.00,United States,,268100,Industrials,Industrial Machinery/Components
MIGI,Mawson Infrastructure Group Inc. Common Stock,$7.30,1.33,22.278%,40053129.00,Australia,,214553,Finance,Finance: Consumer Services
MIMI,Mint Incorporation Limited Class A Ordinary Shares,$0.3157,-0.0035,-1.096%,7896446.00,Hong Kong,2025,520768,Real Estate,Real Estate
MIN,MFS Intermediate Income Trust Common Stock,$2.4632,0.0032,0.13%,283016190.00,United States,1988,94088,Finance,Trusts Except Educational Religious and Charitable
MIND,MIND Technology Inc. Common Stock (DE),$6.4103,0.1903,3.059%,58263569.00,United States,1994,83791,Industrials,Industrial Machinery/Components
MINE,Mayfair Gold Corp. Common Shares,$2.92,-0.09,-2.99%,195875048.00,,2026,24400,Energy,Oil & Gas Production
MIR,Mirion Technologies Inc. Class A Common Stock,$19.725,0.245,1.258%,4936361083.00,United States,2020,1015446,Industrials,Industrial Machinery/Components
MIRA,MIRA Pharmaceuticals Inc. Common Stock,$1.04,-0.01,-0.952%,43702970.00,United States,2023,84222,Health Care,Biotechnology: Pharmaceutical Preparations
MIRM,Mirum Pharmaceuticals Inc. Common Stock,$91.82,-0.13,-0.141%,5540567273.00,United States,2019,106884,Health Care,Biotechnology: Pharmaceutical Preparations
MIST,Milestone Pharmaceuticals Inc. Common Shares,$1.905,0.035,1.872%,224156163.00,Canada,2019,485341,Health Care,Biotechnology: Pharmaceutical Preparations
MITK,Mitek Systems Inc. Common Stock,$14.0743,0.1143,0.819%,637795046.00,United States,,235790,Technology,Computer peripheral equipment
MITN,TPG Mortgage Investment Trust Inc. 9.500% Senior Notes due 2029,$25.67,0.052,0.203%,757084899.00,United States,2024,160,Real Estate,Real Estate Investment Trusts
MITP,TPG Mortgage Investment Trust Inc. 9.500% Senior Notes due 2029,$25.62,-0.01,-0.039%,755610250.00,United States,2024,2875,Real Estate,Real Estate Investment Trusts
MITQ,Moving iMage Technologies Inc. Common Stock,$0.6631,0.0541,8.883%,6594606.00,United States,2021,423583,Consumer Discretionary,Industrial Machinery/Components
MITT,TPG Mortgage Investment Trust Inc. Common Stock,$7.98,-0.08,-0.993%,253248947.00,United States,2011,105290,Real Estate,Real Estate Investment Trusts
MITT^A,TPG Mortgage Investment Trust Inc. 8.25% Series A Cumulative Redeemable Preferred Stock,$22.5716,0.2216,0.991%,,United States,,651,,
MITT^B,TPG Mortgage Investment Trust Inc. 8.00% Series B Cumulative Redeemable Preferred Stock,$22.03,-0.32,-1.432%,,United States,,4262,,
MITT^C,TPG Mortgage Investment Trust Inc. 8.00% Series C Fixed-to-Floating Rate Cumulative Redeemable Preferred Stock $0.01 par value per share,$25.23,-0.04,-0.158%,,United States,,2990,,
MIY,Blackrock MuniYield Michigan Quality Fund Inc. Common Stock,$11.86,-0.01,-0.084%,1764322906.00,United States,1992,8717,Finance,Investment Bankers/Brokers/Service
MKC,McCormick & Company Incorporated Common Stock,$51.545,-0.345,-0.665%,13851428579.00,United States,,793352,Consumer Staples,Packaged Foods
MKDW,MKDWELL Tech Inc. Ordinary Share,$7.21,0.11,1.549%,25586141.00,Taiwan,,16162,Technology,Consumer Electronics/Appliances
MKDWW,MKDWELL Tech Inc. Warrants,$0.0106,-0.0027,-20.301%,37616.00,Taiwan,,8118,Technology,Consumer Electronics/Appliances
MKL,Markel Group Inc. Common Stock,$1904.06,-25.85,-1.339%,23890315078.00,United States,1986,20797,Finance,Property-Casualty Insurers
MKLY,McKinley Acquisition Corporation Class A Ordinary Shares,$10.14,0.00,0.00%,0.00,United States,2025,94,,
MKLYR,McKinley Acquisition Corporation Rights,$0.101,0.00,0.00%,0.00,United States,2025,2,,
MKLYU,McKinley Acquisition Corporation Units,$10.22,0.02,0.196%,0.00,United States,2025,903,Finance,Blank Checks
MKSI,MKS Inc. Common Stock,$285.40,4.84,1.725%,19213612609.00,United States,1999,311816,Industrials,Industrial Machinery/Components
MKTW,MarketWise Inc. Class A Common Stock,$17.2069,0.1669,0.979%,277885894.00,United States,,4213,Technology,Computer Software: Prepackaged Software
MKTX,MarketAxess Holdings Inc. Common Stock,$159.795,-3.815,-2.332%,5680435006.00,United States,2004,148818,Finance,Investment Bankers/Brokers/Service
MKZR,MacKenzie Realty Capital Inc. Common Stock,$3.3555,0.0455,1.375%,6598255.00,United States,,3032,Real Estate,Real Estate Investment Trusts
MLAA,Mountain Lake Acquisition Corp. II Class A Ordinary Shares,$10.02,0.00,0.00%,0.00,United States,2026,16088,Finance,Blank Checks
MLAAU,Mountain Lake Acquisition Corp. II Units,$10.27,-0.01,-0.097%,0.00,United States,2026,6923,Finance,Blank Checks
MLAAW,Mountain Lake Acquisition Corp. II Warrants,$0.60,0.07,13.208%,0.00,United States,2026,140940,Finance,Blank Checks
MLAB,Mesa Laboratories Inc. Common Stock,$97.9557,1.0557,1.089%,541186925.00,United States,,105226,Industrials,Industrial Machinery/Components
MLAC,Mountain Lake Acquisition Corp. Class A Ordinary Shares,$10.57,0.00,0.00%,0.00,United States,2025,77,Industrials,Auto Manufacturing
MLACU,Mountain Lake Acquisition Corp. Units,$10.69,0.00,0.00%,0.00,United States,2024,2,Finance,Blank Checks
MLCI,Mount Logan Capital Inc. Common Stock,$4.25,-0.07,-1.62%,47583718.00,United States,,1882,Finance,Investment Managers
MLCIL,Mount Logan Capital Inc. 8.00% Notes Due 2031,$23.36,0.06,0.258%,0.00,United States,,429,Finance,Investment Managers
MLCO,Melco Resorts & Entertainment Limited American Depositary Shares,$5.532,-0.128,-2.261%,2250373372.00,Hong Kong,2006,328378,Consumer Discretionary,Hotels/Resorts
MLEC,Moolec Science SA Ordinary Shares,$7.445,0.255,3.547%,5405949.00,Luxembourg,,3540,Finance,Blank Checks
MLECW,Moolec Science SA Warrant,$0.0202,-0.0011,-5.164%,14668.00,Luxembourg,,50858,Finance,Blank Checks
MLGO,MicroAlgo Inc. Class A Ordinary Shares,$3.9708,0.1208,3.138%,49386670.00,United States,2021,57784,Technology,EDP Services
MLI,Mueller Industries Inc. Common Stock,$136.45,0.71,0.523%,15087360144.00,United States,,145907,Industrials,Metal Fabrications
MLKN,MillerKnoll Inc. Common Stock,$17.535,0.215,1.241%,1198950926.00,United States,,145091,Consumer Discretionary,Office Equipment/Supplies/Services
MLM,Martin Marietta Materials Inc. Common Stock,$618.7616,-0.1284,-0.021%,37284227672.00,United States,1994,68108,Industrials,Mining & Quarrying of Nonmetallic Minerals (No Fuels)
MLP,Maui Land & Pineapple Company Inc. Common Stock,$15.51,0.12,0.78%,308164638.00,United States,1998,6174,Finance,Real Estate
MLR,Miller Industries Inc. Common Stock,$47.58,-0.09,-0.189%,541066913.00,United States,,20688,Consumer Discretionary,Construction/Ag Equipment/Trucks
MLSS,Milestone Scientific Inc. Common Stock,$0.3279,0.0039,1.204%,26380577.00,United States,2015,162776,Health Care,Industrial Specialties
MLTX,MoonLake Immunotherapeutics Class A Ordinary Shares,$16.79,-0.14,-0.827%,1223187934.00,United States,2020,179399,Health Care,Biotechnology: Pharmaceutical Preparations
MLYS,Mineralys Therapeutics Inc. Common Stock,$28.02,-0.47,-1.65%,2310303639.00,United States,2023,223796,Health Care,Biotechnology: Pharmaceutical Preparations
MMA,Mixed Martial Arts Group Limited Ordinary Shares,$0.7347,-0.0009,-0.122%,19457458.00,,2024,105585,Consumer Discretionary,Other Consumer Services
MMD,NYLI MacKay DefinedTerm Muni Opportunities Fund Common Shares,$15.06,-0.04,-0.265%,0.00,United States,2012,23375,Finance,Investment Managers
MMED,MiniMed Group Inc. Common Stock,$13.22,-0.41,-3.008%,3712440241.00,United States,2026,210436,Health Care,Medical/Dental Instruments
MMI,Marcus & Millichap Inc. Common Stock,$28.28,0.33,1.181%,1076590500.00,United States,2013,44010,Finance,Real Estate
MMLP,Martin Midstream Partners L.P. Limited Partnership,$2.645,0.085,3.32%,103300702.00,United States,2002,2291,Energy,Oil Refining/Marketing
MMM,3M Company Common Stock,$145.275,0.435,0.30%,75770683842.00,United States,,1501825,Health Care,Medical/Dental Instruments
MMS,Maximus Inc. Common Stock,$65.19,-0.36,-0.549%,3556021669.00,United States,1997,547439,Real Estate,Real Estate
MMSI,Merit Medical Systems Inc. Common Stock,$67.45,-1.16,-1.691%,4023277228.00,United States,,176114,Health Care,Medical/Dental Instruments
MMT,MFS Multimarket Income Trust Common Stock,$4.525,-0.005,-0.11%,269456080.00,United States,1987,110440,Finance,Trusts Except Educational Religious and Charitable
MMTX,Miluna Acquisition Corp Class A Ordinary Share,$10.05,0.01,0.10%,0.00,Taiwan,2025,300,Finance,Blank Checks
MMU,Western Asset Managed Municipals Fund Inc. Common Stock,$10.30,-0.03,-0.29%,0.00,United States,1992,51100,Finance,Investment Managers
MMYT,MakeMyTrip Limited Ordinary Shares,$45.90,0.26,0.57%,5106945216.00,India,2010,327692,Consumer Discretionary,Transportation Services
MNDO,MIND C.T.I. Ltd. Ordinary Shares,$1.06,-0.01,-0.935%,21396276.00,Israel,,70139,Technology,EDP Services
MNDR,Mobile-health Network Solutions Class A Ordinary Shares,$0.8354,-0.0046,-0.548%,2801513.00,Singapore,2024,222148,Technology,Computer Software: Prepackaged Software
MNDY,monday.com Ltd. Ordinary Shares,$65.21,0.61,0.944%,3029850339.00,Israel,2021,597590,Technology,Computer Software: Prepackaged Software
MNKD,MannKind Corporation Common Stock,$2.72,0.01,0.369%,839924513.00,United States,2004,1017021,Health Care,Biotechnology: Pharmaceutical Preparations
MNOV,Medicinova Inc Common Stock,$1.35,-0.02,-1.46%,66448682.00,United States,,4828,Health Care,Biotechnology: Pharmaceutical Preparations
MNPR,Monopar Therapeutics Inc. Common Stock,$52.19,-1.05,-1.972%,349262787.00,United States,2019,111360,Health Care,Biotechnology: Pharmaceutical Preparations
MNR,Mach Natural Resources LP Common Units representing Limited Partner Interests,$12.96,-0.08,-0.613%,2180115259.00,United States,2023,200990,Energy,Oil & Gas Production
MNRO,Monro Inc. Common Stock,$17.49,0.22,1.274%,525043853.00,United States,1991,242496,Consumer Discretionary,Automotive Aftermarket
MNSB,MainStreet Bancshares Inc. Common Stock,$24.05,0.28,1.178%,176143378.00,United States,,18818,Finance,Major Banks
MNSBP,MainStreet Bancshares Inc. Depositary Shares,$25.15,-0.045,-0.179%,184199832.00,United States,,703,Finance,Major Banks
MNSO,MINISO Group Holding Limited American Depositary Shares each representing four Ordinary Shares,$15.01,0.43,2.949%,4690144050.00,China,2020,177614,Consumer Discretionary,Department/Specialty Retail Stores
MNST,Monster Beverage Corporation,$77.78,0.22,0.284%,76061530391.00,United States,,1211633,Consumer Staples,Beverages (Production/Distribution)
MNTK,Montauk Renewables Inc. Common Stock,$1.39,-0.02,-1.418%,199108193.00,United States,2021,33241,Utilities,Natural Gas Distribution
MNTN,MNTN Inc. Class A Common Stock,$9.97,0.15,1.527%,736510919.00,United States,2025,213987,Consumer Discretionary,Advertising
MNTS,Momentus Inc. Class A Common Stock,$5.57,-0.07,-1.241%,31916133.00,United States,2019,392376,Industrials,Military/Government/Technical
MNTSW,Momentus Inc. Warrant,$0.0175,-0.0009,-4.891%,100275.00,United States,2019,13139,Industrials,Military/Government/Technical
MNY,MoneyHero Limited Class A Ordinary Shares,$1.35,0.02,1.504%,58325442.00,Singapore,,16166,Real Estate,Real Estate
MNYWW,MoneyHero Limited Warrants,$0.051,-0.0063,-10.995%,2203406.00,Singapore,,12925,Real Estate,Real Estate
MO,Altria Group Inc.,$66.76,-0.39,-0.581%,111576893533.00,United States,,4616928,Health Care, Medicinal Chemicals and Botanical Products 
MOB,Mobilicom Limited Ordinary Shares,$5.93,-0.11,-1.821%,74915890.00,Israel,2022,77566,Industrials,Aerospace
MOBBW,Mobilicom Limited Warrants,$2.38,0.0599,2.582%,30067423.00,Israel,2022,4103,Industrials,Aerospace
MOBX,Mobix Labs Inc. Class A Common Stock,$2.92,0.18,6.569%,30098522.00,United States,2021,201633,Technology,Semiconductors
MOBXW,Mobix Labs Inc Warrants,$0.1075,-0.0025,-2.273%,1108079.00,United States,2021,1328,Technology,Semiconductors
MOD,Modine Manufacturing Company Common Stock,$252.925,2.355,0.94%,13337038001.00,United States,,257090,Consumer Discretionary,Auto Parts:O.E.M.
MODD,Modular Medical Inc. Common Stock,$4.6465,0.0015,0.032%,21658159.00,United States,,13134,Health Care,Medical/Dental Instruments
MOGU,MOGU Inc. American Depositary Shares (each  representing 25 Class A Ordinary Shares),$2.42,0.1099,4.757%,19780211.00,,2018,371,Real Estate,Real Estate
MOH,Molina Healthcare Inc Common Stock,$170.865,-3.835,-2.195%,8900541188.00,United States,2003,567463,Health Care,Medical Specialities
MOLN,Molecular Partners AG American Depositary Shares,$4.47,0.07,1.591%,180423035.00,Switzerland,2021,672,Health Care,Biotechnology: Biological Products (No Diagnostic Substances)
MOMO,Hello Group Inc. American Depositary Shares,$6.112,-0.008,-0.131%,982011788.00,China,2014,94438,Technology,Computer Software: Prepackaged Software
MORN,Morningstar Inc. Common Stock,$176.86,-0.77,-0.433%,6812190371.00,United States,2005,113620,Finance,Investment Managers
MOS,Mosaic Company (The) Common Stock,$23.825,-0.455,-1.874%,7572696293.00,United States,,5196376,Industrials,Agricultural Chemicals
MOV,Movado Group Inc. Common Stock,$28.16,-0.21,-0.74%,621716142.00,United States,,26615,Consumer Discretionary,Consumer Specialties
MOVE,Corvex Inc. Common Stock,$17.09,0.67,4.08%,28055423.00,United States,2021,46179,Health Care,Biotechnology: Electromedical & Electrotherapeutic Apparatus
MP,MP Materials Corp. Common Stock,$60.97,-2.35,-3.711%,10832384427.00,United States,2020,2970525,Basic Materials,Metal Mining
MPA,Blackrock MuniYield Pennsylvania Quality Fund Common Stock,$11.28,0.03,0.267%,0.00,United States,1992,28348,Finance,Finance Companies
MPAA,Motorcar Parts  of America Inc. Common Stock,$11.61,0.14,1.221%,223039176.00,United States,,11840,Consumer Discretionary,Auto Parts:O.E.M.
MPB,Mid Penn Bancorp Common Stock,$33.585,-0.565,-1.654%,851014009.00,United States,,28896,Finance,Major Banks
MPC,Marathon Petroleum Corporation Common Stock,$222.9075,1.8075,0.818%,65798895106.00,United States,,443496,Energy,Integrated oil Companies
MPLT,MapLight Therapeutics Inc. Common Stock,$29.715,0.605,2.078%,1260995427.00,United States,2025,175661,Health Care,Biotechnology: Pharmaceutical Preparations
MPLX,MPLX LP Common Units Representing Limited Partner Interests,$55.13,-0.48,-0.863%,55968215099.00,United States,2012,1103126,Energy,Natural Gas Distribution
MPT,Medical Properties Trust Inc. common stock,$5.15,-0.06,-1.152%,3156615276.00,United States,,1428635,Real Estate,Real Estate Investment Trusts
MPTI,M-tron Industries Inc. Common Stock,$61.02,-0.25,-0.408%,217543500.00,United States,2022,22207,Technology,Industrial Machinery/Components
MPU,Mega Matrix Inc. Class A Ordinary Shares,$0.6302,0.0312,5.209%,42847420.00,United States,1998,45379,Consumer Discretionary,Diversified Commercial Services
MPV,Barings Participation Investors Common Stock,$17.85,0.03,0.168%,189240345.00,United States,1988,7863,Finance,Finance Companies
MPWR,Monolithic Power Systems Inc. Common Stock,$1654.3725,62.2025,3.907%,81259468455.00,United States,2004,237553,Technology,Semiconductors
MPX,Marine Products Corporation Common Stock,$8.00,-0.07,-0.867%,281940992.00,United States,2001,6816,Industrials,Marine Transportation
MQ,Marqeta Inc. Class A Common Stock,$4.305,0.015,0.35%,1839147195.00,United States,2021,521256,Technology,Computer Software: Prepackaged Software
MQY,Blackrock MuniYield Quality Fund Inc. Common Stock,$11.445,0.025,0.219%,1702586481.00,United States,1992,144487,Finance,Investment Bankers/Brokers/Service
MRAM,Everspin Technologies Inc. Common Stock,$14.105,1.485,11.767%,328568612.00,United States,2016,682657,Technology,Semiconductors
MRBK,Meridian Corporation Common Stock,$19.1564,-1.0536,-5.213%,227562285.00,United States,2017,146641,Finance,Major Banks
MRCY,Mercury Systems Inc Common Stock,$77.71,-1.20,-1.521%,4663737053.00,United States,1998,181979,Technology,Electrical Products
MRDN,Meridian Holdings Inc. Common Stock,$6.17,-0.12,-1.908%,77995112.00,United States,,16275,Technology,Computer Software: Prepackaged Software
MREO,Mereo BioPharma Group plc American Depositary Shares,$0.29,-0.0166,-5.414%,44992226.00,United Kingdom,,640316,Health Care,Biotechnology: Pharmaceutical Preparations
MRK,Merck & Company Inc. Common Stock (new),$111.71,-2.91,-2.539%,276067222774.00,United States,,2625750,Health Care,Biotechnology: Pharmaceutical Preparations
MRKR,Marker Therapeutics Inc. Common Stock,$1.41,-0.04,-2.759%,23509109.00,United States,,64400,Health Care,Biotechnology: Pharmaceutical Preparations
MRLN,Merlin Inc. Common Stock,$11.74,-0.99,-7.777%,992553099.00,United States,2024,634997,Technology,EDP Services
MRM,MEDIROM Healthcare Technologies Inc. American Depositary Share,$1.18,0.035,3.057%,9324301.00,Japan,2020,12360,Consumer Discretionary,Other Consumer Services
MRNA,Moderna Inc. Common Stock,$50.795,-2.055,-3.888%,20144629655.00,United States,2018,2083177,Health Care,Biotechnology: Biological Products (No Diagnostic Substances)
MRNO,Murano Global Investments PLC Ordinary Shares,$0.3498,-0.0172,-4.687%,27741146.00,Mexico,,119292,Consumer Discretionary,Hotels/Resorts
MRNOW,Murano Global Investments PLC Warrants,$0.048,0.0019,4.121%,3806675.00,Mexico,,3710,Consumer Discretionary,Hotels/Resorts
MRP,Millrose Properties Inc. Class A Common Stock,$30.69,0.20,0.656%,5094647323.00,United States,2025,172195,Finance,Real Estate
MRSH,Marsh Common Stock,$170.95,-3.06,-1.759%,82362769946.00,United States,,491154,Finance,Specialty Insurers
MRT,Marti Technologies Inc. Class A Ordinary Shares,$2.10,0.00,0.00%,180689725.00,,2021,4950,Consumer Discretionary,Rental/Leasing Companies
MRTN,Marten Transport Ltd. Common Stock,$14.83,0.00,0.00%,1209966872.00,United States,1986,706138,Industrials,Trucking Freight/Courier Services
MRVI,Maravai LifeSciences Holdings Inc. Class A Common Stock,$3.575,0.125,3.623%,919015390.00,United States,2020,531475,Health Care,Biotechnology: Pharmaceutical Preparations
MRVL,Marvell Technology Inc. Common Stock,$163.52,-2.04,-1.232%,142991412222.00,United States,2000,24531285,Technology,Semiconductors
MRX,Marex Group plc Ordinary Shares,$53.21,1.07,2.052%,3944608257.00,United Kingdom,2024,229679,Finance,Investment Bankers/Brokers/Service
MS,Morgan Stanley Common Stock,$188.04,-0.61,-0.323%,297363976505.00,United States,,1292089,Finance,Investment Bankers/Brokers/Service
MS^A,Morgan Stanley Dep Shs repstg 1/1000 Pfd Ser A,$19.31,-0.09,-0.464%,,United States,,31656,,
MS^E,Morgan Stanley DEPOSITARY SHARES REP 1/1000TH SHARES FIXED/FLTG PREFERRED STOCK SERIES E,$25.345,-0.005,-0.02%,,United States,,16927,,
MS^F,Morgan Stanley Dep Shs Rpstg 1/1000th Int Prd Ser F Fxd to Flag,$25.215,-0.0105,-0.042%,,United States,,19630,,
MS^I,Morgan Stanley Depository Shares Representing 1/1000th Preferred Series 1 Fixed to Floating Non (Cum),$25.105,0.005,0.02%,,United States,,9121,,
MS^K,Morgan Stanley Depositary Shares each representing 1/1000th of a share of Fixed-to-Floating Rate Non-Cumulative Preferred Stock  Series K,$24.37,0.115,0.474%,,United States,,28590,,
MS^L,Morgan Stanley Depositary Shares each representing 1/1000th of a share of 4.875% Non-Cumulative Preferred Stock Series L,$20.538,0.018,0.088%,,United States,,3685,,
MS^O,Morgan Stanley Depositary Shares each representing 1/1000th of a share of 4.250% Non-Cumulative Preferred Stock Series O,$17.53,0.07,0.401%,,United States,,49673,,
MS^P,Morgan Stanley Depositary Shares each representing 1/1000th of a share of 6.500% Non-Cumulative Preferred Stock Series P,$25.25,-0.04,-0.158%,,United States,,17360,,
MS^Q,Morgan Stanley Depositary Shares each representing 1/1000th of a share of 6.625% Non-Cumulative Preferred Stock Series Q,$25.5201,-0.0599,-0.234%,,United States,,157714,,
MSA,MSA Safety Incorporated Common Stock,$169.48,-2.83,-1.642%,6571539885.00,United States,2000,56688,Health Care,Industrial Specialties
MSAI,MultiSensor AI Holdings Inc. Common Stock,$5.57,0.00,0.00%,11208494.00,United States,2021,14966,Technology,Electronic Components
MSAIW,MultiSensor AI Holdings Inc. Warrant,$0.03,-0.0029,-8.815%,60369.00,United States,2021,16940,Technology,Electronic Components
MSB,Mesabi Trust Common Stock,$27.94,0.38,1.379%,366573079.00,United States,,9379,Industrials,Precious Metals
MSBI,Midland States Bancorp Inc. Common Stock,$24.84,1.45,6.199%,533219539.00,United States,2016,79812,Finance,Major Banks
MSBIP,Midland States Bancorp Inc. Depositary Shares Each Representing a 1/40th Interest in a Share of 7.750% Fixed-Rate Reset Non-Cumulative Perpetual Preferred Stock Series A,$25.20,0.00,0.00%,540947358.00,United States,,184,Finance,Major Banks
MSC,Studio City International Holdings Limited American depositary shares each representing four  Class A ordinary shares,$2.68,0.18,7.20%,564719188.00,,2018,2811,Consumer Discretionary,Hotels/Resorts
MSCI,MSCI Inc. Common Stock,$590.935,-7.075,-1.183%,43020068000.00,United States,,146627,Real Estate,Real Estate
MSD,Morgan Stanley Emerging Markets Debt Fund Inc. Common Stock,$7.39,-0.01,-0.135%,0.00,United States,1993,25550,Finance,Trusts Except Educational Religious and Charitable
MSDL,Morgan Stanley Direct Lending Fund Common Stock,$15.06,0.07,0.467%,0.00,United States,2024,313714,,
MSEX,Middlesex Water Company Common Stock,$54.565,0.235,0.433%,1013900257.00,United States,,36386,Utilities,Water Supply
MSFT,Microsoft Corporation Common Stock,$419.305,3.555,0.855%,3113603399712.00,United States,1986,12214270,Technology,Computer Software: Prepackaged Software
MSGE,Madison Square Garden Entertainment Corp. Class A Common Stock,$63.74,2.04,3.306%,3013187330.00,United States,2023,185766,Consumer Discretionary,Services-Misc. Amusement & Recreation
MSGM,Motorsport Games Inc. Class A Common Stock,$4.03,0.20,5.222%,23287154.00,United States,2021,23704,Technology,Computer Software: Prepackaged Software
MSGS,Madison Square Garden Sports Corp. Class A Common Stock (New),$333.545,1.815,0.547%,8028205675.00,United States,2015,60250,Consumer Discretionary,Services-Misc. Amusement & Recreation
MSGY,Masonglory Limited Ordinary Shares,$0.5114,-0.0155,-2.942%,7159600.00,Hong Kong,2025,51764,,
MSI,Motorola Solutions Inc. Common Stock,$438.24,-4.93,-1.112%,72837070485.00,United States,,194530,Technology,Radio And Television Broadcasting And Communications Equipment
MSIF,MSC Income Fund Inc. Common Stock,$12.38,0.07,0.569%,569807785.00,,2025,137898,Finance,Finance/Investors Services
MSLE,Satellos Bioscience Inc. Common Stock,$7.00,0.19,2.79%,145818330.00,Canada,,6021,Health Care,Biotechnology: Pharmaceutical Preparations
MSM,MSC Industrial Direct Company Inc. Common Stock,$97.74,-0.32,-0.326%,5457245557.00,United States,1995,98745,Industrials,Industrial Machinery/Components
MSN,Emerson Radio Corporation Common Stock,$0.4394,0.0128,3.00%,9246141.00,United States,1994,11280,Consumer Staples,Consumer Electronics/Appliances
MSS,Maison Solutions Inc. Class A Common Stock,$1.16,0.033,2.928%,35323760.00,United States,2023,67033,Consumer Staples,Food Chains
MSTR,Strategy Inc Common Stock Class A,$170.785,-1.685,-0.977%,59129503263.00,United States,1998,8279510,Technology,Computer Software: Prepackaged Software
MSW,Ming Shing Group Holdings Limited Ordinary Shares,$1.25,0.10,8.696%,16218750.00,Hong Kong,2024,38743,Consumer Discretionary,Engineering & Construction
MT,Arcelor Mittal NY Registry Shares NEW,$59.50,-0.04,-0.067%,45286986231.00,Luxembourg,,738534,Industrials,Steel/Iron Ore
MTA,Metalla Royalty & Streaming Ltd. Common Shares,$6.86,0.09,1.329%,641017347.00,,,113346,Basic Materials,Precious Metals
MTAL,Metals Acquisition Corp. II Class A Ordinary Shares,$10.03,0.00,0.00%,827094201.00,,2026,11,Basic Materials,Metal Mining
MTB,M&T Bank Corporation Common Stock,$216.96,-2.74,-1.247%,32327094674.00,United States,,213064,Finance,Major Banks
MTB^H,M&T Bank Corporation Perpetual Fixed-to-Floating Rate Non-Cumulative Preferred Stock Series H,$25.07,0.0599,0.24%,,United States,,8080,,
MTB^J,M&T Bank Corporation Depositary Shares each representing a 1/400th ownership interest in a share of Perpetual 7.500% Non-Cumulative Preferred Stock Series J,$26.535,0.125,0.473%,,United States,,9623,,
MTB^K,M&T Bank Corporation Depositary Shares each representing a 1/400th interest in a share of Perpetual 6.350% Non-Cumulative Preferred Stock Series K,$25.105,0.045,0.18%,,United States,,4549,,
MTC,MMTec Inc. Common Shares,$6.36,-0.14,-2.154%,633378478.00,China,2019,34223,Technology,Computer Software: Prepackaged Software
MTCH,Match Group Inc. Common Stock,$36.485,0.825,2.314%,8488033743.00,United States,,1044803,Technology,Computer Software: Programming Data Processing
MTD,Mettler-Toledo International Inc. Common Stock,$1288.00,23.64,1.87%,26080074440.00,Switzerland,1997,44082,Industrials,Biotechnology: Laboratory Analytical Instruments
MTDR,Matador Resources Company Common Stock,$60.375,-0.695,-1.138%,7501590188.00,United States,2012,311311,Energy,Oil & Gas Production
MTEK,Maris-Tech Ltd. Ordinary Shares,$1.425,0.095,7.143%,13820542.00,Israel,2022,104236,Telecommunications,Telecommunications Equipment
MTEKW,Maris-Tech Ltd. Warrants,$0.21,-0.0199,-8.656%,2036711.00,Israel,2022,200,Telecommunications,Telecommunications Equipment
MTEN,Mingteng International Corporation Inc. Class A Ordinary Shares,$1.23,0.03,2.50%,1503220.00,China,2024,22811,Industrials,Building Products
MTEX,Mannatech Incorporated Common Stock,$4.77,0.0697,1.483%,9204526.00,United States,,4241,Health Care, Medicinal Chemicals and Botanical Products 
MTG,MGIC Investment Corporation Common Stock,$28.57,-0.20,-0.695%,6141217495.00,United States,1991,404317,Finance,Property-Casualty Insurers
MTH,Meritage Homes Corporation Common Stock,$69.59,-0.31,-0.443%,4641822312.00,United States,,376133,Consumer Discretionary,Homebuilding
MTLS,Materialise NV American Depositary Shares,$5.205,0.095,1.859%,307444703.00,Belgium,2014,35154,Technology,Computer Software: Prepackaged Software
MTN,Vail Resorts Inc. Common Stock,$121.66,-1.91,-1.546%,4335116985.00,United States,1997,466370,Consumer Discretionary,Services-Misc. Amusement & Recreation
MTNB,Matinas Biopharma Holdings Inc. Common Stock,$0.6082,-0.0088,-1.426%,3896245.00,United States,2017,14786,Health Care,Biotechnology: Pharmaceutical Preparations
MTR,Mesa Royalty Trust Common Stock,$4.68,-0.04,-0.847%,8721601.00,United States,,2670,Energy,Oil & Gas Production
MTRN,Materion Corporation,$186.87,3.62,1.975%,3887146032.00,United States,,57727,Industrials,Industrial Specialties
MTRX,Matrix Service Company Common Stock,$12.8144,0.2544,2.025%,360448633.00,United States,1990,67197,Consumer Discretionary,Engineering & Construction
MTSI,MACOM Technology Solutions Holdings Inc. Common Stock,$289.68,5.28,1.857%,21729467470.00,United States,2012,394360,Technology,Semiconductors
MTUS,Metallus Inc. Common Shares,$19.03,0.28,1.493%,794129912.00,United States,2014,63991,Industrials,Steel/Iron Ore
MTVA,MetaVia Inc. Common Stock,$1.58,0.06,3.947%,8159705.00,United States,2016,91220,Health Care,Biotechnology: Pharmaceutical Preparations
MTW,Manitowoc Company Inc. (The) Common Stock,$13.40,0.04,0.299%,481170523.00,United States,,46385,Industrials,Construction/Ag Equipment/Trucks
MTX,Minerals Technologies Inc. Common Stock,$71.42,0.07,0.098%,2215984336.00,United States,1992,37328,Basic Materials,Major Chemicals
MTZ,MasTec Inc. Common Stock,$380.37,-2.51,-0.656%,29983731047.00,United States,,260203,Industrials,Water Sewer Pipeline Comm & Power Line Construction
MU,Micron Technology Inc. Common Stock,$497.765,16.045,3.331%,561346539896.00,United States,,23029199,Technology,Semiconductors
MUA,Blackrock MuniAssets Fund Inc Common Stock,$10.568,0.008,0.076%,1572121794.00,United States,1993,62018,Finance,Investment Bankers/Brokers/Service
MUC,Blackrock MuniHoldings California Quality Fund Inc.  Common Stock,$10.81,-0.03,-0.277%,1608122312.00,United States,1998,56986,Finance,Investment Bankers/Brokers/Service
MUFG,Mitsubishi UFJ Financial Group Inc. Common Stock,$17.255,0.035,0.203%,204777351925.00,Japan,,708256,Finance,Commercial Banks
MUJ,Blackrock MuniHoldings New Jersey Quality Fund Inc. Common Stock,$12.035,0.005,0.042%,1790356338.00,United States,1998,18677,Finance,Investment Bankers/Brokers/Service
MUR,Murphy Oil Corporation Common Stock,$38.995,-0.565,-1.428%,5589883063.00,United States,,342732,Energy,Oil & Gas Production
MUSA,Murphy USA Inc. Common Stock,$529.70,-3.06,-0.574%,9799534752.00,United States,2013,101137,Consumer Discretionary,Retail-Auto Dealers and Gas Stations
MUX,McEwen Inc. Common Stock,$24.21,0.26,1.086%,1439352264.00,Canada,,291004,Basic Materials,Precious Metals
MUZE,Muzero Acquisition Corp Class A Ordinary Shares,$9.88,0.00,0.00%,0.00,United States,2026,76,Finance,Blank Checks
MUZEU,Muzero Acquisition Corp Unit,$9.99,0.00,0.00%,0.00,United States,2026,99,Finance,Blank Checks
MUZEW,Muzero Acquisition Corp Warrant,$0.25,0.00,0.00%,0.00,United States,2026,2500,,
MVBF,MVB Financial Corp. Common Stock,$26.02,0.04,0.154%,334222034.00,United States,,19531,Finance,Major Banks
MVIS,MicroVision Inc. Common Stock,$0.6681,0.0341,5.379%,204826001.00,United States,1996,2430740,Technology,Industrial Machinery/Components
MVO,MV Oil Trust Units of Beneficial Interests,$2.58,-0.02,-0.769%,29670000.00,United States,2007,127841,Energy,Oil & Gas Production
MVST,Microvast Holdings Inc. Common Stock,$1.955,-0.015,-0.761%,649124409.00,United States,2019,1627246,Miscellaneous,Industrial Machinery/Components
MVSTW,Microvast Holdings Inc. Warrants,$0.0611,-0.0107,-14.903%,20287213.00,United States,2019,17580,Miscellaneous,Industrial Machinery/Components
MWA,MUELLER WATER PRODUCTS Common Stock,$28.025,-0.065,-0.231%,4382698537.00,United States,2006,254534,Industrials,Metal Fabrications
MWG,Multi Ways Holdings Limited Class A Ordinary Shares,$2.11,0.0415,2.006%,10849620.00,,2023,1867,Consumer Discretionary,Miscellaneous manufacturing industries
MWH,SOLV Energy Inc. Class A Common Stock,$39.225,1.595,4.239%,7942687352.00,United States,2026,445342,Industrials,Military/Government/Technical
MWYN,Marwynn Holdings Inc. Common stock,$0.6443,-0.0557,-7.957%,13011512.00,United States,2025,673226,Consumer Discretionary,Food Distributors
MX,Magnachip Semiconductor Corporation Common Stock,$5.575,1.305,30.562%,203157761.00,Luxembourg,2011,5099747,Technology,Semiconductors
MXC,Mexco Energy Corporation Common Stock,$9.33,0.04,0.431%,19089180.00,United States,2003,837,Energy,Oil & Gas Production
MXCT,MaxCyte Inc. Common Stock,$0.8607,-0.0009,-0.104%,91975631.00,United States,2021,178027,Health Care,Biotechnology: Commercial Physical & Biological Resarch
MXE,Mexico Equity and Income Fund Inc. (The) Common Stock,$13.38,-0.12,-0.889%,0.00,United States,,322,Finance,Finance Companies
MXF,Mexico Fund Inc. (The) Common Stock,$21.7022,0.3822,1.793%,0.00,United States,,22192,Finance,Trusts Except Educational Religious and Charitable
MXL,MaxLinear Inc. Common Stock,$60.825,26.575,77.591%,5445614563.00,United States,2010,22007834,Technology,Semiconductors
MYE,Myers Industries Inc. Common Stock,$21.49,0.15,0.703%,803795370.00,United States,1983,41001,Industrials,Plastic Products
MYFW,First Western Financial Inc. Common Stock,$25.50,-0.54,-2.074%,248244821.00,United States,2018,24502,Finance,Major Banks
MYGN,Myriad Genetics Inc. Common Stock,$4.815,0.025,0.522%,454743185.00,United States,1995,209746,Health Care,Biotechnology: In Vitro & In Vivo Diagnostic Substances
MYI,Blackrock MuniYield Quality Fund III Inc Common Stock,$10.89,-0.01,-0.092%,1620023309.00,United States,,234711,Finance,Investment Bankers/Brokers/Service
MYN,Blackrock MuniYield New York Quality Fund Inc.Common Stock,$9.955,0.04,0.403%,0.00,United States,1992,61226,Finance,Finance Companies
MYND,Mynd.ai Inc. American Depositary Shares,$0.3425,-0.0075,-2.143%,15634365.00,,2017,6042,Real Estate,Other Consumer Services
MYO,Myomo Inc. Common Stock,$0.8198,0.0385,4.928%,31571904.00,United States,2017,144164,Health Care,Industrial Specialties
MYPS,PLAYSTUDIOS Inc.  Class A Common Stock,$0.45,0.004,0.897%,57711647.00,United States,2020,216836,Technology,Computer Software: Prepackaged Software
MYPSW,PLAYSTUDIOS Inc. Warrant,$0.0041,-0.0001,-2.381%,525817.00,United States,2020,266,Technology,Computer Software: Prepackaged Software
MYRG,MYR Group Inc. Common Stock,$339.925,1.875,0.555%,5282459315.00,United States,2008,102636,Industrials,Water Sewer Pipeline Comm & Power Line Construction
MYSE,Myseum.AI Inc. Common Stock,$3.035,0.045,1.505%,13124339.00,United States,2021,494759,Telecommunications,Telecommunications Equipment
MYSEW,Myseum.AI Inc. Series A Warrant,$0.0872,-0.0038,-4.176%,377081.00,United States,2021,2026,Telecommunications,Telecommunications Equipment
MYSZ,My Size Inc. Common Stock,$0.63,0.005,0.80%,3035443.00,Israel,,11627,Technology,Computer Software: Prepackaged Software
MYXXU,Maywood Acquisition Corp. 2 Units,$10.05,-0.02,-0.199%,0.00,United States,2026,1088,Finance,Blank Checks
MZTI,The Marzetti Company Common Stock,$127.59,2.26,1.803%,3498900570.00,United States,,74981,Consumer Staples,Packaged Foods
NA,Nano Labs Ltd Class A Ordinary Shares,$2.20,-0.21,-8.714%,51070998.00,China,2022,263081,Technology,Semiconductors
NAAS,NaaS Technology Inc. American Depositary Shares,$2.13,0.03,1.429%,25677578.00,China,2017,3686,Consumer Discretionary,Other Specialty Stores
NABL,N-able Inc. Common Stock,$5.01,0.10,2.037%,943775233.00,United States,2021,212997,Technology,Computer Software: Prepackaged Software
NAC,Nuveen California Quality Municipal Income Fund,$11.805,0.005,0.042%,0.00,United States,1999,152097,Finance,Investment Managers
NAD,Nuveen Quality Municipal Income Fund Common Stock,$11.72,-0.02,-0.17%,0.00,United States,1999,246761,Finance,Investment Managers
NAGE,Niagen Bioscience Inc. Common Stock,$4.93,0.20,4.228%,394796806.00,United States,,235876,Health Care, Medicinal Chemicals and Botanical Products 
NAII,Natural Alternatives International Inc. Common Stock,$2.69,-0.07,-2.536%,16615533.00,United States,,12278,Health Care, Medicinal Chemicals and Botanical Products 
NAK,Northern Dynasty Minerals Ltd. Common Stock,$1.985,-0.035,-1.733%,1111578487.00,Canada,,3161482,Basic Materials,Precious Metals
NAKA,Nakamoto Inc. Common Stock,$0.2206,-0.0052,-2.303%,152218027.00,United States,2024,1766440,Health Care,Medical/Nursing Services
NAMI,Jinxin Technology Holding Company American Depositary Shares,$0.525,0.0051,0.981%,41512491.00,China,2024,1830,Real Estate,Other Consumer Services
NAMM,Namib Minerals Ordinary Shares,$2.15,0.09,4.369%,117137713.00,Cayman Islands,,401813,Basic Materials,Precious Metals
NAMMW,Namib Minerals Warrants,$0.1789,0.0089,5.235%,9746947.00,Cayman Islands,,380,Basic Materials,Precious Metals
NAMS,NewAmsterdam Pharma Company N.V. Ordinary Shares,$30.27,-1.19,-3.783%,3538672547.00,Netherlands,,460062,Health Care,Biotechnology: Pharmaceutical Preparations
NAMSW,NewAmsterdam Pharma Company N.V. Warrant,$22.21,0.00,0.00%,2596429378.00,Netherlands,,14,Health Care,Biotechnology: Pharmaceutical Preparations
NAN,Nuveen New York Quality Municipal Income Fund Common Stock,$11.425,-0.02,-0.175%,3453958015.00,United States,1999,15834,Finance,Investment Managers
NAT,Nordic American Tankers Limited Common Stock,$5.475,0.025,0.459%,1159334880.00,Bermuda,1995,1922911,Consumer Discretionary,Marine Transportation
NATH,Nathan's Famous Inc. Common Stock,$101.15,0.00,0.00%,414149066.00,United States,1993,7412,Consumer Discretionary,Restaurants
NATL,NCR Atleos Corporation Common Stock,$45.315,-0.055,-0.121%,3342056699.00,United States,2023,135425,Miscellaneous,Office Equipment/Supplies/Services
NATR,Nature's Sunshine Products Inc. Common Stock,$27.41,0.55,2.048%,479883535.00,United States,,38507,Health Care,Biotechnology: Pharmaceutical Preparations
NAUT,Nautilus Biotechnology Inc. Common Stock,$2.6499,0.0699,2.709%,335383197.00,United States,2020,141550,Industrials,Biotechnology: Laboratory Analytical Instruments
NAVI,Navient Corporation Common Stock,$8.93,0.09,1.018%,840167789.00,United States,,220103,Finance,Investment Bankers/Brokers/Service
NAVN,Navan Inc. Class A Common Stock,$15.58,0.09,0.581%,3906856598.00,United States,2025,911686,Technology,Computer Software: Prepackaged Software
NAZ,Nuveen Arizona Quality Municipal Income Fund Common Stock,$12.485,-0.035,-0.28%,0.00,United States,1992,5810,Finance,Finance/Investors Services
NB,NioCorp Developments Ltd. Common Stock,$5.64,-0.09,-1.571%,706811410.00,United States,,2435280,Basic Materials,Metal Mining
NBB,Nuveen Taxable Municipal Income Fund Common Shares of Beneficial Interest,$15.79,0.08,0.509%,0.00,United States,2010,20667,Finance,Finance Companies
NBBK,NB Bancorp Inc. Common Stock,$19.62,0.46,2.401%,886140714.00,United States,2023,424690,Finance,Banks
NBH,Neuberger Municipal Fund Inc. Common Stock,$10.3092,-0.0108,-0.105%,0.00,United States,2002,50869,Finance,Finance/Investors Services
NBHC,National Bank Holdings Corporation Common Stock,$42.61,-0.31,-0.722%,1904346232.00,United States,2012,83531,Finance,Major Banks
NBIS,Nebius Group N.V. Class A Ordinary Shares,$151.74,-5.34,-3.40%,36130634016.00,Netherlands,2011,10309592,Technology,Computer Software: Programming Data Processing
NBIX,Neurocrine Biosciences Inc. Common Stock,$128.2125,-1.9775,-1.519%,12895868521.00,United States,1996,506655,Health Care,Biotechnology: Biological Products (No Diagnostic Substances)
NBN,Northeast Bank Common Stock,$120.51,-1.48,-1.213%,979746300.00,United States,,87161,Finance,Major Banks
NBP,NovaBridge Biosciences American Depositary Shares,$2.48,0.01,0.405%,286146596.00,China,2020,248884,Health Care,Biotechnology: Pharmaceutical Preparations
NBR,Nabors Industries Ltd.,$90.2401,1.7001,1.92%,1440208804.00,Bermuda,1951,83714,Energy,Oil & Gas Production
NBRGR,Newbridge Acquisition Limited Rights,$0.135,0.01,8.00%,0.00,Hong Kong,2026,25749,,
NBRGU,Newbridge Acquisition Limited Unit,$9.97,0.00,0.00%,0.00,Hong Kong,2026,628,Finance,Blank Checks
NBTB,NBT Bancorp Inc. Common Stock,$42.90,-2.39,-5.277%,2231213813.00,United States,,182837,Finance,Major Banks
NBTX,Nanobiotix S.A. American Depositary Shares,$33.69,-0.02,-0.059%,1630935191.00,France,2020,53071,Health Care,Biotechnology: Pharmaceutical Preparations
NBXG,Neuberger Next Generation Connectivity Fund Inc. Common Stock,$14.51,0.23,1.611%,0.00,United States,2021,48439,Finance,Trusts Except Educational Religious and Charitable
NC,NACCO Industries Inc. Common Stock,$48.875,0.685,1.421%,368252744.00,United States,,3028,Energy,Coal Mining
NCA,Nuveen California Municipal Value Fund,$9.31,-0.04,-0.428%,0.00,United States,,6336,Finance,Investment Managers
NCDL,Nuveen Churchill Direct Lending Corp. Common Stock,$13.97,-0.02,-0.143%,689937298.00,United States,2024,53792,,
NCEL,NewcelX Ltd. Ordinary Shares,$4.65,-0.26,-5.295%,21196458.00,Switzerland,2021,102648,Health Care,Biotechnology: Pharmaceutical Preparations
NCEW,New Century Logistics (BVI) Limited Ordinary Shares,$15.89,0.37,2.384%,50848000.00,Hong Kong,2024,5659,Industrials,Integrated Freight & Logistics
NCI,Neo-Concept International Group Holdings Limited Class A Ordinary Shares,$0.935,0.005,0.538%,18245607.00,Hong Kong,2024,223507,Consumer Discretionary,Apparel
NCL,Northann Corp. Common Stock,$0.1477,0.0028,1.932%,7936376.00,,2023,129474,Industrials,Plastic Products
NCLH,Norwegian Cruise Line Holdings Ltd. Ordinary Shares,$18.475,0.055,0.299%,8416205717.00,United States,,7070328,Consumer Discretionary,Marine Transportation
NCMI,National CineMedia Inc. Common Stock,$3.53,0.02,0.57%,329279879.00,United States,2007,111392,Consumer Discretionary,Advertising
NCNA,NuCana plc American Depositary Share,$2.08,-0.07,-3.256%,8656900.00,United Kingdom,2017,17336,Health Care,Biotechnology: Pharmaceutical Preparations
NCNO,nCino Inc. Common Stock,$17.455,0.505,2.979%,1999203206.00,United States,2020,776769,Technology,Computer Software: Prepackaged Software
NCPL,Netcapital Inc. Common Stock,$0.3684,-0.0026,-0.701%,2891166.00,United States,,125100,Finance,Finance: Consumer Services
NCPLW,Netcapital Inc. Warrants,$0.0242,0.00,0.00%,189919.00,United States,,39,Finance,Finance: Consumer Services
NCRA,Nocera Inc. Common Stock,$0.2037,0.0009,0.444%,3478273.00,Taiwan,,45054,Consumer Staples,Farming/Seeds/Milling
NCSM,NCS Multistage Holdings Inc. Common Stock,$77.505,-0.375,-0.482%,203413655.00,United States,2017,26365,Energy,Oilfield Services/Equipment
NCT,Intercont (Cayman) Limited Class A Ordinary shares,$2.42,0.17,7.556%,2950880.00,China,2025,39902,Consumer Discretionary,Restaurants
NCTY,The9 Limited American Depository Shares,$5.71,0.21,3.818%,87209784.00,China,2004,16995,Finance,Finance: Consumer Services
NCV,Virtus Convertible & Income Fund Common Shares of Beneficial Interest,$16.53,0.18,1.101%,1493875096.00,United States,2003,30658,Finance,Finance Companies
NCV^A,Virtus Convertible & Income Fund 5.625% Series A Cumulative Preferred Shares,$20.78,0.02,0.096%,,United States,,3244,,
NCZ,Virtus Convertible & Income Fund II Common Shares of Beneficial Interest,$15.032,0.162,1.089%,1144171939.00,United States,2003,31767,Finance,Finance Companies
NCZ^A,Virtus Convertible & Income Fund II 5.50% Series A Cumulative Preferred Shares,$20.22,-0.095,-0.468%,,United States,,153,,
NDAQ,Nasdaq Inc. Common Stock,$88.67,1.63,1.873%,50403916712.00,United States,,1469723,Finance,Investment Bankers/Brokers/Service
NDLS,Noodles & Company Class A Common Stock,$11.31,1.435,14.532%,66595802.00,United States,2013,39063,Consumer Discretionary,Restaurants
NDMO,Nuveen Dynamic Municipal Opportunities Fund Common Shares of Beneficial Interest,$10.33,-0.01,-0.097%,614275867.00,,2020,27337,Finance,Trusts Except Educational Religious and Charitable
NDRA,ENDRA Life Sciences Inc. Common Stock,$4.97,-0.03,-0.60%,6166532.00,United States,2017,2123,Health Care,Biotechnology: Electromedical & Electrotherapeutic Apparatus
NDSN,Nordson Corporation Common Stock,$283.905,0.075,0.026%,15837242390.00,United States,,59150,Industrials,Industrial Machinery/Components
NE,Noble Corporation plc A Ordinary Shares,$49.78,0.84,1.716%,7938587495.00,United States,2022,274109,Energy,Oil & Gas Production
NEA,Nuveen AMT-Free Quality Municipal Income Fund Common Shares of Beneficial Interest Par Value $.01,$11.52,0.02,0.174%,0.00,United States,2002,273316,Finance,Finance/Investors Services
NECB,NorthEast Community Bancorp Inc. Common Stock,$24.24,-0.20,-0.818%,334885466.00,United States,2021,17160,Finance,Banks
NEE,NextEra Energy Inc. Common Stock,$95.455,-0.795,-0.826%,199052584024.00,United States,,3973469,Technology,EDP Services
NEE^N,NextEra Energy Capital Holdings Inc. Series N Junior Subordinated Debentures due March 1 2079,$23.8001,0.0101,0.042%,,United States,,8183,,
NEE^S,NextEra Energy Inc. 7.299% Corporate Units,$57.75,-0.42,-0.722%,,United States,,101585,,
NEE^T,NextEra Energy Inc. 7.234% Corporate Units,$53.445,-0.075,-0.14%,,United States,,10586,,
NEE^U,NextEra Energy Inc. Series U Junior Subordinated Debentures due June 1 2085,$25.5001,-0.0299,-0.117%,,United States,,13828,,
NEE^V,NextEra Energy Inc. 7.375% Corporate Units,$51.38,-0.32,-0.619%,,United States,,106972,,
NEE^W,NextEra Energy Capital Holdings Inc. Series Z Junior Subordinated Debentures due April 15 2086,$25.25,0.06,0.238%,,United States,,9861,,
NEGG,Newegg Commerce Inc. Common Shares,$38.78,-0.27,-0.691%,755768451.00,China,2010,47962,Consumer Discretionary,Other Specialty Stores
NEM,Newmont Corporation,$119.00,7.94,7.149%,128512042470.00,United States,,6135183,Basic Materials,Precious Metals
NEN,New England Realty Associates Limited Partnership Class A Depositary Receipts Evidencing Units of Limited Partnership,$59.505,0.00,0.00%,172837866.00,United States,,54,Real Estate,Building operators
NEO,NeoGenomics Inc. Common Stock,$8.21,0.30,3.793%,1068480869.00,United States,,427068,Health Care,Precision Instruments
NEOG,Neogen Corporation Common Stock,$9.425,0.075,0.802%,2051568411.00,United States,1989,460387,Health Care,Biotechnology: In Vitro & In Vivo Diagnostic Substances
NEON,Neonode Inc. Common Stock,$1.65,0.02,1.227%,27691821.00,Sweden,,24822,Technology,Industrial Machinery/Components
NEOV,NeoVolta Inc. Common Stock,$2.81,0.01,0.357%,120018756.00,United States,,130407,Miscellaneous,Industrial Machinery/Components
NEOVW,NeoVolta Inc. Warrant,$1.10,0.10,10.00%,46982431.00,United States,,10234,Miscellaneous,Industrial Machinery/Components
NEPH,Nephros Inc. Common Stock,$2.76,-0.08,-2.817%,29378180.00,United States,,4914,Health Care,Medical/Dental Instruments
NERV,Minerva Neurosciences Inc Common Stock,$6.69,-0.14,-2.05%,293302967.00,United States,2014,81225,Health Care,Biotechnology: Pharmaceutical Preparations
NESR,National Energy Services Reunited Corp Ordinary Shares,$24.585,0.965,4.086%,2478094343.00,United States,,375796,Energy,Oilfield Services/Equipment
NET,Cloudflare Inc. Class A Common Stock,$204.53,-0.47,-0.229%,71990530350.00,United States,2019,955825,Technology,Computer Software: Prepackaged Software
NEU,NewMarket Corp Common Stock,$684.77,1.73,0.253%,6433725720.00,United States,,57044,Industrials,Major Chemicals
NEUP,Neuphoria Therapeutics Inc. Common Stock,$4.95,0.04,0.815%,26684930.00,United States,2021,9678,Health Care,Biotechnology: Pharmaceutical Preparations
NEWP,New Pacific Metals Corp. Common Shares,$5.48,0.06,1.107%,1160593018.00,Canada,2021,332690,Basic Materials,Precious Metals
NEWT,NewtekOne Inc. Common Stock,$12.64,0.11,0.878%,364430046.00,United States,,43279,Finance,Major Banks
NEWTG,NewtekOne Inc. 8.50% Fixed Rate Senior Notes due 2029,$25.38,0.03,0.118%,668048604.00,United States,,2792,Finance,Major Banks
NEWTH,NewtekOne Inc. 8.625% Fixed Rate Senior Notes due 2029,$25.186,0.036,0.143%,0.00,United States,,2060,Finance,Major Banks
NEWTI,NewtekOne Inc. 8.00% Fixed Rate Senior Notes due 2028,$25.27,-0.0001,0.00%,665153200.00,United States,,300,Finance,Major Banks
NEWTP,NewtekOne Inc. Depositary Shares Non-Cumulative Perpetual Preferred Stock Series B,$24.35,-0.0301,-0.123%,702046806.00,United States,,302,Finance,Major Banks
NEXA,Nexa Resources S.A. Common Shares,$14.4117,-0.3783,-2.558%,1908665530.00,Luxembourg,2017,665075,Basic Materials,Metal Mining
NEXM,NexMetals Mining Corp. Common Shares,$2.49,-0.08,-3.113%,0.00,Canada,,7480,,
NEXN,Nexxen International Ltd. Ordinary Shares,$7.19,0.08,1.125%,471395597.00,Israel,2021,127504,Technology,Computer Software: Programming Data Processing
NEXR,Nexera Technologies Ltd Ordinary Shares,$1.80,-0.20,-10.00%,1456504.00,Israel,2022,41250,Consumer Discretionary,Other Specialty Stores
NEXRW,Nexera Technologies Ltd Warrant,$0.0164,0.0053,47.748%,13270.00,Israel,2022,1235,Consumer Discretionary,Other Specialty Stores
NEXT,NextDecade Corporation Common Stock,$7.025,-0.405,-5.451%,1861133707.00,United States,2015,1510973,Utilities,Oil & Gas Production
NFBK,Northfield Bancorp Inc. Common Stock (Delaware),$13.75,0.05,0.365%,574254959.00,United States,2007,67325,Finance,Savings Institutions
NFE,New Fortress Energy Inc. Class A Common Stock,$0.6697,0.0447,7.152%,190565018.00,United States,2019,5980712,Utilities,Oil/Gas Transmission
NFG,National Fuel Gas Company Common Stock,$88.435,-0.715,-0.802%,8403661718.00,United States,,252558,Utilities,Oil/Gas Transmission
NFGC,New Found Gold Corp Common Shares,$2.09,-0.05,-2.336%,715469000.00,,2021,597941,Basic Materials,Precious Metals
NFJ,Virtus Dividend Interest & Premium Strategy Fund Common Shares of Beneficial Interest,$14.0712,0.0012,0.009%,0.00,United States,2005,51245,Finance,Finance: Consumer Services
NFLX,Netflix Inc. Common Stock,$92.135,-0.685,-0.738%,387961922377.00,United States,2002,16956295,Consumer Discretionary,Consumer Electronics/Video Chains
NG,Novagold Resources Inc.,$8.65,-0.16,-1.816%,3795452311.00,Canada,2003,1207962,Basic Materials,Precious Metals
NGEN,NervGen Pharma Corp. Common stock,$3.98,0.05,1.272%,289886444.00,Canada,,63778,,
NGG,National Grid Transco PLC National Grid PLC (NEW) American Depositary Shares,$87.31,0.35,0.402%,86638496782.00,United Kingdom,,441218,Utilities,Natural Gas Distribution
NGL,NGL ENERGY PARTNERS LP Common Units representing Limited Partner Interests,$14.375,0.105,0.736%,1779830404.00,United States,2011,89791,Utilities,Natural Gas Distribution
NGL^B,NGL ENERGY PARTNERS LP 9.00% Class B Fixed-to-Floating Rate Cumulative Redeemable Perpetual Preferred Units representing limited partnership interests,$25.235,0.035,0.139%,,United States,,3477,,
NGL^C,NGL ENERGY PARTNERS LP 9.625% Class C Fixed-to-Floating Rate Cumulative  Redeemable Perpetual Preferred Units representing  limited partner interests,$25.39,0.025,0.099%,,United States,,307,,
NGNE,Neurogene Inc. Common Stock ,$27.10,0.15,0.557%,423187801.00,Canada,2014,78731,Health Care,Biotechnology: Pharmaceutical Preparations
NGS,Natural Gas Services Group Inc. Common Stock,$39.09,0.69,1.797%,492470088.00,United States,2002,22250,Energy,Oilfield Services/Equipment
NGVC,Natural Grocers by Vitamin Cottage Inc. Common Stock,$27.27,0.08,0.294%,628112446.00,United States,2012,24579,Consumer Staples,Food Chains
NGVT,Ingevity Corporation Common Stock ,$76.36,1.10,1.462%,2689593002.00,United States,2016,74898,Industrials,Major Chemicals
NHC,National HealthCare Corporation Common Stock,$171.05,0.47,0.276%,2668216818.00,United States,1986,51699,Health Care,Hospital/Nursing Management
NHI,National Health Investors Inc. Common Stock,$76.9425,-0.6775,-0.873%,3728584999.00,United States,,71265,Real Estate,Real Estate Investment Trusts
NHIC,NewHold Investment Corp III Class A Ordinary Shares,$10.45,0.05,0.481%,0.00,United States,2025,11774,,
NHICU,NewHold Investment Corp III Units,$10.70,0.10,0.943%,0.00,United States,2025,374,Finance,Blank Checks
NHICW,NewHold Investment Corp III Warrants,$0.6961,0.1761,33.865%,0.00,United States,2025,36297,,
NHIVU,NewHold Investment Corp IV Units,$9.99,0.01,0.10%,0.00,United States,2026,1401,Finance,Blank Checks
NHP,National Healthcare Properties Inc. Class A Common Stock,$12.6875,0.1875,1.50%,360479572.00,United States,,871670,,
NHPAP,National Healthcare Properties Inc. 7.375% Series A Cumulative Redeemable Perpetual Preferred Stock,$21.0899,0.0899,0.428%,599210098.00,United States,,4327,Real Estate,Real Estate Investment Trusts
NHPBP,National Healthcare Properties Inc. 7.125% Series B Cumulative Redeemable Perpetual Preferred Stock,$20.25,0.01,0.049%,575346706.00,United States,,3871,Real Estate,Real Estate Investment Trusts
NHS,Neuberger High Yield Strategies Fund Inc. Common Stock,$6.365,-0.035,-0.547%,0.00,United States,,112255,Finance,Trusts Except Educational Religious and Charitable
NHTC,Natural Health Trends Corp. Common Stock,$2.92,-0.01,-0.341%,25047316.00,United States,,10266,Consumer Discretionary,Consumer Specialties
NI,NiSource Inc Common Stock,$47.99,-0.30,-0.621%,23004380198.00,United States,,757928,Utilities,Power Generation
NIC,Nicolet Bankshares Inc. Common Stock,$146.47,2.43,1.687%,3127801524.00,United States,2022,49456,Finance,Major Banks
NICE,NICE Ltd American Depositary Shares,$99.00,0.27,0.273%,5880954420.00,Israel,,235206,Technology,Computer Software: Prepackaged Software
NICM,Nicola Mining Inc. American Depositary Shares,$6.15,-0.18,-2.844%,1295739687.00,Canada,,20432,,
NIE,Virtus Equity & Convertible Income Fund Common Shares of Beneficial Interest,$25.65,0.13,0.509%,710734952.00,United States,2007,24214,Finance,Investment Managers
NIM,Nuveen Select Maturities Municipal Fund Common Stock,$9.37,-0.025,-0.266%,0.00,United States,1992,2665,Finance,Trusts Except Educational Religious and Charitable
NINE,Nine Energy Service Inc. Common Stock,$9.125,0.025,0.275%,395210840.00,,2026,11366,Energy,Oilfield Services/Equipment
NIO,NIO Inc. American depositary shares each  representing one Class A ordinary share,$6.195,-0.085,-1.354%,15522607201.00,United States,2018,12019438,Industrials,Auto Manufacturing
NIOBW,NioCorp Developments Ltd. Warrant,$1.9099,-0.0401,-2.056%,239350906.00,United States,,2999,Basic Materials,Metal Mining
NIPG,NIP Group Inc. American Depositary Shares,$0.685,-0.025,-3.521%,153685064.00,Sweden,2024,6128,Consumer Discretionary,Services-Misc. Amusement & Recreation
NIQ,NIQ Global Intelligence plc Ordinary Shares,$11.36,0.14,1.248%,3352509479.00,United States,2025,182612,Technology,Computer Software: Programming Data Processing
NIU,Niu Technologies American Depositary Shares,$3.155,0.065,2.104%,247465858.00,China,2018,105663,Industrials,Auto Manufacturing
NIVF,NewGenIvf Group Limited Class A Ordinary Shares,$1.98,0.07,3.665%,13047760.00,Singapore,,13460,Health Care,Misc Health and Biotechnology Services
NIVFW,NewGenIvf Group Limited Warrants,$0.017,0.0035,25.926%,9665.00,Singapore,,7842,Health Care,Misc Health and Biotechnology Services
NIXX,Nixxy Inc. Common Stock,$0.6124,-0.0021,-0.342%,16468922.00,United States,,147405,Technology,EDP Services
NJR,NewJersey Resources Corporation Common Stock,$55.99,-0.51,-0.903%,5646321908.00,United States,,168346,Utilities,Oil/Gas Transmission
NKE,Nike Inc. Common Stock,$44.97,0.19,0.424%,66595489874.00,United States,,6957429,Consumer Discretionary,Shoe Manufacturing
NKLR,Terra Innovatum Global N.V. Ordinary shares,$7.39,-0.33,-4.275%,519524006.00,Italy,,1055795,Industrials,Metal Fabrications
NKSH,National Bankshares Inc. Common Stock,$36.50,-0.11,-0.30%,232446965.00,United States,,9267,Finance,Major Banks
NKTR,Nektar Therapeutics  Common Stock,$89.76,-1.50,-1.644%,2664045115.00,United States,,384331,Health Care,Biotechnology: Pharmaceutical Preparations
NKTX,Nkarta Inc. Common Stock,$2.955,-0.025,-0.839%,210663398.00,United States,2020,360615,Health Care,Biotechnology: Pharmaceutical Preparations
NKX,Nuveen California AMT-Free Quality Municipal Income Fund,$12.215,0.015,0.123%,0.00,United States,2002,78442,Finance,Finance/Investors Services
NL,NL Industries Inc. Common Stock,$5.925,0.095,1.63%,289511699.00,United States,,16046,Basic Materials,Major Chemicals
NLOP,Net Lease Office Properties Common Shares of Beneficial Interest,$13.15,0.33,2.574%,194805086.00,United States,2023,86567,Real Estate,Real Estate Investment Trusts
NLY,Annaly Capital Management Inc. Common Stock,$22.785,0.355,1.583%,16368447248.00,United States,,1859733,Real Estate,Real Estate Investment Trusts
NLY^F,Annaly Capital Management Inc 6.95% Series F,$26.00,-0.03,-0.115%,,United States,,15721,,
NLY^G,Annaly Capital Management Inc 6.50% Series G Fixed-to-Floating Rate Cumulative Redeemable Preferred Stock,$25.085,0.015,0.06%,,United States,,3315,,
NLY^I,Annaly Capital Management Inc 6.750% Series I Fixed-to-Floating Rate Cumulative Redeemable Preferred Stock,$25.69,-0.01,-0.039%,,United States,,6887,,
NLY^J,Annaly Capital Management Inc. 8.875% Series J Fixed-Rate Cumulative Redeemable Preferred Stock,$26.04,-0.06,-0.23%,,United States,,17627,,
NMAI,Nuveen Multi-Asset Income Fund Common Shares of Beneficial Interest,$13.545,0.025,0.185%,0.00,United States,2021,16932,Finance,Investment Managers
NMAX,Newsmax Inc. Class B Common Stock,$6.245,-0.465,-6.93%,806469651.00,United States,2025,1437522,Industrials,Broadcasting
NMCO,Nuveen Municipal Credit Opportunities Fund Common Shares,$10.755,0.005,0.047%,589067203.00,,2019,41915,Finance,Finance/Investors Services
NMFC,New Mountain Finance Corporation Common Stock,$8.145,0.085,1.055%,802360391.00,United States,,171961,Finance,Finance/Investors Services
NMFCZ,New Mountain Finance Corporation 8.250% Notes due 2028,$25.65,0.00,0.00%,2728158650.00,United States,,528,,
NMG,Nouveau Monde Graphite Inc. Common Shares,$2.095,-0.035,-1.643%,336931599.00,Canada,,244766,Basic Materials,Other Metals and Minerals
NMI,Nuveen Municipal Income Fund Inc. Common Stock,$10.17,-0.33,-3.143%,0.00,United States,1988,46788,Finance,Trusts Except Educational Religious and Charitable
NMIH,NMI Holdings Inc. Common Stock,$41.06,-0.10,-0.243%,3126980470.00,United States,2013,70467,Finance,Property-Casualty Insurers
NML,Neuberger Energy Infrastructure and Income Fund Inc. Common Stock,$9.88,-0.17,-1.692%,0.00,United States,2013,110080,Finance,Finance/Investors Services
NMM,Navios Maritime Partners LP Common Units Representing Limited Partner Interests,$70.69,1.02,1.464%,2061907622.00,Greece,2007,33481,Consumer Discretionary,Marine Transportation
NMP,NMP Acquisition Corp. Class A Ordinary Shares,$10.17,0.00,0.00%,0.00,United States,2025,2,Finance,Blank Checks
NMPAR,NMP Acquisition Corp. Right,$0.175,-0.0205,-10.486%,0.00,United States,2025,701,Finance,Blank Checks
NMR,Nomura Holdings Inc ADR American Depositary Shares,$7.795,-0.475,-5.744%,23043664472.00,Japan,,1237208,Finance,Investment Bankers/Brokers/Service
NMRA,Neumora Therapeutics Inc. Common Stock,$2.205,-0.025,-1.121%,402827208.00,United States,2023,359352,Health Care,Biotechnology: Biological Products (No Diagnostic Substances)
NMRK,Newmark Group Inc. Class A Common Stock,$16.075,0.045,0.281%,2964834645.00,United States,2017,255530,Finance,Real Estate
NMS,Nuveen Minnesota Quality Municipal Income Fund ,$12.11,0.0351,0.291%,0.00,United States,2014,1104,Finance,Finance Companies
NMT,Nuveen Massachusetts Quality Municipal Income Fund Common Stock,$12.46,-0.09,-0.717%,0.00,United States,,2425,Finance,Finance/Investors Services
NMTC,NeuroOne Medical Technologies Corporation Common Stock,$4.75,0.00,0.00%,40131971.00,United States,,13824,Health Care,Medical/Dental Instruments
NMZ,Nuveen Municipal High Income Opportunity Fund Common Stock $0.01 par value per share,$10.27,-0.04,-0.388%,0.00,United States,2003,182311,Finance,Finance/Investors Services
NN,NextNav Inc. Common Stock,$18.1709,0.2509,1.40%,2471754692.00,United States,,862824,Industrials,Industrial Machinery/Components
NNAVW,NextNav Inc. Warrant,$8.35,-0.185,-2.168%,1135835412.00,United States,,50693,Industrials,Industrial Machinery/Components
NNBR,NN Inc. Common Stock,$2.545,-0.065,-2.49%,127733866.00,United States,1994,713116,Industrials,Industrial Machinery/Components
NNDM,Nano Dimension Ltd. American Depositary Shares,$1.785,-0.015,-0.833%,371255522.00,Israel,,351287,Technology,Electrical Products
NNE,Nano Nuclear Energy Inc. Common Stock,$25.0528,-0.2772,-1.094%,1304829843.00,United States,2024,911322,Utilities,Electric Utilities: Central
NNI,Nelnet Inc. Common Stock,$140.56,-0.54,-0.383%,5059032287.00,United States,2003,61710,Finance,Finance: Consumer Services
NNN,NNN REIT Inc. Common Stock,$43.95,-0.33,-0.745%,8361724347.00,United States,,358731,Real Estate,Real Estate Investment Trusts
NNNN,Anbio Biotechnology Class A Ordinary Shares,$27.18,-0.09,-0.33%,3910962816.00,Germany,2025,6423,Health Care,Biotechnology: In Vitro & In Vivo Diagnostic Substances
NNOX,NANO-X IMAGING LTD Ordinary Shares,$1.755,0.04,2.332%,122130850.00,Israel,2020,2737492,Health Care,Medical Electronics
NNVC,NanoViricides Inc. Common Stock,$1.25,-0.05,-3.846%,26993750.00,United States,,121889,Health Care,Biotechnology: Pharmaceutical Preparations
NNY,Nuveen New York Municipal Value Fund Common Stock,$8.60,-0.01,-0.116%,0.00,United States,1988,2601,Finance,Investment Managers
NOA,North American Construction Group Ltd. Common Shares (no par),$14.34,0.35,2.502%,408939014.00,Canada,2006,34053,Energy,Oilfield Services/Equipment
NOAH,Noah Holdings Limited American Depositary Shares,$10.43,0.36,3.575%,699129909.00,China,2010,32049,Finance,Investment Managers
NOC,Northrop Grumman Corporation Common Stock,$570.25,-17.41,-2.963%,80994589689.00,United States,,415289,Industrials,Industrial Machinery/Components
NODK,NI Holdings Inc. Common Stock,$13.01,-0.04,-0.307%,266972655.00,United States,2017,2457,Finance,Property-Casualty Insurers
NOEM,CO2 Energy Transition Corp. Common Stock,$10.42,0.00,0.00%,0.00,United States,2025,128,,
NOEMR,CO2 Energy Transition Corp. Right,$0.1999,0.00,0.00%,0.00,United States,2025,21,,
NOEMU,CO2 Energy Transition Corp. Unit,$10.96,-0.20,-1.792%,0.00,United States,2024,103,,
NOEMW,CO2 Energy Transition Corp. Warrant,$0.0753,0.00,0.00%,0.00,United States,2025,37,,
NOG,Northern Oil and Gas Inc. Common Stock,$26.605,-0.295,-1.097%,2814206636.00,United States,2022,575719,Energy,Oil & Gas Production
NOK,Nokia Corporation Sponsored American Depositary Shares,$10.395,0.065,0.629%,59690581640.00,Finland,1994,81287292,Technology,Radio And Television Broadcasting And Communications Equipment
NOM,Nuveen Missouri Quality Municipal Income Fund ,$11.33,-0.33,-2.83%,0.00,United States,1993,20883,Finance,Investment Managers
NOMA,NOMADAR Corp. Class A Common Stock,$4.40,0.155,3.651%,62813960.00,United States,,1898,Consumer Discretionary,Services-Misc. Amusement & Recreation
NOMD,Nomad Foods Limited Ordinary Shares,$9.48,-0.06,-0.629%,1346976152.00,United Kingdom,2016,579311,Consumer Staples,Packaged Foods
NOTV,Inotiv Inc. Common Stock,$0.2783,-0.0177,-5.98%,9572120.00,United States,,132294,Health Care,Biotechnology: Commercial Physical & Biological Resarch
NOV,NOV Inc. Common Stock,$20.49,0.27,1.335%,7389327653.00,United States,,2214445,Consumer Discretionary,Oil and Gas Field Machinery
NOVT,Novanta Inc. Common Stock,$133.755,0.735,0.553%,4772882523.00,United States,,173155,Miscellaneous,Industrial Machinery/Components
NOVTU,Novanta Inc. Tangible Equity Units,$59.37,0.00,0.00%,2118545366.00,United States,,479,Miscellaneous,Industrial Machinery/Components
NOW,ServiceNow Inc. Common Stock,$86.715,1.935,2.282%,89850230426.00,United States,2012,18161447,Technology,Computer Software: Prepackaged Software
NP,Neptune Insurance Holdings Inc. Class A Common Stock,$26.56,-0.62,-2.281%,3666209600.00,,2025,139615,Finance,Specialty Insurers
NPAC,New Providence Acquisition Corp. III Class A Ordinary Shares,$10.32,0.00,0.00%,0.00,United States,2025,5405,Finance,Blank Checks
NPACU,New Providence Acquisition Corp. III Units,$10.37,0.00,0.00%,0.00,United States,2025,134,Finance,Blank Checks
NPACW,New Providence Acquisition Corp. III Warrants,$0.26,0.00,0.00%,0.00,United States,2025,10200,Finance,Blank Checks
NPB,Northpointe Bancshares Inc. Common Stock,$17.49,0.17,0.982%,603302089.00,United States,2025,39763,Finance,Major Banks
NPCE,Neuropace Inc. Common Stock,$16.885,0.015,0.089%,573253331.00,United States,2021,40920,Health Care,Medical/Dental Instruments
NPCT,Nuveen Core Plus Impact Fund Common Shares of Beneficial Interest,$10.335,-0.015,-0.145%,0.00,United States,2021,30058,Finance,Investment Managers
NPFD,Nuveen Variable Rate Preferred & Income Fund Common Shares,$18.98,0.00,0.00%,0.00,United States,2021,13728,Finance,Trusts Except Educational Religious and Charitable
NPK,National Presto Industries Inc. Common Stock,$142.69,2.78,1.987%,1022165095.00,United States,,44610,Industrials,Ordnance And Accessories
NPKI,NPK International Inc. Common Stock,$14.97,0.26,1.768%,1263682775.00,United States,,205924,Consumer Discretionary,Oil and Gas Field Machinery
NPO,Enpro Inc. Common Stock,$295.215,6.435,2.228%,6272728615.00,United States,,209848,Industrials,Metal Fabrications
NPT,Texxon Holding Limited Ordinary shares,$1.88,0.05,2.732%,41707800.00,China,2025,2034735,Consumer Discretionary,Specialty Chemicals
NPV,Nuveen Virginia Quality Municipal Income Fund Common Stock,$11.5018,-0.0082,-0.071%,0.00,United States,1993,11471,Finance,Investment Managers
NPWR,NET Power Inc. Class A Common Stock,$1.73,0.03,1.765%,388239353.00,United States,2021,284613,Energy,Industrial Machinery/Components
NQP,Nuveen Pennsylvania Quality Municipal Income Fund Common Stock,$12.03,0.01,0.083%,0.00,United States,1991,46063,Finance,Trusts Except Educational Religious and Charitable
NRC,NRC Health Common Stock,$16.94,-0.31,-1.797%,385323965.00,United States,,10357,Health Care,Biotechnology: Commercial Physical & Biological Resarch
NRDS,NerdWallet Inc. Class A Common Stock,$10.645,0.185,1.769%,700350305.00,United States,2021,117930,Technology,EDP Services
NRDY,Nerdy Inc. Class A Common Stock,$0.9184,0.0119,1.313%,173207287.00,United States,2020,174009,Real Estate,Other Consumer Services
NREF,NexPoint Real Estate Finance Inc. Common Stock,$14.06,0.08,0.572%,262738981.00,United States,2020,4877,Real Estate,Real Estate Investment Trusts
NREF^A,NexPoint Real Estate Finance Inc. 8.50% Series A Cumulative Redeemable Preferred Stock,$23.05,0.17,0.743%,,United States,,1376,,
NRG,NRG Energy Inc. Common Stock,$157.585,3.055,1.977%,33810900078.00,United States,,620427,Utilities,Electric Utilities: Central
NRGV,Energy Vault Holdings Inc. Common Stock,$4.615,0.155,3.475%,803686725.00,United States,2021,1930782,Miscellaneous,Industrial Machinery/Components
NRIM,Northrim BanCorp Inc Common Stock,$24.87,-0.29,-1.153%,553100742.00,United States,,46269,Finance,Savings Institutions
NRIX,Nurix Therapeutics Inc. Common stock,$16.70,0.13,0.785%,1726877077.00,United States,2020,179660,Health Care,Biotechnology: Pharmaceutical Preparations
NRK,Nuveen New York AMT-Free Quality Municipal Income Fund ,$10.49,0.01,0.095%,0.00,United States,2002,105033,Finance,Trusts Except Educational Religious and Charitable
NRO,Neuberger Real Estate Securities Income Fund Inc. Common Stock,$3.01,0.00,0.00%,0.00,United States,2003,231738,Finance,Finance/Investors Services
NRP,Natural Resource Partners LP Limited Partnership,$115.70,0.70,0.609%,1533072668.00,United States,2002,11006,Energy,Coal Mining
NRSN,NeuroSense Therapeutics Ltd. Ordinary Shares,$0.78,0.0651,9.106%,27572854.00,Israel,2021,170345,Health Care,Biotechnology: Pharmaceutical Preparations
NRSNW,NeuroSense Therapeutics Ltd. Warrant,$0.20,0.04,25.00%,7069963.00,Israel,2021,100,Health Care,Biotechnology: Pharmaceutical Preparations
NRT,North European Oil Royality Trust Common Stock,$8.2594,-0.0506,-0.609%,75908759.00,United States,,8686,Energy,Oil & Gas Production
NRUC,National Rural Utilities Cooperative Finance Corporation 5.500% Subordinated Notes due 2064 (Subordinated Deferrable Interest Notes),$24.0675,-0.0925,-0.383%,0.00,United States,2019,1914,Finance,Diversified Financial Services
NRXP,NRX Pharmaceuticals Inc. Common Stock,$2.9605,0.1205,4.243%,97896719.00,United States,2017,296444,Health Care,Biotechnology: Pharmaceutical Preparations
NRXPW,NRX Pharmaceuticals Inc. Warrant,$0.0071,0.00,0.00%,234780.00,United States,2017,10364,Health Care,Biotechnology: Pharmaceutical Preparations
NRXS,Neuraxis Inc. Common Stock,$8.1512,0.7012,9.412%,91192683.00,,2023,344836,Health Care,Biotechnology: Electromedical & Electrotherapeutic Apparatus
NSA,National Storage Affiliates Trust Common Shares of Beneficial Interest,$43.54,-0.07,-0.161%,3357477162.00,United States,2015,135853,Real Estate,Real Estate Investment Trusts
NSA^A,National Storage Affiliates Trust 6.000% Series A Cumulative Redeemable Preferred Shares of Beneficial Interest (Liquidation Preference $25.00 per share),$22.9641,0.0641,0.28%,,United States,,4583,,
NSA^B,National Storage Affiliates Trust 6.000% Series B Cumulative Redeemable Preferred Shares of Beneficial Interest,$33.00,0.00,0.00%,,United States,,602,,
NSC,Norfolk Southern Corporation Common Stock,$321.08,-0.36,-0.112%,78608605574.00,United States,,331437,Industrials,Railroads
NSIT,Insight Enterprises Inc. Common Stock,$72.745,-0.595,-0.811%,2244687518.00,United States,1995,74695,Consumer Discretionary,Catalog/Specialty Distribution
NSP,Insperity Inc. Common Stock,$32.175,-0.035,-0.109%,1228093431.00,United States,,171467,Consumer Discretionary,Professional Services
NSPR,InspireMD Inc. Common Stock,$1.24,-0.04,-3.125%,58147294.00,Israel,,20928,Health Care,Medical/Dental Instruments
NSRX,Nasus Pharma Ltd. Ordinary Shares,$3.445,0.045,1.324%,40343734.00,,2025,56055,Health Care,Biotechnology: Pharmaceutical Preparations
NSSC,NAPCO Security Technologies Inc. Common Stock,$45.57,0.69,1.537%,1625223245.00,United States,,66707,Telecommunications,Telecommunications Equipment
NSTS,NSTS Bancorp Inc. Common Stock,$12.55,0.016,0.128%,66032239.00,United States,2022,1018,Finance,Savings Institutions
NSYS,Nortech Systems Incorporated Common Stock,$14.565,-0.815,-5.299%,40580042.00,United States,,13964,Technology,Industrial Machinery/Components
NTAP,NetApp Inc. Common Stock,$108.465,0.065,0.06%,21403441836.00,United States,1995,492815,Technology,Electronic Components
NTB,Bank of N.T. Butterfield & Son Limited (The) Voting Ordinary Shares,$56.09,-0.19,-0.338%,2243600000.00,Bermuda,2016,32541,Finance,Commercial Banks
NTCL,NETCLASS TECHNOLOGY INC Class A Ordinary Shares,$0.3562,0.0062,1.771%,21351662.00,China,2024,78364,Technology,Computer Software: Prepackaged Software
NTCT,NetScout Systems Inc. Common Stock,$33.17,0.58,1.78%,2395549010.00,United States,1999,63932,Technology,EDP Services
NTES,NetEase Inc. American Depositary Shares,$109.62,0.08,0.073%,69951602870.00,China,,273393,Technology,Computer Software: Prepackaged Software
NTGR,NETGEAR Inc. Common Stock,$25.63,0.31,1.224%,700813879.00,United States,2003,114974,Utilities,Telecommunications Equipment
NTHI,NeOnc Technologies Holdings Inc. Common Stock,$4.685,-0.105,-2.192%,116710293.00,United States,,55777,Health Care,Biotechnology: Pharmaceutical Preparations
NTIC,Northern Technologies International Corporation Common Stock,$8.1499,0.1499,1.874%,77358859.00,United States,,4189,Industrials,Industrial Specialties
NTIP,Network-1 Technologies Inc. Common Stock,$1.375,-0.085,-5.822%,31340799.00,United States,,25738851,Miscellaneous,Multi-Sector Companies
NTLA,Intellia Therapeutics Inc. Common Stock,$15.1499,-0.7201,-4.537%,1789711409.00,United States,2016,3040789,Health Care,Biotechnology: In Vitro & In Vivo Diagnostic Substances
NTNX,Nutanix Inc. Class A Common Stock,$39.56,0.41,1.047%,10491790557.00,United States,2016,1000320,Technology,Computer Software: Prepackaged Software
NTR,Nutrien Ltd. Common Shares,$71.13,-1.06,-1.468%,34281973633.00,Canada,2004,762623,Industrials,Agricultural Chemicals
NTRA,Natera Inc. Common Stock,$201.285,0.145,0.072%,28528374656.00,United States,2015,359937,Health Care,Medical Specialities
NTRB,Nutriband Inc. Common Stock,$3.9835,-0.0265,-0.661%,48498646.00,United States,,1785,Health Care,Industrial Specialties
NTRBW,Nutriband Inc. Warrant,$1.17,-0.03,-2.50%,14244613.00,United States,,350,Health Care,Industrial Specialties
NTRP,NextTrip Inc. Common Stock,$2.5896,-0.1704,-6.174%,35391563.00,United States,,92768,Consumer Discretionary,Miscellaneous manufacturing industries
NTRS,Northern Trust Corporation Common Stock,$164.88,-0.51,-0.308%,30555713454.00,United States,,346918,Finance,Major Banks
NTRSO,Northern Trust Corporation Depositary Shares Each Representing a 1/1000th Interest in a Share of Series E Non-Cumulative Perpetual Preferred Stock,$19.27,0.01,0.052%,3571134148.00,United States,,8862,Finance,Major Banks
NTSK,Netskope Inc. Class A Common Stock,$9.52,-0.27,-2.758%,3810992212.00,United States,2025,1159530,Technology,Computer Software: Prepackaged Software
NTST,NetSTREIT Corp. Common Stock,$20.62,-0.13,-0.627%,2005513716.00,United States,2020,275999,Real Estate,Real Estate Investment Trusts
NTWK,NetSol Technologies Inc. Common  Stock,$3.51,0.01,0.286%,41475982.00,United States,,5280,Technology,Computer Software: Prepackaged Software
NTWO,Newbury Street II Acquisition Corp Class A Ordinary Shares,$10.57,0.00,0.00%,0.00,United States,2024,19,,
NTZ,Natuzzi S.p.A.,$3.15,0.08,2.606%,34696018.00,Italy,1993,2294,Consumer Discretionary,Home Furnishings
NU,Nu Holdings Ltd. Class A Ordinary Shares,$14.47,0.01,0.069%,70261597455.00,Cayman Islands,2021,11176574,Finance,Finance: Consumer Services
NUAI,New Era Energy & Digital Inc. Common Stock,$4.2899,-0.0201,-0.466%,262781848.00,United States,,2676229,Energy,Oil & Gas Production
NUAIW,New Era Energy & Digital Inc. Warrants,$1.93,0.14,7.821%,118223960.00,United States,,6752,Energy,Oil & Gas Production
NUCL,Eagle Nuclear Energy Corp. Common stock,$13.08,-0.13,-0.984%,386897414.00,United States,,644552,Basic Materials,Other Metals and Minerals
NUCLW,Eagle Nuclear Energy Corp. Warrants,$2.8999,-0.0601,-2.03%,85777050.00,United States,,151242,Basic Materials,Other Metals and Minerals
NUE,Nucor Corporation Common Stock,$213.86,0.91,0.427%,48703544826.00,United States,,487024,Industrials,Steel/Iron Ore
NUS,Nu Skin Enterprises Inc. Common Stock,$7.525,0.065,0.871%,370054923.00,United States,1996,82183,Health Care,Other Pharmaceuticals
NUTX,Nutex Health Inc. Common Stock,$108.54,-0.76,-0.695%,756344709.00,United States,,69087,Real Estate,Real Estate
NUV,Nuveen Municipal Value Fund Inc. Common Stock,$9.1201,-0.0099,-0.108%,0.00,United States,1987,120884,Finance,Trusts Except Educational Religious and Charitable
NUVB,Nuvation Bio Inc. Class A Common Stock,$5.075,0.035,0.694%,1764505592.00,United States,2020,2639993,Health Care,Biotechnology: Pharmaceutical Preparations
NUVL,Nuvalent Inc. Class A Common Stock,$106.62,-1.40,-1.296%,8382144647.00,United States,2021,404117,Health Care,Biotechnology: Pharmaceutical Preparations
NUW,Nuveen AMT-Free Municipal Value Fund,$14.305,0.015,0.105%,0.00,United States,2009,12270,Finance,Investment Managers
NUWE,Nuwellis Inc. Common Stock,$1.15,-0.0395,-3.321%,3031076.00,United States,,13939,Health Care,Biotechnology: Electromedical & Electrotherapeutic Apparatus
NVA,Nova Minerals Limited American Depositary Shares,$6.305,0.145,2.354%,236977738.00,Australia,2024,188087,Basic Materials,Precious Metals
NVAWW,Nova Minerals Limited Warrant,$26.91,0.00,0.00%,12137168943.00,Australia,2024,14,Basic Materials,Precious Metals
NVAX,Novavax Inc. Common Stock,$8.185,0.035,0.429%,1333630710.00,United States,,855244,Health Care,Biotechnology: Biological Products (No Diagnostic Substances)
NVCR,NovoCure Limited Ordinary Shares,$12.48,-0.11,-0.874%,1445445331.00,Jersey,2015,217950,Health Care,Medical/Dental Instruments
NVCT,Nuvectis Pharma Inc. Common Stock,$8.96,0.17,1.934%,237365650.00,United States,2022,45455,Health Care,Biotechnology: Pharmaceutical Preparations
NVDA,NVIDIA Corporation Common Stock,$210.2301,10.5901,5.305%,5108591430000.00,United States,1999,130708276,Technology,Semiconductors
NVEC,NVE Corporation Common Stock,$83.73,5.42,6.921%,405015909.00,United States,,45711,Technology,Semiconductors
NVG,Nuveen AMT-Free Municipal Credit Income Fund ,$12.635,-0.005,-0.04%,0.00,United States,2002,215447,Finance,Investment Managers
NVGS,Navigator Holdings Ltd. Ordinary Shares (Marshall Islands),$20.435,-0.435,-2.084%,1333392823.00,Marshall Islands,2013,242606,Consumer Discretionary,Marine Transportation
NVMI,Nova Ltd. Ordinary Shares,$544.145,21.235,4.061%,17294545299.00,Israel,2000,104320,Technology,Electronic Components
NVNI,Nvni Group Limited Ordinary Shares,$1.3604,-0.0196,-1.42%,37748493.00,Cayman Islands,,38669,Technology,Computer Software: Prepackaged Software
NVNIW,Nvni Group Limited Warrants,$0.0401,-0.003,-6.961%,1112698.00,Cayman Islands,,2965,Technology,Computer Software: Prepackaged Software
NVNO,enVVeno Medical Corporation Common Stock,$12.95,0.00,0.00%,8488997.00,United States,2018,1446,Health Care,Medical/Dental Instruments
NVO,Novo Nordisk A/S Common Stock,$40.755,2.235,5.802%,181971075000.00,Denmark,,15759852,Health Care,Biotechnology: Pharmaceutical Preparations
NVR,NVR Inc. Common Stock,$6639.64,-29.37,-0.44%,18445710037.00,United States,1998,3512,Consumer Discretionary,Homebuilding
NVRI,Enviri Corporation Common Stock,$19.335,-0.105,-0.54%,1574826044.00,United States,,154090,Miscellaneous,Diversified Commercial Services
NVS,Novartis AG Common Stock,$144.93,-2.55,-1.729%,276548422837.00,Switzerland,,739579,Health Care,Biotechnology: Pharmaceutical Preparations
NVST,Envista Holdings Corporation Common Stock,$26.76,-0.28,-1.036%,4361367546.00,United States,2019,1860395,Health Care,Medical/Dental Instruments
NVT,nVent Electric plc Ordinary Shares ,$142.50,-0.26,-0.182%,23042007608.00,United Kingdom,2018,856810,Industrials,Industrial Machinery/Components
NVTS,Navitas Semiconductor Corporation Common Stock,$17.4699,-1.0401,-5.619%,4031926525.00,United States,,33989671,Technology,Semiconductors
NVVE,Nuvve Holding Corp. Common Stock,$0.4922,0.0087,1.799%,2614519.00,United States,2020,159688,Industrials,Electrical Products
NVX,NOVONIX Limited American Depository Shares,$0.7124,-0.0286,-3.86%,149617144.00,Australia,,151980,Miscellaneous,Industrial Machinery/Components
NWAX,New America Acquisition I Corp. Class A Common Stock,$10.115,0.005,0.049%,0.00,,2026,3616,Finance,Blank Checks
NWBI,Northwest Bancshares Inc. Common Stock,$13.36,-0.06,-0.447%,1954058222.00,United States,2009,161475,Finance,Major Banks
NWE,NorthWestern Energy Group Inc. Common Stock,$71.235,-0.415,-0.579%,4380885967.00,United States,,57860,Utilities,Power Generation
NWFL,Norwood Financial Corp. Common Stock,$30.95,0.10,0.324%,337050638.00,United States,,3036,Finance,Major Banks
NWG,NatWest Group plc American Depositary Shares (each representing two (2) Ordinary Shares),$15.735,0.055,0.351%,64726251031.00,United Kingdom,2022,1534589,Finance,Commercial Banks
NWGL,CL Workshop Group Limited American Depositary Shares,$0.9235,-0.0165,-1.755%,15286848.00,China,2023,2939,Energy,
NWL,Newell Brands Inc. Common Stock,$4.185,0.045,1.087%,1778322726.00,United States,,1265591,Industrials,Plastic Products
NWN,Northwest Natural Holding Company Common Stock,$53.14,-0.37,-0.691%,2236131731.00,United States,,47159,Utilities,Oil/Gas Transmission
NWPX,NWPX Infrastructure Inc. Common Stock,$83.67,-0.29,-0.345%,801075406.00,United States,1995,24478,Industrials,Steel/Iron Ore
NWS,News Corporation Class B Common Stock,$30.47,0.07,0.23%,16922369488.00,United States,,272031,Consumer Discretionary,Newspapers/Magazines
NWSA,News Corporation Class A Common Stock,$26.43,0.12,0.456%,14678642126.00,United States,,1297947,Consumer Discretionary,Newspapers/Magazines
NWTG,Newton Golf Company Inc. Common Stock,$1.16,0.06,5.455%,5326793.00,United States,2023,12903,Consumer Discretionary,Recreational Games/Products/Toys
NX,Quanex Building Products Corporation Common Stock,$20.49,0.02,0.098%,941183849.00,United States,,60141,Industrials,Metal Fabrications
NXDR,Nextdoor Holdings Inc. Class A Common Stock,$1.59,0.05,3.247%,600409028.00,United States,,623203,Technology,Computer Software: Programming Data Processing
NXDT,NexPoint Diversified Real Estate Trust Common Stock,$5.07,0.04,0.795%,254613321.00,United States,,22112,Real Estate,Real Estate Investment Trusts
NXDT^A,NexPoint Diversified Real Estate Trust 5.50% Series A Cumulative Preferred Shares ($25.00 liquidation preference per share),$13.2403,0.0484,0.367%,,United States,,2025,,
NXE,Nexgen Energy Ltd. Common Shares,$12.475,-0.235,-1.849%,8246842836.00,Canada,2017,2018233,Basic Materials,Other Metals and Minerals
NXG,NXG NextGen Infrastructure Income Fund Common Shares of Beneficial Interest,$55.50,0.67,1.222%,144395127.00,,2012,27833,,
NXGL,NexGel Inc Common Stock,$0.6901,0.0793,12.983%,5849076.00,United States,2021,251285,Health Care,Medical/Dental Instruments
NXGLW,NexGel Inc Warrant,$0.0717,0.0227,46.327%,607707.00,United States,2021,1036,Health Care,Medical/Dental Instruments
NXJ,Nuveen New Jersey Qualified Municipal Fund ,$12.43,0.04,0.323%,0.00,United States,2001,67250,Finance,Finance/Investors Services
NXL,Nexalin Technology Inc. Common Stock,$0.426,-0.0051,-1.183%,8767781.00,United States,2022,173912,Health Care,Biotechnology: Electromedical & Electrotherapeutic Apparatus
NXP,Nuveen Select Tax Free Income Portfolio Common Stock,$14.215,0.00,0.00%,665249391.00,United States,1992,75503,Finance,Trusts Except Educational Religious and Charitable
NXPI,NXP Semiconductors N.V. Common Stock,$242.38,1.22,0.506%,61212737424.00,Netherlands,2010,1167567,Technology,Semiconductors
NXPL,NextPlat Corp Common Stock,$6.40,0.17,2.729%,17296781.00,United States,,11748,Telecommunications,Telecommunications Equipment
NXPLW,NextPlat Corp Warrants,$0.0083,-0.0028,-25.225%,22432.00,United States,,160,Telecommunications,Telecommunications Equipment
NXRT,NexPoint Residential Trust Inc. Common Stock,$26.18,0.18,0.692%,665266577.00,United States,2015,20598,Real Estate,Real Estate Investment Trusts
NXST,Nexstar Media Group Inc. Common Stock,$203.91,-0.91,-0.444%,6184181868.00,United States,2003,41397,Industrials,Broadcasting
NXT,Nextpower Inc. Class A Common Stock,$120.15,-4.21,-3.385%,17839372536.00,United States,2023,639392,Industrials,Industrial Machinery/Components
NXTC,NextCure Inc. Common Stock,$9.94,-2.46,-19.839%,35390475.00,United States,2019,45087,Health Care,Biotechnology: Pharmaceutical Preparations
NXTS,Nexentis Technologies Inc. Common Stock,$4.8731,-0.1369,-2.733%,3559600.00,Israel,,2259,Industrials,Agricultural Chemicals
NXTT,Next Technology Holding Inc. Ordinary Shares,$1.71,-0.01,-0.581%,130412080.00,China,,32048,Technology,EDP Services
NXXT,NextNRG Inc. Common Stock,$0.4535,0.0756,20.005%,71043030.00,United States,2021,2936647,Consumer Discretionary,Retail-Auto Dealers and Gas Stations
NYAX,Nayax Ltd. Ordinary Shares,$66.30,0.06,0.091%,2476914629.00,Israel,,4824,Technology,Computer Software: Prepackaged Software
NYC,American Strategic Investment Co. Class A Common Stock,$8.49,-0.01,-0.118%,22863069.00,,2020,1199,Real Estate,Real Estate Investment Trusts
NYT,New York Times Company (The) Common Stock,$80.81,0.38,0.472%,13084508891.00,United States,,386773,Consumer Discretionary,Newspapers/Magazines
NYXH,Nyxoah SA Ordinary Shares,$3.005,-0.055,-1.797%,131205521.00,Belgium,2021,19047,Health Care,Medical/Dental Instruments
NZF,Nuveen Municipal Credit Income Fund ,$12.6028,-0.0072,-0.057%,0.00,United States,2007,180577,Finance,Finance Companies
O,Realty Income Corporation Common Stock,$63.455,-0.625,-0.975%,59168654980.00,United States,,1351341,Real Estate,Real Estate Investment Trusts
OABI,OmniAb Inc. Common Stock,$1.47,-0.09,-5.769%,212830491.00,United States,2021,263654,Health Care,Biotechnology: Commercial Physical & Biological Resarch
OABIW,OmniAb Inc. Warrant,$0.08,0.00,0.00%,11582612.00,United States,2021,40,Health Care,Biotechnology: Commercial Physical & Biological Resarch
OACC,Oaktree Acquisition Corp. III Life Sciences Class A Ordinary Share,$10.68,0.00,0.00%,0.00,United States,2024,1,Finance,Blank Checks
OACCW,Oaktree Acquisition Corp. III Life Sciences Warrant,$0.88,0.00,0.00%,0.00,United States,2024,2500,Finance,Blank Checks
OAK^A,Brookfield Oaktree Holdings LLC 6.625% Series A Preferred Units,$20.8794,-0.0807,-0.385%,,United States,,2704,,
OAK^B,Brookfield Oaktree Holdings LLC 6.550% Series B Preferred Units,$20.97,0.21,1.012%,,United States,,2391,,
OBA,Oxley Bridge Acquisition Limited Class A Ordinary Shares,$10.17,0.00,0.00%,0.00,Hong Kong,2025,6,Finance,Blank Checks
OBAI,Our Bond Inc. Common Stock,$0.494,-0.007,-1.397%,10212553.00,United States,,1059451,Consumer Discretionary,Telecommunications Equipment
OBAWU,Oxley Bridge Acquisition Limited Unit,$10.20,0.00,0.00%,0.00,Hong Kong,2025,2,,
OBDC,Blue Owl Capital Corporation Common Stock,$11.3394,-0.0106,-0.093%,5632908081.00,United States,2019,1227991,Finance,Diversified Financial Services
OBE,Obsidian Energy Ltd. Common Shares,$13.355,0.585,4.581%,902420548.00,Canada,2022,1050098,Energy,Oil & Gas Production
OBIO,Orchestra BioMed Holdings Inc. Ordinary Shares,$4.21,0.06,1.446%,246372993.00,United States,2020,144159,Health Care, Medicinal Chemicals and Botanical Products 
OBK,Origin Bancorp Inc. Common Stock,$46.32,-0.24,-0.515%,1435053723.00,United States,,75373,Finance,Major Banks
OBT,Orange County Bancorp Inc. Common Stock,$35.57,-0.07,-0.196%,476911533.00,United States,,18814,Finance,Major Banks
OBTC,Osprey Bitcoin Trust Common Units of Beneficial Interest,$25.04,0.0175,0.07%,73630996.00,United States,,664,Finance,Investment Bankers/Brokers/Service
OC,Owens Corning Inc Common Stock New,$126.665,1.005,0.80%,10181733595.00,United States,,321230,Industrials,Industrial Machinery/Components
OCC,Optical Cable Corporation Common Stock,$12.65,-0.23,-1.786%,111719715.00,United States,,288671,Industrials,Telecommunications Equipment
OCCI,OFS Credit Company Inc. Common Stock,$2.925,0.015,0.515%,33978292.00,United States,2018,54089,Finance,Trusts Except Educational Religious and Charitable
OCCIM,OFS Credit Company Inc. 7.875% Series F Term Preferred Stock,$25.01,-0.115,-0.458%,0.00,United States,,2483,,
OCCIN,OFS Credit Company Inc. 5.25% Series E Term Preferred Stock Due 2026,$24.7301,0.00,0.00%,287277454.00,United States,,25,Finance,Trusts Except Educational Religious and Charitable
OCCIO,OFS Credit Company Inc. 6.125% Series C Term Preferred Stock,$24.9899,0.0198,0.079%,290295423.00,United States,,1903,Finance,Trusts Except Educational Religious and Charitable
OCFC,OceanFirst Financial Corp. Common Stock,$19.13,0.07,0.367%,1098100566.00,United States,,504393,Finance,Major Banks
OCG,Oriental Culture Holding LTD Ordinary Shares,$0.5863,-0.0291,-4.729%,1019100.00,China,2020,172006,Consumer Discretionary,Other Consumer Services
OCGN,Ocugen Inc. Common Stock,$1.645,-0.025,-1.497%,556859103.00,United States,2014,3749685,Health Care,Biotechnology: Biological Products (No Diagnostic Substances)
OCS,Oculis Holding AG Ordinary shares,$26.865,0.095,0.355%,1557751927.00,Switzerland,,68102,Health Care,Biotechnology: Pharmaceutical Preparations
OCSAW,Oculis Holding AG Warrants,$15.3005,0.1805,1.194%,887190894.00,Switzerland,,504,Health Care,Biotechnology: Pharmaceutical Preparations
OCSL,Oaktree Specialty Lending Corporation Common Stock,$12.485,-0.005,-0.04%,1099747755.00,United States,,274308,Finance,Finance: Consumer Services
OCUL,Ocular Therapeutix Inc. Common Stock,$9.365,-0.225,-2.346%,2038683510.00,United States,2014,1005872,Health Care,Biotechnology: Pharmaceutical Preparations
ODC,Oil-Dri Corporation Of America Common Stock,$72.97,1.41,1.97%,1056606111.00,United States,,15250,Consumer Discretionary,Miscellaneous manufacturing industries
ODD,ODDITY Tech Ltd. Class A Ordinary Shares,$15.89,0.40,2.582%,900274725.00,Israel,2023,512390,Consumer Discretionary,Package Goods/Cosmetics
ODFL,Old Dominion Freight Line Inc. Common Stock,$222.61,-0.17,-0.076%,46367909501.00,United States,1991,575116,Industrials,Trucking Freight/Courier Services
ODV,Osisko Development Corp. Common Shares,$3.275,-0.095,-2.819%,997554373.00,Canada,2022,1105275,Basic Materials,Precious Metals
ODVWZ,Osisko Development Corp. Warrant expiring 5/27/2027,$0.1799,0.00,0.00%,54796956.00,Canada,,2,Basic Materials,Precious Metals
ODYS,Odysight.ai Inc. Common Stock,$4.90,0.12,2.51%,80161109.00,Israel,,2107,Technology,Electronic Components
OEC,Orion S.A. Common Shares,$7.53,0.19,2.589%,423740969.00,Luxembourg,2014,104523,Industrials,Major Chemicals
OESX,Orion Energy Systems Inc. Common Stock,$9.35,0.09,0.972%,37894269.00,United States,2015,9253,Consumer Discretionary,Building Products
OFAL,OFA Group Class A Ordinary Shares,$0.7199,0.0411,6.055%,10436491.00,Hong Kong,2025,63775,Consumer Discretionary,Military/Government/Technical
OFG,OFG Bancorp Common Stock,$45.55,-0.55,-1.193%,1970363957.00,Puerto Rico,,67187,Finance,Major Banks
OFIX,Orthofix Medical Inc. Common Stock (DE),$12.30,0.15,1.235%,493776083.00,Curacao,1992,50194,Health Care,Medical/Dental Instruments
OFLX,Omega Flex Inc. Common Stock,$34.385,0.485,1.431%,347093262.00,United States,,9439,Industrials,Industrial Specialties
OFRM,Once Upon a Farm PBC Common Stock,$15.1127,0.4327,2.948%,632940913.00,,2026,118287,Consumer Staples,Packaged Foods
OFS,OFS Capital Corporation Common Stock,$3.74,-0.05,-1.319%,50108812.00,United States,,7850,Finance,Finance/Investors Services
OFSSH,OFS Capital Corporation 4.95% Notes due 2028,$23.40,0.00,0.00%,313515025.00,United States,,1,Finance,Finance Companies
OFSSO,OFS Capital Corporation 7.50% Notes due 2028,$25.45,0.00,0.00%,0.00,United States,,1,,
OGC,OceanaGold Corporation Common Shares,$32.64,0.12,0.369%,7347975585.00,,2026,24193,,
OGE,OGE Energy Corp Common Stock,$47.26,-0.27,-0.568%,9753207309.00,United States,,297261,Utilities,Electric Utilities: Central
OGEN,Oragenics Inc. Common Stock,$0.6427,0.0117,1.854%,2786766.00,United States,,30115,Health Care,Biotechnology: Pharmaceutical Preparations
OGI,Organigram Global Inc. Common Shares,$1.44,0.005,0.348%,196325771.00,Canada,,561825,Health Care,Biotechnology: Pharmaceutical Preparations
OGN,Organon & Co. Common Stock ,$11.0264,2.4264,28.214%,2870344483.00,United States,2021,16862751,Health Care,Biotechnology: Pharmaceutical Preparations
OGS,ONE Gas Inc. Common Stock,$88.42,-0.34,-0.383%,5549415156.00,United States,2014,86551,Utilities,Oil/Gas Transmission
OHI,Omega Healthcare Investors Inc. Common Stock,$46.47,0.12,0.259%,13838758332.00,United States,1992,639990,Real Estate,Real Estate Investment Trusts
OI,O-I Glass Inc. Common Stock,$10.71,0.03,0.281%,1641676577.00,United States,,381348,Consumer Discretionary,Containers/Packaging
OIA,Invesco Municipal Income Opportunities Trust Common Stock,$6.11,0.00,0.00%,290870149.00,United States,,78291,Finance,Finance Companies
OII,Oceaneering International Inc. Common Stock,$38.035,0.025,0.066%,3780441015.00,United States,,528784,Energy,Oilfield Services/Equipment
OIM,OneIM Acquisition Corp. Class A Ordinary Shares,$10.03,0.00,0.00%,0.00,United States,2026,10000,,
OIMAU,OneIM Acquisition Corp. Units,$10.13,0.00,0.00%,0.00,United States,2026,239,Finance,Blank Checks
OIMAW,OneIM Acquisition Corp. Warrant,$0.60,0.00,0.00%,0.00,United States,2026,2115,,
OIO,OIO Group Ordinary Shares,$3.71,-3.34,-47.376%,155138250.00,Singapore,,118063,Utilities,Environmental Services
OIOWW,OIO Group Warrants,$0.0554,0.0024,4.528%,2316620.00,Singapore,,700,Utilities,Environmental Services
OIS,Oil States International Inc. Common Stock,$10.965,0.065,0.596%,660090884.00,United States,2001,117696,Consumer Discretionary,Oil and Gas Field Machinery
OKE,ONEOK Inc. Common Stock,$86.915,-0.295,-0.338%,54759111685.00,United States,,1268621,Utilities,Oil & Gas Production
OKLO,Oklo Inc. Class A common stock,$72.84,-3.62,-4.735%,12668321000.00,United States,2021,14371070,Utilities,Electric Utilities: Central
OKTA,Okta Inc. Class A Common Stock,$73.96,-2.08,-2.735%,13082631451.00,United States,2017,1119127,Technology,Computer Software: Prepackaged Software
OKUR,OnKure Therapeutics Inc. Class A Common Stock,$4.84,-0.06,-1.224%,195514123.00,United States,2021,35693,Health Care,Biotechnology: Pharmaceutical Preparations
OKYO,OKYO Pharma Limited Ordinary Shares,$1.6359,0.0459,2.887%,55358856.00,Guernsey,2022,18303,Health Care,Biotechnology: Biological Products (No Diagnostic Substances)
OLB,The OLB Group Inc. Common Stock,$0.4852,0.0069,1.443%,6067789.00,United States,,81773,Real Estate,Real Estate
OLED,Universal Display Corporation Common Stock,$98.44,0.66,0.675%,4636355077.00,United States,,213463,Technology,Electrical Products
OLLI,Ollie's Bargain Outlet Holdings Inc. Common Stock,$89.48,1.23,1.394%,5454361939.00,United States,2015,488681,Consumer Discretionary,Department/Specialty Retail Stores
OLMA,Olema Pharmaceuticals Inc. Common Stock,$15.45,0.10,0.651%,1346575047.00,United States,2020,283931,Health Care,Biotechnology: Pharmaceutical Preparations
OLN,Olin Corporation Common Stock,$26.76,0.54,2.059%,3046814310.00,United States,,420448,Industrials,Major Chemicals
OLOX,Olenox Industries Inc. Common Stock,$0.6142,0.0142,2.367%,3796838.00,United States,2017,105967,Consumer Discretionary,RETAIL: Building Materials
OLP,One Liberty Properties Inc. Common Stock,$23.10,0.10,0.435%,503883234.00,United States,1986,10305,Real Estate,Real Estate Investment Trusts
OLPX,Olaplex Holdings Inc. Common Stock,$2.04,0.01,0.493%,1365581388.00,United States,2021,1067341,Consumer Discretionary,Package Goods/Cosmetics
OM,Outset Medical Inc. Common Stock,$4.55,-0.02,-0.438%,83317898.00,United States,2020,46517,Health Care,Biotechnology: Electromedical & Electrotherapeutic Apparatus
OMAB,Grupo Aeroportuario del Centro Norte S.A.B. de C.V. ADS,$116.41,2.28,1.998%,5619247831.00,Mexico,2006,13615,Consumer Discretionary,Aerospace
OMC,Omnicom Group Inc. Common Stock,$75.51,-1.31,-1.705%,21519517578.00,United States,,1149121,Consumer Discretionary,Advertising
OMCL,Omnicell Inc. Common Stock ($0.001 par value),$36.03,-0.34,-0.935%,1638547083.00,United States,2001,104328,Technology,Computer Manufacturing
OMDA,Omada Health Inc. Common Stock,$14.10,-0.12,-0.844%,830848690.00,United States,2025,216927,Health Care,Medical/Nursing Services
OMER,Omeros Corporation Common Stock,$13.56,0.04,0.296%,976268079.00,United States,2009,927490,Health Care,Biotechnology: Pharmaceutical Preparations
OMEX,Odyssey Marine Exploration Inc. Common Stock,$0.9087,-0.0168,-1.815%,53175905.00,United States,,1023029,Consumer Discretionary,Marine Transportation
OMF,OneMain Holdings Inc. Common Stock,$59.55,0.55,0.932%,6976405411.00,United States,2013,254557,Finance,Finance: Consumer Services
OMH,Ohmyhome Limited Class A Ordinary Shares,$0.9199,-0.1201,-11.548%,21700724.00,Singapore,2023,34847,Finance,Real Estate
OMSE,OMS Energy Technologies Inc. Ordinary Shares,$4.62,-0.06,-1.282%,196113012.00,Singapore,2025,2132,Consumer Discretionary,Oil and Gas Field Machinery
ON,ON Semiconductor Corporation Common Stock,$98.90,1.12,1.145%,38900071750.00,United States,,6860355,Technology,Semiconductors
ONB,Old National Bancorp Common Stock,$23.585,-0.405,-1.688%,9111243662.00,United States,,795760,Finance,Major Banks
ONBPO,Old National Bancorp Depositary Shares Each Representing a 1/40th Interest in a Share of Series C Preferred Stock,$25.13,0.04,0.159%,9708100624.00,United States,,8094,Finance,Major Banks
ONBPP,Old National Bancorp Depositary Shares Each Representing a 1/40th Interest in a Share of Series A Preferred Stock,$25.18,0.00,0.00%,9727416383.00,United States,,18,Finance,Major Banks
ONC,BeOne Medicines Ltd. American Depositary Shares,$299.89,0.08,0.027%,35558167223.00,Cayman Islands,2016,59190,Health Care,Biotechnology: Pharmaceutical Preparations
ONCH,1RT Acquisition Corp. Class A Ordinary Share,$10.18,0.00,0.00%,0.00,United States,2025,5601,,
ONCHU,1RT Acquisition Corp. Units,$10.27,0.00,0.00%,0.00,United States,2025,2500,,
ONCO,Onconetix Inc. Common Stock,$0.636,-0.0304,-4.562%,440702.00,United States,2022,777273,Health Care,Biotechnology: Pharmaceutical Preparations
ONCY,Oncolytics Biotech Inc. Common Stock,$1.019,-0.071,-6.514%,110073675.00,Canada,,658699,Health Care,Biotechnology: Pharmaceutical Preparations
ONDS,Ondas Inc. Common Stock,$10.545,0.005,0.047%,5081460348.00,United States,,30766642,Technology,Radio And Television Broadcasting And Communications Equipment
ONEG,OneConstruction Group Limited Ordinary Shares,$5.35,0.13,2.49%,85600000.00,Hong Kong,2024,1324232,Consumer Discretionary,Homebuilding
ONEW,OneWater Marine Inc. Class A Common Stock,$11.19,0.19,1.727%,185904438.00,United States,2020,12396,Consumer Discretionary,Auto & Home Supply Stores
ONFO,Onfolio Holdings Inc. Common Stock,$1.31,-0.05,-3.676%,7680810.00,United States,2022,356000,Technology,EDP Services
ONFOW,Onfolio Holdings Inc. Warrant,$0.1259,0.00,0.00%,738179.00,United States,2022,2,Technology,EDP Services
ONIT,Onity Group Inc. Common Stock,$46.64,-0.01,-0.021%,396687658.00,United States,,16348,Finance,Finance: Consumer Services
ONL,Orion Properties Inc. Common Stock,$2.475,-0.025,-1.00%,140654418.00,United States,2021,42425,Real Estate,Real Estate Investment Trusts
ONMD,OneMedNet Corp Class A Common Stock,$1.22,0.3313,37.279%,63680009.00,United Kingdom,2021,9822557,Health Care,Biotechnology: Commercial Physical & Biological Resarch
ONMDW,OneMedNet Corp Warrant,$0.0478,0.0082,20.707%,2495004.00,United Kingdom,2021,21685,Health Care,Biotechnology: Commercial Physical & Biological Resarch
ONON,On Holding AG Class A Ordinary Shares,$35.725,-0.495,-1.367%,22796659554.00,,2021,2000684,Consumer Discretionary,Shoe Manufacturing
ONTO,Onto Innovation Inc. Common Stock,$314.00,21.69,7.42%,15619480038.00,United States,,387572,Industrials,Industrial Machinery/Components
OOMA,Ooma Inc. Common Stock,$16.045,0.145,0.912%,441394869.00,United States,2015,89891,Technology,EDP Services
OPAD,Offerpad Solutions Inc. Class A Common Stock,$0.8059,-0.0101,-1.238%,38108430.00,United States,2020,217743,Finance,Real Estate
OPAL,OPAL Fuels Inc. Class A Common Stock,$2.40,-0.06,-2.439%,416160377.00,United States,2021,23134,Utilities,Natural Gas Distribution
OPBK,OP Bancorp Common Stock,$14.47,0.36,2.551%,215519638.00,United States,2018,16055,Finance,Major Banks
OPCH,Option Care Health Inc. Common Stock,$28.465,-0.075,-0.263%,4468595389.00,United States,,417028,Health Care,Medical/Nursing Services
OPEN,Opendoor Technologies Inc Common Stock,$5.475,0.255,4.885%,5246832008.00,United States,,18279706,Finance,Real Estate
OPENL,Opendoor Technologies Inc  Series A Warrants each whole warrant exercisable to purchase one share of Common Stock at an exercise price of $13.00 per warrant,$0.432,0.0189,4.575%,413996608.00,United States,,54364,Finance,Real Estate
OPENW,Opendoor Technologies Inc  Series K Warrants each whole warrant exercisable to purchase one share of Common Stock at an exercise price of $9.00 per warrant,$0.80,0.0402,5.291%,766660385.00,United States,,87158,Finance,Real Estate
OPENZ,Opendoor Technologies Inc  Series Z Warrants each whole warrant exercisable to purchase one share of Common Stock at an exercise price of $17.00 per warrant,$0.385,0.021,5.769%,368955310.00,United States,,95467,Finance,Real Estate
OPFI,OppFi Inc. Class A Common Stock,$8.68,0.11,1.284%,738883707.00,United States,2020,114637,Finance,Finance: Consumer Services
OPHC,OptimumBank Holdings Inc. Common Stock,$5.50,0.07,1.289%,66915404.00,United States,,13046,Finance,Major Banks
OPK,OPKO Health Inc. Common Stock,$1.23,0.01,0.82%,933652725.00,United States,,973525,Health Care,Biotechnology: Pharmaceutical Preparations
OPLN,OPENLANE Inc. Common Stock,$31.62,-0.04,-0.126%,3361118381.00,United States,,74231,Consumer Discretionary,Retail-Auto Dealers and Gas Stations
OPP,RiverNorth/DoubleLine Strategic Opportunity Fund Inc. Common Stock,$7.78,-0.05,-0.639%,0.00,United States,2016,42310,Finance,Finance/Investors Services
OPP^A,RiverNorth/DoubleLine Strategic Opportunity Fund Inc. 4.375% Series A Cumulative Preferred Stock,$16.81,0.00,0.00%,,United States,,32,,
OPP^B,RiverNorth/DoubleLine Strategic Opportunity Fund Inc. 4.75% Series B Cumulative Preferred Stock,$18.5321,0.0371,0.201%,,United States,,455,,
OPP^C,RiverNorth/DoubleLine Strategic Opportunity Fund Inc. 6.00% Series C Term Preferred Stock (Liquidation Preference $10.00 per share),$10.33,0.03,0.291%,,United States,,1051,,
OPRA,Opera Limited American Depositary Shares,$17.07,0.51,3.08%,1534260357.00,Norway,2018,119832,Technology,Computer Software: Prepackaged Software
OPRT,Oportun Financial Corporation Common Stock,$5.74,0.00,0.00%,255431538.00,United States,2019,150469,Finance,Finance: Consumer Services
OPRX,OptimizeRx Corporation Common Stock,$6.495,0.085,1.326%,121860508.00,United States,,124547,Real Estate,Real Estate
OPTT,Ocean Power Technologies Inc. Common Stock,$0.3627,0.0007,0.193%,32199137.00,United States,2007,1458846,Utilities,Electric Utilities: Central
OPTU,Optimum Communications Inc. Class A common stock,$1.535,-0.135,-8.084%,722156405.00,United States,2017,674108,Telecommunications,Cable & Other Pay Television Services
OPTX,Syntec Optics Holdings Inc. Class A Common Stock,$10.04,-0.28,-2.713%,371421407.00,United States,2022,676287,Technology,Electronic Components
OPTXW,Syntec Optics Holdings Inc. Warrant,$1.78,-0.02,-1.111%,65849612.00,United States,2022,48004,Technology,Electronic Components
OPXS,Optex Systems Holdings Inc. Common Stock,$10.445,-0.08,-0.76%,72460704.00,United States,,15794,Technology,Electronic Components
OPY,Oppenheimer Holdings Inc. Class A Common Stock (DE),$106.23,-6.28,-5.582%,1137431699.00,United States,,35627,Finance,Investment Bankers/Brokers/Service
OR,OR Royalties Inc. Common Shares,$40.56,0.52,1.299%,7590894652.00,Canada,2016,434045,Basic Materials,Precious Metals
ORA,Ormat Technologies Inc. Common Stock,$113.40,-0.20,-0.176%,6968833137.00,United States,2004,138251,Utilities,Electric Utilities: Central
ORBS,Eightco Holdings Inc. Common Stock,$0.8962,-0.031,-3.343%,336769810.00,United States,,7620586,,
ORC,Orchid Island Capital Inc. Common Stock,$7.0501,0.2101,3.072%,1344407483.00,United States,2013,3687603,Real Estate,Real Estate Investment Trusts
ORCL,Oracle Corporation Common Stock,$171.04,-5.24,-2.973%,491918907840.00,United States,1986,19117017,Technology,Computer Software: Prepackaged Software
ORCL^D,Oracle Corporation Depositary Shares each representing a 1/2000th interest in a sh of 6.50% Series D Mandatory Convertible Preferred Stock,$51.45,-1.32,-2.501%,,United States,,190576,,
ORGN,Origin Materials Inc. Common Stock,$2.2894,-0.0706,-2.992%,12420080.00,United States,2020,16558,Industrials,Major Chemicals
ORGNW,Origin Materials Inc. Warrants,$0.0015,-0.0006,-28.571%,8138.00,United States,2020,219325,Industrials,Major Chemicals
ORGO,Organogenesis Holdings Inc. Class A Common Stock,$2.39,0.06,2.575%,307451204.00,United States,2016,338960,Health Care,Biotechnology: Pharmaceutical Preparations
ORI,Old Republic International Corporation Common Stock,$40.58,0.68,1.704%,9883538596.00,United States,,707822,Finance,Property-Casualty Insurers
ORIC,Oric Pharmaceuticals Inc. Common Stock,$10.38,-0.05,-0.479%,1041718552.00,United States,2020,368128,Health Care,Biotechnology: Pharmaceutical Preparations
ORIO,Orion Digital Corp. Common Shares,$1.045,-0.015,-1.415%,25021010.00,Canada,,5463,Finance,Finance: Consumer Services
ORIQ,Origin Investment Corp I Ordinary Shares,$10.24,0.04,0.392%,0.00,Singapore,2025,17925,,
ORIQW,Origin Investment Corp I Warrant.,$0.24,0.0332,16.054%,0.00,Singapore,2025,1007,Finance,Blank Checks
ORIS,Oriental Rise Holdings Limited Ordinary Shares,$0.4121,-0.0169,-3.939%,2083913.00,China,2024,120674,Consumer Staples,Farming/Seeds/Milling
ORKA,Oruka Therapeutics Inc. Common Stock,$67.4925,-0.2475,-0.365%,3343760072.00,United States,,412627,Health Care,Biotechnology: In Vitro & In Vivo Diagnostic Substances
ORKT,Orangekloud Technology Inc. Class A Ordinary Shares,$1.09,0.025,2.347%,6365328.00,Singapore,2024,22447,Technology,Computer Software: Prepackaged Software
ORLA,Orla Mining Ltd. Common Shares,$14.48,0.17,1.188%,5003908595.00,,2020,782620,Basic Materials,Precious Metals
ORLY,O'Reilly Automotive Inc. Common Stock,$93.47,0.23,0.247%,78206299648.00,United States,1993,1479635,Consumer Discretionary,Auto & Home Supply Stores
ORMP,Oramed Pharmaceuticals Inc. Common Stock,$3.855,0.015,0.391%,155920020.00,Israel,,16507,Health Care,Biotechnology: Pharmaceutical Preparations
ORN,Orion Group Holdings Inc. Common,$12.57,0.05,0.399%,505321731.00,United States,,125835,Industrials,Military/Government/Technical
ORRF,Orrstown Financial Services Inc. Common Stock,$36.67,0.02,0.055%,719457993.00,United States,,33229,Finance,Major Banks
OSBC,Old Second Bancorp Inc. Common Stock,$19.98,0.13,0.655%,1034553851.00,United States,,144059,Finance,Major Banks
OSCR,Oscar Health Inc. Class A Common Stock,$16.62,0.19,1.156%,5004641391.00,United States,2021,1349746,Health Care,Medical Specialities
OSG,Octave Specialty Group Inc. Common Stock,$4.60,0.01,0.218%,207062523.00,United States,,85785,Finance,Property-Casualty Insurers
OSIS,OSI Systems Inc. Common Stock (DE),$290.35,4.00,1.397%,4782804602.00,United States,1997,193484,Technology,Semiconductors
OSK,Oshkosh Corporation (Holding Company)Common Stock,$151.20,-1.88,-1.228%,9472556167.00,United States,,111901,Industrials,Auto Manufacturing
OSPN,OneSpan Inc. Common Stock,$11.33,0.15,1.342%,424500510.00,United States,,96433,Technology,EDP Services
OSRH,OSR Holdings Inc. Common Stock,$0.6509,0.0557,9.358%,21560903.00,United States,2023,896411,Health Care,Medical/Dental Instruments
OSRHW,OSR Holdings Inc. Warrant,$0.05,-0.004,-7.407%,1656238.00,United States,2023,18963,Health Care,Medical/Dental Instruments
OSS,One Stop Systems Inc. Common Stock,$9.85,0.07,0.716%,243974817.00,United States,2018,706086,Technology,Computer Manufacturing
OSTX,OS Therapies Incorporated Common Stock,$1.675,0.225,15.517%,66218155.00,,2024,1224249,Health Care,Biotechnology: Pharmaceutical Preparations
OSUR,OraSure Technologies Inc. Common Stock,$2.965,-0.085,-2.787%,213378040.00,United States,,161585,Health Care,Medical/Dental Instruments
OSW,OneSpaWorld Holdings Limited Common Shares,$23.88,0.41,1.747%,2422656519.00,Bahamas,,291506,Consumer Discretionary,Hotels/Resorts
OTEX,Open Text Corporation Common Shares,$22.11,-0.18,-0.808%,5540827399.00,Canada,1996,466829,Technology,EDP Services
OTF,Blue Owl Technology Finance Corp. Common Stock,$11.16,0.06,0.541%,5152836414.00,United States,2025,480653,,
OTGA,OTG Acquisition Corp. I Class A Ordinary Share ,$10.09,0.00,0.00%,0.00,United States,2025,27604,Finance,Blank Checks
OTGAU,OTG Acquisition Corp. I Unit,$10.24,0.00,0.00%,0.00,United States,2025,140,Finance,Blank Checks
OTGAW,OTG Acquisition Corp. I Warrants,$0.30,0.00,0.00%,0.00,United States,2025,57775,Finance,Blank Checks
OTH,Off The Hook YS Inc. Common Stock,$2.955,-0.035,-1.171%,71865600.00,,2025,8138,Industrials,Marine Transportation
OTIS,Otis Worldwide Corporation Common Stock ,$78.27,-1.22,-1.535%,30189569445.00,United States,2020,1149876,Technology,Consumer Electronics/Appliances
OTLK,Outlook Therapeutics Inc. Common Stock,$0.3054,0.0185,6.448%,25841182.00,United States,2016,2101771,Health Care,Biotechnology: Biological Products (No Diagnostic Substances)
OTLY,Oatly Group AB American Depositary Shares,$12.85,0.15,1.181%,401241250.00,Sweden,2021,15809,Consumer Staples,Packaged Foods
OTTR,Otter Tail Corporation Common Stock,$88.015,-0.535,-0.604%,3692539503.00,United States,,51735,Utilities,Electric Utilities: Central
OUST,Ouster Inc. Common Stock,$28.49,2.08,7.876%,1808006483.00,United States,,1906653,Industrials,Industrial Machinery/Components
OUT,OUTFRONT Media Inc. Common Stock,$29.73,-0.13,-0.435%,5234010530.00,United States,2014,178099,Real Estate,Real Estate Investment Trusts
OVBC,Ohio Valley Banc Corp. Common Stock,$45.96,-0.05,-0.109%,216517606.00,United States,,3018,Finance,Major Banks
OVID,Ovid Therapeutics Inc. Common Stock,$2.615,-0.065,-2.425%,452492098.00,United States,2017,570038,Health Care,Biotechnology: Pharmaceutical Preparations
OVLY,Oak Valley Bancorp (CA) Common Stock,$34.11,0.12,0.353%,286983052.00,United States,,13153,Finance,Major Banks
OVV,Ovintiv Inc. (DE),$55.89,-0.69,-1.22%,15835619027.00,Canada,,914517,Energy,Oil & Gas Production
OWL,Blue Owl Capital Inc. Class A Common Stock,$9.31,-0.11,-1.168%,14514758377.00,United States,2020,6958807,Finance,Investment Managers
OWLS,OBOOK Holdings Inc. Class A Common Shares,$5.7275,-0.1325,-2.261%,506183111.00,Taiwan,,40442,Technology,Computer Software: Prepackaged Software
OWLT,Owlet Inc. Class A Common Stock,$5.245,-0.005,-0.095%,147701655.00,United States,2020,87389,Industrials,Industrial Machinery/Components
OXBR,Oxbridge Re Holdings Limited Ordinary Shares,$0.88,0.0199,2.314%,6865209.00,Cayman Islands,2014,8208,Finance,Property-Casualty Insurers
OXLC,Oxford Lane Capital Corp. Common Stock,$10.025,0.125,1.263%,1740340000.00,United States,2011,237573,Finance,Investment Managers
OXLCG,Oxford Lane Capital Corp. 7.95% Notes due 2032,$25.10,-0.0499,-0.198%,0.00,United States,,2064,Finance,Investment Managers
OXLCI,Oxford Lane Capital Corp. 8.75% Notes due 2030,$25.68,0.0201,0.078%,0.00,United States,,3957,,
OXLCL,Oxford Lane Capital Corp. 6.75% Notes due 2031,$24.20,0.10,0.415%,4201120000.00,United States,,916,Finance,Finance Companies
OXLCM,Oxford Lane Capital Corp. Preferred Stock Shares 8.25% Series 2031,$24.95,0.04,0.161%,4331320000.00,United States,,2676,Finance,Investment Managers
OXLCN,Oxford Lane Capital Corp. 7.125% Series 2029 Term Preferred Stock,$24.5599,-0.0801,-0.325%,4263598640.00,United States,,342,Finance,Investment Managers
OXLCO,Oxford Lane Capital Corp. Preferred Stock Shares 6.00% Series 2029,$23.61,0.01,0.042%,4098696000.00,United States,,842,Finance,Investment Managers
OXLCP,Oxford Lane Capital Corp. 6.25% Series 2027 Term Preferred Shares,$24.8901,-0.0099,-0.04%,4320921360.00,United States,,1994,Finance,Investment Managers
OXLCZ,Oxford Lane Capital Corp. 5.00% Notes due 2027,$24.675,-0.045,-0.182%,4283580000.00,United States,,5679,Finance,Finance Companies
OXM,Oxford Industries Inc. Common Stock,$45.595,0.055,0.121%,678793465.00,United States,,54942,Industrials,Garments and Clothing
OXSQ,Oxford Square Capital Corp. Common Stock,$1.89,-0.01,-0.526%,165395274.00,United States,2003,491641,Finance,Blank Checks
OXSQG,Oxford Square Capital Corp. 5.50% Notes due 2028,$24.05,0.05,0.208%,1533376533.00,United States,,2656,Consumer Discretionary,Other Consumer Services
OXSQH,Oxford Square Capital Corp. 7.75% Notes due 2030,$24.92,0.00,0.00%,0.00,United States,,1,Finance,Blank Checks
OXY,Occidental Petroleum Corporation Common Stock,$56.69,-1.14,-1.971%,56219199811.00,United States,,3527230,Energy,Oil & Gas Production
OYSE,Oyster Enterprises II Acquisition Corp Class A Ordinary Shares,$10.23,0.00,0.00%,0.00,United States,2025,25002,Finance,Blank Checks
OYSER,Oyster Enterprises II Acquisition Corp Rights,$0.15,0.00,0.00%,0.00,United States,2025,3,Finance,Blank Checks
OZ,Belpointe PREP LLC Class A Units,$50.30,0.30,0.60%,201008055.00,,,3367,Real Estate,Real Estate Investment Trusts
OZK,Bank OZK Common Stock,$47.92,-0.59,-1.216%,5421483445.00,United States,,298122,Finance,Major Banks
OZKAP,Bank OZK 4.625% Series A Non-Cumulative Perpetual Preferred Stock,$16.625,-0.035,-0.21%,1880888195.00,United States,,6671,Finance,Major Banks
P,Everpure Inc. Class A common stock,$70.6839,0.7039,1.006%,23358267330.00,United States,2015,695620,Technology,Electronic Components
PAA,Plains All American Pipeline L.P. Common Units representing Limited Partner Interests,$21.36,-0.11,-0.512%,16317835104.00,United States,1998,1019558,Energy,Natural Gas Distribution
PAAC,Proem Acquisition Corp I Ordinary Shares,$9.86,0.02,0.203%,142644620.00,United States,2026,25014,,
PAACU,Proem Acquisition Corp I Units,$10.02,0.00,0.00%,0.00,United States,2026,106,Finance,Blank Checks
PAAS,Pan American Silver Corp. Common Stock,$56.03,0.91,1.651%,23638143431.00,Canada,,2300234,Basic Materials,Precious Metals
PAC,Grupo Aeroportuario Del Pacifico S.A. B. de C.V. Grupo Aeroportuario Del Pacifico S.A. de C.V. (each representing 10 Series B shares),$266.00,3.95,1.507%,13440380436.00,Mexico,2006,20824,Consumer Discretionary,Aerospace
PACB,Pacific Biosciences of California Inc. Common Stock,$1.595,0.025,1.592%,481687276.00,United States,2010,2841258,Industrials,Biotechnology: Laboratory Analytical Instruments
PACH,Pioneer Acquisition I Corp Class A Ordinary Shares,$10.18,0.00,0.00%,0.00,United States,2025,16,,
PACHW,Pioneer Acquisition I Corp Warrants,$0.2199,0.00,0.00%,0.00,United States,2025,10,,
PACK,Ranpak Holdings Corp Class A Common Stock,$4.015,0.015,0.375%,343400292.00,United States,2018,119256,Consumer Discretionary,Containers/Packaging
PACS,PACS Group Inc. Common Stock,$34.675,-0.375,-1.07%,5449697381.00,United States,2024,317647,Health Care,Hospital/Nursing Management
PAG,Penske Automotive Group Inc. Common Stock,$160.7075,0.7075,0.442%,10566398398.00,United States,,40404,Consumer Discretionary,Retail-Auto Dealers and Gas Stations
PAGP,Plains GP Holdings L.P. Class A Units representing Limited Partner Interests,$23.015,-0.115,-0.497%,4554763414.00,United States,,546155,Energy,Natural Gas Distribution
PAGS,PagSeguro Digital Ltd. Class A Common Shares,$10.305,0.115,1.129%,3396614809.00,Cayman Islands,2018,1204373,Technology,EDP Services
PAHC,Phibro Animal Health Corporation Class A Common Stock,$55.26,0.57,1.042%,2239948406.00,United States,2014,50104,Health Care,Biotechnology: Pharmaceutical Preparations
PAI,Western Asset Investment Grade Income Fund Inc.,$12.135,-0.005,-0.041%,0.00,United States,,14923,Finance,Trusts Except Educational Religious and Charitable
PAII,Pyrophyte Acquisition Corp. II Class A Ordinary Shares,$10.15,0.00,0.00%,0.00,,2025,1,,
PAL,Proficient Auto Logistics Inc. Common Stock,$7.00,0.29,4.322%,194657337.00,United States,2024,98417,Consumer Discretionary,Transportation Services
PALI,Palisade Bio Inc. Common Stock,$2.11,-0.06,-2.765%,353265066.00,United States,,3289112,Health Care,Biotechnology: Biological Products (No Diagnostic Substances)
PALO,Paloma Acquisition Corp I Class A Ordinary Shares,$9.88,0.03,0.305%,0.00,United States,2026,103,Finance,Blank Checks
PALOU,Paloma Acquisition Corp I Units,$10.10,0.00,0.00%,0.00,United States,2026,3,Finance,Blank Checks
PALOW,Paloma Acquisition Corp I Warrants,$0.34,0.00,0.00%,0.00,United States,2026,610,Finance,Blank Checks
PAM,Pampa Energia S.A.,$81.075,-1.825,-2.201%,4421896576.00,Argentina,,93468,Utilities,Electric Utilities: Central
PAMT,PAMT CORP Common Stock,$9.77,0.02,0.205%,204626866.00,United States,,372,Industrials,Trucking Freight/Courier Services
PANL,Pangaea Logistics Solutions Ltd. Common Shares,$7.21,-0.04,-0.552%,470947445.00,United States,2013,163655,Consumer Discretionary,Marine Transportation
PANW,Palo Alto Networks Inc. Common Stock,$175.665,2.455,1.417%,143342640000.00,United States,,2420302,Technology,Computer peripheral equipment
PAPL,Pineapple Financial Inc. Common Stock,$0.9561,0.0861,9.897%,24943359.00,,,4739682,Finance,Finance: Consumer Services
PAR,PAR Technology Corporation Common Stock,$13.43,0.01,0.075%,553936453.00,United States,,175733,Miscellaneous,Office Equipment/Supplies/Services
PARK,Park Dental Partners Inc. Common Stock,$18.00,-0.10,-0.552%,81270972.00,United States,2025,5627,Health Care,Misc Health and Biotechnology Services
PARR,Par Pacific Holdings Inc.  Common Stock,$64.01,0.22,0.345%,3166623604.00,United States,,237948,Energy,Oil & Gas Production
PASG,Passage Bio Inc. Common Stock,$5.92,0.02,0.339%,18990235.00,United States,2020,36178,Health Care,Biotechnology: Biological Products (No Diagnostic Substances)
PASW,Ping An Biomedical Co. Ltd. Ordinary Shares,$0.1659,-0.0048,-2.812%,20662845.00,Hong Kong,1999,202086,Consumer Discretionary,Apparel
PATH,UiPath Inc. Class A Common Stock,$9.995,-0.095,-0.942%,5236599111.00,United States,2021,8575371,Technology,Computer Software: Prepackaged Software
PATK,Patrick Industries Inc. Common Stock,$97.74,-2.36,-2.358%,3236288004.00,United States,,262311,Consumer Discretionary,Auto Parts:O.E.M.
PAVM,PAVmed Inc. Common Stock,$9.10,-0.07,-0.763%,66181925.00,United States,2016,12864,Health Care,Medical/Dental Instruments
PAVS,Paranovus Entertainment Technology Ltd. Class A Ordinary Shares,$1.44,0.01,0.699%,791214.00,China,2019,40553,Health Care, Medicinal Chemicals and Botanical Products 
PAX,Patria Investments Limited Class A Common Shares,$13.09,0.21,1.63%,2087443346.00,Cayman Islands,2021,177685,Finance,Investment Managers
PAXS,PIMCO Access Income Fund Common Shares of Beneficial Interest,$14.74,0.06,0.409%,0.00,United States,2022,31597,Finance,Investment Managers
PAY,Paymentus Holdings Inc. Class A Common Stock,$27.08,0.09,0.333%,3406375246.00,United States,2021,101547,Real Estate,Real Estate
PAYC,Paycom Software Inc. Common Stock,$122.305,-3.195,-2.546%,5829805907.00,United States,2014,277929,Technology,Computer Software: Prepackaged Software
PAYO,Payoneer Global Inc. Common Stock,$5.05,0.13,2.642%,1741103483.00,United States,,496656,Real Estate,Real Estate
PAYP,PayPay Corporation American Depository Shares,$20.335,0.105,0.519%,12965010352.00,Japan,2026,417688,Real Estate,Real Estate
PAYS,Paysign Inc. Common Stock,$6.125,0.035,0.575%,338010538.00,United States,,184573,Technology,EDP Services
PAYX,Paychex Inc. Common Stock,$89.38,-1.57,-1.726%,32024038944.00,United States,1983,1016636,Industrials,Diversified Commercial Services
PB,Prosperity Bancshares Inc. Common Stock,$68.93,-0.70,-1.005%,6950535113.00,United States,,192288,Finance,Major Banks
PBA,Pembina Pipeline Corp. Ordinary Shares (Canada),$43.0466,-0.1434,-0.332%,25023184829.00,Canada,,216259,Energy,Oil & Gas Production
PBF,PBF Energy Inc. Class A Common Stock,$40.465,-0.505,-1.233%,4752763525.00,United States,2012,531568,Energy,Integrated oil Companies
PBFS,Pioneer Bancorp Inc. Common Stock,$14.225,-0.025,-0.175%,356717494.00,United States,2019,2763,Finance,Banks
PBH,Prestige Consumer Healthcare Inc. Common Stock,$58.86,1.09,1.887%,2785180448.00,United States,2005,82909,Health Care,Biotechnology: Pharmaceutical Preparations
PBHC,Pathfinder Bancorp Inc. Common Stock (MD),$13.51,-0.09,-0.662%,65877638.00,United States,,1133,Finance,Major Banks
PBI,Pitney Bowes Inc. Common Stock,$15.50,0.13,0.846%,2224841790.00,United States,,862976,Miscellaneous,Office Equipment/Supplies/Services
PBI^B,Pitney Bowes Inc 6.70% Notes Due 2043,$21.02,-0.06,-0.285%,,United States,,5954,,
PBM,Psyence Biomedical Ltd. Common Shares,$8.6909,-0.3391,-3.755%,18844791.00,Canada,,1072534,Health Care,Biotechnology: Pharmaceutical Preparations
PBMWW,Psyence Biomedical Ltd. Warrant,$0.0397,0.0028,7.588%,86083.00,Canada,,32537,Health Care,Biotechnology: Pharmaceutical Preparations
PBR,Petroleo Brasileiro S.A. Petrobras ADS,$20.575,-0.695,-3.268%,132592838289.00,Brazil,,6448915,Energy,Oil & Gas Production
PBT,Permian Basin Royalty Trust Common Stock,$22.11,-0.02,-0.09%,1030520480.00,United States,,18101,Energy,Oil & Gas Production
PBYI,Puma Biotechnology Inc Common Stock,$7.37,-0.03,-0.405%,374959709.00,United States,,78792,Health Care,Biotechnology: Pharmaceutical Preparations
PCAP,ProCap Acquisition Corp Class A Ordinary Shares,$10.24,0.00,0.00%,0.00,United States,2025,126449,Finance,Blank Checks
PCAPU,ProCap Acquisition Corp Unit,$10.30,0.00,0.00%,0.00,United States,2025,89,,
PCAPW,ProCap Acquisition Corp Warrant,$0.32,-0.01,-3.03%,0.00,United States,2025,72212,Finance,Blank Checks
PCAR,PACCAR Inc. Common Stock,$127.49,0.52,0.41%,67093265408.00,United States,,905072,Consumer Discretionary,Motor Vehicles
PCB,PCB Bancorp Common Stock,$23.80,-0.07,-0.293%,338707867.00,United States,2018,2168,Finance,Major Banks
PCF,High Income Securities Fund Common Stock,$5.70,0.02,0.352%,0.00,United States,,15923,Finance,Trusts Except Educational Religious and Charitable
PCG,Pacific Gas & Electric Co. Common Stock,$16.675,-0.155,-0.921%,43544539156.00,United States,,6762442,Utilities,Power Generation
PCG^A,Pacific Gas & Electric Co. 6% Preferred Stock,$22.745,-0.005,-0.022%,,United States,,2645,,
PCG^B,Pacific Gas & Electric Co. 5 1/2% Preferred Stock,$20.75,0.00,0.00%,,United States,,56,,
PCG^C,Pacific Gas & Electric Co. 5% 1st Preferred Stock,$18.65,0.00,0.00%,,United States,,4,,
PCG^D,Pacific Gas & Electric Co. 5% 1st  Red. Preferred Stock,$18.80,0.00,0.00%,,United States,,43,,
PCG^E,Pacific Gas & Electric Co. 5% 1st A Preferred Stock,$18.32,0.00,0.00%,,United States,,31,,
PCG^G,Pacific Gas & Electric Co. 4.80% 1st Preferred Stock,$18.60,0.36,1.974%,,United States,,2102,,
PCG^H,Pacific Gas & Electric Co. 4.50% 1st Preferred Stock,$16.90,0.00,0.00%,,United States,,1,,
PCG^I,Pacific Gas & Electric Co. 4.36% 1st Preferred Stock,$16.63,0.00,0.00%,,United States,,4,,
PCG^X,PG&E Corp 6.000% Series A Mandatory Convertible Preferred Stock,$41.77,-0.41,-0.972%,,United States,,24417,,
PCLA,PicoCELA Inc. American Depositary Shares,$2.2165,-0.1335,-5.681%,9206909.00,Japan,2025,2037,Consumer Discretionary,Building Products
PCM,PCM Fund Inc. Common Stock,$5.722,-0.008,-0.14%,0.00,United States,1993,20494,Finance,Trusts Except Educational Religious and Charitable
PCN,Pimco Corporate & Income Strategy Fund Common Stock,$11.945,0.005,0.042%,0.00,United States,2001,159130,Finance,Investment Managers
PCOR,Procore Technologies Inc. Common Stock,$54.11,0.71,1.33%,8121937081.00,United States,2021,544495,Technology,Computer Software: Prepackaged Software
PCQ,PIMCO California Municipal Income Fund Common Stock,$8.775,0.005,0.057%,0.00,United States,2001,18037,Finance,Investment Managers
PCRX,Pacira BioSciences Inc. Common Stock,$24.375,-0.985,-3.884%,986941166.00,United States,2011,195620,Health Care,Biotechnology: Pharmaceutical Preparations
PCSA,Processa Pharmaceuticals Inc. Common Stock,$2.99,0.00,0.00%,7953517.00,United States,,12608,Health Care,Biotechnology: Pharmaceutical Preparations
PCSC,Perceptive Capital Solutions Corp Class A Ordinary Shares,$11.20,-0.10,-0.885%,0.00,United States,2024,5074,,
PCT,PureCycle Technologies Inc. Common stock,$7.435,0.205,2.835%,1343692487.00,United States,,1673993,Industrials,Major Chemicals
PCTTW,PureCycle Technologies Inc. Warrant,$1.31,0.02,1.55%,236750122.00,United States,,671,Industrials,Major Chemicals
PCTY,Paylocity Holding Corporation Common Stock,$102.29,2.21,2.208%,5511046825.00,United States,2014,275913,Technology,Computer Software: Prepackaged Software
PCVX,Vaxcyte Inc. Common Stock,$59.34,-1.43,-2.353%,8540234222.00,United States,2020,267880,Health Care,Biotechnology: Pharmaceutical Preparations
PCYO,Pure Cycle Corporation Common Stock,$11.415,0.205,1.829%,275146110.00,United States,,4184,Utilities,Water Supply
PD,PagerDuty Inc. Common Stock,$6.675,0.515,8.36%,567238042.00,United States,2019,2411124,Technology,Computer Software: Prepackaged Software
PDC,Perpetuals.com Ltd American Depositary Shares,$6.71,-0.20,-2.894%,20469325.00,Japan,2023,58388,Technology,EDP Services
PDCC,Pearl Diver Credit Company Inc. Common Stock,$10.15,0.05,0.495%,0.00,,2024,574,,
PDD,PDD Holdings Inc. American Depositary Shares,$97.465,-0.305,-0.312%,138365842419.00,China,2018,2503035,Technology,EDP Services
PDEX,Pro-Dex Inc. Common Stock,$50.14,-0.82,-1.609%,160748088.00,United States,,14822,Health Care,Medical/Dental Instruments
PDFS,PDF Solutions Inc. Common Stock,$46.225,2.365,5.392%,1843948024.00,United States,2001,888981,Technology,Computer Software: Prepackaged Software
PDI,PIMCO Dynamic Income Fund Common Stock,$17.4648,0.0548,0.315%,4245518232.00,United States,2012,894125,Finance,Trusts Except Educational Religious and Charitable
PDLB,Ponce Financial Group Inc. Common Stock,$17.69,0.16,0.913%,427334340.00,United States,2017,9421,Finance,Savings Institutions
PDM,Piedmont Realty Trust Inc. Class A Common Stock,$8.135,0.065,0.805%,1017029589.00,United States,,416792,Real Estate,Building operators
PDO,PIMCO Dynamic Income Opportunities Fund Common Shares of Beneficial Interest,$13.3588,0.0088,0.066%,1945774732.00,United States,2021,150214,Finance,Trusts Except Educational Religious and Charitable
PDPA,Pearl Diver Credit Company Inc. 8.00% Series A Preferred Stock Due 2029,$25.185,-0.033,-0.131%,0.00,,,820,,
PDS,Precision Drilling Corporation Common Stock,$94.66,2.61,2.835%,1224180889.00,Canada,,41669,Energy,Oil & Gas Production
PDSB,PDS Biotechnology Corporation Common Stock,$0.9513,0.0232,2.50%,53097431.00,United States,2015,634768,Health Care,Biotechnology: Pharmaceutical Preparations
PDT,John Hancock Premium Dividend Fund,$13.045,-0.005,-0.038%,0.00,United States,,59383,Finance,Finance Companies
PDX,PIMCO Dynamic Income Strategy Fund Common Shares of Beneficial Interest,$20.555,0.055,0.268%,918952385.00,,2019,50042,Finance,Finance/Investors Services
PDYN,Palladyne AI Corp. Common Stock,$6.395,-0.055,-0.853%,302126819.00,United States,,618198,Technology,Computer Software: Prepackaged Software
PDYNW,Palladyne AI Corp Warrants,$0.0682,0.0002,0.294%,3222056.00,United States,,3007,Technology,Computer Software: Prepackaged Software
PEB,Pebblebrook Hotel Trust Common Shares of Beneficial Interest,$13.77,0.03,0.218%,1561094366.00,United States,2009,481602,Real Estate,Real Estate Investment Trusts
PEB^E,Pebblebrook Hotel Trust 6.375% Series E Cumulative Redeemable Preferred Shares of Beneficial Interest,$19.99,0.00,0.00%,,United States,,36,,
PEB^F,Pebblebrook Hotel Trust 6.3% Series F Cumulative Redeemable Preferred Shares of Beneficial Interest,$20.16,0.00,0.00%,,United States,,64,,
PEB^G,Pebblebrook Hotel Trust 6.375% Series G Cumulative Redeemable Preferred Shares of Beneficial Interest,$20.15,0.17,0.851%,,United States,,2691,,
PEB^H,Pebblebrook Hotel Trust 5.700% Series H Cumulative Redeemable Preferred Shares of Beneficial Interest,$18.1601,0.0101,0.056%,,United States,,3342,,
PEBK,Peoples Bancorp of North Carolina Inc. Common Stock,$39.50,-0.03,-0.076%,215728855.00,United States,,19839,Finance,Major Banks
PEBO,Peoples Bancorp Inc. Common Stock,$34.21,-0.40,-1.156%,1228730525.00,United States,,126287,Finance,Major Banks
PECO,Phillips Edison & Company Inc. Common Stock,$38.895,-0.145,-0.371%,4899464061.00,United States,2021,246252,Real Estate,Real Estate Investment Trusts
PED,Pedevco Corp. Common Stock,$15.735,-0.375,-2.328%,209285271.00,United States,,9459,Energy,Oil & Gas Production
PEG,Public Service Enterprise Group Incorporated Common Stock,$80.52,0.36,0.449%,40158537553.00,United States,,607366,Utilities,Power Generation
PEGA,Pegasystems Inc. Common Stock,$36.50,1.25,3.546%,6119501232.00,United States,1996,1267222,Technology,EDP Services
PEN,Penumbra Inc. Common Stock,$330.28,-2.72,-0.817%,12961195545.00,United States,2015,75761,Health Care,Medical/Dental Instruments
PENG,Penguin Solutions Inc. Common Stock,$30.02,2.41,8.729%,1523440190.00,United States,2017,1264784,Technology,Semiconductors
PENN,PENN Entertainment Inc. Common Stock,$16.57,-0.69,-3.998%,2212861744.00,United States,1994,4410902,Consumer Discretionary,Hotels/Resorts
PEO,Adams Natural Resources Fund Inc. Common Stock,$26.61,-0.05,-0.188%,0.00,United States,,67756,Finance,Finance/Investors Services
PEP,PepsiCo Inc. Common Stock,$155.23,-0.47,-0.302%,212163445537.00,United States,,1452022,Consumer Staples,Beverages (Production/Distribution)
PEPG,PepGen Inc. Common Stock,$1.555,-0.035,-2.201%,107474279.00,United States,2022,200421,Health Care,Biotechnology: Pharmaceutical Preparations
PERF,Perfect Corp. Class A Ordinary Share,$1.67,0.03,1.829%,170087281.00,Taiwan,2022,36384,Technology,Computer Software: Prepackaged Software
PERI,Perion Network Ltd. Ordinary Shares,$10.155,-0.075,-0.733%,399399389.00,Israel,2006,128719,Technology,EDP Services
PESI,Perma-Fix Environmental Services Inc. Common Stock,$12.68,-0.04,-0.314%,235182795.00,United States,,42830,Industrials,Environmental Services
PETS,PetMed Express Inc. Common Stock,$2.23,0.00,0.00%,47723104.00,United States,,22305,Consumer Staples,Retail-Drug Stores and Proprietary Stores
PETZ,TDH Holdings Inc. Common Shares,$1.02,0.005,0.493%,10529733.00,China,2017,911,Industrials,Steel/Iron Ore
PEW,GrabAGun Digital Holdings Inc. Common Stock,$2.9701,-0.0099,-0.332%,87646754.00,,2025,80005,Consumer Discretionary,Other Specialty Stores
PFAI,Pinnacle Food Group Limited Class A Common Shares,$3.9203,-0.0597,-1.50%,45867510.00,Canada,2025,502,Consumer Staples,Farming/Seeds/Milling
PFBC,Preferred Bank Common Stock,$93.84,-1.13,-1.19%,1347233666.00,United States,,63988,Finance,Major Banks
PFD,Flaherty & Crumrine Preferred and Income Fund Incorporated,$11.4867,-0.0134,-0.117%,0.00,United States,1991,4075,Finance,Investment Managers
PFE,Pfizer Inc. Common Stock,$26.795,0.125,0.469%,152419502477.00,United States,,22010580,Health Care,Biotechnology: Pharmaceutical Preparations
PFG,Principal Financial Group Inc Common Stock,$100.64,3.64,3.753%,21805392845.00,United States,2001,733819,Finance,Accident &Health Insurance
PFGC,Performance Food Group Company Common Stock,$88.88,-1.34,-1.485%,13962956542.00,United States,2015,367032,Consumer Discretionary,Food Distributors
PFH,Prudential Financial Inc. 4.125% Junior Subordinated Notes due 2060,$16.98,0.00,0.00%,6061860000.00,United States,2020,9615,Finance,Life Insurance
PFIS,Peoples Financial Services Corp. Common Stock,$57.00,-0.32,-0.558%,570324216.00,United States,,97601,Finance,Major Banks
PFL,PIMCO Income Strategy Fund Shares of Beneficial Interest,$8.015,-0.015,-0.187%,0.00,United States,2003,47596,Finance,Finance Companies
PFLT,PennantPark Floating Rate Capital Ltd. Common Stock,$8.695,0.075,0.87%,862699606.00,United States,2022,206685,Finance,Finance: Consumer Services
PFN,PIMCO Income Strategy Fund II,$6.99,-0.05,-0.71%,0.00,United States,2004,301135,Finance,Finance/Investors Services
PFO,Flaherty & Crumrine Preferred and Income Opportunity Fund Incorporated,$9.29,0.00,0.00%,0.00,United States,1992,17850,Finance,Finance Companies
PFS,Provident Financial Services Inc Common Stock,$22.455,-0.295,-1.297%,2926193774.00,United States,2003,220183,Finance,Savings Institutions
PFSA,Profusa Inc. Common Stock,$0.5816,-0.014,-2.351%,2565012.00,United States,,160658,Health Care,Medical/Dental Instruments
PFSI,PennyMac Financial Services Inc. Common Stock,$91.115,1.265,1.408%,4730969521.00,United States,2013,98111,Finance,Finance: Consumer Services
PFX,PhenixFIN Corporation Common Stock,$39.50,0.00,0.00%,78931231.00,United States,,13,Finance,Finance: Consumer Services
PFXNZ,PhenixFIN Corporation  5.25% Notes due 2028,$23.80,0.00,0.00%,47692082.00,United States,,111,Finance,Finance: Consumer Services
PG,Procter & Gamble Company (The) Common Stock,$149.35,3.64,2.498%,347089502305.00,United States,,6860693,Consumer Discretionary,Package Goods/Cosmetics
PGAC,Pantages Capital Acquisition Corporation Class A Ordinary Shares,$10.51,0.00,0.00%,0.00,United States,2025,6399,,
PGC,Peapack-Gladstone Financial Corporation Common Stock,$39.60,-0.45,-1.124%,695796750.00,United States,,43363,Finance,Commercial Banks
PGEN,Precigen Inc. Common Stock,$4.245,0.285,7.197%,1502427213.00,United States,,1778654,Health Care,Biotechnology: Pharmaceutical Preparations
PGNY,Progyny Inc. Common Stock,$17.87,0.20,1.132%,1399739176.00,United States,2019,210649,Health Care,Misc Health and Biotechnology Services
PGP,Pimco Global StocksPlus & Income Fund Common Shares of Beneficial Interest,$9.175,0.005,0.055%,0.00,United States,2005,7770,Finance,Finance Companies
PGR,Progressive Corporation (The) Common Stock,$200.8536,-4.4764,-2.18%,117681400263.00,United States,,642476,Finance,Property-Casualty Insurers
PGY,Pagaya Technologies Ltd. Class A Ordinary Shares,$13.48,-0.03,-0.222%,1112456357.00,United States,,1144590,Finance,Finance: Consumer Services
PGYWW,Pagaya Technologies Ltd. Warrants,$0.059,0.003,5.357%,4869060.00,United States,,10242,Finance,Finance: Consumer Services
PGZ,Principal Real Estate Income Fund Common Shares of Beneficial Interest,$10.225,0.005,0.049%,0.00,,2013,1836,Finance,Investment Managers
PH,Parker-Hannifin Corporation Common Stock,$980.92,7.04,0.723%,123808317627.00,United States,,194261,Industrials,Metal Fabrications
PHAR,Pharming Group N.V. ADS each representing 10 ordinary shares,$16.68,0.04,0.24%,1178028836.00,Netherlands,,6020,Health Care,Biotechnology: Pharmaceutical Preparations
PHAT,Phathom Pharmaceuticals Inc. Common Stock,$11.67,-0.49,-4.03%,926949465.00,United States,2019,860843,Health Care,Biotechnology: Pharmaceutical Preparations
PHG,Koninklijke Philips N.V. NY Registry Shares,$27.41,-0.22,-0.796%,26074829681.00,Netherlands,,469352,Health Care,Medical Electronics
PHGE,BiomX Inc. COmmon Stock,$1.0785,-0.1215,-10.125%,7057182.00,,2019,207205,Health Care,Biotechnology: Biological Products (No Diagnostic Substances)
PHI,PLDT Inc. Sponsored ADR,$20.76,-0.23,-1.096%,4485317889.00,Philippines,,13214,Telecommunications,Telecommunications Equipment
PHIN,PHINIA Inc. Common Stock,$72.85,-0.02,-0.027%,2739617352.00,United States,2023,55538,Consumer Discretionary,Auto Parts:O.E.M.
PHIO,Phio Pharmaceuticals Corp. Common Stock,$1.2101,-0.0199,-1.618%,14058034.00,United States,,195936,Health Care,Biotechnology: Pharmaceutical Preparations
PHK,Pimco High Income Fund,$4.66,0.00,0.00%,0.00,United States,2003,224671,Finance,Finance/Investors Services
PHM,PulteGroup Inc. Common Stock,$129.08,-1.56,-1.194%,24730340390.00,United States,,548650,Consumer Discretionary,Homebuilding
PHOE,Phoenix Asia Holdings Limited Ordinary Shares,$16.80,0.00,0.00%,362880000.00,Hong Kong,2025,227,Consumer Discretionary,Engineering & Construction
PHR,Phreesia Inc. Common Stock,$9.20,0.35,3.955%,559020198.00,United States,2019,456425,Real Estate,Real Estate
PHUN,Phunware Inc. Common Stock,$2.235,-0.045,-1.974%,45126612.00,Greece,2016,98506,Technology,EDP Services
PHVS,Pharvaris N.V. Ordinary Shares,$28.71,1.42,5.203%,1877858570.00,Netherlands,2021,107841,Health Care,Biotechnology: Pharmaceutical Preparations
PHXE^,Phoenix Energy One LLC Series A Cumulative Redeemable Preferred Shares,$24.4999,0.1699,0.698%,,,,4735,,
PI,Impinj Inc. Common Stock,$125.025,4.095,3.386%,3808143851.00,United States,2016,133919,Technology,Industrial Machinery/Components
PICS,PicS N.V. Class A Common Shares,$12.61,-0.24,-1.868%,1345870344.00,Brazil,2026,101107,Finance,Finance: Consumer Services
PII,Polaris Inc. Common Stock,$60.13,0.72,1.212%,3404313646.00,United States,,345685,Consumer Discretionary,Industrial Specialties
PIII,P3 Health Partners Inc. Class A Common Stock,$2.7799,0.0649,2.39%,20119287.00,United States,2021,1639,Health Care,Medical/Nursing Services
PIIIW,P3 Health Partners Inc. Warrant,$0.0054,0.0004,8.00%,39082.00,United States,2021,733,Health Care,Medical/Nursing Services
PIM,Putnam Master Intermediate Income Trust Common Stock,$3.23,0.02,0.623%,162318463.00,United States,1988,15858,Finance,Finance Companies
PINE,Alpine Income Property Trust Inc. Common Stock,$19.67,0.01,0.051%,322237579.00,United States,2019,86337,Real Estate,Real Estate Investment Trusts
PINE^A,Alpine Income Property Trust Inc. 8.00% Series A Cumulative Redeemable Preferred Stock,$25.46,0.05,0.197%,,United States,,1005,,
PINS,Pinterest Inc. Class A Common Stock,$19.74,-0.05,-0.253%,11366320327.00,United States,2019,4383215,Technology,Computer Software: Programming Data Processing
PIPR,Piper Sandler Companies Common Stock,$87.745,-0.035,-0.04%,6253680915.00,United States,2026,98748,Finance,Investment Bankers/Brokers/Service
PJT,PJT Partners Inc. Class A Common Stock,$154.605,0.495,0.321%,3737498418.00,United States,2015,131805,Finance,Investment Managers
PK,Park Hotels & Resorts Inc. Common Stock ,$11.155,0.085,0.768%,2246599587.00,United States,2016,686746,Consumer Discretionary,Hotels/Resorts
PKBK,Parke Bancorp Inc. Common Stock,$30.14,0.26,0.87%,353570833.00,United States,,28701,Finance,Major Banks
PKE,Park Aerospace Corp. Common Stock,$33.30,0.49,1.493%,663529073.00,United States,,88862,Industrials,Military/Government/Technical
PKG,Packaging Corporation of America Common Stock,$213.78,-1.24,-0.577%,19032396006.00,United States,2000,343665,Consumer Discretionary,Containers/Packaging
PKOH,Park-Ohio Holdings Corp. Common Stock,$28.40,0.27,0.96%,408912146.00,United States,,4061,Industrials,Industrial Specialties
PKST,Peakstone Realty Trust Common Shares,$20.95,0.00,0.00%,778927180.00,United States,2023,102537,Real Estate,Real Estate Investment Trusts
PKX,POSCO HOLDINGS INC. American Depositary Shares (Each representing 1/4th of a share of Common Stock),$69.95,1.72,2.521%,23118300685.00,South Korea,1994,55153,Industrials,Steel/Iron Ore
PL,Planet Labs PBC Class A Common Stock,$35.89,-2.40,-6.268%,12423288579.00,United States,2021,6217337,Technology,Radio And Television Broadcasting And Communications Equipment
PLAB,Photronics Inc. Common Stock,$52.6717,2.1917,4.342%,3105860215.00,United States,1987,531512,Technology,Semiconductors
PLAG,Planet Green Holdings Corp. Common Stock,$1.35,-0.02,-1.46%,19214164.00,China,,1090,Consumer Staples,Packaged Foods
PLAY,Dave & Buster's Entertainment Inc. Common Stock,$12.52,-0.18,-1.417%,434937351.00,United States,2014,392131,Consumer Discretionary,Restaurants
PLBC,Plumas Bancorp,$51.66,-0.05,-0.097%,360311607.00,United States,,8974,Finance,Finance Companies
PLBL,Polibeli Group Ltd Class A Ordinary Shares,$6.90,0.20,2.985%,2528073543.00,Indonesia,,601,Consumer Discretionary,Consumer Electronics/Appliances
PLBY,Playboy Inc. Common Stock,$1.835,-0.015,-0.811%,210767592.00,United States,2020,207798,Consumer Discretionary,Other Specialty Stores
PLCE,Children's Place Inc. (The) Common Stock,$3.36,-0.03,-0.885%,74637384.00,United States,1997,29288,Consumer Discretionary,Clothing/Shoe/Accessory Stores
PLD,Prologis Inc. Common Stock,$143.64,1.30,0.913%,133905614301.00,United States,,1211449,Real Estate,Real Estate Investment Trusts
PLG,Platinum Group Metals Ltd. Ordinary Shares (Canada),$1.8099,0.0299,1.68%,229542158.00,Canada,,472910,Basic Materials,Precious Metals
PLMK,Plum Acquisition Corp. IV Class A Ordinary Shares,$10.58,0.00,0.00%,0.00,United States,2025,1978,,
PLMKW,Plum Acquisition Corp. IV Warrants,$0.60,0.00,0.00%,0.00,United States,2025,27,,
PLMR,Palomar Holdings Inc. Common stock,$126.425,-2.275,-1.768%,3351920437.00,United States,2019,245907,Finance,Property-Casualty Insurers
PLNT,Planet Fitness Inc. Common Stock,$68.82,-0.30,-0.434%,5464328095.00,United States,2015,221105,Consumer Discretionary,Hotels/Resorts
PLOW,Douglas Dynamics Inc. Common Stock,$46.33,0.20,0.434%,1069519433.00,United States,2010,49320,Industrials,Construction/Ag Equipment/Trucks
PLPC,Preformed Line Products Company Common Stock,$351.13,22.33,6.791%,1719432696.00,United States,,149219,Industrials,Water Sewer Pipeline Comm & Power Line Construction
PLRX,Pliant Therapeutics Inc. Common Stock,$1.24,-0.02,-1.587%,76774183.00,United States,2020,202411,Health Care,Biotechnology: Pharmaceutical Preparations
PLRZ,Polyrizon Ltd. Ordinary Shares,$14.05,-0.74,-5.003%,23815467.00,Israel,2024,12941,Health Care,Biotechnology: Pharmaceutical Preparations
PLSE,Pulse Biosciences Inc Common Stock (DE),$23.80,-0.45,-1.856%,1618140056.00,United States,2016,65586,Health Care,Medical/Dental Instruments
PLSM,Pulsenmore Ltd. Ordinary Shares,$3.37,-0.29,-7.923%,0.00,Israel,,5389,Health Care,Medical/Dental Instruments
PLTK,Playtika Holding Corp. Common Stock,$3.33,0.06,1.835%,1263183239.00,Israel,2021,299399,Technology,EDP Services
PLTR,Palantir Technologies Inc. Class A Common Stock,$141.39,-0.18,-0.127%,338016931828.00,United States,,21173149,Technology,Computer Software: Prepackaged Software
PLUG,Plug Power Inc. Common Stock,$3.23,0.05,1.572%,4502475067.00,United States,1999,53616233,Energy,Industrial Machinery/Components
PLUR,Pluri Inc. Common Stock,$3.36,-0.08,-2.326%,33770496.00,Israel,,6562,Health Care,Biotechnology: Biological Products (No Diagnostic Substances)
PLUS,ePlus inc. Common Stock,$84.685,-0.175,-0.206%,2235054028.00,United States,1996,108683,Technology,Retail: Computer Software & Peripheral Equipment
PLUT,Plutus Financial Group Limited Ordinary Shares,$2.96,-0.08,-2.632%,42180000.00,Hong Kong,2025,40005,Finance,Investment Bankers/Brokers/Service
PLX,Protalix BioTherapeutics Inc. (DE) Common Stock,$2.175,0.035,1.636%,175243321.00,Israel,,272012,Health Care,Biotechnology: Biological Products (No Diagnostic Substances)
PLXS,Plexus Corp. Common Stock,$258.56,8.69,3.478%,6925908649.00,United States,,229780,Technology,Electrical Products
PLYX,Polaryx Therapeutics Inc. Common Stock,$4.90,-0.42,-7.895%,231982155.00,United States,,56642,Health Care,Biotechnology: Pharmaceutical Preparations
PM,Philip Morris International Inc Common Stock,$164.615,-4.575,-2.704%,256252808897.00,United States,,1987789,Health Care, Medicinal Chemicals and Botanical Products 
PMAX,Powell Max Limited Class A Ordinary Shares,$2.30,-0.24,-9.449%,3945222.00,Hong Kong,2024,121505,Consumer Discretionary,Other Consumer Services
PMCB,PharmaCyte  Biotech Inc. Common Stock,$0.7513,0.0014,0.187%,8065693.00,United States,,36222,Health Care,Biotechnology: Biological Products (No Diagnostic Substances)
PMEC,Primech Holdings Ltd. Ordinary Shares,$0.6901,0.0404,6.218%,26258305.00,Singapore,2023,372096,Consumer Discretionary,Diversified Commercial Services
PMI,Picard Medical Inc. Common Stock,$0.8225,-0.0205,-2.432%,61834345.00,,2025,88456,Health Care,Medical/Dental Instruments
PML,Pimco Municipal Income Fund II Common Shares of Beneficial Interest,$7.56,0.00,0.00%,0.00,United States,2002,110186,Finance,Investment Managers
PMM,Putnam Managed Municipal Income Trust Common Stock,$6.185,-0.01,-0.161%,301449534.00,United States,1989,64678,Finance,Investment Managers
PMN,ProMIS Neurosciences Inc. Common Shares (ON),$11.165,0.285,2.619%,100124292.00,Canada,,14419,Health Care,Biotechnology: Pharmaceutical Preparations
PMNT,Perfect Moment Ltd. Common Stock,$0.279,-0.0141,-4.811%,13077009.00,United Kingdom,2024,228955,Consumer Discretionary,Apparel
PMO,Putnam Municipal Opportunities Trust Common Stock,$10.3901,-0.0099,-0.095%,353071879.00,United States,1993,67783,Finance,Finance Companies
PMT,PennyMac Mortgage Investment Trust Common Shares of Beneficial Interest,$12.155,0.205,1.715%,1059814664.00,United States,2009,934777,Real Estate,Real Estate Investment Trusts
PMT^A,PennyMac Mortgage Investment Trust 8.125% Series A Fixed-to-Floating Rate Cumulative Redeemable Preferred Shares of Beneficial Interest,$23.90,0.022,0.092%,,United States,,496,,
PMT^B,PennyMac Mortgage Investment Trust 8.00% Series B Fixed-to-Floating Rate Cumulative Redeemable Preferred Shares of Beneficial Interest,$23.64,0.07,0.297%,,United States,,5527,,
PMT^C,PennyMac Mortgage Investment Trust 6.75% Series C Cumulative Redeemable Preferred Shares of Beneficial Interest,$18.33,0.14,0.77%,,United States,,14552,,
PMTR,Perimeter Acquisition Corp. I Class A Ordinary Shares,$10.30,0.00,0.00%,0.00,United States,2025,188,Finance,Blank Checks
PMTRW,Perimeter Acquisition Corp. I Warrant,$0.5795,-0.0204,-3.401%,0.00,United States,2025,1180,Finance,Blank Checks
PMTS,CPI Card Group Inc. Common Stock,$17.375,-0.295,-1.669%,199099917.00,United States,,2346,Consumer Discretionary,Publishing
PMTU,PennyMac Mortgage Investment Trust 8.50% Senior Notes due 2028,$25.64,0.00,0.00%,2235594239.00,United States,2023,885,Real Estate,Real Estate Investment Trusts
PMTV,PennyMac Mortgage Investment Trust 9.00% Senior Notes due 2030,$25.70,0.00,0.00%,0.00,United States,2025,3399,Real Estate,Real Estate Investment Trusts
PMTW,PennyMac Mortgage Investment Trust 9.00% Senior Notes due 2030,$25.60,-0.02,-0.078%,0.00,United States,2025,734,Real Estate,Real Estate Investment Trusts
PMVP,PMV Pharmaceuticals Inc. Common Stock,$1.42,-0.01,-0.699%,75727737.00,United States,2020,180004,Health Care,Biotechnology: Pharmaceutical Preparations
PN,Skycorp Solar Group Limited Class A Ordinary Shares,$2.48,-0.06,-2.362%,35493140.00,China,2025,14042,Technology,Retail: Computer Software & Peripheral Equipment
PNBK,Patriot National Bancorp Inc. Common Stock,$1.315,0.015,1.154%,153967713.00,United States,,31455,Finance,Major Banks
PNC,PNC Financial Services Group Inc. (The) Common Stock,$220.95,-4.14,-1.839%,89124805437.00,United States,,625334,Finance,Major Banks
PNFP,Pinnacle Financial Partners Inc. Common stock,$97.38,-1.70,-1.716%,14713051202.00,United States,,499167,Finance,Major Banks
PNFP^A,Pinnacle Financial Partners Inc. Fixed-to-Floating Rate Non-Cumulative Perpetual Preferred Stock Series A,$25.6858,-0.0742,-0.288%,,United States,,476,,
PNFP^B,Pinnacle Financial Partners Inc. Fixed-to-Floating Rate Non-Cumulative Perpetual Preferred Stock Series B,$26.30,0.09,0.343%,,United States,,3847,,
PNFP^C,Pinnacle Financial Partners Inc. Fixed-to-Floating Rate Non-Cumulative Perpetual Preferred Stock Series C,$25.00,0.04,0.16%,,United States,,1389,,
PNI,Pimco New York Municipal Income Fund II Common Shares of Beneficial Interest,$6.98,0.03,0.432%,0.00,United States,2002,13053,Finance,Trusts Except Educational Religious and Charitable
PNNT,PennantPark Investment Corporation Common Stock,$4.565,0.005,0.11%,298076669.00,United States,2022,189925,Finance,Finance: Consumer Services
PNR,Pentair plc. Ordinary Share,$91.77,1.29,1.426%,14830288956.00,Switzerland,,634190,Industrials,Industrial Machinery/Components
PNRG,PrimeEnergy Resources Corporation Common Stock,$236.00,1.83,0.781%,381848000.00,United States,,47947,Energy,Oil & Gas Production
PNTG,The Pennant Group Inc. Common Stock ,$29.86,-0.25,-0.83%,1036340091.00,United States,,114092,Health Care,Medical/Nursing Services
PNW,Pinnacle West Capital Corporation Common Stock,$102.36,-1.09,-1.054%,12388185739.00,United States,,139971,Utilities,Electric Utilities: Central
POAS,Phaos Technology Holdings (Cayman) Limited Class A Ordinary Shares,$1.89,-0.013,-0.683%,53727032.00,,2025,44500,Industrials,Industrial Machinery/Components
POCI,Precision Optics Corporation Inc. Common stock,$4.095,-0.105,-2.50%,31670144.00,United States,,8373,Health Care,Biotechnology: Electromedical & Electrotherapeutic Apparatus
PODC,PodcastOne Inc. Common Stock,$2.96,0.26,9.63%,81364373.00,United States,,54370,Technology,Computer Software: Programming Data Processing
PODD,Insulet Corporation Common Stock,$187.05,-5.16,-2.685%,12955777704.00,United States,2007,240958,Health Care,Medical/Dental Instruments
POET,POET Technologies Inc. Common Shares,$15.23,3.51,29.949%,2328396058.00,Canada,,60827067,Technology,Semiconductors
POLA,Polar Power Inc. Common Stock,$1.7302,0.0302,1.776%,6298203.00,United States,2016,82091,Miscellaneous,Industrial Machinery/Components
POLE,Andretti Acquisition Corp. II Class A Ordinary Shares,$10.68,0.00,0.00%,0.00,United States,2024,5084,,
POLEW,Andretti Acquisition Corp. II Warrant,$0.1302,-0.0098,-7.00%,0.00,United States,2024,105,,
POM,POMDOCTOR LIMITED American Depositary Shares,$0.39,-0.0068,-1.714%,46184142.00,China,2025,912637,Consumer Discretionary,Other Specialty Stores
PONOU,Pono Capital Four Inc. Units,$10.02,-0.01,-0.10%,0.00,Cayman Islands,2026,3288,Industrials,Aerospace
PONY,Pony AI Inc. American Depositary Shares ,$10.775,0.415,4.006%,4671410234.00,China,2024,2024176,Technology,EDP Services
POOL,Pool Corporation Common Stock,$232.37,3.69,1.614%,8528114704.00,United States,1995,313588,Consumer Discretionary,Industrial Specialties
POR,Portland General Electric Co Common Stock,$50.94,-0.49,-0.953%,5895135265.00,United States,,370766,Utilities,Electric Utilities: Central
POST,Post Holdings Inc. Common Stock,$103.63,-1.01,-0.965%,4956023815.00,United States,2012,215314,Consumer Staples,Packaged Foods
POWI,Power Integrations Inc. Common Stock,$74.71,2.08,2.864%,4161644346.00,United States,1997,515938,Technology,Semiconductors
POWL,Powell Industries Inc. Common Stock,$256.505,4.325,1.715%,9343678137.00,United States,,185374,Energy,Electrical Products
POWW,Outdoor Holding Company Common Stock,$1.9998,0.0298,1.513%,234553986.00,United States,,214288,Industrials,Ordnance And Accessories
POWWP,Outdoor Holding Company 8.75% Series A Cumulative Redeemable Perpetual Preferred Stock,$24.8999,0.0999,0.403%,2920477449.00,United States,,2886,Industrials,Ordnance And Accessories
PPBT,Purple Biotech Ltd. American Depositary Shares,$4.53,-0.02,-0.44%,4210436.00,Israel,2015,3137,Health Care,Biotechnology: Pharmaceutical Preparations
PPC,Pilgrim's Pride Corporation Common Stock,$33.4099,-0.3001,-0.89%,7948948257.00,United States,,197499,Consumer Staples,Meat/Poultry/Fish
PPCB,Propanc Biopharma Inc. Common Stock,$0.1107,-0.0053,-4.569%,2419822.00,Australia,,589698,Health Care,Biotechnology: Pharmaceutical Preparations
PPG,PPG Industries Inc. Common Stock,$110.28,-0.01,-0.009%,24680515122.00,United States,,331627,Consumer Discretionary,Paints/Coatings
PPHC,Public Policy Holding Company Inc. Common Stock,$14.25,0.17,1.207%,358170601.00,United States,2026,12045,,
PPIH,Perma-Pipe International Holdings Inc. Common Stock,$31.97,0.725,2.32%,259701038.00,United States,,57353,Industrials,Pollution Control Equipment
PPL,PPL Corporation Common Stock,$38.69,0.15,0.389%,29101267603.00,United States,,2588195,Utilities,Electric Utilities: Central
PPLC,PPL Corporation Corporate Units,$51.40,0.05,0.097%,38661285986.00,United States,,2810,Utilities,Electric Utilities: Central
PPSI,Pioneer Power Solutions Inc. Common Stock,$3.10,0.11,3.679%,34398425.00,United States,,245533,Industrials,Electrical Products
PPT,Putnam Premier Income Trust Common Stock,$3.485,0.005,0.144%,346855997.00,United States,1988,18826,Finance,Finance Companies
PPTA,Perpetua Resources Corp. Common Shares,$29.165,-0.305,-1.035%,3644157738.00,Canada,,349356,Basic Materials,Precious Metals
PR,Permian Resources Corporation Class A Common Stock,$20.605,-0.255,-1.222%,17356940035.00,United States,2022,2706538,Energy,Oil & Gas Production
PRA,ProAssurance Corporation Common Stock,$24.64,0.00,0.00%,1266832164.00,United States,,129615,Finance,Property-Casualty Insurers
PRAA,PRA Group Inc. Common Stock,$21.13,0.39,1.88%,812519159.00,United States,2002,47261,Finance,Finance: Consumer Services
PRAX,Praxis Precision Medicines Inc. Common Stock,$339.26,9.66,2.931%,9448673604.00,United States,2020,172843,Health Care,Biotechnology: Pharmaceutical Preparations
PRCH,Porch Group Inc. Common Stock,$7.735,0.045,0.585%,818783722.00,United States,2020,726365,Technology,Computer Software: Prepackaged Software
PRCT,PROCEPT BioRobotics Corporation Common Stock,$23.47,-0.77,-3.177%,1335663947.00,United States,2021,351118,Health Care,Medical/Dental Instruments
PRDO,Perdoceo Education Corporation Common Stock,$32.29,-1.23,-3.669%,2024628367.00,United States,,385215,Real Estate,Other Consumer Services
PRE,Prenetics Global Limited Class A Ordinary Share,$17.56,0.06,0.343%,285849319.00,Hong Kong,,87112,Finance,Blank Checks
PRFX,PRF Technologies Ltd. Ordinary Shares,$2.3163,-0.0937,-3.888%,1956233.00,Israel,2020,13000,Health Care,Biotechnology: Pharmaceutical Preparations
PRG,PROG Holdings Inc. Common Stock,$31.43,0.05,0.159%,1259034538.00,United States,,67944,Consumer Discretionary,Diversified Commercial Services
PRGO,Perrigo Company plc Ordinary Shares,$11.83,0.14,1.198%,1628391834.00,United States,,524731,Health Care,Biotechnology: Pharmaceutical Preparations
PRGS,Progress Software Corporation Common Stock (DE),$26.97,-0.49,-1.784%,1134860112.00,United States,1991,444108,Technology,Computer Software: Prepackaged Software
PRH,Prudential Financial Inc. 5.950% Junior Subordinated Notes due 2062,$23.98,0.03,0.125%,8440960000.00,United States,2022,20425,Finance,Life Insurance
PRHI,Presurance Holdings Inc. Common Stock,$0.6636,0.0036,0.545%,17401504.00,United States,2015,17828,Finance,Property-Casualty Insurers
PRHIZ,Presurance Holdings Inc. 9.75% Senior Unsecured Notes due 2028,$17.03,0.00,0.00%,208155663.00,United States,,162,Finance,Property-Casualty Insurers
PRI,Primerica Inc. Common Stock,$282.24,1.44,0.513%,8861512424.00,United States,2010,39217,Finance,Life Insurance
PRIF^D,Priority Income Fund Inc. 7.00% Series D Term Preferred Stock due 2029,$24.72,0.03,0.122%,,,,1614,,
PRIF^K,Priority Income Fund Inc. 7.000% Series K Cumulative Preferred Stock,$21.88,-0.01,-0.046%,,,,501,,
PRIF^L,Priority Income Fund Inc. 6.375% Series L Term Preferred Stock Due 2029,$24.33,0.00,0.00%,,,,856,,
PRIM,Primoris Services Corporation Common Stock,$172.265,-0.265,-0.154%,9342194171.00,United States,,158319,Industrials,Water Sewer Pipeline Comm & Power Line Construction
PRK,Park National Corporation Common Stock,$171.90,-1.25,-0.722%,3105612957.00,United States,1994,24830,Finance,Major Banks
PRKS,United Parks & Resorts Inc. Common Stock,$33.72,-1.27,-3.63%,1639678600.00,United States,2013,214549,Health Care,Biotechnology: Electromedical & Electrotherapeutic Apparatus
PRLB,Proto Labs Inc. Common stock,$64.69,0.77,1.205%,1539136049.00,United States,2012,21336,Industrials,Metal Fabrications
PRLD,Prelude Therapeutics Incorporated Common Stock,$4.555,0.155,3.523%,286753776.00,United States,2020,483507,Health Care,Biotechnology: Pharmaceutical Preparations
PRM,Perimeter Solutions SA Common Stock,$30.83,-0.08,-0.259%,5029207352.00,Luxembourg,,254481,Industrials,Major Chemicals
PRMB,Primo Brands Corporation Class A Common Stock,$20.245,0.035,0.173%,7352516867.00,United States,2024,596312,Consumer Staples,Beverages (Production/Distribution)
PRME,Prime Medicine Inc. Common Stock,$3.815,-0.025,-0.651%,688806563.00,United States,2022,664102,Health Care,Biotechnology: Biological Products (No Diagnostic Substances)
PROF,Profound Medical Corp. Common Stock,$7.00,0.25,3.704%,211630762.00,Canada,,71961,Health Care,Medical/Dental Instruments
PROK,ProKidney Corp. Class A Ordinary Shares,$1.95,-0.05,-2.50%,588834396.00,United States,2021,406728,Health Care,Biotechnology: Biological Products (No Diagnostic Substances)
PROP,Prairie Operating Co. Common Stock,$1.165,-0.025,-2.101%,89208970.00,United States,,892158,Finance,Finance: Consumer Services
PROV,Provident Financial Holdings Inc. Common Stock,$17.06,0.01,0.059%,108757841.00,United States,,12546,Finance,Savings Institutions
PRPL,Purple Innovation Inc. Common Stock,$0.635,-0.005,-0.781%,69207817.00,United States,2015,57157,Consumer Discretionary,Home Furnishings
PRPO,Precipio Inc.  Common Stock,$27.94,0.91,3.367%,49836075.00,United States,,10917,Industrials,Biotechnology: Laboratory Analytical Instruments
PRQR,ProQR Therapeutics N.V. Ordinary Shares,$1.595,-0.035,-2.147%,168050897.00,Netherlands,2014,307960,Health Care,Biotechnology: Pharmaceutical Preparations
PRS,Prudential Financial Inc. 5.625% Junior Subordinated Notes due 2058,$23.25,-0.11,-0.471%,8184000000.00,United States,2018,32434,Finance,Life Insurance
PRSO,Peraso Inc. Common Stock,$1.0001,0.0001,0.01%,12615151.00,United States,,349010,Technology,Semiconductors
PRSU,Pursuit Attractions and Hospitality Inc. Common Stock,$41.075,0.295,0.723%,1127478519.00,United States,,30870,Real Estate,Real Estate
PRT,PermRock Royalty Trust Units of Beneficial Interest,$2.965,0.005,0.169%,36071395.00,United States,2018,5779,Energy,Oil & Gas Production
PRTA,Prothena Corporation plc Ordinary Shares,$10.69,-0.04,-0.373%,575474578.00,United States,,97439,Health Care,Biotechnology: Pharmaceutical Preparations
PRTC,PureTech Health plc American Depositary Shares,$16.95,-0.81,-4.561%,409654448.00,United States,,6993,Health Care,Biotechnology: Pharmaceutical Preparations
PRTH,Priority Technology Holdings Inc. Common Stock,$5.29,0.01,0.189%,435289560.00,United States,2016,37163,Real Estate,Real Estate
PRTS,CarParts.com Inc. Common Stock,$0.9852,0.025,2.604%,69448847.00,United States,2007,169440,Consumer Discretionary,Auto & Home Supply Stores
PRU,Prudential Financial Inc. Common Stock,$94.885,0.535,0.567%,33002777634.00,United States,2001,752231,Finance,Life Insurance
PRVA,Privia Health Group Inc. Common Stock,$23.49,-0.01,-0.043%,2950930804.00,United States,2021,179215,Health Care,Medical/Nursing Services
PRZO,ParaZero Technologies Ltd. Ordinary Shares,$0.7238,-0.0304,-4.031%,16956395.00,Israel,2023,217596,Industrials,Military/Government/Technical
PSA,Public Storage Common Stock,$310.29,-0.53,-0.171%,54468975275.00,United States,,228472,Real Estate,Real Estate Investment Trusts
PSA^F,Public Storage Depositary Shares Each Representing 1/1000 of a 5.15% Cumulative Preferred Share of Beneficial Interest Series F par value $0.01 per share,$20.62,0.00,0.00%,,United States,,11779,,
PSA^G,Public Storage Depositary Shares Each Representing 1/1000 of a 5.05% Cumulative Preferred Share of Beneficial Interest Series G,$20.37,-0.02,-0.098%,,United States,,3819,,
PSA^H,Public Storage Depositary Shares Each Representing 1/1000 of a  5.60% Cumulative Preferred  Share of Beneficial Interest Series H,$22.50,0.04,0.178%,,United States,,6027,,
PSA^I,Public Storage Depositary Shares Each Representing 1/1000 of a 4.875% Cumulative Preferred Share of Beneficial Interest Series I par value $0.01 per share,$19.45,0.09,0.465%,,United States,,5597,,
PSA^J,Public Storage Depositary Shares Each Representing 1/1000 of a 4.700% Cumulative Preferred Share of Beneficial Interest Series J par value $0.01 per share,$18.7539,0.0838,0.449%,,United States,,945,,
PSA^K,Public Storage Depositary Shares Each Representing 1/1000 of a 4.75% Cumulative Preferred Share of Beneficial Interest Series K,$18.80,0.026,0.138%,,United States,,1483,,
PSA^L,Public Storage Depositary Shares Each Representing 1/1000 of a 4.625% Cumulative Preferred Share of Beneficial Interest Series L par value $0.01 per share,$18.65,0.03,0.161%,,United States,,9168,,
PSA^M,Public Storage Depositary Shares Each Representing 1/1000 of a 4.125% Cumulative Preferred Share of Beneficial Interest Series M,$16.34,0.0001,0.001%,,United States,,2485,,
PSA^N,Public Storage Depositary Shares Each Representing 1/1000 of a 3.875% Cumulative Preferred Share of Beneficial Interest Series N,$15.38,0.03,0.195%,,United States,,9277,,
PSA^O,Public Storage Depositary Shares Each Representing 1/1000 of a 3.900% Cumulative Preferred Share of Beneficial Interest Series O,$15.49,0.025,0.162%,,United States,,2063,,
PSA^P,Public Storage Depositary Shares Each Representing 1/1000 of a 4.000% Cumulative Preferred Share of Bene cial Interest Series P,$16.07,0.05,0.312%,,United States,,12506,,
PSA^Q,Public Storage Depositary Shares Each Representing 1/1000 of a 3.950% Cumulative Preferred Share of Beneficial Interest Series Q par value $0.01 per share,$15.64,0.08,0.514%,,United States,,1723,,
PSA^R,Public Storage Depositary Shares Each Representing 1/1000 of a 4.00% Cumulative Preferred Share of Bene cial Interest Series R,$15.97,0.06,0.377%,,United States,,12974,,
PSA^S,Public Storage Depositary Shares Each Representing 1/1000 of a 4.100% Cumulative Preferred Share of Beneficial Interest Series S,$16.26,-0.03,-0.184%,,United States,,2728,,
PSBD,Palmer Square Capital BDC Inc. Common Stock,$10.71,0.11,1.038%,0.00,,2024,7799,,
PSEC,Prospect Capital Corporation Common Stock,$2.72,0.01,0.369%,1323239050.00,United States,2004,2592232,Finance,Finance: Consumer Services
PSEC^A,Prospect Capital Corporation 5.35% Series A Fixed Rate Cumulative Perpetual Preferred Stock,$17.725,-0.125,-0.70%,,United States,,949,,
PSF,Cohen & Steers Select Preferred and Income Fund Inc. Common Stock,$19.8301,0.0401,0.203%,974423907.00,,2010,18394,Finance,Investment Managers
PSFE,Paysafe Limited Common Shares,$8.615,0.055,0.643%,548572040.00,,2021,78151,Real Estate,Real Estate
PSHG,Performance Shipping Inc. Common Shares,$1.80,0.04,2.273%,22377884.00,Greece,,23426,Consumer Discretionary,Marine Transportation
PSIG,PS International Group Ltd. Ordinary Shares,$6.48,0.18,2.857%,55877701.00,Hong Kong,,739623,Industrials,Integrated Freight & Logistics
PSIX,Power Solutions International Inc. Common Stock,$77.885,-0.345,-0.441%,1795284298.00,United States,,168307,Industrials,Industrial Machinery/Components
PSKY,Paramount Skydance Corporation Class B Common Stock,$11.07,-0.20,-1.775%,12306974077.00,United States,,2595073,Industrials,Broadcasting
PSMT,PriceSmart Inc. Common Stock,$164.105,1.955,1.206%,5070168223.00,United States,,59797,Consumer Discretionary,Department/Specialty Retail Stores
PSN,Parsons Corporation Common Stock,$52.70,0.87,1.679%,5639505839.00,United States,2019,294176,Technology,EDP Services
PSNL,Personalis Inc. Common Stock,$5.991,0.091,1.542%,627125299.00,United States,2019,627359,Health Care,Medical Specialities
PSNY,Polestar Automotive Holding UK PLC Class A ADS,$17.715,0.025,0.141%,2580986890.00,Sweden,,26541,Industrials,Auto Manufacturing
PSNYW,Polestar Automotive Holding UK PLC Class C-1 ADS (ADW),$3.22,-0.105,-3.158%,469137894.00,Sweden,,866,Industrials,Auto Manufacturing
PSO,Pearson Plc Common Stock,$14.445,0.005,0.035%,9183740089.00,United Kingdom,,697955,Consumer Discretionary,Books
PSQH,PSQ Holdings Inc. Class A Common Stock,$0.7237,0.0037,0.514%,35256663.00,,2021,62982,Consumer Discretionary,Advertising
PSTL,Postal Realty Trust Inc. Class A Common Stock,$21.79,0.04,0.184%,598626734.00,United States,2019,64861,Real Estate,Real Estate Investment Trusts
PSTV,PLUS THERAPEUTICS Inc. Common Stock ,$6.725,-0.555,-7.624%,46147138.00,United States,,113854,Health Care,Medical/Dental Instruments
PSX,Phillips 66 Common Stock,$160.60,1.07,0.671%,64397804115.00,United States,,742830,Energy,Integrated oil Companies
PTA,Cohen & Steers Tax-Advantaged Preferred Securities and Income Fund Common Shares of Beneficial Interest,$19.23,-0.06,-0.311%,1062908578.00,United States,2020,49540,Finance,Trusts Except Educational Religious and Charitable
PTC,PTC Inc. Common Stock,$135.72,-0.11,-0.081%,16150152864.00,United States,,306414,Technology,Computer Software: Prepackaged Software
PTCT,PTC Therapeutics Inc. Common Stock,$68.17,-0.42,-0.612%,5652096247.00,United States,2013,230352,Health Care,Biotechnology: Pharmaceutical Preparations
PTEN,Patterson-UTI Energy Inc. Common Stock,$11.505,0.365,3.276%,4367326348.00,United States,1993,3378926,Energy,Oil & Gas Production
PTGX,Protagonist Therapeutics Inc. Common Stock,$99.58,-3.04,-2.962%,6354071939.00,United States,2016,215887,Health Care,Biotechnology: Pharmaceutical Preparations
PTHS,Pelthos Therapeutics Inc. Common Stock,$22.98,-0.22,-0.948%,77110378.00,,2024,11470,Health Care,Biotechnology: Biological Products (No Diagnostic Substances)
PTLE,PTL LTD Class A Ordinary Shares,$6.51,0.11,1.719%,40889922.00,Singapore,2024,911,Energy,Oil Refining/Marketing
PTLO,Portillo's Inc. Class A Common Stock,$6.50,0.11,1.721%,491299647.00,United States,2021,421680,Consumer Discretionary,Restaurants
PTN,Palatin Technologies Inc. Common Stock,$21.24,0.69,3.358%,37641507.00,United States,,3657,Health Care,Biotechnology: Pharmaceutical Preparations
PTON,Peloton Interactive Inc. Class A Common Stock,$5.205,0.255,5.152%,2214670713.00,United States,2019,5777136,Consumer Discretionary,Recreational Games/Products/Toys
PTOR,Praetorian Acquisition Corp. Class A Ordinary Shares,$9.84,0.00,0.00%,0.00,United States,2026,2677,Finance,Blank Checks
PTORU,Praetorian Acquisition Corp. Units,$9.945,0.025,0.252%,0.00,United States,2026,370,,
PTORW,Praetorian Acquisition Corp. Warrant,$0.30,0.00,0.00%,0.00,United States,2026,3300,Finance,Blank Checks
PTRN,Pattern Group Inc. Series A Common Stock,$13.56,0.30,2.262%,2396952804.00,United States,2025,168518,Consumer Discretionary,Catalog/Specialty Distribution
PTY,Pimco Corporate & Income Opportunity Fund,$12.145,0.045,0.372%,0.00,United States,2002,291386,Finance,Investment Managers
PUBM,PubMatic Inc. Class A Common Stock,$9.31,0.15,1.638%,434537984.00,United States,2020,200737,Technology,Computer Software: Programming Data Processing
PUK,Prudential Public Limited Company Common Stock,$30.725,0.355,1.169%,39254858554.00,United Kingdom,,350621,Finance,Life Insurance
PULM,Pulmatrix Inc. Common Stock,$1.3836,-0.0164,-1.171%,5053302.00,United States,2014,2946,Health Care,Biotechnology: Pharmaceutical Preparations
PUMP,ProPetro Holding Corp. Common Stock,$17.02,0.19,1.129%,2086940932.00,United States,2017,653618,Energy,Oilfield Services/Equipment
PURR,Hyperliquid Strategies Inc Common Stock,$6.095,0.125,2.094%,755581961.00,United States,,1647957,Finance,Finance: Consumer Services
PVH,PVH Corp. Common Stock,$93.89,-1.46,-1.531%,4301244364.00,United States,,262194,Industrials,Garments and Clothing
PVL,Permianville Royalty Trust Units of Beneficial Interest,$1.825,0.015,0.829%,60225000.00,United States,2011,67758,Energy,Oil & Gas Production
PVLA,Palvella Therapeutics Inc. Common Stock,$123.05,-4.00,-3.148%,1761295740.00,United States,,54624,Health Care,Biotechnology: Pharmaceutical Preparations
PW,Power REIT (MD) Common Stock,$0.74,0.004,0.543%,2717483.00,United States,1998,5738,Real Estate,Real Estate Investment Trusts
PW^A,Power REIT 7.75% Series A Cumulative Perpetual Preferred Stock,$8.2499,0.2599,3.253%,,United States,,2484,,
PWP,Perella Weinberg Partners Class A Common Stock,$21.11,0.18,0.86%,1952267408.00,United States,2020,202331,Finance,Finance: Consumer Services
PWR,Quanta Services Inc. Common Stock,$629.4825,-3.9575,-0.625%,94458079247.00,United States,,352425,Industrials,Engineering & Construction
PXED,Phoenix Education Partners Inc. Common Stock,$26.99,0.29,1.086%,966538269.00,,2025,29171,Real Estate,Other Consumer Services
PXLW,Pixelworks Inc.  Common Stock,$5.8601,0.2301,4.087%,37277608.00,United States,2000,39758,Technology,Semiconductors
PXS,Pyxis Tankers Inc. Common Stock,$4.3896,0.0096,0.219%,45103750.00,Greece,,15893,Consumer Discretionary,Marine Transportation
PYPD,PolyPid Ltd. Ordinary Shares,$4.56,-0.08,-1.724%,87019556.00,Israel,2020,12840,Health Care,Biotechnology: Pharmaceutical Preparations
PYPL,PayPal Holdings Inc. Common Stock,$50.09,0.34,0.683%,46116086909.00,United States,,4020659,Industrials,Diversified Commercial Services
PYT,PPlus Tr GSC-2 Tr Ctf Fltg Rate,$23.54,0.00,0.00%,0.00,United States,,99,Finance,Finance: Consumer Services
PYXS,Pyxis Oncology Inc. Common Stock,$1.965,0.255,14.912%,123463398.00,United States,2021,450293,Health Care,Biotechnology: Pharmaceutical Preparations
PZG,Paramount Gold Nevada Corp. Common Stock,$1.675,-0.005,-0.298%,140387180.00,United States,2015,545175,Basic Materials,Metal Mining
PZZA,Papa John's International Inc. Common Stock,$37.17,0.24,0.65%,1222561852.00,United States,1993,165405,Consumer Discretionary,Restaurants
Q,Qnity Electronics Inc. Common Stock,$144.755,4.625,3.301%,30338103931.00,United States,2025,683275,Technology,Semiconductors
QADRU,QDRO Acquisition Corp. Units,$9.93,-0.005,-0.05%,0.00,United States,2026,25283,Finance,Blank Checks
QBTS,D-Wave Quantum Inc. Common Shares,$18.485,-0.825,-4.272%,6779144554.00,United States,2022,15891719,Technology,EDP Services
QCLS,Q/C Technologies Inc. Common Stock,$3.88,0.18,4.865%,30471305.00,United States,2014,241334,Health Care,Biotechnology: In Vitro & In Vivo Diagnostic Substances
QCOM,QUALCOMM Incorporated Common Stock,$149.015,15.065,11.247%,158999005000.00,United States,1991,17584751,Technology,Radio And Television Broadcasting And Communications Equipment
QCRH,QCR Holdings Inc. Common Stock,$87.69,-0.87,-0.982%,1468220152.00,United States,,56523,Finance,Major Banks
QDEL,QuidelOrtho Corporation Common Stock,$11.41,0.17,1.512%,776812961.00,United States,,674481,Health Care,Biotechnology: In Vitro & In Vivo Diagnostic Substances
QETA,Quetta Acquisition Corporation Common Stock,$11.50,0.00,0.00%,0.00,United States,2023,1,Finance,Blank Checks
QETAR,Quetta Acquisition Corporation Right,$1.21,-0.04,-3.20%,0.00,United States,2023,5700,Finance,Blank Checks
QFIN,Qfin Holdings Inc. American Depositary Shares,$12.845,0.095,0.745%,1728937000.00,China,2018,1084100,Finance,Finance: Consumer Services
QGEN,Qiagen N.V. Common Shares,$38.13,0.16,0.421%,7857630332.00,Netherlands,2026,427226,Health Care,Biotechnology: Biological Products (No Diagnostic Substances)
QLYS,Qualys Inc. Common Stock,$83.93,-0.11,-0.131%,2961885420.00,United States,2012,171695,Technology,Computer Software: Prepackaged Software
QMCO,Quantum Corporation Common Stock,$7.325,0.285,4.048%,107223562.00,United States,,471221,Technology,Electronic Components
QNC,Quantum eMotion Corp. Common Shares,$2.73,-0.04,-1.444%,596747069.00,,2026,318228,,
QNCX,Quince Therapeutics Inc. Common Stock,$1.339,-0.021,-1.544%,21826763.00,United States,2019,708608,Health Care,Biotechnology: Biological Products (No Diagnostic Substances)
QNRX,Quoin Pharmaceuticals Ltd. American Depositary Shares,$5.57,-0.16,-2.792%,10046202.00,Israel,2016,14302,Health Care,Medical/Dental Instruments
QNST,QuinStreet Inc. Common Stock,$12.845,0.275,2.188%,732087146.00,United States,2010,212527,Real Estate,Real Estate
QNTM,Quantum Biopharma Ltd. Class B Subordinate Voting Shares,$3.505,0.295,9.19%,20431574.00,Canada,,121685,Health Care,Biotechnology: Pharmaceutical Preparations
QQQX,Nuveen NASDAQ 100 Dynamic Overwrite Fund Shares of Beneficial Interest,$29.89,0.28,0.946%,0.00,United States,,30109,Finance,Finance Companies
QRHC,Quest Resource Holding Corporation Common Stock,$1.135,-0.015,-1.304%,23789317.00,United States,,33135,Utilities,Environmental Services
QRVO,Qorvo Inc. Common Stock,$86.98,2.33,2.753%,8063539959.00,United States,,666689,Technology,Semiconductors
QS,QuantumScape Corporation Class A Common Stock,$7.18,-0.23,-3.104%,4398338107.00,United States,,49939910,Miscellaneous,Industrial Machinery/Components
QSEA,Quartzsea Acquisition Corporation Ordinary Shares,$10.38,-0.02,-0.192%,0.00,United States,2025,1875,Finance,Blank Checks
QSEAU,Quartzsea Acquisition Corporation Units,$11.00,-0.03,-0.272%,0.00,United States,2025,208,Finance,Blank Checks
QSI,Quantum-Si Incorporated Class A Common Stock,$0.9243,-0.0163,-1.733%,199989657.00,United States,2020,4939532,Industrials,Industrial Machinery/Components
QSIAW,Quantum-Si Incorporated Warrant,$0.088,0.00,0.00%,19040452.00,United States,2020,198,Industrials,Industrial Machinery/Components
QSR,Restaurant Brands International Inc. Common Shares,$81.445,0.215,0.265%,37127537084.00,Canada,2014,1688593,Consumer Discretionary,Restaurants
QTI,QT Imaging Holdings Inc. Common Stock,$6.32,-0.20,-3.067%,76108600.00,United States,,6311,Health Care,Biotechnology: Electromedical & Electrotherapeutic Apparatus
QTRX,Quanterix Corporation Common Stock,$3.235,0.075,2.373%,151850819.00,United States,2017,211396,Industrials,Biotechnology: Laboratory Analytical Instruments
QTTB,Q32 Bio Inc. Common Stock,$6.18,-0.30,-4.63%,90410081.00,United States,2018,150387,Health Care,Biotechnology: Pharmaceutical Preparations
QTWO,Q2 Holdings Inc. Common Stock,$48.05,0.54,1.137%,2998530075.00,United States,2014,223190,Technology,Computer Software: Prepackaged Software
QUAD,Quad Graphics Inc Class A Common Stock,$7.93,0.12,1.536%,403246448.00,United States,,79443,Consumer Discretionary,Publishing
QUBT,Quantum Computing Inc. Common Stock,$8.93,-0.12,-1.326%,2013911790.00,United States,,8422761,Technology,Computer Software: Prepackaged Software
QUCY,Mainz Biomed N.V. Ordinary Shares,$0.5012,-0.0087,-1.706%,6272686.00,Germany,2021,71841,Health Care,Biotechnology: Pharmaceutical Preparations
QUIK,QuickLogic Corporation Common Stock,$13.38,1.50,12.626%,237099420.00,United States,1999,879341,Technology,Semiconductors
QUMS,Quantumsphere Acquisition Corp. Ordinary Shares,$10.15,0.00,0.00%,0.00,United States,2025,2,,
QURE,uniQure N.V. Ordinary Shares,$17.58,0.04,0.228%,1108124517.00,Netherlands,2014,373142,Health Care,Biotechnology: Pharmaceutical Preparations
QXO,QXO Inc. Common Stock,$21.33,-0.77,-3.484%,15142058580.00,United States,,7213045,Consumer Discretionary,RETAIL: Building Materials
QXO^B,QXO Inc.  Depositary Shares each representing a 1/20th interest in a share of 5.50% Series B Mandatory Convertible Preferred Stock,$59.97,-1.69,-2.741%,,United States,,4443,,
R,Ryder System Inc. Common Stock,$252.6603,10.0703,4.151%,9960379652.00,United States,,129812,Consumer Discretionary,Rental/Leasing Companies
RA,Brookfield Real Assets Income Fund Inc. Common Stock,$12.905,-0.005,-0.039%,0.00,United States,2016,129553,Finance,Investment Managers
RAAQ,Real Asset Acquisition Corp. Class A Ordinary Share,$10.88,-0.04,-0.366%,0.00,United States,2025,47161,Finance,Blank Checks
RAAQU,Real Asset Acquisition Corp. Unit,$11.63,0.00,0.00%,0.00,United States,2025,60,Finance,Blank Checks
RAAQW,Real Asset Acquisition Corp. Warrants,$2.345,-0.025,-1.055%,0.00,United States,2025,36558,Finance,Blank Checks
RAC,Rithm Acquisition Corp. Class A Ordinary Shares,$10.42,0.00,0.00%,0.00,,2025,2,,
RAC/WS,Rithm Acquisition Corp.,$0.5544,-0.0756,-12.00%,,,,66388,,
RACE,Ferrari N.V. Common Shares,$352.05,-2.14,-0.604%,82360173195.00,Italy,2015,182899,Industrials,Auto Manufacturing
RADX,Radiopharm Theranostics Limited American Depositary Shares,$4.51,-0.015,-0.331%,57520784.00,Australia,,17172,Health Care,Biotechnology: Pharmaceutical Preparations
RAIL,FreightCar America Inc. Common Stock,$8.87,0.035,0.396%,169081315.00,United States,2005,49282,Industrials,Railroads
RAIN,Rain Enhancement Technologies Holdco Inc. Class A Common Stock,$2.36,0.01,0.426%,19325646.00,United States,,3289,Technology,Industrial Machinery/Components
RAINW,Rain Enhancement Technologies Holdco Inc. Warrants,$0.2325,-0.0076,-3.165%,1903904.00,United States,,439,Technology,Industrial Machinery/Components
RAL,Ralliant Corporation Common Stock,$44.87,-0.51,-1.124%,5014584691.00,United States,2025,415687,Industrials,Industrial Machinery/Components
RAMP,LiveRamp Holdings Inc. Common Stock,$28.75,0.65,2.313%,1814840703.00,United States,2018,98607,Technology,EDP Services
RAND,Rand Capital Corporation Common Stock,$10.94,-0.115,-1.04%,32489765.00,United States,,792,Finance,Finance: Consumer Services
RANG,Range Capital Acquisition Corp. Ordinary Shares,$10.57,0.00,0.00%,0.00,United States,2025,1,,
RANGR,Range Capital Acquisition Corp. Rights,$0.29,-0.01,-3.333%,0.00,United States,2025,600,,
RANI,Rani Therapeutics Holdings Inc. Class A Common Stock,$0.8974,-0.0181,-1.977%,111001457.00,United States,2021,315737,Health Care,Biotechnology: Pharmaceutical Preparations
RAPP,Rapport Therapeutics Inc. Common Stock,$36.13,-0.23,-0.633%,1726759031.00,United States,2024,110911,Health Care,Biotechnology: Pharmaceutical Preparations
RARE,Ultragenyx Pharmaceutical Inc. Common Stock,$23.905,-0.375,-1.544%,2350038732.00,United States,2014,396045,Health Care,Biotechnology: Pharmaceutical Preparations
RAVE,Rave Restaurant Group Inc. Common Stock,$2.72,0.11,4.215%,38655460.00,United States,,44349,Consumer Discretionary,Food Distributors
RAY,Raytech Holding Limited Ordinary Shares,$2.6443,0.0943,3.698%,7205400.00,Hong Kong,2024,4938,Consumer Discretionary,Consumer Electronics/Appliances
RAYA,Erayak Power Solution Group Inc. Class A Ordinary Shares,$3.42,-0.05,-1.441%,3360372.00,China,2022,16420,Consumer Discretionary,Metal Fabrications
RBA,RB Global Inc. Common Stock,$106.16,-0.06,-0.056%,19713062932.00,Canada,,571774,Real Estate,Real Estate
RBB,RBB Bancorp Common Stock,$24.065,0.065,0.271%,410889636.00,United States,2017,11769,Finance,Major Banks
RBBN,Ribbon Communications Inc. Common Stock,$2.775,0.065,2.399%,487033670.00,United States,,523620,Technology,EDP Services
RBC,RBC Bearings Incorporated Common Stock,$597.59,-3.80,-0.632%,18895174904.00,United States,2022,51977,Industrials,Metal Fabrications
RBCAA,Republic Bancorp Inc. Class A Common Stock,$73.725,-3.095,-4.029%,1445698960.00,United States,1998,50553,Finance,Major Banks
RBKB,Rhinebeck Bancorp Inc. Common Stock,$16.03,0.28,1.778%,178782157.00,United States,2019,1156,Finance,Banks
RBLX,Roblox Corporation Class A Common Stock,$54.175,-1.275,-2.299%,38462412330.00,United States,2021,7143646,Technology,Computer Software: Prepackaged Software
RBNE,Robin Energy Ltd. Common Stock,$1.905,-0.135,-6.618%,5286118.00,Cyprus,,111596,Consumer Discretionary,Marine Transportation
RBRK,Rubrik Inc. Class A Common Stock,$51.95,0.92,1.803%,10691820980.00,United States,2024,877862,Technology,Computer Software: Prepackaged Software
RC,Ready Capital Corporation Common Stock,$1.84,0.03,1.657%,299696953.00,United States,2013,294663,Real Estate,Real Estate Investment Trusts
RC^C,Ready Capital Corporation 6.25% Series C Cumulative Convertible Preferred Stock,$11.8199,-0.0001,-0.001%,,United States,,378,,
RC^E,Ready Capital Corporation 6.50% Series E Cumulative Redeemable Preferred Stock,$12.30,0.035,0.285%,,United States,,714,,
RCAT,Red Cat Holdings Inc. Common Stock,$12.05,-0.49,-3.907%,1459722106.00,United States,,7301307,Technology,Computer Software: Prepackaged Software
RCD,Ready Capital Corporation 9.00% Senior Notes due 2029,$21.96,0.075,0.343%,0.00,United States,2024,896,Real Estate,Real Estate Investment Trusts
RCEL,Avita Medical Inc. Common Stock,$4.34,0.01,0.231%,133570830.00,United States,,49036,Health Care,Medical/Dental Instruments
RCG,RENN Fund Inc Common Stock,$2.86,-0.0789,-2.685%,0.00,United States,,2565,Finance,Investment Managers
RCI,Rogers Communication Inc. Common Stock,$36.145,-1.205,-3.226%,19526406528.00,Canada,,547833,Telecommunications,Cable & Other Pay Television Services
RCKT,Rocket Pharmaceuticals Inc. Common Stock,$3.5601,-0.1199,-3.258%,388488212.00,United States,2015,638617,Health Care,Biotechnology: Pharmaceutical Preparations
RCKTW,Rocket Pharmaceuticals Inc. Warrant,$0.01,0.00,0.00%,1091228.00,United States,,20012,Health Care,Biotechnology: Pharmaceutical Preparations
RCKY,Rocky Brands Inc. Common Stock,$43.35,0.055,0.127%,326706755.00,United States,1993,14082,Consumer Discretionary,Shoe Manufacturing
RCL,Royal Caribbean Cruises Ltd. Common Stock,$263.2134,2.7834,1.069%,70591917950.00,United States,1993,569099,Consumer Discretionary,Marine Transportation
RCMT,RCM Technologies Inc. Common Stock,$31.8675,0.9475,3.064%,223849334.00,United States,,25391,Consumer Discretionary,Professional Services
RCON,Recon Technology Ltd. Class A Ordinary Shares,$0.97,-0.02,-2.02%,29708603.00,China,2009,2105,Energy,Oilfield Services/Equipment
RCS,PIMCO Strategic Income Fund Inc.,$5.395,0.015,0.279%,0.00,United States,1994,75166,Finance,Investment Managers
RCT,RedCloud Holdings plc Ordinary Shares,$0.7251,-0.0028,-0.385%,40111337.00,United Kingdom,2025,403110,Technology,Computer Software: Programming Data Processing
RCUS,Arcus Biosciences Inc. Common Stock,$25.29,0.16,0.637%,3177149368.00,United States,2018,242786,Health Care,Biotechnology: Pharmaceutical Preparations
RDAC,Rising Dragon Acquisition Corp. Ordinary Shares,$5.66,0.00,0.00%,0.00,China,2024,113,,
RDACU,Rising Dragon Acquisition Corp. Unit,$4.70,0.00,0.00%,0.00,China,2024,2,Finance,Blank Checks
RDAG,Republic Digital Acquisition Company Class A Ordinary Shares,$10.25,-0.0051,-0.05%,0.00,United States,2025,180739,Finance,Blank Checks
RDAGW,Republic Digital Acquisition Company Warrants,$0.4155,-0.0744,-15.187%,0.00,United States,2025,1145,Finance,Blank Checks
RDCM,Radcom Ltd. Ordinary Shares,$15.72,0.34,2.211%,262373984.00,Israel,1997,356098,Technology,Computer peripheral equipment
RDDT,Reddit Inc. Class A Common Stock,$153.845,0.885,0.579%,29389900189.00,United States,2024,1526302,Technology,EDP Services
RDGT,Ridgetech Inc. Ordinary Shares,$1.7887,0.0087,0.489%,1607873.00,China,,110717,Consumer Staples,Retail-Drug Stores and Proprietary Stores
RDHL,Redhill Biopharma Ltd. American Depositary Shares,$1.01,-0.02,-1.942%,5164014.00,Israel,,67091,Health Care,Biotechnology: Pharmaceutical Preparations
RDI,Reading International Inc Class A Common Stock,$1.14,0.00,0.00%,25897676.00,United States,,2959,Consumer Discretionary,Movies/Entertainment
RDIB,Reading International Inc Class B Common Stock,$9.51,0.00,0.00%,216041143.00,United States,,104,Consumer Discretionary,Movies/Entertainment
RDN,Radian Group Inc. Common Stock,$35.685,-0.285,-0.792%,4811289683.00,United States,,88661,Finance,Property-Casualty Insurers
RDNT,RadNet Inc. Common Stock,$57.125,0.685,1.214%,4486354605.00,United States,,87461,Health Care,Medical Specialities
RDNW,RideNow Group Inc. Class B Common Stock,$6.85,0.01,0.146%,263120166.00,United States,,19645,Technology,EDP Services
RDVT,Red Violet Inc. Common Stock ,$38.68,0.59,1.549%,545867284.00,United States,,21109,Technology,Computer Software: Prepackaged Software
RDW,Redwire Corporation Common Stock,$9.865,-0.175,-1.743%,1962333252.00,United States,2021,15506680,Industrials,Military/Government/Technical
RDWR,Radware Ltd. Ordinary Shares,$25.82,0.19,0.741%,1092365965.00,Israel,1999,49083,Real Estate,Real Estate
RDY,Dr. Reddy's Laboratories Ltd Common Stock,$13.585,0.005,0.037%,11336076134.00,India,,1333639,Health Care,Biotechnology: Pharmaceutical Preparations
RDZN,Roadzen Inc. Ordinary Shares,$1.39,-0.02,-1.418%,110776984.00,United States,2022,88566,Finance,Specialty Insurers
RDZNW,Roadzen Inc. Warrants,$0.1405,0.0302,27.38%,11197242.00,United States,2022,26731,Finance,Specialty Insurers
REAL,The RealReal Inc. Common Stock,$12.095,-0.445,-3.549%,1456998159.00,United States,2019,724207,Consumer Discretionary,Other Specialty Stores
REAX,The Real Brokerage Inc. Common Shares,$2.625,0.015,0.575%,557287500.00,Canada,,230798,Finance,Real Estate
REBN,Reborn Coffee Inc. Common Stock,$2.50,0.11,4.603%,20533638.00,United States,2022,26274,Consumer Discretionary,Restaurants
RECT,Rectitude Holdings Ltd Ordinary Shares,$1.50,0.15,11.111%,21750000.00,Singapore,2024,46999,Consumer Discretionary,Industrial Machinery/Components
REE,REE Automotive Ltd. Class A Ordinary Shares,$0.5702,-0.0197,-3.34%,17688135.00,Israel,,6116,Industrials,Auto Manufacturing
REED,Reed's Inc. Common Stock,$3.76,0.01,0.267%,0.00,,2025,1773,,
REFI,Chicago Atlantic Real Estate Finance Inc. Common Stock,$12.105,0.205,1.723%,255176693.00,United States,2021,56283,Real Estate,Real Estate Investment Trusts
REFR,Research Frontiers Incorporated Common Stock,$0.9897,-0.0099,-0.99%,34291344.00,United States,,11510,Miscellaneous,Multi-Sector Companies
REG,Regency Centers Corporation Common Stock,$80.21,-0.53,-0.656%,14685117027.00,United States,1993,190711,Real Estate,Real Estate Investment Trusts
REGCO,Regency Centers Corporation 5.875% Series B Cumulative Redeemable Preferred Stock,$22.11,0.09,0.409%,4047973289.00,United States,,403,Real Estate,Real Estate Investment Trusts
REGCP,Regency Centers Corporation 6.25% Series A Cumulative Redeemable Preferred Stock,$23.02,-0.18,-0.776%,4214579154.00,United States,,944,Real Estate,Real Estate Investment Trusts
REGN,Regeneron Pharmaceuticals Inc. Common Stock,$744.17,-21.85,-2.852%,78673508031.00,United States,1991,316909,Health Care,Biotechnology: Pharmaceutical Preparations
REI,Ring Energy Inc. Common Stock,$1.51,-0.02,-1.307%,316186616.00,United States,,1059985,Energy,Oil & Gas Production
REKR,Rekor Systems Inc. Common Stock,$0.8502,0.006,0.711%,116118766.00,United States,,913881,Telecommunications,Telecommunications Equipment
RELL,Richardson Electronics Ltd. Common Stock,$14.315,0.175,1.238%,208382338.00,United States,1983,56350,Technology,Electronic Components
RELX,RELX PLC PLC American Depositary Shares (Each representing One Ordinary Share),$36.36,0.23,0.637%,66319821718.00,United Kingdom,2015,2022164,Real Estate,Real Estate
RELY,Remitly Global Inc. Common Stock,$20.81,0.35,1.711%,4383717773.00,United States,2021,726628,Real Estate,Real Estate
RENT,Rent the Runway Inc. Class A Common Stock,$5.00,0.19,3.95%,167097065.00,United States,2021,13786,Consumer Discretionary,Other Specialty Stores
RENX,RenX Enterprises Corp. Common Stock,$2.72,0.01,0.369%,6820501.00,United States,,439544,Finance,Real Estate
REPL,Replimune Group Inc. Common Stock,$2.485,-0.365,-12.807%,205192958.00,United States,2018,4836399,Health Care,Biotechnology: Biological Products (No Diagnostic Substances)
REPX,Riley Exploration Permian Inc. Common Stock,$35.33,-0.86,-2.376%,761977231.00,United States,1999,136616,Energy,Oil & Gas Production
RERE,ATRenew Inc. American Depositary Shares (every three of which representing two Class A ordinary shares),$4.675,0.005,0.107%,1025063856.00,Cayman Islands,2021,374345,Consumer Discretionary,Other Specialty Stores
RES,RPC Inc. Common Stock,$7.93,0.23,2.987%,1757599411.00,United States,,1008619,Energy,Oilfield Services/Equipment
RETO,ReTo Eco-Solutions Inc. Class A Shares,$0.6871,-0.0009,-0.131%,1964310.00,China,2017,288162,Industrials,Industrial Machinery/Components
REVB,Revelation Biosciences Inc. Common Stock,$1.17,0.01,0.862%,4352891.00,United States,2020,10000,Health Care,Biotechnology: Pharmaceutical Preparations
REX,REX American Resources Corporation,$46.50,-0.05,-0.107%,1531603887.00,United States,,33194,Industrials,Major Chemicals
REXR,Rexford Industrial Realty Inc. Common Stock,$35.585,-0.745,-2.051%,7989590140.00,United States,2013,2639332,Real Estate,Real Estate Investment Trusts
REXR^B,Rexford Industrial Realty Inc. 5.875% Series B Cumulative Redeemable Preferred Stock,$21.76,-0.04,-0.183%,,United States,,10610,,
REXR^C,Rexford Industrial Realty Inc. 5.625% Series C Cumulative Redeemable Preferred Stock par value $0.01 per share,$20.85,0.05,0.24%,,United States,,5969,,
REYN,Reynolds Consumer Products Inc. Common Stock,$21.075,0.195,0.934%,4441254667.00,United States,2020,323916,Consumer Discretionary,Containers/Packaging
REZI,Resideo Technologies Inc. Common Stock ,$40.75,0.12,0.295%,6170414837.00,United States,2018,361325,Industrials,Wholesale Distributors
RF,Regions Financial Corporation Common Stock,$28.01,-0.39,-1.373%,24285142165.00,United States,,2419778,Finance,Major Banks
RF^C,Regions Financial Corporation Depositary Shares each Representing a 1/40th Interest in a  Share of 5.700% Fixed-to-Floating Rate Non-Cumulative  Perpetual Preferred Stock Series C,$24.75,0.12,0.487%,,United States,,10695,,
RF^E,Regions Financial Corporation Depositary Shares Each Representing a 1/40th Interest in a Share of 4.45% Non-Cumulative Perpetual Preferred Stock Series E,$16.80,0.02,0.119%,,United States,,7464,,
RF^F,Regions Financial Corporation Depositary Shares Each Representing a 1/40th Interest in a Share of Non-Cumulative Perpetual Preferred Stock Series F,$25.61,-0.02,-0.078%,,United States,,4876,,
RFAI,RF Acquisition Corp II Ordinary Shares,$10.92,-0.01,-0.091%,0.00,Singapore,2024,1718,,
RFAIR,RF Acquisition Corp II Right,$0.10,0.00,0.00%,0.00,Singapore,2024,103,Technology,Computer Software: Prepackaged Software
RFAM,RF Acquisition Corp III Ordinary Shares,$9.90,0.08,0.815%,0.00,Singapore,2026,991,,
RFAMU,RF Acquisition Corp III Units,$9.96,-0.005,-0.05%,0.00,Singapore,2026,25699,Finance,Blank Checks
RFI,Cohen & Steers Total Return Realty Fund Inc. Common Stock,$11.534,0.044,0.383%,566764935.00,United States,1993,31227,Finance,Investment Managers
RFIL,RF Industries Ltd. Common Stock,$14.97,0.57,3.958%,161889577.00,United States,,60542,Technology,Electrical Products
RFL,Rafael Holdings Inc. Class B Common Stock,$1.2703,-0.0297,-2.285%,66071021.00,United States,2018,63246,Finance,Real Estate
RFM,RiverNorth Flexible Municipal Income Fund Inc. Common Stock,$14.26,-0.0008,-0.006%,87195608.00,,2020,3054,Finance,Finance/Investors Services
RFMZ,RiverNorth Flexible Municipal Income Fund II Inc. Common Stock,$13.00,0.06,0.464%,316572828.00,,2021,9186,Finance,Trusts Except Educational Religious and Charitable
RGA,Reinsurance Group of America Incorporated Common Stock,$210.06,0.48,0.229%,13760869694.00,United States,,71159,Finance,Life Insurance
RGC,Regencell Bioscience Holdings Limited Ordinary Shares,$27.45,-0.86,-3.038%,13573720525.00,Hong Kong,2021,34239,Health Care, Medicinal Chemicals and Botanical Products 
RGCO,RGC Resources Inc. Common Stock,$22.29,-0.39,-1.72%,231693115.00,United States,,1525,Utilities,Oil & Gas Production
RGEN,Repligen Corporation Common Stock,$116.24,2.18,1.911%,6555851610.00,United States,1986,577112,Health Care,Biotechnology: Biological Products (No Diagnostic Substances)
RGLD,Royal Gold Inc. Common Stock,$252.425,1.175,0.468%,21415510322.00,United States,,376115,Industrials,Precious Metals
RGNT,Regentis Biomaterials Ltd. Ordinary Shares,$3.13,0.05,1.623%,16211453.00,,2025,1093,Health Care,Biotechnology: Pharmaceutical Preparations
RGNX,REGENXBIO Inc. Common Stock,$8.84,-0.15,-1.669%,456296340.00,United States,2015,317774,Health Care,Biotechnology: Biological Products (No Diagnostic Substances)
RGP,Resources Connection Inc. Common Stock,$3.935,0.035,0.897%,135085969.00,United States,,80206,Real Estate,Real Estate
RGR,Sturm Ruger & Company Inc. Common Stock,$42.94,0.61,1.441%,684648242.00,United States,,14650,Industrials,Ordnance And Accessories
RGS,Regis Corporation Common Stock,$27.6917,0.6017,2.221%,69195411.00,United States,1991,777,Consumer Discretionary,Other Consumer Services
RGT,Royce Global Trust Inc. Common Stock,$14.46,0.08,0.556%,90619996.00,,2013,12232,Finance,Trusts Except Educational Religious and Charitable
RGTI,Rigetti Computing Inc. Common Stock,$16.72,-0.14,-0.83%,5553557313.00,United States,,12024111,Technology,EDP Services
RGTIW,Rigetti Computing Inc. Warrants,$7.255,-0.285,-3.78%,2409752291.00,United States,,53024,Technology,EDP Services
RH,RH Common Stock,$138.48,0.39,0.282%,2608212084.00,United States,2012,264039,Consumer Discretionary,Other Specialty Stores
RHI,Robert Half Inc. Common Stock,$25.48,-1.72,-6.324%,2609030308.00,United States,,2214228,Consumer Discretionary,Professional Services
RHLD,Resolute Holdings Management Common Stock ,$139.91,-3.27,-2.284%,1185598739.00,United States,,125954,Finance,Finance: Consumer Services
RHP,Ryman Hospitality Properties Inc. (REIT),$101.41,0.82,0.815%,6399911274.00,United States,,111219,Real Estate,Real Estate Investment Trusts
RIBB,Ribbon Acquisition Corp Class A Ordinary Shares,$10.62,0.11,1.047%,0.00,Japan,2025,43201,,
RICK,RCI Hospitality Holdings Inc. Common Stock,$25.725,0.025,0.097%,198339750.00,United States,1995,8551,Consumer Discretionary,Restaurants
RIG,Transocean Ltd (Switzerland) Common Stock,$6.135,0.075,1.238%,6789915097.00,Switzerland,,13970259,Energy,Oil & Gas Production
RIGL,Rigel Pharmaceuticals Inc. Common Stock,$30.05,-0.67,-2.181%,555324571.00,United States,2000,176664,Health Care,Biotechnology: Pharmaceutical Preparations
RILY,BRC Group Holdings Inc. Common Stock,$7.64,-0.06,-0.779%,268553120.00,United States,,198660,Finance,Investment Managers
RILYG,BRC Group Holdings Inc. 5.00% Senior Notes due 2026,$23.64,0.1601,0.682%,720950640.00,United States,,26045,Finance,Investment Managers
RILYL,BRC Group Holdings Inc. Depositary Shares each representing 1/1000th in a share of 7.375% Series B Cumulative Perpetual Preferred Stock par value $0.0001,$12.25,0.25,2.083%,430598917.00,United States,,2190,Finance,Investment Managers
RILYN,BRC Group Holdings Inc. 6.50% Senior Notes Due 2026,$24.5578,0.1079,0.441%,748940847.00,United States,,30308,Finance,Investment Managers
RILYP,BRC Group Holdings Inc. Depositary Shares each representing a 1/1000th fractional interest in a share of Series A Cumulative Perpetual Preferred Stock,$12.2691,0.9491,8.384%,431270300.00,United States,,1750,Finance,Investment Managers
RILYT,BRC Group Holdings Inc. 6.00% Senior Notes Due 2028,$19.01,0.45,2.425%,579749225.00,United States,,27219,Finance,Investment Managers
RILYZ,BRC Group Holdings Inc. 5.25% Senior Notes due 2028,$17.00,0.3999,2.409%,518450122.00,United States,,10235,Finance,Investment Managers
RIME,Algorhythm Holdings Inc. Common Stock,$1.025,0.005,0.49%,15017957.00,United States,,111150,Consumer Staples,Diversified Electronic Products
RIO,Rio Tinto Plc Common Stock,$99.73,0.88,0.89%,125261908615.00,Australia,2002,797197,Basic Materials,Metal Mining
RIOT,Riot Platforms Inc. Common Stock ,$18.515,0.305,1.675%,7019515094.00,United States,,10433078,Finance,Finance: Consumer Services
RITM,Rithm Capital Corp. Common Stock,$10.145,0.025,0.247%,5664020427.00,United States,,1341487,Real Estate,Real Estate Investment Trusts
RITM^A,Rithm Capital Corp. 7.50% Series A Fixed-to-Floating Rate Cumulative Redeemable Preferred Stock,$25.78,-0.0048,-0.019%,,United States,,3019,,
RITM^B,Rithm Capital Corp. 7.125% Series B Fixed-to-Floating Rate Cumulative Redeemable Preferred Stock,$25.56,-0.06,-0.234%,,United States,,12112,,
RITM^C,Rithm Capital Corp. 6.375% Series C Fixed-to-Floating Rate Cumulative Redeemable Preferred Stock,$24.80,0.05,0.202%,,United States,,17438,,
RITM^D,Rithm Capital Corp. 7.00% Fixed-Rate Reset Series D Cumulative Redeemable Preferred Stock,$25.12,0.07,0.279%,,United States,,29051,,
RITM^E,Rithm Capital Corp. 8.75% Series E Fixed-Rate Cumulative Redeemable Preferred Stock,$24.98,0.02,0.08%,,United States,,14687,,
RITM^F,Rithm Capital Corp. 8.750% Series F Fixed-Rate Reset Cumulative Redeemable Preferred Stock,$25.15,-0.02,-0.079%,,United States,,12985,,
RITR,Reitar Logtech Holdings Limited Ordinary shares,$0.4747,-0.0247,-4.946%,29642048.00,Hong Kong,2024,19630,Finance,Real Estate
RIV,RiverNorth Opportunities Fund Inc. Common Stock,$11.6467,-0.0633,-0.541%,0.00,United States,2015,12126,Finance,Finance Companies
RIV^A,RiverNorth Opportunities Fund Inc. 6.00% Series A Perpetual Preferred Stock,$22.76,0.0099,0.044%,,United States,,1102,,
RIVN,Rivian Automotive Inc. Class A Common Stock,$16.405,-0.545,-3.215%,20358437489.00,United States,2021,9757009,Industrials,Auto Manufacturing
RJET,Republic Airways Holdings Inc. Common Stock,$18.095,-0.025,-0.138%,847379368.00,United States,2018,58440,Consumer Discretionary,Air Freight/Delivery Services
RJF,Raymond James Financial Inc. Common Stock,$152.56,-0.85,-0.554%,30068208605.00,United States,,348006,Finance,Investment Bankers/Brokers/Service
RKDA,Arcadia Biosciences Inc. Common Stock,$1.06,0.00,0.00%,2180297.00,United States,2015,3120,Consumer Staples,Farming/Seeds/Milling
RKLB,Rocket Lab Corporation Common Stock,$81.2399,-3.3601,-3.972%,46775277875.00,United States,2020,12878789,Industrials,Military/Government/Technical
RKT,Rocket Companies Inc. Class A Common Stock,$15.765,0.485,3.174%,44454389418.00,United States,2020,7249883,Finance,Finance: Consumer Services
RL,Ralph Lauren Corporation Common Stock,$372.48,1.34,0.361%,22548603114.00,United States,1997,132917,Industrials,Garments and Clothing
RLAY,Relay Therapeutics Inc. Common Stock,$15.055,-0.035,-0.232%,2848548315.00,United States,2020,738942,Health Care,Biotechnology: Biological Products (No Diagnostic Substances)
RLGT,Radiant Logistics Inc. Common Stock,$8.53,0.10,1.186%,399430420.00,United States,,78015,Industrials,Integrated Freight & Logistics
RLI,RLI Corp. Common Stock (DE),$54.305,-0.635,-1.156%,4992472123.00,United States,,461953,Finance,Property-Casualty Insurers
RLJ,RLJ Lodging Trust Common Shares of Beneficial Interest $0.01 par value,$7.945,-0.005,-0.063%,1206984831.00,United States,2011,340519,Real Estate,Real Estate Investment Trusts
RLJ^A,RLJ Lodging Trust $1.95 Series A Cumulative Convertible  Preferred Shares,$24.8098,0.0398,0.161%,,United States,,10831,,
RLMD,Relmada Therapeutics Inc. Common Stock,$7.095,-0.155,-2.138%,744181942.00,United States,,274601,Health Care,Biotechnology: Pharmaceutical Preparations
RLTY,Cohen & Steers Real Estate Opportunities and Income Fund Common Shares of Beneficial Interest,$15.46,0.02,0.13%,0.00,,2022,27515,Finance,Investment Managers
RLX,RLX Technology Inc. American Depositary Shares each representing the right to receive one (1) Class A ordinary share,$2.20,0.00,0.00%,2482575940.00,Cayman Islands,2021,357261,Health Care, Medicinal Chemicals and Botanical Products 
RLYB,Rallybio Corporation Common Stock,$8.57,0.07,0.824%,45332515.00,United States,2021,4887,Health Care,Biotechnology: Pharmaceutical Preparations
RM,Regional Management Corp. Common Stock,$39.215,0.465,1.20%,365867166.00,United States,2012,33804,Finance,Finance: Consumer Services
RMAX,RE/MAX Holdings Inc. Class A Common Stock,$7.12,0.56,8.537%,143414272.00,United States,2013,285168,Finance,Real Estate
RMBI,Richmond Mutual Bancorporation Inc. Common Stock,$14.86,0.01,0.067%,156048724.00,United States,2019,20757,Finance,Major Banks
RMBS,Rambus Inc. Common Stock,$157.245,18.745,13.534%,16949553653.00,United States,1997,1599967,Technology,Semiconductors
RMCF,Rocky Mountain Chocolate Factory Inc. Common Stock,$2.25,0.08,3.687%,20998850.00,United States,,11195,Consumer Staples,Specialty Foods
RMCO,Royalty Management Holding Corporation Class A Common Stock,$2.8032,0.0532,1.935%,42467653.00,United States,2023,5343,Miscellaneous,Multi-Sector Companies
RMCOW,Royalty Management Holding Corporation Warrant,$0.1899,-0.0059,-3.013%,2876929.00,United States,2023,27200,Miscellaneous,Multi-Sector Companies
RMD,ResMed Inc. Common Stock,$218.625,-0.885,-0.403%,31848940419.00,United States,,241978,Health Care,Medical/Dental Instruments
RMI,RiverNorth Opportunistic Municipal Income Fund Inc. Common Stock,$15.26,-0.01,-0.065%,97256070.00,,2018,1054,Finance,Finance/Investors Services
RMIX,Suncrete Inc. Class A Common Stock,$15.14,-0.27,-1.752%,1296251448.00,United States,,26853,Industrials,Building Materials
RMM,RiverNorth Managed Duration Municipal Income Fund Inc. Common Stock,$14.1496,-0.0804,-0.565%,279307840.00,,2019,18146,Finance,Trusts Except Educational Religious and Charitable
RMMZ,RiverNorth Managed Duration Municipal Income Fund II Inc. Common Stock,$14.81,0.03,0.203%,292343891.00,,2022,2769,Finance,Investment Managers
RMNI,Rimini Street Inc. (DE) Common Stock,$3.48,0.00,0.00%,318990720.00,United States,2015,65234,Real Estate,Real Estate
RMR,The RMR Group Inc. Class A Common Stock,$17.035,0.305,1.823%,546111045.00,United States,,81501,Consumer Discretionary,Professional Services
RMSG,Real Messenger Corporation Ordinary Shares,$1.72,-0.23,-11.795%,16462603.00,United States,,254656,Technology,Computer Software: Programming Data Processing
RMSGW,Real Messenger Corporation Warrants,$0.0573,-0.0102,-15.111%,548434.00,United States,,5764,Technology,Computer Software: Programming Data Processing
RMT,Royce Micro-Cap Trust Inc. Common Stock,$13.21,0.04,0.304%,611214903.00,United States,,34448,Finance,Investment Managers
RMTI,Rockwell Medical Inc. Common Stock,$0.84,-0.0157,-1.835%,33100454.00,United States,1998,130401,Health Care,Biotechnology: Pharmaceutical Preparations
RNA,Atrium Therapeutics Inc. Common Stock,$13.60,-0.25,-1.805%,2110035186.00,United States,,60654,Health Care,Biotechnology: Pharmaceutical Preparations
RNAC,Cartesian Therapeutics Inc. Common Stock,$6.97,0.00,0.00%,184767897.00,United States,2016,66428,Health Care,Biotechnology: Pharmaceutical Preparations
RNAZ,TransCode Therapeutics Inc. Common Stock,$8.34,-0.33,-3.806%,7647513.00,United States,2021,733,Health Care,Biotechnology: Pharmaceutical Preparations
RNG,RingCentral Inc. Class A Common Stock,$39.79,1.16,3.003%,3345247600.00,United States,2013,389567,Technology,EDP Services
RNGR,Ranger Energy Services Inc. Class A Common Stock,$18.12,-0.24,-1.307%,433263062.00,United States,2017,158638,Energy,Oilfield Services/Equipment
RNGT,Range Capital Acquisition Corp II Class A Ordinary Shares,$10.04,0.03,0.30%,0.00,United States,2025,600,Finance,Blank Checks
RNGTU,Range Capital Acquisition Corp II Units,$10.21,0.00,0.00%,0.00,United States,2025,198,Finance,Blank Checks
RNGTW,Range Capital Acquisition Corp II Warrants,$0.3399,0.0082,2.472%,0.00,United States,2025,60261,Finance,Blank Checks
RNP,Cohen & Steers REIT and Preferred and Income Fund Inc. Common Shares,$20.77,0.11,0.532%,1020609304.00,United States,2003,52815,Finance,Investment Managers
RNR,RenaissanceRe Holdings Ltd. Common Stock,$309.64,-3.80,-1.212%,13362145109.00,Bermuda,,58987,Finance,Property-Casualty Insurers
RNR^F,RenaissanceRe Holdings Ltd. Depositary Shares each Representing a 1/1000th Interest in a 5.750% Series F Preference Share,$21.62,0.02,0.093%,,Bermuda,,5259,,
RNR^G,RenaissanceRe Holdings Ltd. Depositary Shares each representing a 1/1000th interest in a share of 4.20% Series G Preference Shares,$15.7411,-0.0189,-0.12%,,Bermuda,,5483,,
RNST,Renasant Corporation Common Stock,$39.335,-0.645,-1.613%,3703087646.00,United States,2023,94692,Finance,Major Banks
RNTX,Rein Therapeutics Inc. Common Stock,$1.73,-0.11,-5.978%,48507525.00,United States,2017,58903,Health Care,Biotechnology: Pharmaceutical Preparations
RNW,ReNew Energy Global plc Class A Ordinary Shares,$5.13,-0.05,-0.965%,1861005709.00,United Kingdom,,103004,Utilities,Electric Utilities: Central
RNWWW,ReNew Energy Global plc Warrant,$0.0039,0.00,0.00%,1414800.00,United Kingdom,,1,Utilities,Electric Utilities: Central
RNXT,RenovoRx Inc. Common Stock,$0.902,0.002,0.222%,40637541.00,United States,2021,157897,Health Care,Biotechnology: Pharmaceutical Preparations
ROAD,Construction Partners Inc. Class A Common Stock,$119.21,-2.52,-2.07%,6737197973.00,United States,2018,164143,Industrials,Military/Government/Technical
ROC,Rank One Computing Corporation Common stock,$6.00,0.19,3.27%,114480762.00,United States,2026,43038,Technology,Computer Software: Prepackaged Software
ROCK,Gibraltar Industries Inc. Common Stock,$39.70,-0.18,-0.451%,1177538881.00,United States,1993,165850,Industrials,Steel/Iron Ore
ROG,Rogers Corporation Common Stock,$132.63,4.21,3.278%,2365525946.00,United States,1960,47792,Industrials,Major Chemicals
ROIV,Roivant Sciences Ltd. Common Shares,$27.80,-0.34,-1.208%,19896491609.00,United Kingdom,,1391861,Health Care,Biotechnology: Pharmaceutical Preparations
ROK,Rockwell Automation Inc. Common Stock,$401.57,-7.34,-1.795%,45119565116.00,United States,,517935,Industrials,Industrial Machinery/Components
ROKU,Roku Inc. Class A Common Stock,$113.93,-1.03,-0.896%,16796446861.00,United States,2017,747418,Telecommunications,Cable & Other Pay Television Services
ROL,Rollins Inc. Common Stock,$56.194,-0.796,-1.397%,27084881100.00,United States,,780867,Consumer Discretionary,Diversified Commercial Services
ROLR,High Roller Technologies Inc. Common Stock,$9.01,-0.22,-2.384%,98119783.00,,2024,892254,Consumer Discretionary,Services-Misc. Amusement & Recreation
ROMA,Roma Green Finance Limited Class A Ordinary Shares,$6.16,0.53,9.414%,366917757.00,Hong Kong,2024,18439,Consumer Discretionary,Professional Services
ROOT,Root Inc. Class A Common Stock,$54.60,0.64,1.186%,863888626.00,United States,2020,103179,Finance,Property-Casualty Insurers
ROP,Roper Technologies Inc. Common Stock,$352.495,-11.265,-3.097%,36085907538.00,United States,1992,591672,Technology,Computer Software: Programming Data Processing
ROST,Ross Stores Inc. Common Stock,$226.10,-0.82,-0.361%,72837696263.00,United States,1985,335940,Consumer Discretionary,Clothing/Shoe/Accessory Stores
RPAY,Repay Holdings Corporation Class A Common Stock,$3.745,-0.275,-6.841%,321624278.00,United States,2018,499488,Real Estate,Real Estate
RPC,Ridgepost Capital Inc. Class A Common Stock,$7.74,0.03,0.389%,847573151.00,United States,2021,118176,Finance,Investment Managers
RPD,Rapid7 Inc. Common Stock,$5.828,0.048,0.83%,389148277.00,United States,2015,672346,Technology,Computer Software: Prepackaged Software
RPGL,Republic Power Group Limited Class A Ordinary Shares,$0.9101,0.0329,3.751%,2827024.00,Singapore,2025,3507160,Technology,Computer Software: Prepackaged Software
RPID,Rapid Micro Biosystems Inc. Class A Common Stock,$2.29,0.04,1.778%,104806522.00,United States,2021,31851,Industrials,Biotechnology: Laboratory Analytical Instruments
RPM,RPM International Inc. Common Stock,$104.07,-1.63,-1.542%,13282092665.00,United States,,300790,Consumer Discretionary,Paints/Coatings
RPRX,Royalty Pharma plc Class A Ordinary Shares ,$49.525,-0.115,-0.232%,28572814186.00,United States,2020,877874,Health Care,Biotechnology: Pharmaceutical Preparations
RPT,Rithm Property Trust Inc. Common stock,$14.33,-0.14,-0.968%,109793164.00,United States,2015,7675,Real Estate,Real Estate Investment Trusts
RPT^C,Rithm Property Trust Inc. 9.875% Series C Fixed-to-Floating Rate Cumulative Redeemable Preferred Stock,$25.44,0.04,0.157%,,United States,,1850,,
RQI,Cohen & Steers Quality Income Realty Fund Inc Common Shares,$13.08,0.05,0.384%,1756649337.00,United States,2002,95231,Finance,Trusts Except Educational Religious and Charitable
RR,Richtech Robotics Inc. Class B Common Stock,$2.4601,-0.0999,-3.902%,903649477.00,United States,2023,3908034,Industrials,Industrial Machinery/Components
RRBI,Red River Bancshares Inc. Common Stock,$94.10,0.19,0.202%,618913203.00,United States,2019,23261,Consumer Discretionary,Hotels/Resorts
RRC,Range Resources Corporation Common Stock,$42.015,-0.625,-1.466%,9899668834.00,United States,,1528806,Energy,Oil & Gas Production
RRGB,Red Robin Gourmet Burgers Inc. Common Stock,$3.92,0.05,1.292%,71090494.00,United States,2002,40405,Consumer Discretionary,Restaurants
RRR,Red Rock Resorts Inc. Class A Common Stock,$54.455,-1.135,-2.042%,5719236137.00,United States,2016,544632,Consumer Discretionary,Hotels/Resorts
RRX,Regal Rexnord Corporation Common Stock,$214.65,1.18,0.553%,14288280067.00,United States,1976,391302,Consumer Discretionary,Metal Fabrications
RS,Reliance Inc. Common Stock,$351.88,7.33,2.127%,17984193046.00,United States,1994,197033,Industrials,Metal Fabrications
RSF,RiverNorth Capital and Income Fund Common Stock,$14.5075,-0.1125,-0.769%,48477928.00,,2019,2118,Finance,Investment Managers
RSG,Republic Services Inc. Common Stock,$209.55,-4.49,-2.098%,64741770034.00,United States,1998,336428,Utilities,Environmental Services
RSI,Rush Street Interactive Inc. Class A Common Stock,$23.33,0.01,0.043%,5420754079.00,United States,2020,214994,Consumer Discretionary,Services-Misc. Amusement & Recreation
RSKD,Riskified Ltd. Class A Ordinary Shares,$4.425,-0.005,-0.113%,655807638.00,,2021,240894,Real Estate,Real Estate
RSSS,Research Solutions Inc Common Stock,$2.50,0.00,0.00%,82263690.00,United States,,5633,Technology,EDP Services
RSVR,Reservoir Media Inc. Common Stock,$10.135,-0.005,-0.049%,664858220.00,United States,2021,29543,Consumer Discretionary,Services-Misc. Amusement & Recreation
RSVRW,Reservoir Media Inc. Warrant,$0.2099,0.0699,49.929%,13769486.00,United States,2021,1260,Consumer Discretionary,Services-Misc. Amusement & Recreation
RTAC,Renatus Tactical Acquisition Corp I Class A Ordinary Shares,$10.355,0.035,0.339%,0.00,United States,2025,72089,Finance,Blank Checks
RTACU,Renatus Tactical Acquisition Corp I Unit,$10.67,0.09,0.851%,0.00,United States,2025,4905,Finance,Blank Checks
RTACW,Renatus Tactical Acquisition Corp I Warrant,$0.7501,0.0308,4.282%,0.00,United States,2025,36107,Finance,Blank Checks
RTO,Rentokil Initial plc American Depositary Shares (each representing five (5) Ordinary Shares),$33.995,0.405,1.206%,8573539000.00,United States,2022,860389,Consumer Discretionary,Other Consumer Services
RTX,RTX Corporation Common Stock,$171.71,-7.59,-4.233%,231239011422.00,United States,,4755902,Industrials,Aerospace
RUBI,Rubico Inc. Common Stock,$3.29,0.10,3.135%,2526016.00,Greece,,13315,Consumer Discretionary,Marine Transportation
RUM,Rumble Inc. Class A Common Stock,$6.581,0.061,0.936%,2864252618.00,United States,2021,998801,Technology,Computer Software: Programming Data Processing
RUMBW,Rumble Inc. Warrant,$1.47,0.08,5.755%,639788991.00,United States,2021,3185,Technology,Computer Software: Programming Data Processing
RUN,Sunrun Inc. Common Stock,$12.52,-0.44,-3.395%,2935844886.00,United States,2015,2442669,Miscellaneous,Industrial Machinery/Components
RUSHA,Rush Enterprises Inc. Common Stock Cl A,$75.72,1.10,1.474%,5928317944.00,United States,,74840,Consumer Discretionary,Retail-Auto Dealers and Gas Stations
RUSHB,Rush Enterprises Inc. Class B,$77.48,1.18,1.547%,6066112972.00,United States,,41645,Consumer Discretionary,Retail-Auto Dealers and Gas Stations
RVI,Robinhood Ventures Fund I Common Shares of Beneficial Interest,$30.45,2.29,8.132%,0.00,,2026,459731,,
RVLV,Revolve Group Inc. Class A Common Stock,$26.4617,0.0117,0.044%,2183255424.00,United States,2019,209456,Consumer Discretionary,Catalog/Specialty Distribution
RVMD,Revolution Medicines Inc. Common Stock,$136.005,1.525,1.134%,26952572859.00,United States,2020,1127026,Health Care,Biotechnology: Biological Products (No Diagnostic Substances)
RVMDW,Revolution Medicines Inc. Warrant,$4.455,0.155,3.605%,882862484.00,United States,,27370,Health Care,Biotechnology: Biological Products (No Diagnostic Substances)
RVP,Retractable Technologies Inc. Common Stock,$0.6275,-0.0202,-3.119%,18785567.00,United States,2001,32325,Health Care,Medical/Dental Instruments
RVPH,Reviva Pharmaceuticals Holdings Inc. Common Stock ,$0.9054,0.0161,1.81%,11598515.00,United States,2020,130094,Health Care,Biotechnology: Pharmaceutical Preparations
RVSB,Riverview Bancorp Inc Common Stock,$5.51,0.03,0.547%,114117065.00,United States,,11170,Finance,Savings Institutions
RVSN,Rail Vision Ltd. Ordinary Share,$7.89,-0.305,-3.722%,17296348.00,Israel,2022,12064,Industrials,Railroads
RVSNW,Rail Vision Ltd. Warrant,$0.0298,0.00,0.00%,65327.00,Israel,2022,1350,Industrials,Railroads
RVT,Royce Small-Cap Trust Inc. Common Stock,$18.3319,0.1119,0.614%,1979051704.00,United States,1986,68228,Finance,Trusts Except Educational Religious and Charitable
RVTY,Revvity Inc. Common Stock,$87.075,-0.075,-0.086%,9735274699.00,United States,,343945,Industrials,Biotechnology: Laboratory Analytical Instruments
RVYL,Ryvyl Inc. Common Stock,$5.79,0.04,0.696%,7409839.00,United States,,9650,Consumer Discretionary,Professional Services
RWAY,Runway Growth Finance Corp. Common Stock,$6.465,0.045,0.701%,233606549.00,United States,2021,176977,Finance,Finance: Consumer Services
RWAYI,Runway Growth Finance Corp. 7.25% Notes due 2031,$25.15,-0.12,-0.475%,0.00,United States,,5492,Finance,Finance: Consumer Services
RWAYL,Runway Growth Finance Corp. 7.50% Notes due 2027,$25.4694,0.0694,0.273%,922415887.00,United States,,3415,Finance,Finance: Consumer Services
RWT,Redwood Trust Inc. Common Stock,$5.735,0.035,0.614%,716845929.00,United States,1995,295091,Real Estate,Real Estate Investment Trusts
RWT^A,Redwood Trust Inc. 10.00% Series A Fixed-Rate Reset Cumulative Redeemable Preferred Stock,$24.55,-0.04,-0.163%,,United States,,4103,,
RWTN,Redwood Trust Inc. 9.125% Senior Notes Due 2029,$25.44,0.12,0.474%,3287444924.00,United States,2024,6457,Real Estate,Real Estate Investment Trusts
RWTO,Redwood Trust Inc. 9.00% Senior Notes Due 2029,$25.28,0.09,0.357%,3266769170.00,United States,2024,5841,Real Estate,Real Estate Investment Trusts
RWTP,Redwood Trust Inc. 9.125% Senior Notes Due 2030,$24.96,0.09,0.362%,0.00,United States,2025,5726,Real Estate,Real Estate Investment Trusts
RWTQ,Redwood Trust Inc. 9.500% Senior Notes Due 2030,$24.96,0.25,1.012%,0.00,United States,2025,25674,Real Estate,Real Estate Investment Trusts
RXO,RXO Inc. Common Stock,$19.58,0.28,1.451%,3225045727.00,United States,2022,287338,Consumer Discretionary,Transportation Services
RXRX,Recursion Pharmaceuticals Inc. Class A Common Stock,$3.535,0.035,1.00%,1864351919.00,United States,2021,4795337,Health Care,Biotechnology: Biological Products (No Diagnostic Substances)
RXST,RxSight Inc. Common Stock,$7.155,-0.045,-0.625%,295260627.00,United States,2021,96904,Health Care,Ophthalmic Goods
RXT,Rackspace Technology Inc. Common Stock,$1.515,-0.185,-10.882%,374075314.00,United States,2020,4908726,Technology,Computer Software: Programming Data Processing
RY,Royal Bank Of Canada Common Stock,$175.62,0.71,0.406%,245257678351.00,Canada,,392792,Finance,Commercial Banks
RYAAY,Ryanair Holdings plc American Depositary Shares,$56.46,-0.42,-0.738%,29711159727.00,Ireland,1997,927389,Consumer Discretionary,Air Freight/Delivery Services
RYAM,Rayonier Advanced Materials Inc. Common Stock,$9.68,-0.07,-0.718%,652369719.00,United States,2014,375062,Basic Materials,Paper
RYAN,Ryan Specialty Holdings Inc. Class A Common Stock,$34.74,-0.66,-1.864%,9142858297.00,United States,2021,1010424,Finance,Specialty Insurers
RYDE,Ryde Group Ltd. Class A Ordinary Shares,$1.2512,-0.2288,-15.459%,110490752.00,,2024,150526,Real Estate,Real Estate
RYET,Ruanyun Edai Technology Inc. Ordinary shares,$1.17,0.00,0.00%,40189505.00,China,2025,3296,Technology,Computer Software: Prepackaged Software
RYM,RYTHM Inc. Common Stock,$26.97,-1.055,-3.764%,57962522.00,United States,2021,3686,Consumer Staples,Farming/Seeds/Milling
RYN,Rayonier Inc. REIT Common Stock,$21.25,-0.05,-0.235%,6420403388.00,United States,,560351,Real Estate,Real Estate Investment Trusts
RYOJ,rYojbaba Co. Ltd. Common Shares,$2.01,-0.04,-1.951%,23215500.00,Japan,2025,3080,Consumer Discretionary,Professional Services
RYTM,Rhythm Pharmaceuticals Inc. Common Stock,$84.945,-0.265,-0.311%,5800472638.00,United States,2017,96435,Health Care,Biotechnology: Pharmaceutical Preparations
RYZ,Ryerson Holding Corporation Common Stock,$26.14,0.74,2.913%,1351916702.00,United States,2014,51123,Industrials,Metal Fabrications
RZB,Reinsurance Group of America Incorporated 5.75% Fixed-To-Floating Rate Subordinated Debentures due 2056,$25.21,0.01,0.04%,1651487789.00,United States,2016,2712,Finance,Life Insurance
RZC,Reinsurance Group of America Incorporated 7.125% Fixed-Rate Reset Subordinated Debentures due 2052,$25.43,0.07,0.276%,1665899821.00,United States,2022,7313,Finance,Life Insurance
RZLT,Rezolute Inc. Common Stock (NV),$3.055,-0.055,-1.768%,292356428.00,United States,,469666,Health Care,Biotechnology: Pharmaceutical Preparations
RZLV,Rezolve AI PLC Ordinary Shares,$2.5889,-0.0111,-0.427%,1036574243.00,United Kingdom,,5842646,Technology,Computer Software: Programming Data Processing
RZLVW,Rezolve AI PLC Warrants,$0.9832,0.0382,4.042%,393665184.00,United Kingdom,,3754,Technology,Computer Software: Programming Data Processing
S,SentinelOne Inc. Class A Common Stock,$14.035,0.115,0.826%,4775780621.00,United States,2021,1487723,Technology,Computer Software: Prepackaged Software
SA,Seabridge Gold Inc. Ordinary Shares (Canada),$30.30,0.12,0.398%,3253407445.00,Canada,,280562,Basic Materials,Precious Metals
SAAQ,Space Asset Acquisition Corp. Class A Ordinary Shares,$10.17,0.01,0.098%,0.00,United States,2026,1364,Finance,Blank Checks
SAAQU,Space Asset Acquisition Corp. Units,$10.32,0.00,0.00%,0.00,United States,2026,15,Finance,Blank Checks
SAAQW,Space Asset Acquisition Corp. Warrants,$0.7098,0.0198,2.87%,0.00,United States,2026,5100,,
SABA,Saba Capital Income & Opportunities Fund II Shares of Beneficial Interest,$8.46,0.00,0.00%,0.00,United States,,19794,,
SABR,Sabre Corporation Common Stock,$1.795,0.045,2.571%,709335790.00,United States,2014,684792,Technology,Computer Software: Programming Data Processing
SABS,SAB Biotherapeutics Inc. Common Stock,$3.575,-0.225,-5.921%,182149957.00,United States,2021,309654,Health Care,Biotechnology: Biological Products (No Diagnostic Substances)
SABSW,SAB Biotherapeutics Inc. Warrant,$0.0185,-0.0017,-8.416%,942594.00,United States,2021,110,Health Care,Biotechnology: Biological Products (No Diagnostic Substances)
SAC,Safeguard Acquisition Corp. Class A Ordinary Shares,$10.02,0.00,0.00%,0.00,,2026,53023,Finance,Blank Checks
SACH,Sachem Capital Corp. Common Shares,$1.0492,-0.0108,-1.019%,50327157.00,United States,2017,100269,Real Estate,Real Estate Investment Trusts
SACH^A,Sachem Capital Corp. 7.75% Series A Cumulative Redeemable Preferred Stock,$17.8999,0.0498,0.279%,,United States,,4107,,
SAFE,Safehold Inc. New Common Stock ,$15.95,0.22,1.399%,1145615481.00,United States,2023,88540,Real Estate,Real Estate Investment Trusts
SAFT,Safety Insurance Group Inc. Common Stock,$76.53,0.42,0.552%,1123758331.00,United States,2002,26214,Finance,Property-Casualty Insurers
SAFX,XCF Global Inc. Class A Common Stock,$0.3425,-0.0279,-7.532%,94341176.00,United States,,2133189,Industrials,Major Chemicals
SAGT,SAGTEC GLOBAL LIMITED Class A Ordinary shares,$1.77,0.11,6.627%,22213500.00,Malaysia,2025,13165,Technology,Computer Software: Prepackaged Software
SAH,Sonic Automotive Inc. Common Stock,$71.55,0.33,0.463%,2400284416.00,United States,1997,30516,Consumer Discretionary,Retail-Auto Dealers and Gas Stations
SAIA,Saia Inc. Common Stock,$449.63,8.65,1.962%,11991417177.00,United States,,181076,Industrials,Trucking Freight/Courier Services
SAIC,Science Applications International Corporation Common Stock,$95.14,-0.13,-0.136%,4100761099.00,United States,,135862,Technology,EDP Services
SAIH,SAIHEAT Limited Class A Ordinary Shares,$10.75,0.00,0.00%,18844213.00,Singapore,2021,755,Technology,EDP Services
SAIL,SailPoint Inc. Common Stock,$11.675,0.065,0.56%,6582405022.00,United States,2025,536122,Technology,Computer Software: Prepackaged Software
SAJ,Saratoga Investment Corp 8.00% Notes due 2027,$25.85,0.00,0.00%,405021186.00,United States,2022,182,Finance,Investment Managers
SAM,Boston Beer Company Inc. (The) Common Stock,$238.11,-2.32,-0.965%,2486193658.00,United States,,53886,Consumer Staples,Beverages (Production/Distribution)
SAMG,Silvercrest Asset Management Group Inc. Class A Common Stock,$13.42,0.11,0.826%,158275681.00,United States,2013,3539,Finance,Investment Managers
SAN,Banco Santander S.A. Sponsored ADR (Spain),$11.965,0.075,0.631%,176115508412.00,Spain,,4349559,Finance,Commercial Banks
SANA,Sana Biotechnology Inc. Common Stock,$3.375,-0.065,-1.89%,900675777.00,United States,2021,1089681,Health Care,Biotechnology: Biological Products (No Diagnostic Substances)
SANG,Sangoma Technologies Corporation Common Shares,$4.20,-0.12,-2.778%,139511320.00,Canada,,184,Technology,Computer Software: Programming Data Processing
SANM,Sanmina Corporation Common Stock,$191.85,11.83,6.571%,10475947763.00,United States,1993,691849,Technology,Electrical Products
SAP,SAP  SE ADS,$172.655,9.405,5.761%,212107398176.00,Germany,,4117897,Technology,Computer Software: Prepackaged Software
SAR,Saratoga Investment Corp New,$22.60,0.08,0.355%,365759711.00,United States,,26061,Finance,Investment Managers
SARO,StandardAero Inc. Common Stock,$24.295,-0.045,-0.185%,8081848706.00,United States,2024,1437282,Industrials,Aerospace
SAT,Saratoga Investment Corp 6.00% Notes due 2027,$24.99,0.0399,0.16%,391546594.00,United States,2022,825,Finance,Investment Managers
SATA,Strive Inc. Variable Rate Series A Perpetual Preferred Stock,$99.96,-0.01,-0.01%,6913112149.00,United States,,50820,,
SATL,Satellogic Inc. Class A Common Stock,$6.58,-0.23,-3.377%,941325845.00,Uruguay,,3435233,Technology,Radio And Television Broadcasting And Communications Equipment
SATLW,Satellogic Inc. Warrant,$1.5999,-0.0001,-0.006%,228879517.00,Uruguay,,27281,Technology,Radio And Television Broadcasting And Communications Equipment
SATS,EchoStar  Corporation Common Stock,$119.37,-2.15,-1.769%,34483111289.00,United States,,2356248,Consumer Discretionary,Telecommunications Equipment
SAV,Saratoga Investment Corp 7.50% Notes due 2031,$25.305,0.035,0.139%,0.00,United States,2026,1734,Finance,Investment Managers
SAY,Saratoga Investment Corp 8.125% Notes due 2027,$25.36,0.00,0.00%,397343802.00,United States,2022,77,Finance,Investment Managers
SAZ,Saratoga Investment Corp 8.50% Notes due 2028,$25.50,0.00,0.00%,399537341.00,United States,2023,900,Finance,Investment Managers
SB,Safe Bulkers Inc Common Stock ($0.001 par value),$6.525,0.045,0.694%,667147203.00,Monaco,2008,89230,Consumer Discretionary,Marine Transportation
SB^C,Safe Bulkers Inc Cumulative Redeemable Perpetual Preferred Series C (Marshall Islands),$26.495,0.615,2.376%,,Monaco,,265,,
SB^D,Safe Bulkers Inc Perpetual Preferred Series D (Marshall Islands),$26.40,0.19,0.725%,,Monaco,,322,,
SBAC,SBA Communications Corporation Class A Common Stock,$218.56,-1.04,-0.474%,23180999674.00,United States,1999,141534,Real Estate,Real Estate Investment Trusts
SBC,SBC Medical Group Holdings Incorporated Common Stock,$3.45,0.05,1.471%,353890453.00,United States,2022,80052,Health Care,Medical/Nursing Services
SBCF,Seacoast Banking Corporation of Florida Common Stock,$31.16,-0.86,-2.686%,3043004709.00,United States,,383492,Finance,Major Banks
SBCWW,SBC Medical Group Holdings Incorporated Warrants,$0.1829,-0.0141,-7.157%,18761323.00,United States,2022,30845,Health Care,Medical/Nursing Services
SBET,Sharplink Inc. Common Stock,$7.235,-0.195,-2.624%,1426464342.00,United States,,2680175,Technology,Computer Software: Prepackaged Software
SBEV,Splash Beverage Group Inc. (NV) Common Stock,$0.265,-0.007,-2.574%,2637688.00,,2021,758249,Consumer Staples,Beverages (Production/Distribution)
SBFG,SB Financial Group Inc. Common Stock,$21.79,0.48,2.252%,137330494.00,United States,,1003,Finance,Major Banks
SBFM,Sunshine Biopharma Inc. Common Stock,$0.9955,0.0056,0.566%,4883868.00,Canada,,36422,Health Care,Biotechnology: Pharmaceutical Preparations
SBGI,Sinclair Inc. Class A Common Stock,$15.74,-0.02,-0.127%,1127283579.00,United States,1995,121867,Industrials,Broadcasting
SBH,Sally Beauty Holdings Inc. (Name to be changed from Sally Holdings Inc.) Common Stock,$14.72,0.13,0.891%,1427969742.00,United States,,304368,Consumer Discretionary,Other Specialty Stores
SBI,Western Asset Intermediate Muni Fund Inc Common Stock,$7.69,-0.04,-0.517%,0.00,United States,1992,17968,Finance,Finance/Investors Services
SBLK,Star Bulk Carriers Corp. Common Shares,$24.195,0.025,0.103%,2698471979.00,Greece,,310597,Consumer Discretionary,Marine Transportation
SBLX,StableX Technologies Inc. Common Stock,$2.54,0.07,2.834%,3698177.00,United States,,29681,Consumer Discretionary,Telecommunications Equipment
SBR,Sabine Royalty Trust Common Stock,$75.0893,-0.2207,-0.293%,1094752811.00,United States,,2259,Energy,Oil & Gas Production
SBRA,Sabra Health Care REIT Inc. Common Stock,$20.065,0.155,0.779%,5059303812.00,United States,,341969,Real Estate,Real Estate Investment Trusts
SBS,Companhia de saneamento Basico Do Estado De Sao Paulo - Sabesp American Depositary Shares (Each repstg 250 Common Shares),$34.50,-0.04,-0.116%,24319279563.00,Brazil,2002,636306,Utilities,Water Supply
SBSI,Southside Bancshares Inc. Common Stock,$32.97,-0.18,-0.543%,980645997.00,United States,,16443,Finance,Major Banks
SBSW,D/B/A Sibanye-Stillwater Limited ADS,$12.77,0.11,0.869%,9036585990.00,South Africa,,2856385,Basic Materials,Precious Metals
SBUX,Starbucks Corporation Common Stock,$99.24,-0.30,-0.301%,113060369018.00,United States,1992,2543848,Consumer Discretionary,Restaurants
SBXD,SilverBox Corp IV Class A Ordinary Shares,$10.75,0.01,0.093%,0.00,,2024,108,,
SCAG,Scage Future American Depositary Shares,$1.09,0.09,9.00%,79144535.00,China,,4611,Consumer Discretionary,Construction/Ag Equipment/Trucks
SCAGW,Scage Future Warrants,$0.0441,0.00,0.00%,3202086.00,China,,22,Consumer Discretionary,Construction/Ag Equipment/Trucks
SCCD,Sachem Capital Corp. 6.00% Notes due 2026,$24.625,0.025,0.102%,1165803842.00,United States,,1458,Real Estate,Real Estate Investment Trusts
SCCE,Sachem Capital Corp. 6.00% Notes due 2027,$24.00,0.00,0.00%,1136214912.00,United States,2022,11,Real Estate,Real Estate Investment Trusts
SCCF,Sachem Capital Corp. 7.125% Notes due 2027,$23.9799,0.1499,0.629%,1135263332.00,United States,2022,1838,Real Estate,Real Estate Investment Trusts
SCCG,Sachem Capital Corp. 8.00% Notes due 2027,$24.0368,0.1868,0.783%,1137957108.00,United States,2022,3663,Real Estate,Real Estate Investment Trusts
SCCO,Southern Copper Corporation Common Stock,$181.94,-0.31,-0.17%,150294273560.00,United States,,387005,Basic Materials,Metal Mining
SCD,LMP Capital and Income Fund Inc. Common Stock,$15.03,-0.04,-0.265%,0.00,United States,2004,55133,Finance,Trusts Except Educational Religious and Charitable
SCE^G,SCE Trust II Trust Preferred Securities,$18.95,0.12,0.637%,,United States,,4692,,
SCE^L,SCE TRUST VI,$18.265,0.065,0.357%,,United States,,2859,,
SCE^M,SCE Trust VII 7.50% Trust Preference Securities,$24.9927,0.0027,0.011%,,United States,,14869,,
SCE^N,SCE Trust VIII 6.95% Trust Preference Securities,$23.96,0.01,0.042%,,United States,,1671,,
SCHL,Scholastic Corporation Common Stock,$41.18,-0.88,-2.092%,895351044.00,United States,1992,257648,Consumer Discretionary,Books
SCHW,Charles Schwab Corporation (The) Common Stock,$89.3199,0.3999,0.45%,155246868260.00,United States,,3101493,Finance,Investment Bankers/Brokers/Service
SCHW^D,The Charles Schwab Corporation Depositary Shares each representing 1/40th interest in a share of 5.95% Non-Cumulative Perpetual Preferred Stock Series D,$24.9997,0.0993,0.399%,,United States,,20707,,
SCHW^J,The Charles Schwab Corporation Depositary Shares Each Representing a 1/40th Interest in a Share of 4.450% Non-Cumulative Perpetual Preferred Stock Series J,$18.435,0.045,0.245%,,United States,,20700,,
SCI,Service Corporation International Common Stock,$87.96,1.59,1.841%,12201913146.00,United States,,554225,Consumer Discretionary,Other Consumer Services
SCII,SC II Acquisition Corp. Class A ordinary share,$9.99,0.00,0.00%,0.00,United States,2026,47328,,
SCIIR,SC II Acquisition Corp. Rights,$0.23,0.00,0.00%,0.00,United States,2026,130,,
SCIIU,SC II Acquisition Corp. Units,$10.24,0.02,0.196%,0.00,United States,2025,1500,,
SCKT,Socket Mobile Inc. Common Stock,$0.89,-0.0368,-3.971%,7318433.00,United States,,5047,Technology,Computer Manufacturing
SCL,Stepan Company Common Stock,$52.10,0.33,0.637%,1182168746.00,United States,,50795,Consumer Discretionary,Package Goods/Cosmetics
SCLX,Scilex Holding Company Common Stock,$6.81,-0.13,-1.873%,57825528.00,United States,2021,16776,Health Care,Biotechnology: Biological Products (No Diagnostic Substances)
SCLXW,Scilex Holding Company Warrant,$0.16,-0.0088,-5.213%,1358603.00,United States,2021,379,Health Care,Biotechnology: Biological Products (No Diagnostic Substances)
SCM,Stellus Capital Investment Corporation Common Stock,$9.5601,-0.0199,-0.208%,276738653.00,United States,2012,34843,Finance,Finance/Investors Services
SCNI,Scinai Immunotherapeutics Ltd. American Depositary Shares,$0.788,0.332,72.807%,2785965.00,Israel,2015,175884870,Health Care,Biotechnology: Biological Products (No Diagnostic Substances)
SCNX,Scienture Holdings Inc. Common Stock,$0.4144,-0.0036,-0.861%,16837410.00,United States,,94142,Health Care,Other Pharmaceuticals
SCOR,comScore Inc. Common Stock,$6.755,0.075,1.123%,101483837.00,United States,2018,3407,Real Estate,Real Estate
SCPQ,Social Commerce Partners Corporation Class A Ordinary Shares,$9.91,0.00,0.00%,0.00,United States,2026,4,,
SCPQU,Social Commerce Partners Corporation Unit,$10.01,0.00,0.00%,0.00,United States,2025,2,,
SCPQW,Social Commerce Partners Corporation Warrant,$0.27,0.00,0.00%,0.00,United States,2026,20,,
SCSC,ScanSource Inc. Common Stock,$40.19,0.25,0.626%,863296673.00,United States,,49981,Technology,Retail: Computer Software & Peripheral Equipment
SCVL,Shoe Carnival Inc. Common Stock,$18.76,0.01,0.053%,515329152.00,United States,1993,53111,Consumer Discretionary,Clothing/Shoe/Accessory Stores
SCWO,374Water Inc. Common Stock,$2.965,0.075,2.595%,51713656.00,United States,,22500,Consumer Discretionary,Metal Fabrications
SCYX,SCYNEXIS Inc. Common Stock,$1.00,-0.05,-4.762%,79442633.00,United States,2014,94343,Health Care,Biotechnology: Pharmaceutical Preparations
SCZM,Santacruz Silver Mining Ltd. Common Shares,$8.55,-0.06,-0.697%,790029533.00,Canada,,185958,,
SD,SandRidge Energy Inc. Common Stock,$15.07,-0.16,-1.051%,554955206.00,United States,2016,96540,Energy,Oil & Gas Production
SDA,SunCar Technology Group Inc. Class A Ordinary Shares,$1.49,0.00,0.00%,146772536.00,Hong Kong,2021,23493,Consumer Discretionary,Automotive Aftermarket
SDAWW,SunCar Technology Group Inc. Warrant,$0.2192,-0.0157,-6.684%,21592309.00,Hong Kong,2021,1562,Consumer Discretionary,Automotive Aftermarket
SDEV,Stablecoin Development Corporation Common Stock,$1.40,0.11,8.527%,37275041.00,United States,,67284,Health Care,Biotechnology: Pharmaceutical Preparations
SDGR,Schrodinger Inc. Common Stock,$11.87,0.46,4.032%,876303949.00,United States,2020,542718,Health Care,Biotechnology: Pharmaceutical Preparations
SDHC,Smith Douglas Homes Corp. Class A Common Stock,$14.21,-0.20,-1.388%,721723328.00,United States,2024,33093,Consumer Discretionary,Homebuilding
SDHI,Siddhi Acquisition Corp Class A Common stock,$10.35,0.00,0.00%,0.00,United States,2025,3,Finance,Blank Checks
SDHIU,Siddhi Acquisition Corp Unit,$10.50,0.00,0.00%,0.00,United States,2025,645,Finance,Blank Checks
SDHY,PGIM Short Duration High Yield Opportunities Fund Common Shares,$16.0445,-0.0755,-0.468%,395866847.00,,2020,35540,Finance,Finance/Investors Services
SDOT,Sadot Group Inc. Common Stock,$1.51,-0.11,-6.79%,2792111.00,United States,2020,6969,Consumer Discretionary,Restaurants
SDRL,Seadrill Limited Common Shares,$48.11,0.39,0.817%,3004442895.00,Bermuda,2022,144689,Energy,Oil & Gas Production
SDST,Stardust Power Inc. Common Stock,$2.59,-0.19,-6.835%,25813165.00,United States,2021,74790,Industrials,Major Chemicals
SDSTW,Stardust Power Inc. Warrant,$0.165,0.00,0.00%,1644468.00,United States,2021,1,Industrials,Major Chemicals
SE,Sea Limited American Depositary Shares each representing one Class A Ordinary Share,$84.75,1.40,1.68%,51908063240.00,United States,2017,1351385,Consumer Discretionary,Other Consumer Services
SEAL^A,Seapeak LLC 9.00% Series A Cumulative Redeemable Perpetual Preferred Units,$25.7337,0.1237,0.483%,,Bermuda,,6428,,
SEAL^B,Seapeak LLC 8.50% Series B Fixed-to-Floating Rate Cumulative Redeemable Perpetual Preferred Units,$25.50,0.04,0.157%,,Bermuda,,1034,,
SEAT,Vivid Seats Inc. Class A Common Stock,$6.83,0.26,3.957%,73530113.00,United States,,73407,Consumer Discretionary,Services-Misc. Amusement & Recreation
SEATW,Vivid Seats Inc. Warrant,$0.05,0.0072,16.822%,538288.00,United States,,1022,Consumer Discretionary,Services-Misc. Amusement & Recreation
SEB,Seaboard Corporation Common Stock,$5802.00,-22.36,-0.384%,5557120788.00,United States,1996,5908,Industrials,Farming/Seeds/Milling
SEDG,SolarEdge Technologies Inc. Common Stock,$45.78,-1.58,-3.336%,2784244790.00,Israel,2015,2105819,Technology,Semiconductors
SEED,Origin Agritech Limited Common Stock,$1.34,-0.03,-2.19%,15978628.00,China,,1563,Consumer Staples,Farming/Seeds/Milling
SEER,Seer Inc. Class A Common Stock,$2.03,0.09,4.639%,122708106.00,United States,2020,900569,Industrials,Biotechnology: Laboratory Analytical Instruments
SEG,Seaport Entertainment Group Inc. Common Stock,$22.855,0.585,2.627%,292458294.00,United States,2024,15472,Consumer Discretionary,Services-Misc. Amusement & Recreation
SEGG,Sports Entertainment Gaming Global Corporation Common Stock,$0.568,-0.1037,-15.438%,7181478.00,United States,2023,550231,Technology,Computer Software: Prepackaged Software
SEI,Solaris Energy Infrastructure Inc. Class A Common Stock,$72.9288,3.4488,4.964%,5359399093.00,United States,2017,939715,Consumer Discretionary,Oil and Gas Field Machinery
SEIC,SEI Investments Company Common Stock,$89.09,-1.96,-2.153%,10778295378.00,United States,1981,437779,Finance,Investment Bankers/Brokers/Service
SELF,Global Self Storage Inc. Common Stock,$5.315,-0.015,-0.281%,60275034.00,United States,,9314,Real Estate,Real Estate Investment Trusts
SELX,Semilux International Ltd. Ordinary Shares,$0.4269,0.0105,2.522%,15978164.00,Taiwan,,200829,Technology,Semiconductors
SEM,Select Medical Holdings Corporation Common Stock,$16.425,-0.005,-0.03%,2037000578.00,United States,2009,636619,Health Care,Hospital/Nursing Management
SEMR,SEMrush Holdings Inc. Class A Common Stock,$12.00,0.02,0.167%,1811510496.00,United States,2021,166010,Technology,Computer Software: Prepackaged Software
SENEA,Seneca Foods Corp. Class A Common Stock,$134.225,-0.305,-0.227%,908276951.00,United States,,71818,Consumer Staples,Packaged Foods
SENEB,Seneca Foods Corp. Class B Common Stock,$133.35,0.00,0.00%,902355980.00,United States,,17,Consumer Staples,Packaged Foods
SENS,Senseonics Holdings Inc. Common Stock,$7.11,0.11,1.571%,297165763.00,United States,,206817,Health Care,Medical/Dental Instruments
SEPN,Septerna Inc. Common Stock,$24.64,-0.33,-1.322%,1106493055.00,United States,2024,93422,Health Care,Biotechnology: Pharmaceutical Preparations
SER,Serina Therapeutics Inc. Common Stock,$1.9576,0.0176,0.907%,29165533.00,,2018,29551,Health Care,Biotechnology: Pharmaceutical Preparations
SERA,Sera Prognostics Inc. Class A Common Stock,$2.125,0.005,0.236%,83180677.00,United States,2021,16669,Health Care,Medical Specialities
SERV,Serve Robotics Inc. Common Stock,$9.3101,-0.0099,-0.106%,704683117.00,United States,,1325543,Consumer Discretionary,Industrial Specialties
SES,SES AI Corporation Class A Common Stock,$1.17,-0.05,-4.098%,428949834.00,United States,2021,17401402,Miscellaneous,Industrial Machinery/Components
SEV,Aptera Motors Corp. Class B Common Stock,$2.9157,-0.1143,-3.772%,106706197.00,United States,,82680,Industrials,Auto Manufacturing
SEVN,Seven Hills Realty Trust Common Stock,$8.11,0.13,1.629%,183260786.00,United States,,26303,Real Estate,Real Estate Investment Trusts
SEZL,Sezzle Inc. Common Stock,$77.60,-2.15,-2.696%,2623009980.00,United States,,191872,Finance,Finance: Consumer Services
SF,Stifel Financial Corporation Common Stock,$77.42,0.53,0.689%,11906761983.00,United States,,276399,Finance,Investment Bankers/Brokers/Service
SF^B,Stifel Financial Corporation Depositary Shares Each Representing 1/1000th  Interest in a Share of 6.25% Non-Cumulative  Preferred Stock Series B,$23.6799,0.0799,0.339%,,United States,,4333,,
SF^C,Stifel Financial Corporation Depositary Shares Each Representing 1/1000th Interest in a Share of 6.125% Non Cumulative Preferred Stock Series C,$23.47,0.1498,0.642%,,United States,,7066,,
SF^D,Stifel Financial Corporation Depositary Shares Each Representing 1/1000th Interest in a Share of 4.50% Non-Cumulative Preferred Stock Series D,$16.8301,0.0001,0.001%,,United States,,2973,,
SFB,Stifel Financial Corporation 5.20% Senior Notes due 2047,$20.08,0.00,0.00%,2051641992.00,United States,2017,8014,Finance,Investment Bankers/Brokers/Service
SFBC,Sound Financial Bancorp Inc. Common Stock,$41.90,-0.49,-1.156%,107601002.00,United States,,3997,Finance,Savings Institutions
SFBS,ServisFirst Bancshares Inc. Common Stock,$79.375,-0.545,-0.682%,4338950634.00,United States,,59541,Finance,Major Banks
SFD,Smithfield Foods Inc. Common Stock,$29.27,-0.01,-0.034%,11517079488.00,United States,2025,306027,Consumer Staples,Meat/Poultry/Fish
SFHG,Samfine Creation Holdings Group Limited Class A Ordinary Share,$2.44,0.01,0.412%,9906400.00,Hong Kong,2024,5094,Consumer Discretionary,Publishing
SFIX,Stitch Fix Inc. Class A Common Stock,$3.8301,0.0401,1.058%,522894904.00,United States,2017,347507,Consumer Discretionary,Catalog/Specialty Distribution
SFL,SFL Corporation Ltd,$10.8921,0.0721,0.666%,1574811699.00,Bermuda,,245455,Consumer Discretionary,Marine Transportation
SFM,Sprouts Farmers Market Inc. Common Stock,$71.87,-0.68,-0.937%,6795777380.00,United States,2013,529937,Consumer Staples,Food Chains
SFNC,Simmons First National Corporation Class A Common Stock,$21.165,-0.225,-1.052%,3070169819.00,United States,,218905,Finance,Major Banks
SFST,Southern First Bancshares Inc. Common Stock,$56.37,-0.28,-0.494%,464923413.00,United States,,79621,Finance,Major Banks
SFWL,Shengfeng Development Limited Class A Ordinary Shares,$0.89,0.00,0.00%,73422787.00,China,2023,4365,Industrials,Trucking Freight/Courier Services
SG,Sweetgreen Inc. Class A Common Stock,$6.825,0.185,2.786%,810782570.00,United States,2021,730985,Consumer Discretionary,Restaurants
SGA,Saga Communications Inc. Class A Common Stock (FL),$11.765,0.195,1.685%,74872084.00,United States,,404,Consumer Discretionary,Broadcasting
SGC,Superior Group of Companies Inc. Common Stock,$11.69,0.36,3.177%,183590421.00,United States,,13440,Consumer Discretionary,Apparel
SGHC,Super Group (SGHC) Limited Ordinary Shares,$12.395,0.145,1.184%,6297611787.00,,2022,674507,Consumer Discretionary,Services-Misc. Amusement & Recreation
SGHT,Sight Sciences Inc. Common Stock,$4.37,0.05,1.157%,237743479.00,United States,2021,95721,Health Care,Medical/Dental Instruments
SGI,Somnigroup International Inc. Common Stock,$78.41,-1.03,-1.297%,16492808328.00,United States,,537070,Consumer Discretionary,Home Furnishings
SGLY,Singularity Future Technology Ltd. Common Stock,$0.445,-0.0245,-5.218%,3245604.00,United States,2008,62741,Industrials,Integrated Freight & Logistics
SGML,Sigma Lithium Corporation Common Shares,$19.38,-0.78,-3.869%,2158989733.00,Canada,,1967671,Basic Materials,Metal Mining
SGMO,Sangamo Therapeutics Inc. Common Stock,$0.2477,-0.0073,-2.863%,102615674.00,United States,2000,5801728,Health Care,Biotechnology: Biological Products (No Diagnostic Substances)
SGMT,Sagimet Biosciences Inc. Series A Common Stock,$5.845,-0.025,-0.426%,187142948.00,United States,2023,144552,Health Care,Biotechnology: Pharmaceutical Preparations
SGP,SpyGlass Pharma Inc. Common Stock,$23.07,-0.56,-2.37%,771150670.00,United States,2026,77133,Health Care,Medical/Dental Instruments
SGRP,SPAR Group Inc. Common Stock,$0.6297,0.0349,5.868%,15194655.00,United States,,9610,Real Estate,Real Estate
SGRY,Surgery Partners Inc. Common Stock,$14.34,-0.29,-1.982%,1855880448.00,United States,2015,458781,Health Care,Hospital/Nursing Management
SGU,Star Group L.P. Common Stock,$12.80,0.06,0.471%,420851904.00,United States,,8438,Consumer Discretionary,Other Specialty Stores
SHAK,Shake Shack Inc. Class A Common Stock,$102.16,4.57,4.683%,4361466924.00,United States,2015,518700,Consumer Discretionary,Restaurants
SHAZ,SharonAI Holdings Inc. Class A Common Stock,$43.37,0.72,1.688%,699782366.00,United States,,128330,Technology,EDP Services
SHBI,Shore Bancshares Inc Common Stock,$19.28,0.03,0.156%,644926450.00,United States,,153560,Finance,Major Banks
SHC,Sotera Health Company Common Stock,$15.425,0.095,0.62%,4398538087.00,United States,2020,721687,Health Care,Misc Health and Biotechnology Services
SHEL,Shell PLC American Depositary Shares (each representing two (2) Ordinary Shares) ,$89.01,-0.26,-0.291%,258637801098.00,Netherlands,2022,2122807,Energy,Oil & Gas Production
SHEN,Shenandoah Telecommunications Co Common Stock,$16.67,-0.43,-2.515%,921878472.00,United States,,91863,Telecommunications,Telecommunications Equipment
SHFS,SHF Holdings Inc. Class A Common Stock,$0.90,0.0299,3.436%,4054937.00,United States,2021,265774,Finance,Finance: Consumer Services
SHFSW,SHF Holdings Inc. Warrants,$0.0313,0.0013,4.333%,141022.00,United States,2021,9500,Finance,Finance: Consumer Services
SHG,Shinhan Financial Group Co Ltd American Depositary Shares,$66.6599,-0.0701,-0.105%,31807264502.00,South Korea,,76743,Finance,Major Banks
SHIM,Shimmick Corporation Common Stock,$5.6907,0.0307,0.542%,206577691.00,United States,2023,142537,Industrials,Military/Government/Technical
SHIP,Seanergy Maritime Holdings Corp. Common Stock,$14.10,-0.05,-0.353%,305521592.00,Greece,,64961,Consumer Discretionary,Marine Transportation
SHLS,Shoals Technologies Group Inc. Class A Common Stock,$7.6593,-0.1207,-1.551%,1285014678.00,United States,2021,936378,Technology,Semiconductors
SHMD,SCHMID Group N.V. Class A Ordinary Shares,$6.9933,0.7533,12.072%,388848222.00,Germany,,1475604,Technology,Industrial Machinery/Components
SHMDW,SCHMID Group N.V. Warrants,$1.85,0.20,12.121%,102865487.00,Germany,,102288,Technology,Industrial Machinery/Components
SHO,Sunstone Hotel Investors Inc. Sunstone Hotel Investors Inc. Common Shares,$9.59,0.03,0.314%,1813860032.00,United States,2004,230678,Consumer Discretionary,Hotels/Resorts
SHO^H,Sunstone Hotel Investors Inc. 6.125% Series H Cumulative Redeemable Preferred Stock,$21.02,0.02,0.095%,,United States,,452,,
SHO^I,Sunstone Hotel Investors Inc. 5.70% Series I Cumulative Redeemable Preferred Stock,$20.41,0.00,0.00%,,United States,,102,,
SHOO,Steven Madden Ltd. Common Stock,$38.555,0.595,1.567%,2816070309.00,United States,1993,328486,Consumer Discretionary,Shoe Manufacturing
SHOP,Shopify Inc. Class A Subordinate Voting Shares,$124.095,-0.135,-0.109%,161833700832.00,Canada,,2753587,Technology,Computer Software: Prepackaged Software
SHPH,Shuttle Pharmaceuticals Holdings Inc. Common Stock,$0.9835,0.0452,4.817%,5499034.00,United States,2022,45481,Health Care,Biotechnology: Pharmaceutical Preparations
SHW,Sherwin-Williams Company (The) Common Stock,$335.05,-2.61,-0.773%,82878754697.00,United States,,301625,Consumer Discretionary,RETAIL: Building Materials
SI,Shoulder Innovations Inc. Common Stock,$12.95,-0.12,-0.918%,267385462.00,United States,2025,17455,Health Care,Medical/Dental Instruments
SIBN,SI-BONE Inc. Common Stock,$13.37,-0.03,-0.224%,590973694.00,United States,2018,146716,Health Care,Medical/Dental Instruments
SID,Companhia Siderurgica Nacional S.A. Common Stock,$1.29,0.00,0.00%,1710661192.00,Brazil,,429134,Industrials,Steel/Iron Ore
SIDU,Sidus Space Inc. Class A Common Stock,$3.375,-0.335,-9.03%,227482911.00,United States,2021,17242679,Telecommunications,Telecommunications Equipment
SIEB,Siebert Financial Corp. Common Stock,$1.845,-0.005,-0.27%,75536027.00,United States,,5435,Finance,Investment Bankers/Brokers/Service
SIF,SIFCO Industries Inc. Common Stock,$14.63,-0.06,-0.408%,90927323.00,United States,1969,14341,Industrials,Aerospace
SIFY,Sify Technologies Limited American Depositary Shares,$15.72,0.12,0.769%,1137348288.00,India,,12142,Technology,Computer Software: Programming Data Processing
SIG,Signet Jewelers Limited Common Shares,$88.34,-1.68,-1.866%,3539587155.00,Bermuda,,308340,Consumer Discretionary,Consumer Specialties
SIGA,SIGA Technologies Inc. Common Stock,$4.665,0.135,2.98%,334221126.00,United States,,163249,Health Care,Biotechnology: Pharmaceutical Preparations
SIGI,Selective Insurance Group Inc. Common Stock,$82.51,-1.87,-2.216%,4939576994.00,United States,,230087,Finance,Property-Casualty Insurers
SIGIP,Selective Insurance Group Inc. Depositary Shares each representing a 1/1000th interest in a share of 4.60% Non-Cumulative Preferred Stock Series B,$16.3501,-0.0299,-0.183%,978821692.00,United States,,1121,Finance,Property-Casualty Insurers
SII,Sprott Inc. Common Shares,$131.45,1.62,1.248%,3389603614.00,,2020,54726,Finance,Finance: Consumer Services
SILA,Sila Realty Trust Inc. Common Stock,$30.41,0.01,0.033%,1680042720.00,United States,2024,365622,Real Estate,Real Estate Investment Trusts
SILC,Silicom Ltd Ordinary Shares,$31.00,1.54,5.227%,176593515.00,Israel,,24648,Telecommunications,Computer Communications Equipment
SILO,Silo Pharma Inc. Common Stock,$0.4964,0.0228,4.814%,8074737.00,United States,,1160852,Consumer Discretionary,Apparel
SIM,Grupo Simec S.A.B. de C.V. American Depositary Shares,$30.71,-0.34,-1.095%,4719153186.00,Mexico,1998,244,Industrials,Steel/Iron Ore
SIMA,SIM Acquisition Corp. I Class A Ordinary Shares,$10.76,0.00,0.00%,0.00,United States,2024,1,Miscellaneous,Industrial Machinery/Components
SIMAW,SIM Acquisition Corp. I Warrant,$0.2311,0.00,0.00%,0.00,United States,2024,24,Finance,Blank Checks
SIMO,Silicon Motion Technology Corporation American Depositary Shares,$146.39,4.39,3.092%,4974869451.00,Taiwan,2005,278339,Technology,Semiconductors
SINT,SiNtx Technologies Inc. Common Stock,$2.49,-0.02,-0.797%,10263100.00,United States,2014,15273,Health Care,Medical/Dental Instruments
SION,Sionna Therapeutics Inc. Common Stock,$37.81,-0.54,-1.408%,1701377140.00,United States,2025,283895,Health Care,Biotechnology: Pharmaceutical Preparations
SIRI,SiriusXM Holdings Inc. Common Stock,$27.645,-0.355,-1.268%,9303933624.00,United States,,1738511,Consumer Discretionary,Broadcasting
SITC,SITE Centers Corp. Common Stock,$5.535,0.095,1.746%,290448428.00,United States,,165698,Real Estate,Real Estate Investment Trusts
SITE,SiteOne Landscape Supply Inc. Common Stock,$144.305,-0.095,-0.066%,6394588475.00,United States,2016,113891,Consumer Discretionary,Professional and commerical equipment
SITM,SiTime Corporation Common Stock,$579.70,23.57,4.238%,15302241192.00,United States,2019,146343,Technology,Semiconductors
SJ,Scienjoy Holding Corporation Class A Ordinary Shares ,$1.11,0.00,0.00%,46623772.00,China,2019,16841,Technology,EDP Services
SJM,The J.M. Smucker Company Common Stock,$96.00,-0.19,-0.198%,10238238624.00,United States,,345039,Consumer Staples,Packaged Foods
SJT,San Juan Basin Royalty Trust Common Stock,$4.23,-0.22,-4.944%,197155207.00,United States,,201969,Energy,Oil & Gas Production
SKBL,Skyline Builders Group Holding Limited Class A Ordinary Shares,$3.63,-0.15,-3.968%,505316364.00,Hong Kong,2025,76258,Consumer Discretionary,Engineering & Construction
SKE,Skeena Resources Limited Common Shares,$32.09,0.31,0.975%,3906646067.00,,2021,225322,Basic Materials,Precious Metals
SKIL,Skillsoft Corp. Class A Common Stock,$6.61,0.07,1.07%,58249389.00,United States,2019,27145,Technology,Computer Software: Prepackaged Software
SKIN,SkinHealth Systems Inc. Class A Common Stock,$0.8249,-0.0011,-0.133%,105399989.00,United States,2020,258479,Health Care,Medical/Dental Instruments
SKK,SKK Holdings Limited Class A Ordinary Shares,$1.70,-0.09,-5.028%,4143750.00,Singapore,2024,20358,Industrials,Water Sewer Pipeline Comm & Power Line Construction
SKLZ,Skillz Inc. Class A Common Stock,$7.4286,-5.0214,-40.333%,115890283.00,United States,2020,6979441,Technology,EDP Services
SKM,SK Telecom Co. Ltd. Common Stock,$37.59,-0.37,-0.975%,14418772200.00,South Korea,,1475186,Telecommunications,Telecommunications Equipment
SKT,Tanger Inc. Common Stock,$36.83,-0.15,-0.406%,4218287367.00,United States,1993,170687,Real Estate,Real Estate Investment Trusts
SKWD,Skyward Specialty Insurance Group Inc. Common Stock,$45.61,-0.57,-1.234%,2031609195.00,United States,2023,108471,Finance,Property-Casualty Insurers
SKY,Champion Homes Inc. Common Stock,$81.75,0.50,0.615%,4520940217.00,United States,,109852,Consumer Discretionary,Homebuilding
SKYE,Skye Bioscience Inc. Common Stock,$0.9194,0.0206,2.292%,32295658.00,United States,,84826,Health Care,Biotechnology: Pharmaceutical Preparations
SKYH,Sky Harbour Group Corporation Class A Common Stock,$10.52,0.11,1.057%,801216666.00,United States,2022,26093,Finance,Real Estate
SKYQ,Sky Quarry Inc. Common Stock,$6.28,-0.78,-11.048%,23596780.00,United States,2024,540543,Industrials,Environmental Services
SKYT,SkyWater Technology Inc. Common Stock,$33.38,-0.04,-0.12%,1602075704.00,United States,2021,409318,Technology,Semiconductors
SKYW,SkyWest Inc. Common Stock,$86.87,-5.875,-6.335%,3490283448.00,United States,1986,362250,Consumer Discretionary,Air Freight/Delivery Services
SKYX,SKYX Platforms Corp. Common Stock,$1.025,-0.005,-0.485%,136613147.00,United States,2022,858814,Consumer Discretionary,Building Products
SLAB,Silicon Laboratories Inc. Common Stock,$215.00,0.48,0.224%,7088209440.00,United States,2000,329863,Technology,Semiconductors
SLAI,SOLAI Limited American Depositary Shares (each representing one hundred (100) Class A Ordinary Shares),$0.75,0.00,0.00%,14837525.00,,2013,173874,Technology,EDP Services
SLB,SLB Limited Common Shares,$56.155,1.415,2.585%,84376344065.00,France,,13150101,Energy,Oilfield Services/Equipment
SLDB,Solid Biosciences Inc. Common Stock,$7.96,-0.26,-3.163%,783221971.00,United States,2018,351351,Health Care,Biotechnology: Biological Products (No Diagnostic Substances)
SLDE,Slide Insurance Holdings Inc. Common Stock,$18.03,-0.19,-1.043%,2241478890.00,United States,2025,226713,Finance,Property-Casualty Insurers
SLDP,Solid Power Inc. Class A Common Stock,$3.71,0.01,0.27%,832967052.00,United States,2021,5840006,Miscellaneous,Industrial Machinery/Components
SLDPW,Solid Power Inc. Warrant,$0.3275,0.0025,0.769%,73530110.00,United States,2021,17659,Miscellaneous,Industrial Machinery/Components
SLE,Super League Enterprise Inc. Common Stock,$3.72,-0.0901,-2.365%,5432870.00,United States,2019,6213,Consumer Discretionary,Services-Misc. Amusement & Recreation
SLF,Sun Life Financial Inc. Common Stock,$71.58,0.84,1.187%,39656252616.00,Canada,,214376,Finance,Life Insurance
SLG,SL Green Realty Corp Common Stock,$42.42,0.36,0.856%,3016757094.00,United States,1997,261307,Real Estate,Real Estate Investment Trusts
SLG^I,SL Green Realty Corporation Preferred Series I,$21.08,-0.04,-0.189%,,United States,,3110,,
SLGB,Smart Logistics Global Limited Ordinary Shares,$0.7624,-0.0426,-5.292%,31258400.00,Hong Kong,2025,46382,Industrials,Integrated Freight & Logistics
SLGL,Sol-Gel Technologies Ltd. Ordinary Shares,$75.775,3.475,4.806%,212918581.00,Israel,2018,31322,Health Care,Biotechnology: Pharmaceutical Preparations
SLGN,Silgan Holdings Inc. Common Stock,$38.91,-0.82,-2.064%,4111999384.00,United States,2022,127629,Industrials,Containers/Packaging
SLI,Standard Lithium Ltd. Common Shares,$3.785,0.055,1.475%,919832013.00,Canada,2021,624065,Industrials,Major Chemicals
SLM,SLM Corporation Common Stock,$23.96,0.54,2.306%,4747784839.00,United States,,6252956,Finance,Finance: Consumer Services
SLMBP,SLM Corporation Floating Rate Non-Cumulative Preferred Stock Series B,$74.36,0.00,0.00%,14734777989.00,United States,,80,Finance,Finance: Consumer Services
SLMT,Brera Holdings PLC Class B Ordinary Shares,$0.6922,0.0121,1.779%,56756776.00,Ireland,2023,372224,Consumer Discretionary,Services-Misc. Amusement & Recreation
SLN,Silence Therapeutics Plc American Depository Share,$7.74,-0.10,-1.276%,362232000.00,United Kingdom,,357718,Health Care,Biotechnology: Pharmaceutical Preparations
SLND,Southland Holdings Inc. Common Stock,$1.0175,-0.0125,-1.214%,55060014.00,United States,,35350,Industrials,Military/Government/Technical
SLNG,Stabilis Solutions Inc. Common Stock,$3.69,0.14,3.944%,68620351.00,United States,,8878,Utilities,Oil/Gas Transmission
SLNH,Soluna Holdings Inc. Common Stock,$1.205,-0.135,-10.075%,136383936.00,United States,,18634115,Technology,EDP Services
SLNHP,Soluna Holdings Inc 9.0% Series A Cumulative Perpetual Preferred Stock ,$7.30,0.08,1.108%,826226337.00,United States,,6110,Technology,EDP Services
SLNO,Soleno Therapeutics Inc. Common Stock,$52.75,-0.08,-0.151%,2723186256.00,United States,2014,2121530,Health Care,Biotechnology: Electromedical & Electrotherapeutic Apparatus
SLP,Simulations Plus Inc. Common Stock,$14.53,0.25,1.751%,293585653.00,United States,,69541,Technology,EDP Services
SLQT,SelectQuote Inc. Common Stock,$0.8953,0.0577,6.889%,157832136.00,United States,2020,821433,Finance,Specialty Insurers
SLRC,SLR Investment Corp. Common Stock,$15.685,0.315,2.049%,855689434.00,United States,2010,95650,Finance,Finance/Investors Services
SLS,SELLAS Life Sciences Group Inc. Common Stock,$4.475,-0.165,-3.556%,803632019.00,United States,,5374062,Health Care,Biotechnology: Pharmaceutical Preparations
SLSN,Solesence Inc. Common Stock,$1.13,0.02,1.802%,79814663.00,United States,,89783,Consumer Discretionary,Package Goods/Cosmetics
SLSR,Solaris Resources Inc. Common Shares,$10.51,0.05,0.478%,1755541297.00,,2024,30931,,
SLVM,Sylvamo Corporation Common Stock,$39.84,-1.30,-3.16%,1583057420.00,United States,2021,158077,Basic Materials,Paper
SLXN,Silexion Therapeutics Corp Ordinary Shares,$0.8616,-0.0585,-6.358%,3510770.00,Israel,,46158,Health Care,Biotechnology: Biological Products (No Diagnostic Substances)
SLXNW,Silexion Therapeutics Corp Warrant,$0.0143,-0.0118,-45.211%,58268.00,Israel,,20000,Health Care,Biotechnology: Biological Products (No Diagnostic Substances)
SM,SM Energy Company Common Stock,$28.66,-0.63,-2.151%,6871002539.00,United States,,1314694,Energy,Oil & Gas Production
SMA,SmartStop Self Storage REIT Inc. Common Stock,$32.54,0.05,0.154%,1797730124.00,United States,2025,140131,Real Estate,Real Estate Investment Trusts
SMBC,Southern Missouri Bancorp Inc. Common Stock,$68.27,0.68,1.006%,758362207.00,United States,,42365,Finance,Banks
SMBK,SmartFinancial Inc. Common Stock,$41.65,-0.33,-0.786%,712151400.00,United States,,36570,Finance,Major Banks
SMC,Summit Midstream Corporation Common Stock,$29.38,-0.24,-0.81%,597701990.00,United States,2012,15782,Utilities,Natural Gas Distribution
SMCI,Super Micro Computer Inc. Common Stock,$28.82,2.07,7.738%,17262875315.00,United States,2020,24158681,Technology,Computer Manufacturing
SMFG,Sumitomo Mitsui Financial Group Inc Unsponsored American Depositary Shares (Japan),$20.185,0.085,0.423%,130679219276.00,Japan,,1123025,Finance,Commercial Banks
SMG,Scotts Miracle-Gro Company (The) Common Stock,$67.20,2.87,4.461%,3900271402.00,United States,1992,330950,Industrials,Agricultural Chemicals
SMHI,SEACOR Marine Holdings Inc. Common Stock ,$6.89,-0.07,-1.006%,186459089.00,United States,2017,16935,Consumer Discretionary,Marine Transportation
SMID,Smith-Midland Corporation Common Stock,$33.8399,0.8799,2.67%,179573257.00,United States,,1490,Industrials,Building Materials
SMJF,SMJ International Holdings Inc. Class A Ordinary Shares,$3.23,0.08,2.54%,80750000.00,,2025,1235388,Consumer Discretionary,RETAIL: Building Materials
SMMT,Summit Therapeutics Inc. Common Stock ,$21.98,-0.29,-1.302%,17058237499.00,United States,2015,2402056,Health Care,Biotechnology: Pharmaceutical Preparations
SMP,Standard Motor Products Inc. Common Stock,$38.56,0.48,1.261%,858472038.00,United States,,29022,Consumer Discretionary,Auto Parts:O.E.M.
SMPL,The Simply Good Foods Company Common Stock,$13.165,0.745,5.998%,1191288001.00,United States,,1134465,Consumer Staples,Packaged Foods
SMR,NuScale Power Corporation Class A Common Stock,$12.245,-0.475,-3.734%,4201375717.00,United States,2022,20282953,Industrials,Metal Fabrications
SMRT,SmartRent Inc. Class A Common Stock,$1.365,-0.015,-1.087%,262432094.00,United States,,218973,Technology,EDP Services
SMSI,Smith Micro Software Inc. Common Stock,$0.7801,0.0335,4.487%,19978373.00,United States,1995,53745,Technology,Computer Software: Prepackaged Software
SMTC,Semtech Corporation Common Stock,$112.6677,7.3277,6.956%,10490996664.00,United States,,1305998,Technology,Semiconductors
SMTI,Sanara MedTech Inc. Common Stock,$19.13,0.00,0.00%,175321801.00,United States,,17831,Health Care,Industrial Specialties
SMTK,SmartKem Inc. Common Stock,$0.276,0.0259,10.356%,5852003.00,United Kingdom,,305456,Technology,Semiconductors
SMWB,Similarweb Ltd. Ordinary Shares,$2.55,-0.04,-1.544%,221764453.00,,2021,164670,Technology,Computer Software: Programming Data Processing
SMX,SMX (Security Matters) Public Limited Company Ordinary Shares,$2.53,-0.99,-28.125%,7753015.00,Ireland,,3027585,Technology,Industrial Machinery/Components
SMXT,Solarmax Technology Inc. Common Stock,$0.609,0.0135,2.267%,34656102.00,United States,2024,36956,Consumer Discretionary,Engineering & Construction
SMXWW,SMX (Security Matters) Public Limited Company Warrant,$0.0499,0.01,25.063%,152915.00,Ireland,,146105,Technology,Industrial Machinery/Components
SN,SharkNinja Inc. Ordinary Shares,$115.77,1.08,0.942%,16427504023.00,United States,2023,208423,Consumer Discretionary,Consumer Electronics/Appliances
SNA,Snap-On Incorporated Common Stock,$381.66,-9.09,-2.326%,19868205529.00,United States,,249771,Consumer Discretionary,Industrial Machinery/Components
SNAL,Snail Inc. Class A Common Stock,$0.6202,-0.0647,-9.447%,26434166.00,United States,2022,759696,Technology,Computer Software: Prepackaged Software
SNAP,Snap Inc. Class A Common Stock,$5.615,0.045,0.808%,9483465424.00,United States,2017,16527992,Technology,Computer Software: Programming Data Processing
SNBR,Sleep Number Corporation Common Stock,$2.2989,-0.1611,-6.549%,52973261.00,United States,,429115,Consumer Discretionary,Home Furnishings
SNCY,Sun Country Airlines Holdings Inc. Common Stock,$16.60,0.26,1.591%,883506813.00,United States,2021,170057,Consumer Discretionary,Air Freight/Delivery Services
SND,Smart Sand Inc. Common Stock,$5.105,-0.175,-3.314%,219441902.00,United States,2016,86992,Industrials,Mining & Quarrying of Nonmetallic Minerals (No Fuels)
SNDA,Sonida Senior Living Inc. Common Stock,$35.75,0.60,1.707%,1694122502.00,United States,,155347,Health Care,Hospital/Nursing Management
SNDK,Sandisk Corporation Common Stock,$990.3399,57.9099,6.211%,146175131850.00,United States,,7869682,Technology,Electronic Components
SNDL,SNDL Inc. Common Shares,$1.53,0.00,0.00%,396576000.00,Canada,2019,1571941,Health Care, Medicinal Chemicals and Botanical Products 
SNDR,Schneider National Inc. Common Stock,$30.41,0.28,0.929%,5331983452.00,United States,2017,149962,Industrials,Trucking Freight/Courier Services
SNDX,Syndax Pharmaceuticals Inc. Common Stock,$21.43,0.43,2.048%,1890138772.00,United States,2016,627014,Health Care,Biotechnology: Pharmaceutical Preparations
SNES,SenesTech Inc. Common Stock,$1.5516,0.0126,0.819%,8228796.00,United States,2016,12175,Industrials,Agricultural Chemicals
SNEX,StoneX Group Inc. Common Stock,$106.34,1.44,1.373%,8368419388.00,United States,,118605,Finance,Investment Bankers/Brokers/Service
SNFCA,Security National Financial Corporation Class A Common Stock,$9.94,0.09,0.914%,258638800.00,United States,,12165,Finance,Finance: Consumer Services
SNGX,Soligenix Inc. Common Stock,$1.37,0.00,0.00%,14119328.00,United States,,33281,Health Care,Biotechnology: Pharmaceutical Preparations
SNN,Smith & Nephew SNATS Inc. Common Stock,$31.42,-0.50,-1.566%,13349164354.00,United Kingdom,,864269,Health Care,Industrial Specialties
SNOA,Sonoma Pharmaceuticals Inc. Common Stock,$1.06,-0.74,-41.111%,1834450.00,United States,2007,4676105,Health Care,Biotechnology: Pharmaceutical Preparations
SNOW,Snowflake Inc. Common Stock,$138.595,-7.805,-5.331%,47912291500.00,United States,2020,6562514,Technology,Computer Software: Prepackaged Software
SNPS,Synopsys Inc. Common Stock,$497.82,40.97,8.968%,95363408281.00,United States,1992,1557107,Technology,Computer Software: Prepackaged Software
SNSE,Sensei Biotherapeutics Inc. Common Stock,$31.31,-1.31,-4.016%,41991093.00,United States,2021,2093,Health Care,Biotechnology: Pharmaceutical Preparations
SNT,Senstar Technologies Corporation Common Shares,$2.99,-0.06,-1.967%,69746692.00,Canada,,2295,Telecommunications,Telecommunications Equipment
SNTG,Sentage Holdings Inc. Class A Ordinary Shares,$1.92,-0.02,-1.031%,5386224.00,China,2021,23851,Finance,Finance: Consumer Services
SNTI,Senti Biosciences Inc. Common Stock,$1.0318,0.0218,2.158%,32134892.00,United States,2021,70809,Health Care,Biotechnology: Biological Products (No Diagnostic Substances)
SNWV,SANUWAVE Health Inc. Common Stock,$18.5399,-0.5701,-2.983%,159335775.00,United States,,27810,Health Care,Medical/Dental Instruments
SNX,TD SYNNEX Corporation Common Stock,$227.0199,4.1899,1.88%,18250377894.00,United States,2003,254650,Technology,Retail: Computer Software & Peripheral Equipment
SNY,Sanofi ADS,$46.95,-0.58,-1.22%,114504204314.00,France,,1243641,Health Care,Biotechnology: Pharmaceutical Preparations
SNYR,Synergy CHC Corp. Common Stock,$0.3923,-0.0076,-1.90%,5798933.00,United States,2024,219864,Health Care,Other Pharmaceuticals
SO,Southern Company (The) Common Stock,$93.39,-0.52,-0.554%,105373788457.00,United States,,997507,Utilities,Electric Utilities: Central
SOAR,Volato Group Inc. Class A Common Stock,$0.224,-0.0018,-0.797%,4505816.00,,2022,1235490,Consumer Discretionary,Transportation Services
SOBO,South Bow Corporation Common Shares,$31.75,-0.11,-0.345%,6621751393.00,Canada,2024,176798,Energy,Natural Gas Distribution
SOBR,SOBR Safe Inc. Common Stock,$0.541,-0.0056,-1.025%,1518359.00,United States,,54763,Consumer Discretionary,Newspapers/Magazines
SOC,Sable Offshore Corp. Common Stock,$13.61,-0.65,-4.558%,2003992010.00,United States,2021,782329,Energy,Oil & Gas Production
SOCA,Solarius Capital Acquisition Corp. Class A Ordinary Share,$10.18,0.00,0.00%,0.00,United States,2025,12950,,
SOCAU,Solarius Capital Acquisition Corp. Units,$10.275,0.075,0.735%,0.00,United States,2025,1900,Finance,Blank Checks
SOFI,SoFi Technologies Inc. Common Stock  ,$18.315,-0.005,-0.027%,23356457413.00,United States,,20338567,Finance,Finance: Consumer Services
SOGP,Sound Group Inc. American Depositary Shares,$14.50,-0.11,-0.753%,71565823.00,China,2020,14076,Technology,Computer Software: Programming Data Processing
SOHU,Sohu.com Limited American Depositary Shares,$15.68,0.54,3.567%,408762265.00,China,,26174,Technology,EDP Services
SOJC,Southern Company (The) Series 2017B 5.25% Junior Subordinated Notes due December 1 2077,$21.86,0.08,0.367%,24047036317.00,United States,2017,9717,Utilities,Electric Utilities: Central
SOJD,Southern Company (The) Series 2020A 4.95% Junior Subordinated Notes due January 30 2080,$20.6026,0.0626,0.305%,22663836707.00,United States,2020,21914,Utilities,Electric Utilities: Central
SOJE,Southern Company (The) Series 2020C 4.20% Junior Subordinated Notes due October 15 2060,$17.5637,0.0137,0.078%,19224624235.00,United States,2020,37639,Basic Materials,Metal Mining
SOJF,Southern Company (The) Series 2025A 6.50% Junior Subordinated Notes due March 15 2085,$25.42,0.07,0.276%,0.00,United States,2025,5899,Basic Materials,Metal Mining
SOLS,Solstice Advanced Materials Inc. Common Stock ,$81.75,0.70,0.864%,12981534659.00,United States,,483352,Industrials,Aerospace
SOLV,Solventum Corporation Common Stock,$68.135,-0.825,-1.196%,11814966981.00,United States,2024,149068,Health Care,Medical/Dental Instruments
SOMN,Southern Company (The) 2025 Series A Corporate Units,$50.82,-0.26,-0.509%,57341213507.00,United States,,5095,Basic Materials,Metal Mining
SON,Sonoco Products Company Common Stock,$48.61,-0.58,-1.179%,4794590768.00,United States,,609883,Consumer Discretionary,Containers/Packaging
SONM,DNA X Inc. Common Stock,$4.20,0.17,4.218%,6250726.00,United States,2019,10013,Utilities,Telecommunications Equipment
SONO,Sonos Inc. Common Stock,$14.60,0.18,1.248%,1764740792.00,United States,2018,168140,Consumer Staples,Consumer Electronics/Appliances
SONY,Sony Group Corporation American Depositary Shares ,$20.12,-0.37,-1.806%,121223046175.00,Japan,,3539356,Consumer Staples,Consumer Electronics/Appliances
SOPA,Society Pass Incorporated Common Stock,$0.4245,-0.0404,-8.69%,5513128.00,United States,2021,326484,Real Estate,Real Estate
SOPH,SOPHiA GENETICS SA Ordinary Shares,$4.84,-0.03,-0.616%,346876518.00,Switzerland,2021,31083,Health Care,Biotechnology: Biological Products (No Diagnostic Substances)
SOR,Source Capital Inc. Cmn Shs of BI,$46.00,-0.28,-0.605%,383846218.00,United States,,3813,Finance,Investment Managers
SORA,AsiaStrategy Ordinary Shares,$2.79,-0.02,-0.712%,69370560.00,Hong Kong,2025,14359,Industrials,Other Specialty Stores
SORN,Soren Acquisition Corp. Class A Ordinary Shares,$9.90,0.00,0.00%,0.00,United States,2026,204,Finance,Blank Checks
SOS,SOS Limited Class A Ordinary Shares,$1.20,-0.03,-2.439%,8152649.00,China,,21985,Finance,Finance: Consumer Services
SOTK,Sono-Tek Corporation Common Stock,$4.47,0.13,2.995%,70225439.00,United States,,20619,Technology,Industrial Machinery/Components
SOUL,Soulpower Acquisition Corporation Class A Ordinary Shares,$10.32,0.005,0.048%,0.00,,2025,468,Consumer Discretionary,Publishing
SOUN,SoundHound AI Inc Class A Common Stock,$8.075,0.255,3.261%,3441646194.00,United States,,14733227,Technology,Computer Software: Prepackaged Software
SOUNW,SoundHound AI Inc. Warrant,$2.825,0.035,1.254%,1204043405.00,United States,2021,10002,Technology,Computer Software: Prepackaged Software
SOWG,Sow Good Inc. Common Stock,$1.66,0.0115,0.698%,499330236.00,United States,,130333,Consumer Staples,Packaged Foods
SPAI,Safe Pro Group Inc. Common Stock,$4.34,-0.01,-0.23%,90660803.00,United States,2024,50701,Health Care,Industrial Specialties
SPB,Spectrum Brands Holdings Inc. Common Stock,$85.17,0.84,0.996%,1975840774.00,United States,,26080,Miscellaneous,Industrial Machinery/Components
SPCB,SuperCom Ltd. Ordinary Shares (Israel),$9.11,0.175,1.959%,40524013.00,Israel,,13034,Technology,Semiconductors
SPCE,Virgin Galactic Holdings Inc. Common Stock,$2.585,-0.125,-4.613%,210441528.00,United States,2017,6905783,Consumer Discretionary,Transportation Services
SPE,Special Opportunities Fund Inc Common Stock,$14.2784,0.0284,0.199%,0.00,United States,,10853,Finance,Finance/Investors Services
SPE^C,Special Opportunities Fund Inc. 2.75% Convertible Preferred Stock Series C,$24.90,0.00,0.00%,,United States,,34,,
SPEG,Silver Pegasus Acquisition Corp Class A Ordinary Shares,$10.22,0.00,0.00%,0.00,United States,2025,21,,
SPEGR,Silver Pegasus Acquisition Corp Rights.,$0.20,-0.03,-13.043%,0.00,United States,2025,100,,
SPEGU,Silver Pegasus Acquisition Corp Unit,$10.35,0.00,0.00%,0.00,United States,2025,7,,
SPFI,South Plains Financial Inc. Common Stock,$43.225,-0.385,-0.883%,706387056.00,United States,2019,37628,Finance,Major Banks
SPG,Simon Property Group Inc. Common Stock,$202.16,-1.50,-0.737%,65671309282.00,United States,,277194,Real Estate,Real Estate Investment Trusts
SPG^J,Simon Property Group Inc. Simon Property Group 8 3/8% Series J Cumulative Redeemable Preferred Stock,$53.4101,0.0101,0.019%,,United States,,614,,
SPGI,S&P Global Inc. Common Stock,$435.56,-3.47,-0.79%,132034306857.00,United States,,723080,Finance,Finance: Consumer Services
SPH,Suburban Propane Partners L.P. Common Stock,$19.465,-0.005,-0.026%,1291142278.00,United States,1996,10798,Consumer Discretionary,Other Specialty Stores
SPHL,Springview Holdings Ltd Class A Ordinary Shares,$2.4604,-0.1196,-4.636%,30169376.00,Singapore,2024,1768,Consumer Discretionary,Homebuilding
SPHR,Sphere Entertainment Co. Class A Common Stock,$131.67,3.80,2.972%,4674564140.00,United States,2020,179050,Consumer Discretionary,Services-Misc. Amusement & Recreation
SPIR,Spire Global Inc. Class A Common Stock,$16.5218,-1.0182,-5.805%,578451101.00,United States,2020,872165,Consumer Discretionary,Telecommunications Equipment
SPKL,Spark I Acquisition Corp. Class A Ordinary Share,$11.39,0.00,0.00%,0.00,United States,2023,1,,
SPKLW,Spark I Acquisition Corp. Warrant,$0.1962,0.00,0.00%,0.00,United States,2023,36,,
SPMA,Sound Point Meridian Capital Inc. 8.00% Series A Preferred Shares Due 2029,$25.10,0.01,0.04%,0.00,,,3256,,
SPMC,Sound Point Meridian Capital Inc. Common Stock,$9.685,0.145,1.52%,0.00,,2024,6563,,
SPME,Sound Point Meridian Capital Inc. 7.875% Series B Preferred Shares due 2030,$24.95,-0.10,-0.399%,0.00,,,3323,,
SPNT,SiriusPoint Ltd. Common Shares,$23.65,0.28,1.198%,2766802739.00,Bermuda,2013,130523,Finance,Property-Casualty Insurers
SPOK,Spok Holdings Inc. Common Stock,$11.40,0.03,0.264%,236326024.00,United States,,26841,Telecommunications,Telecommunications Equipment
SPOT,Spotify Technology S.A. Ordinary Shares,$513.63,-2.31,-0.448%,105721760843.00,Luxembourg,2018,521196,Consumer Discretionary,Broadcasting
SPPL,SIMPPLE LTD. Ordinary Shares,$2.235,-0.005,-0.223%,21872121.00,Singapore,2023,930582,Consumer Discretionary,Diversified Commercial Services
SPRB,Spruce Biosciences Inc. Common Stock,$55.2649,1.2549,2.323%,75825819.00,United States,2020,32502,Health Care,Biotechnology: Pharmaceutical Preparations
SPRC,SciSparc Ltd. Ordinary Shares,$6.72,0.14,2.128%,3800160.00,Israel,,80250,Health Care,Biotechnology: Pharmaceutical Preparations
SPRO,Spero Therapeutics Inc. Common Stock,$2.77,-0.03,-1.071%,160359436.00,United States,2017,196941,Health Care,Biotechnology: Pharmaceutical Preparations
SPRU,Spruce Power Holding Corporation Class A Common Stock,$3.644,-0.236,-6.082%,66207337.00,United States,2019,57017,Consumer Discretionary,Auto Parts:O.E.M.
SPRY,ARS Pharmaceuticals Inc. Common Stock,$8.31,0.01,0.12%,825160621.00,United States,2020,550790,Health Care,Biotechnology: Pharmaceutical Preparations
SPSC,SPS Commerce Inc. Common Stock,$53.49,0.17,0.319%,1977370607.00,United States,2010,91698,Technology,Computer Software: Prepackaged Software
SPT,Sprout Social Inc Class A Common Stock,$5.775,0.175,3.125%,343960715.00,United States,2019,284683,Technology,Computer Software: Prepackaged Software
SPWH,Sportsman's Warehouse Holdings Inc. Common Stock,$1.48,-0.04,-2.632%,57650958.00,United States,2014,468232,Consumer Discretionary,Other Specialty Stores
SPWR,SunPower Inc. Common Stock,$1.00,0.0199,2.03%,126652769.00,United States,,2081792,Technology,Semiconductors
SPWRW,SunPower Inc. Warrants,$0.25,-0.02,-7.407%,31663192.00,United States,,14434,Technology,Semiconductors
SPXC,SPX Technologies Inc. Common Stock,$223.995,0.035,0.016%,11239345596.00,United States,,88824,Industrials,Industrial Machinery/Components
SPXX,Nuveen S&P 500 Dynamic Overwrite Fund,$17.49,0.18,1.04%,0.00,United States,,80191,Finance,Trusts Except Educational Religious and Charitable
SQFT,Presidio Property Trust Inc. Class A Common Stock,$3.40,-0.06,-1.734%,4901705.00,United States,2020,6317,Real Estate,Real Estate Investment Trusts
SQFTP,Presidio Property Trust Inc. 9.375% Series D Cumulative Redeemable Perpetual Preferred Stock $0.01 par value per share,$6.60,-0.51,-7.173%,9515075.00,United States,,4240,Real Estate,Real Estate Investment Trusts
SQFTW,Presidio Property Trust Inc. Series A Common Stock Purchase Warrants,$0.0183,0.0003,1.667%,26383.00,United States,,12488,Real Estate,Real Estate Investment Trusts
SQM,Sociedad Quimica y Minera S.A. Common Stock,$88.79,3.34,3.909%,25361780972.00,Chile,1993,830086,Industrials,Mining & Quarrying of Nonmetallic Minerals (No Fuels)
SQNS,Sequans Communications S.A. American Depositary Shares (each representing one hundred (100) Ordinary Shares),$2.995,0.045,1.525%,42925664.00,France,,82915,Technology,Semiconductors
SR,Spire Inc. Common Stock,$91.02,-0.29,-0.318%,5378971440.00,United States,,86865,Utilities,Oil/Gas Transmission
SRAD,Sportradar Group AG Class A Ordinary Shares,$12.79,-0.11,-0.853%,3987376686.00,Switzerland,2021,3735823,Technology,Computer Software: Programming Data Processing
SRBK,SR Bancorp Inc. Common stock,$18.58,0.03,0.162%,154872995.00,United States,2023,27160,Finance,Banks
SRCE,1st Source Corporation Common Stock,$73.245,-0.655,-0.886%,1846342308.00,United States,,96815,Finance,Major Banks
SRE,DBA Sempra Common Stock,$93.50,-0.41,-0.437%,61086593986.00,United States,,970465,Utilities,Natural Gas Distribution
SREA,DBA Sempra 5.750% Junior Subordinated Notes due 2079,$21.695,0.005,0.023%,13736099758.00,United States,2019,17083,Utilities,Natural Gas Distribution
SRFM,Surf Air Mobility Inc. Common Stock,$1.17,0.03,2.632%,98649692.00,United States,2023,1840701,Consumer Discretionary,Transportation Services
SRG,Seritage Growth Properties Class A Common Stock,$2.61,0.03,1.163%,147007224.00,United States,2015,160360,Finance,Real Estate
SRG^A,Seritage Growth Properties 7.00% Series A Cumulative Redeemable Preferred Shares of Beneficial Interest,$21.75,0.05,0.23%,,United States,,4694,,
SRI,Stoneridge Inc. Common Stock,$6.60,-0.27,-3.93%,186352617.00,United States,1997,68627,Consumer Discretionary,Auto Parts:O.E.M.
SRJN,Spire Inc. 6.375% Junior Subordinated Notes due 2086,$24.805,0.015,0.061%,0.00,United States,,5651,Utilities,Oil/Gas Transmission
SRL,Scully Royalty Ltd.,$6.88,0.01,0.146%,104757295.00,Canada,,1089,Finance,Commercial Banks
SRPT,Sarepta Therapeutics Inc. Common Stock (DE),$20.28,-0.14,-0.686%,2129192576.00,United States,,761700,Health Care,Biotechnology: Pharmaceutical Preparations
SRRK,Scholar Rock Holding Corporation Common Stock,$46.60,-0.88,-1.853%,5559467888.00,United States,2018,539409,Health Care,Biotechnology: Biological Products (No Diagnostic Substances)
SRTA,Strata Critical Medical Inc. Class A Common Stock,$4.95,0.19,3.992%,427911116.00,United States,2019,374109,Consumer Discretionary,Transportation Services
SRTAW,Strata Critical Medical Inc. Warrants,$0.0107,-0.0043,-28.667%,924980.00,United States,2019,3930,Consumer Discretionary,Transportation Services
SRTS,Sensus Healthcare Inc. Common Stock,$3.9924,0.0624,1.588%,65723124.00,United States,2016,7539,Health Care,Medical/Dental Instruments
SRV,NXG Cushing Midstream Energy Fund Common Shares of Beneficial Interest,$44.905,-0.175,-0.388%,0.00,United States,,21542,Finance,Finance Companies
SRXH,SRX Health Solutions Inc. Common Stock,$0.12,0.0025,2.128%,35784922.00,,2021,7541203,Consumer Staples,Beverages (Production/Distribution)
SRZN,Surrozen Inc. Common Stock,$28.93,-1.705,-5.566%,332310434.00,United States,,41662,Health Care,Biotechnology: Biological Products (No Diagnostic Substances)
SSAC,SPACSphere Acquisition Corp. Class A Ordinary Shares,$9.92,0.00,0.00%,0.00,United States,2026,101083,Finance,Blank Checks
SSACR,SPACSphere Acquisition Corp. Rights,$0.18,0.00,0.00%,0.00,United States,2026,75000,Finance,Blank Checks
SSACW,SPACSphere Acquisition Corp. Warrant,$0.08,0.0001,0.125%,0.00,United States,2026,1900,Finance,Blank Checks
SSB,SouthState Bank Corporation Common Stock,$95.04,-3.05,-3.109%,9339328184.00,United States,,804641,Finance,Major Banks
SSBI,Summit State Bank Common Stock,$13.71,0.00,0.00%,91488612.00,United States,2006,89,Finance,Major Banks
SSD,Simpson Manufacturing Company Inc. Common Stock,$181.345,-3.985,-2.15%,7470329194.00,United States,,102130,Consumer Discretionary,Industrial Machinery/Components
SSEA,Starry Sea Acquisition Corp	Ordinary Shares,$10.17,0.01,0.098%,0.00,United States,2025,3295,,
SSII,SS Innovations International Inc. Common Stock,$4.44,-0.03,-0.671%,862943730.00,India,,8266,Health Care,Medical/Dental Instruments
SSL,Sasol Ltd. American Depositary Shares,$12.795,-0.085,-0.66%,8308754456.00,South Africa,,563780,Energy,Oil & Gas Production
SSM,Sono Group N.V. Ordinary Shares,$6.50,0.00,0.00%,,Germany,,321,,
SSNC,SS&C Technologies Holdings Inc. Common Stock,$66.12,-3.94,-5.624%,15917569186.00,United States,2010,1890168,Technology,Computer Software: Prepackaged Software
SSP,E.W. Scripps Company (The) Class A Common Stock,$4.725,-0.135,-2.778%,420661274.00,United States,,204814,Industrials,Broadcasting
SSRM,SSR Mining Inc. Common Stock,$30.19,0.34,1.139%,6182384611.00,Canada,,798370,Industrials,Precious Metals
SSSS,SuRo Capital Corp. Common Stock,$13.12,-0.01,-0.076%,333087359.00,United States,2011,89864,Finance,Finance: Consumer Services
SSSSL,SuRo Capital Corp. 6.00% Notes due 2026,$25.05,-0.0121,-0.048%,598397080.00,United States,,100,Finance,Finance: Consumer Services
SST,System1 Inc. Class A Common Stock,$4.43,0.60,15.666%,43845216.00,United States,2020,7476718,Technology,Computer Software: Programming Data Processing
SSTI,SoundThinking Inc. Common Stock,$6.70,0.04,0.601%,86791378.00,United States,2017,13425,Technology,Computer Software: Prepackaged Software
SSTK,Shutterstock Inc. Common Stock,$17.78,-0.08,-0.448%,632021304.00,United States,2012,45243,Technology,EDP Services
SSYS,Stratasys Ltd. Ordinary Shares (Israel),$8.5656,0.0856,1.009%,738119500.00,United States,1994,133797,Technology,Computer peripheral equipment
ST,Sensata Technologies Holding plc Ordinary Shares,$41.985,0.125,0.299%,6121393855.00,Netherlands,2010,493372,Industrials,Industrial Machinery/Components
STAA,STAAR Surgical Company Common Stock,$25.38,0.54,2.174%,1256633570.00,United States,,257116,Health Care,Ophthalmic Goods
STAG,Stag Industrial Inc. Common Stock,$39.20,-0.08,-0.204%,7493870507.00,United States,2011,283494,Real Estate,Real Estate Investment Trusts
STAK,STAK Inc. Class A Ordinary Shares,$0.89,0.059,7.10%,11757211.00,China,2025,29239,Consumer Discretionary,Oil and Gas Field Machinery
STBA,S&T Bancorp Inc. Common Stock,$43.275,-0.265,-0.609%,1585812894.00,United States,,60739,Finance,Major Banks
STC,Stewart Information Services Corporation Common Stock,$71.54,0.60,0.846%,2182165662.00,United States,,43928,Finance,Specialty Insurers
STE,STERIS plc (Ireland) Ordinary Shares,$223.455,-0.065,-0.029%,21915354711.00,United States,,105968,Health Care,Industrial Specialties
STEL,Stellar Bancorp Inc. Common Stock,$37.35,-0.21,-0.559%,1896342268.00,United States,,68011,Finance,Major Banks
STEM,Stem Inc. Class A Common Stock,$11.54,0.26,2.305%,98308960.00,United States,1992,74461,Miscellaneous,Industrial Machinery/Components
STEP,StepStone Group Inc. Class A Common Stock,$53.815,-1.105,-2.012%,6412685702.00,United States,2020,255404,Finance,Investment Managers
STEW,SRH Total Return Fund Inc. Common Stock,$17.70,0.00,0.00%,0.00,United States,,19519,Finance,Investment Managers
STEX,Streamex Corp. Common Stock,$0.9864,0.089,9.918%,96392681.00,United States,,1114084,Health Care,Biotechnology: Electromedical & Electrotherapeutic Apparatus
STFS,Star Fashion Culture Holdings Limited Class A Ordinary Shares,$4.04,0.00,0.00%,4822750.00,China,2024,178,Consumer Discretionary,Advertising
STG,Sunlands Technology Group American Depositary Shares representing Class A ordinary shares,$3.54,0.00,0.00%,47847518.00,,2018,3,Real Estate,Other Consumer Services
STGW,Stagwell Inc. Class A Common Stock,$6.725,0.215,3.303%,1704468426.00,Canada,,324146,Consumer Discretionary,Advertising
STHO,Star Holdings Shares of Beneficial Interest,$8.31,-0.03,-0.36%,100457679.00,United States,,1798,Real Estate,Real Estate
STI,Solidion Technology Inc. Common Stock,$4.17,0.45,12.097%,32299498.00,United States,2022,125451,Miscellaneous,Industrial Machinery/Components
STIM,Neuronetics Inc. Common Stock,$1.67,-0.02,-1.183%,116197778.00,United States,2018,370934,Health Care,Medical/Dental Instruments
STK,Columbia Seligman Premium Technology Growth Fund Inc,$47.25,0.61,1.308%,0.00,United States,2009,39986,Finance,Investment Managers
STKE,Sol Strategies Inc. Common Shares,$1.39,-0.04,-2.797%,44393819.00,Canada,,58521,,
STKH,Steakholder Foods Ltd. American Depositary Shares,$1.77,-0.04,-2.21%,2443660.00,Israel,2021,17992,Consumer Staples,Packaged Foods
STKL,SunOpta Inc. Common Stock,$6.485,0.005,0.077%,767642686.00,Canada,,178992,Industrials,Farming/Seeds/Milling
STKS,The ONE Group Hospitality Inc. Common Stock,$1.7579,0.0079,0.451%,55169000.00,United States,,10133,Consumer Discretionary,Restaurants
STLA,Stellantis N.V. Common Shares,$8.0361,-0.2539,-3.063%,23284464711.00,United Kingdom,2014,8364029,Industrials,Auto Manufacturing
STLD,Steel Dynamics Inc.,$225.10,0.05,0.022%,32576972848.00,United States,1996,320767,Industrials,Steel/Iron Ore
STM,STMicroelectronics N.V. Common Stock,$51.32,1.61,3.239%,45611581561.00,Switzerland,,9070803,Technology,Semiconductors
STN,Stantec Inc Common Stock,$89.04,-0.25,-0.28%,10156525235.00,Canada,,63647,Consumer Discretionary,Military/Government/Technical
STNE,StoneCo Ltd. Class A Common Shares,$12.295,0.275,2.288%,3338610009.00,Brazil,2018,4728385,Technology,EDP Services
STNG,Scorpio Tankers Inc. Common Shares,$77.13,-0.07,-0.091%,3992463993.00,Monaco,2010,211106,Consumer Discretionary,Marine Transportation
STOK,Stoke Therapeutics Inc. Common Stock,$33.995,-0.935,-2.677%,2116905433.00,United States,2019,146598,Health Care,Biotechnology: Pharmaceutical Preparations
STRA,Strategic Education Inc. Common Stock,$72.995,0.805,1.115%,1650629292.00,United States,1996,155658,Real Estate,Other Consumer Services
STRC,Strategy Inc Variable Rate Series A Perpetual Stretch Preferred Stock,$99.665,0.065,0.065%,34506203371.00,United States,,1549394,Technology,Computer Software: Prepackaged Software
STRD,Strategy Inc 10.00% Series A Perpetual Stride Preferred Stock,$77.9793,0.1993,0.256%,26998139613.00,United States,,33961,Technology,Computer Software: Prepackaged Software
STRF,Strategy Inc 10.00% Series A Perpetual Strife Preferred Stock,$100.575,0.495,0.495%,34821265279.00,United States,,24988,Technology,Computer Software: Prepackaged Software
STRK,Strategy Inc 8.00% Series A Perpetual Strike Preferred Stock,$77.545,-0.545,-0.698%,26847775452.00,United States,,34677,Technology,Computer Software: Prepackaged Software
STRL,Sterling Infrastructure Inc. Common Stock,$510.35,14.68,2.962%,15657912597.00,United States,,154026,Industrials,Military/Government/Technical
STRO,Sutro Biopharma Inc. Common Stock,$32.295,-2.535,-7.278%,535059911.00,United States,2018,130523,Health Care,Biotechnology: Biological Products (No Diagnostic Substances)
STRR,Star Equity Holdings Inc. Common Stock,$9.55,0.25,2.688%,35473924.00,United States,,2111,Consumer Discretionary,Professional Services
STRRP,Star Equity Holdings Inc. 10% Series A Cumulative Perpetual Preferred Stock,$9.9921,-0.1067,-1.057%,37116125.00,United States,,203,,
STRS,Stratus Properties Inc. Common Stock,$30.475,-0.015,-0.049%,243267449.00,United States,,1882,Real Estate,Homebuilding
STRT,STRATTEC SECURITY CORPORATION Common Stock,$77.60,-2.17,-2.72%,324350773.00,United States,,172787,Consumer Discretionary,Auto Parts:O.E.M.
STRW,Strawberry Fields REIT Inc. Common Stock,$12.52,0.07,0.562%,167496404.00,United States,2023,3114,Real Estate,Real Estate Investment Trusts
STRZ,Starz Entertainment Corp. Common Shares,$18.78,-0.11,-0.582%,315298904.00,United States,,24849,Consumer Discretionary,Movies/Entertainment
STSS,Sharps Technology Inc. Common Stock,$1.90,0.07,3.825%,73462685.00,United States,2022,203486,Health Care,Medical/Dental Instruments
STSSW,Sharps Technology Inc. Warrant,$0.0333,0.003,9.901%,1287530.00,United States,2022,28042,Finance,Finance: Consumer Services
STT,State Street Corporation Common Stock,$150.79,-0.46,-0.304%,41757519694.00,United States,,581624,Finance,Major Banks
STT^G,State Street Corporation Depositary shares each representing a 1/4000th ownership interest in a share of Fixed-to-Floating Rate Non-Cumulative,$22.37,0.1099,0.494%,,United States,,11123,,
STTK,Shattuck Labs Inc. Common Stock,$7.50,-0.15,-1.961%,566863403.00,United States,2020,101789,Health Care,Biotechnology: Pharmaceutical Preparations
STUB,StubHub Holdings Inc. Class A Common Stock,$6.875,-0.105,-1.504%,2452478318.00,United States,2025,1078760,Consumer Discretionary,Services-Misc. Amusement & Recreation
STVN,Stevanato Group S.p.A. Ordinary Shares,$15.89,-0.35,-2.155%,4812167897.00,,2021,123722,Health Care,Medical/Dental Instruments
STWD,STARWOOD PROPERTY TRUST INC. Starwood Property Trust Inc.,$18.235,0.095,0.524%,6759344020.00,United States,2009,620944,Real Estate,Real Estate Investment Trusts
STX,Seagate Technology Holdings PLC Ordinary Shares (Ireland),$596.24,8.62,1.467%,130023885468.00,Ireland,2002,1367748,Technology,Electronic Components
STXS,Stereotaxis Inc. Common Stock,$1.945,-0.015,-0.765%,189593811.00,United States,,299198,Health Care,Biotechnology: Electromedical & Electrotherapeutic Apparatus
STZ,Constellation Brands Inc. Common Stock,$157.46,-1.85,-1.161%,27114370614.00,United States,,378623,Consumer Staples,Beverages (Production/Distribution)
SU,Suncor Energy  Inc. Common Stock,$63.57,-0.99,-1.533%,75451928901.00,Canada,,1111950,Energy,Integrated oil Companies
SUGP,SU Group Holdings Limited Class A Ordinary Shares,$4.41,-0.39,-8.125%,6459645.00,Hong Kong,2024,19000,Consumer Discretionary,Diversified Commercial Services
SUI,Sun Communities Inc. Common Stock,$129.775,0.175,0.135%,15992028551.00,United States,1993,153777,Real Estate,Real Estate Investment Trusts
SUIG,Sui Group Holdings Limited Common Stock,$1.565,0.025,1.623%,120196495.00,United States,,159184,Finance,Finance Companies
SUIS,Canary Staked SUIS ETF Shares of Beneficial Interest,$24.273,0.00,0.00%,25972110.00,United States,,44,,
SUMA,SUMA Acquisition Corporation Class A Ordinary Shares,$9.86,0.00,0.00%,0.00,Canada,2026,104,,
SUMAR,SUMA Acquisition Corporation Rights,$0.26,0.03,13.043%,0.00,Canada,2026,500,Finance,Blank Checks
SUMAU,SUMA Acquisition Corporation Units,$10.0999,0.00,0.00%,0.00,Canada,2026,1,Finance,Blank Checks
SUN,Sunoco LP Common Units representing limited partner interests,$65.405,-0.785,-1.186%,13396430786.00,United States,2012,45319,Energy,Integrated oil Companies
SUNB,Sunbelt Rentals Holdings Inc. Common Stock,$76.575,0.225,0.295%,31648432415.00,,2026,1531186,Consumer Discretionary,Diversified Commercial Services
SUNC,SunocoCorp LLC Common Units representing limited liability company interests,$63.03,-0.91,-1.423%,3247128990.00,,2025,88147,Energy,Integrated oil Companies
SUNE,SUNation Energy Inc. Common Stock,$1.2601,0.0201,1.621%,4292677.00,United States,,62586,Utilities,Telecommunications Equipment
SUNS,Sunrise Realty Trust Inc. Common Stock,$7.49,0.02,0.268%,101262216.00,United States,,32625,Real Estate,Real Estate Investment Trusts
SUPN,Supernus Pharmaceuticals Inc. Common Stock,$49.01,-1.38,-2.739%,2815990213.00,United States,2012,198047,Health Care,Biotechnology: Pharmaceutical Preparations
SUPV,Grupo Supervielle S.A. American Depositary Shares each Representing five Class B shares,$9.14,0.18,2.009%,834888401.00,,2016,323049,Finance,Commercial Banks
SUPX,SuperX AI Technology Limited Ordinary Shares,$8.895,-0.905,-9.235%,384411079.00,Hong Kong,2024,264500,,
SURG,SurgePays Inc. Common Stock,$0.6066,-0.0614,-9.192%,15238942.00,United States,,131505,Consumer Discretionary,Advertising
SUUN,PowerBank Corporation Common Stock,$0.665,0.0173,2.671%,26891203.00,Canada,,313138,Utilities,Power Generation
SUZ,Suzano S.A. American Depositary Shares (each representing One Ordinary Share),$9.125,-0.225,-2.406%,11535073237.00,Brazil,2018,1185273,Basic Materials,Paper
SVAC,Spring Valley Acquisition Corp. III Class A Ordinary Shares,$10.37,-0.06,-0.575%,0.00,United States,2025,49388,Finance,Blank Checks
SVACW,Spring Valley Acquisition Corp. III Warrant,$1.60,0.00,0.00%,0.00,United States,2025,10,Finance,Blank Checks
SVAQ,Silicon Valley Acquisition Corp. Class A Ordinary Shares,$9.91,0.00,0.00%,0.00,United States,2026,109082,Finance,Blank Checks
SVAQU,Silicon Valley Acquisition Corp. Units,$10.03,0.00,0.00%,0.00,United States,2025,10,Finance,Blank Checks
SVC,Service Properties Trust Common Stock,$1.49,0.06,4.196%,250401309.00,United States,,1223958,Real Estate,Real Estate Investment Trusts
SVCC,Stellar V Capital Corp. Class A Ordinary Shares,$10.47,0.00,0.00%,0.00,United States,2025,2,,
SVCO,Silvaco Group Inc. Common Stock,$9.83,0.79,8.739%,309064106.00,United States,2024,205725,Technology,Computer Software: Prepackaged Software
SVIVU,Spring Valley Acquisition Corp. IV Units,$10.14,0.00,0.00%,0.00,United States,2026,19,Finance,Blank Checks
SVIVW,Spring Valley Acquisition Corp. IV Warrants,$0.8601,0.00,0.00%,0.00,United States,2026,21,Finance,Blank Checks
SVM,Silvercorp Metals Inc. Common Shares,$12.485,0.345,2.842%,2750154712.00,Canada,,1435680,Basic Materials,Precious Metals
SVRA,Savara Inc. Common Stock,$5.12,0.18,3.644%,1049201357.00,United States,,420153,Health Care,Biotechnology: Pharmaceutical Preparations
SVRE,SaverOne 2014 Ltd. American Depositary Shares,$4.15,-0.2984,-6.708%,2628942.00,Israel,2022,43849,Technology,EDP Services
SVREW,SaverOne 2014 Ltd. Warrant,$0.0167,0.0017,11.333%,457017811.00,Israel,2022,2116,Technology,EDP Services
SVRN,OceanPal Inc. Common Stock,$8.90,-0.11,-1.221%,15263714.00,Greece,,2996,Consumer Discretionary,Marine Transportation
SVV,Savers Value Village Inc. Common Stock,$8.61,0.13,1.533%,1335038316.00,United States,2023,195525,Consumer Discretionary,Other Specialty Stores
SW,Smurfit WestRock plc Ordinary Shares,$39.99,-0.53,-1.308%,20964906863.00,Ireland,2024,1742921,Consumer Discretionary,Containers/Packaging
SWAG,Stran & Company Inc. Common Stock,$1.605,-0.005,-0.311%,29997704.00,United States,2021,11453,Consumer Discretionary,Advertising
SWAGW,Stran & Company Inc. Warrant,$0.0376,0.0064,20.513%,702750.00,United States,2021,100,Consumer Discretionary,Advertising
SWBI,Smith & Wesson Brands Inc. Common Stock,$15.17,0.02,0.132%,674970112.00,United States,,110334,Industrials,Ordnance And Accessories
SWIM,Latham Group Inc. Common Stock,$6.005,-0.015,-0.249%,702341557.00,United States,2021,49411,Industrials,Plastic Products
SWK,Stanley Black & Decker Inc. Common Stock,$76.435,0.425,0.559%,11853499137.00,United States,,544340,Consumer Discretionary,Industrial Machinery/Components
SWKHL,SWK Holdings Corporation 9.00% Senior Notes due 2027,$25.39,0.00,0.00%,308422257.00,United States,,140,,
SWKS,Skyworks Solutions Inc. Common Stock,$62.9699,1.4199,2.307%,9471044671.00,United States,,1292305,Technology,Semiconductors
SWMR,Swarmer Inc Common Stock,$36.755,-1.535,-4.009%,453872021.00,United States,2026,231758,Technology,Computer Software: Prepackaged Software
SWVL,Swvl Holdings Corp Class A Common Shares,$1.756,-0.064,-3.516%,17497388.00,United Arab Emirates,,8272,Real Estate,Real Estate
SWVLW,Swvl Holdings Corp Warrant,$0.007,-0.0019,-21.348%,69750.00,United Arab Emirates,,4206,Real Estate,Real Estate
SWX,Southwest Gas Holdings Inc. Common Stock (DE),$90.57,0.06,0.066%,6554064539.00,United States,,89038,Utilities,Oil & Gas Production
SWZ,Total Return Securities Fund Common Stock,$6.055,0.025,0.415%,0.00,United States,,14037,Finance,Finance Companies
SXC,SunCoke Energy Inc. Common Stock,$6.465,0.095,1.491%,548514999.00,United States,2011,293756,Industrials,Steel/Iron Ore
SXI,Standex International Corporation Common Stock,$271.185,-3.605,-1.312%,3286418609.00,United States,,141833,Industrials,Industrial Machinery/Components
SXT,Sensient Technologies Corporation Common Stock,$112.675,13.445,13.549%,4789442423.00,United States,,708052,Industrials,Major Chemicals
SXTC,China SXT Pharmaceuticals Inc. Class A Ordinary Shares,$2.145,0.0236,1.112%,6345075.00,China,2019,17077,Health Care,Biotechnology: Pharmaceutical Preparations
SXTP,60 Degrees Pharmaceuticals Inc. Common Stock,$1.614,-0.096,-5.614%,4255776.00,United States,2023,36767,Health Care,Biotechnology: Pharmaceutical Preparations
SXTPW,60 Degrees Pharmaceuticals Inc. Warrant,$0.0519,0.00,0.00%,136849.00,United States,2023,70,Health Care,Biotechnology: Pharmaceutical Preparations
SY,So-Young International Inc. American Depository Shares,$2.7105,0.0105,0.389%,272939075.00,China,2019,142327,Technology,EDP Services
SYBT,Stock Yards Bancorp Inc. Common Stock,$71.08,0.64,0.909%,2097669601.00,United States,,42227,Finance,Major Banks
SYF,Synchrony Financial Common Stock,$76.795,0.175,0.228%,26693656246.00,United States,2014,1679114,Finance,Finance: Consumer Services
SYF^A,Synchrony Financial Depositary Shares each Representing a 1/40th Interest in a Share of 5.625% Fixed Rate Non-Cumulative Perpetual Preferred Stock Series A,$20.38,0.10,0.493%,,United States,,66654,,
SYF^B,Synchrony Financial Depositary Shares Each Representing a 1/40th Interest in a Share of 8.250% Fixed Rate Reset Non-Cumulative Perpetual Preferred Stock Series B,$26.325,0.085,0.324%,,United States,,3867,,
SYK,Stryker Corporation Common Stock,$325.775,-3.875,-1.175%,124766695021.00,United States,,813531,Health Care,Medical/Dental Instruments
SYM,Symbotic Inc. Class A Common Stock,$60.29,-2.22,-3.551%,36304937340.00,United States,2021,817094,Industrials,Industrial Machinery/Components
SYNA,Synaptics Incorporated Common Stock $0.001 Par Value,$91.00,6.05,7.122%,3524406431.00,United States,2002,605637,Technology,Semiconductors
SYNX,Silynxcom Ltd. Ordinary Shares,$1.195,-0.005,-0.417%,6317943.00,,2024,7981,Consumer Staples,Consumer Electronics/Appliances
SYPR,Sypris Solutions Inc. Common Stock,$3.675,0.005,0.136%,84635140.00,United States,,33991,Industrials,Industrial Machinery/Components
SYRE,Spyre Therapeutics Inc. Common Stock,$69.015,-0.225,-0.325%,6397572553.00,United States,2016,181436,Health Care,Biotechnology: Pharmaceutical Preparations
SYY,Sysco Corporation Common Stock,$76.20,0.39,0.514%,36494515454.00,United States,,1656390,Consumer Discretionary,Food Distributors
SZZL,Sizzle Acquisition Corp. II Class A ordinary shares,$10.305,0.005,0.049%,0.00,United States,2025,33336,Finance,Blank Checks
SZZLR,Sizzle Acquisition Corp. II Right,$0.1999,-0.01,-4.764%,0.00,United States,2025,5203,Finance,Blank Checks
SZZLU,Sizzle Acquisition Corp. II Unit,$10.46,0.00,0.00%,0.00,United States,2025,37,Finance,Blank Checks
T,AT&T Inc.,$26.2123,-0.3977,-1.495%,183055072173.00,United States,,11258423,Telecommunications,Telecommunications Equipment
T^A,AT&T Inc. Depositary Shares each representing a 1/1000th interest in a share of 5.000% Perpetual Preferred Stock Series A,$20.16,0.06,0.299%,,United States,,15638,,
T^C,AT&T Inc. Depositary Shares each representing a 1/1000th interest in a share of 4.750% Perpetual Preferred Stock Series C,$18.79,0.05,0.267%,,United States,,33358,,
TAC,TransAlta Corporation Ordinary Shares,$12.205,0.125,1.035%,3628481020.00,Canada,,263704,Utilities,Electric Utilities: Central
TACH,Titan Acquisition Corp. Class A Ordinary Shares,$10.32,0.00,0.00%,0.00,United States,2025,52,Finance,Blank Checks
TACHW,Titan Acquisition Corp. Warrants,$0.301,0.0027,0.905%,0.00,United States,2025,240914,Finance,Blank Checks
TACO,Berto Acquisition Corp. Ordinary Shares,$10.30,0.0001,0.001%,375354990.00,United States,2025,3244,Finance,Blank Checks
TACOU,Berto Acquisition Corp. Unit,$10.5099,0.0599,0.573%,0.00,United States,2025,5510,Finance,Blank Checks
TACOW,Berto Acquisition Corp. Warrant,$0.43,0.0025,0.585%,0.00,United States,2025,6287,Finance,Blank Checks
TACT,TransAct Technologies Incorporated Common Stock,$3.41,0.01,0.294%,35042111.00,United States,1996,8382,Technology,Computer peripheral equipment
TAK,Takeda Pharmaceutical Company Limited American Depositary Shares (each representing 1/2 of a share of Common Stock),$16.625,-0.025,-0.15%,52323850730.00,Japan,2018,763945,Health Care,Biotechnology: Pharmaceutical Preparations
TAL,TAL Education Group American Depositary Shares,$11.02,0.11,1.008%,6722439013.00,China,,1693640,Real Estate,Other Consumer Services
TALK,Talkspace Inc. Common Stock,$5.175,0.005,0.097%,864618352.00,United States,2020,393500,Health Care,Medical/Nursing Services
TALKW,Talkspace Inc. Warrant,$0.0031,0.00,0.00%,517936.00,United States,2020,12410,Health Care,Medical/Nursing Services
TALO,Talos Energy Inc. Common Stock,$14.865,-0.365,-2.397%,2486043931.00,United States,2018,264304,Energy,Oil & Gas Production
TANH,Tantech Holdings Ltd. Class A Common Shares,$0.3437,-0.0063,-1.80%,2239510.00,China,2015,5324,Industrials,Major Chemicals
TAOP,Taoping Inc. Ordinary Shares ,$1.25,0.018,1.461%,11548359.00,Hong Kong,,392,Technology,Computer Software: Prepackaged Software
TAOX,Tao Synergies Inc. Common Stock,$5.29,0.15,2.918%,39526515.00,United States,,112707,Health Care,Biotechnology: Pharmaceutical Preparations
TAP,Molson Coors Beverage Company Class B Common Stock,$42.77,-0.10,-0.233%,8039703025.00,Canada,,951465,Consumer Staples,Beverages (Production/Distribution)
TARA,Protara Therapeutics Inc.  Common Stock,$5.22,-0.04,-0.76%,287415810.00,United States,2014,168140,Health Care,Biotechnology: Biological Products (No Diagnostic Substances)
TARS,Tarsus Pharmaceuticals Inc. Common Stock,$61.63,0.66,1.082%,2622818232.00,United States,2020,218510,Health Care,Biotechnology: Biological Products (No Diagnostic Substances)
TASK,TaskUs Inc. Class A Common Stock,$6.3193,-0.0707,-1.106%,572283720.00,United States,2021,158641,Technology,EDP Services
TATT,TAT Technologies Ltd. Ordinary Shares,$37.065,-1.625,-4.20%,481219973.00,Israel,,54584,Industrials,Aerospace
TAVI,Tavia Acquisition Corp. Ordinary Shares,$10.5601,0.00,0.00%,0.00,United States,2024,19,Finance,Blank Checks
TAVIR,Tavia Acquisition Corp. Right,$0.1017,0.00,0.00%,0.00,United States,2024,78,Finance,Blank Checks
TAYD,Taylor Devices Inc. Common Stock,$56.75,-1.25,-2.155%,182684606.00,United States,,56772,Industrials,Industrial Machinery/Components
TBB,AT&T Inc. 5.350% Global Notes due 2066,$21.63,0.04,0.185%,154662837932.00,United States,2017,27390,Telecommunications,Telecommunications Equipment
TBBB,BBB Foods Inc. Class A Common Shares,$37.32,0.02,0.054%,4398428390.00,Mexico,2024,77929,Consumer Staples,Food Chains
TBBK,The Bancorp Inc Common Stock,$58.20,-2.27,-3.754%,2435888890.00,United States,2004,206040,Finance,Major Banks
TBCH,Turtle Beach Corporation Common Stock,$11.43,0.14,1.24%,226850879.00,United States,,39793,Telecommunications,Telecommunications Equipment
TBH,Brag House Holdings Inc. Common Stock,$0.7002,-0.0298,-4.082%,16451987.00,United States,2025,492957,Consumer Discretionary,Services-Misc. Amusement & Recreation
TBI,TrueBlue Inc. Common Stock,$4.646,0.026,0.563%,141051849.00,United States,,77785,Consumer Discretionary,Professional Services
TBLA,Taboola.com Ltd. Ordinary Shares,$3.73,0.01,0.269%,911362534.00,Israel,,511721,Technology,Computer Software: Programming Data Processing
TBLAW,Taboola.com Ltd. Warrant,$0.0072,-0.0002,-2.703%,1759198.00,Israel,,4000,Technology,Computer Software: Programming Data Processing
TBLD,Thornburg Income Builder Opportunities Trust Common Stock,$22.13,0.00,0.00%,709972071.00,United States,2021,40283,Finance,Investment Managers
TBN,Tamboran Resources Corporation Common stock,$35.525,-0.465,-1.292%,910288728.00,,2024,17437,Energy,Oil & Gas Production
TBPH,Theravance Biopharma Inc. Ordinary Shares,$16.37,0.06,0.368%,842939166.00,Cayman Islands,,91385,Health Care,Biotechnology: Pharmaceutical Preparations
TBRG,TruBridge Inc. Common Stock,$25.79,0.03,0.116%,384447017.00,United States,2002,464120,Technology,EDP Services
TC,Token Cat Limited American Depositary Shares,$9.916,0.00,0.00%,19710817.00,China,2018,12,Real Estate,Real Estate
TCBI,Texas Capital Bancshares Inc. Common Stock,$100.67,-2.91,-2.809%,4450938717.00,United States,2003,418990,Finance,Major Banks
TCBIO,Texas Capital Bancshares Inc. Depositary Shares 5.75% Fixed Rate Non-Cumulative Perpetual Preferred Stock Series B,$21.94,-0.05,-0.227%,970036708.00,United States,,12406,Finance,Major Banks
TCBK,TriCo Bancshares Common Stock,$49.98,-0.70,-1.381%,1594891288.00,United States,,46578,Finance,Major Banks
TCBS,Texas Community Bancshares Inc. Common Stock,$16.8049,-0.0751,-0.445%,48488724.00,United States,2021,297,Finance,Banks
TCBX,Third Coast Bancshares Inc. Common Stock,$37.41,-1.22,-3.158%,619587675.00,United States,,73986,Finance,Banks
TCI,Transcontinental Realty Investors Inc. Common Stock,$36.00,0.33,0.925%,311015376.00,United States,,2741,Real Estate,Real Estate Investment Trusts
TCMD,Tactile Systems Technology Inc. Common Stock,$24.73,0.28,1.145%,562617639.00,United States,2016,79532,Health Care,Medical/Dental Instruments
TCOM,Trip.com Group Limited American Depositary Shares,$52.90,-0.05,-0.094%,34558020929.00,China,2003,936847,Real Estate,Real Estate
TCPA,TransCanada PipeLines Limited 6.250% Junior Subordinated Notes due 2085,$24.035,0.025,0.104%,0.00,Canada,2025,12126,Utilities,Natural Gas Distribution
TCPC,BlackRock TCP Capital Corp. Common Stock,$4.155,0.065,1.589%,349971960.00,United States,2012,230287,Finance,Finance/Investors Services
TCRT,Alaunos Therapeutics Inc. Common Stock,$2.7601,0.0001,0.004%,6564216.00,United States,,4381,Health Care,Biotechnology: Pharmaceutical Preparations
TCRX,TScan Therapeutics Inc. Common Stock,$1.22,0.02,1.667%,73323598.00,United States,2021,430432,Health Care,Biotechnology: Biological Products (No Diagnostic Substances)
TCX,Tucows Inc. Class A Common Stock,$16.49,0.06,0.365%,183516748.00,Canada,,11113,Technology,EDP Services
TD,Toronto Dominion Bank (The) Common Stock,$105.165,0.135,0.129%,175502473192.00,Canada,,271118,Finance,Commercial Banks
TDAC,Translational Development Acquisition Corp. Ordinary Shares,$10.69,0.00,0.00%,0.00,United States,2025,58,,
TDACW,Translational Development Acquisition Corp. Warrants,$0.06,-0.06,-50.00%,0.00,United States,2025,9024,,
TDAY,USA TODAY Co. Inc. Common Stock,$7.315,0.055,0.758%,1073125942.00,United States,2014,301413,Consumer Discretionary,Newspapers/Magazines
TDC,Teradata Corporation Common Stock,$25.975,0.065,0.251%,2455427426.00,United States,,463224,Technology,Computer Software: Prepackaged Software
TDF,Templeton Dragon Fund Inc. Common Stock,$11.42,0.12,1.062%,0.00,United States,,13485,Finance,Finance/Investors Services
TDG,Transdigm Group Incorporated Common Stock,$1152.64,-13.12,-1.125%,65093687656.00,United States,2006,205839,Industrials,Military/Government/Technical
TDIC,Dreamland Limited Class A Ordinary Shares,$1.22,-0.24,-16.438%,9028000.00,Hong Kong,2025,4425056,Consumer Discretionary,Other Consumer Services
TDOC,Teladoc Health Inc. Common Stock,$5.635,-0.065,-1.14%,1016729260.00,United States,2015,1382758,Health Care,Medical/Nursing Services
TDOG,21Shares Dogecoin ETF Common Shares of Beneficial Interest,$19.4107,-0.0768,-0.394%,3459317.00,United States,,238,,
TDS,Telephone and Data Systems Inc. Common Shares,$45.12,-0.24,-0.529%,5136501092.00,United States,,113401,Telecommunications,Telecommunications Equipment
TDS^U,Telephone and Data Systems Inc. Depositary Shares Each Representing a 1/1000th Interest in a 6.625% Series UU Cumulative Redeemable Perpetual Preferred Stock,$21.6569,0.0169,0.078%,,United States,,2472,,
TDS^V,Telephone and Data Systems Inc. Depositary Shares Each Representing a 1/1000th Interest in a 6.000% Series VV Cumulative Redeemable Perpetual Preferred Stock,$19.83,0.02,0.101%,,United States,,2371,,
TDTH,Trident Digital Tech Holdings Ltd American Depository Shares,$1.78,-0.269,-13.128%,204870213.00,Singapore,2024,76271,Real Estate,Real Estate
TDUP,ThredUp Inc. Class A Common Stock,$4.325,0.135,3.222%,557897389.00,United States,2021,523101,Consumer Discretionary,Catalog/Specialty Distribution
TDW,Tidewater Inc. Common Stock,$88.0325,2.4125,2.818%,4364080899.00,United States,2017,214291,Consumer Discretionary,Marine Transportation
TDWDR,Tailwind 2.0 Acquisition Corp. Rights,$0.16,0.00,0.00%,0.00,United States,2025,253,Finance,Blank Checks
TDY,Teledyne Technologies Incorporated Common Stock,$644.67,-7.08,-1.086%,29851644842.00,United States,,170684,Industrials,Industrial Machinery/Components
TE,T1 Energy Inc. Common Stock,$5.345,-0.045,-0.835%,1491451413.00,Luxembourg,2021,6176558,Miscellaneous,Industrial Machinery/Components
TEAD,Teads Holding Co. Common Stock,$0.7842,0.0342,4.56%,76060679.00,United States,2021,56761,Technology,Computer Software: Programming Data Processing
TEAM,Atlassian Corporation Class A Common Stock,$69.94,2.32,3.431%,18446260536.00,Australia,2015,2447782,Technology,Computer Software: Prepackaged Software
TECH,Bio-Techne Corp Common Stock,$54.74,2.54,4.866%,8564253204.00,United States,,936677,Health Care,Biotechnology: Biological Products (No Diagnostic Substances)
TECK,Teck Resources Ltd Ordinary Shares,$60.61,-0.14,-0.23%,29671190926.00,Canada,,1795521,Industrials,Mining & Quarrying of Nonmetallic Minerals (No Fuels)
TECX,Tectonic Therapeutic Inc. Common Stock,$28.66,0.22,0.774%,538138101.00,United States,2018,91941,Health Care,Biotechnology: Biological Products (No Diagnostic Substances)
TEI,Templeton Emerging Markets Income Fund Inc. Common Stock,$6.4601,0.0101,0.157%,0.00,United States,1993,45414,Finance,Finance Companies
TEL,TE Connectivity plc Ordinary Shares,$217.01,-0.72,-0.331%,63678171584.00,Ireland,,943588,Technology,Electronic Components
TELA,TELA Bio Inc. Common Stock,$0.6703,0.0483,7.765%,29989471.00,United States,2019,44818,Health Care,Medical/Dental Instruments
TELO,Telomir Pharmaceuticals Inc. Common Stock,$1.385,0.005,0.362%,47617645.00,United States,2024,28127,Health Care,Biotechnology: Pharmaceutical Preparations
TEM,Tempus AI Inc. Class A Common Stock,$51.73,0.29,0.564%,9280600993.00,United States,2024,2057306,Technology,Computer Software: Programming Data Processing
TEN,Tsakos Energy Navigation Ltd Common Shares,$38.90,0.35,0.908%,1171963757.00,Greece,,56589,Consumer Discretionary,Marine Transportation
TEN^E,Tsakos Energy Navigation Ltd Series E Fixed-to-Floating Rate Cumulative Redeemable Perpetual Preferred Shares par value $1.00,$26.55,0.05,0.189%,,Greece,,4210,,
TEN^F,Tsakos Energy Navigation Ltd Series F Fixed-to-Floating Rate Cumulative Redeemable Perpetual Preferred Shares par value $1.00,$27.825,-0.015,-0.054%,,Greece,,3035,,
TENB,Tenable Holdings Inc. Common Stock,$19.485,0.005,0.026%,2231623422.00,United States,2018,629529,Technology,Computer Software: Prepackaged Software
TENX,Tenax Therapeutics Inc. Common Stock,$14.205,0.235,1.682%,366140978.00,United States,,121850,Health Care,Biotechnology: Pharmaceutical Preparations
TEO,Telecom Argentina SA,$11.555,-0.015,-0.13%,4977172991.00,Argentina,,82136,Telecommunications,Telecommunications Equipment
TER,Teradyne Inc. Common Stock,$421.06,20.07,5.005%,65920912754.00,United States,,1324623,Industrials,Electrical Products
TERN,Terns Pharmaceuticals Inc. Common Stock,$52.87,0.04,0.076%,6101906035.00,United States,2021,1455869,Health Care,Biotechnology: Pharmaceutical Preparations
TEVA,Teva Pharmaceutical Industries Limited American Depositary Shares,$30.515,-0.695,-2.227%,35531763801.00,Israel,,2253995,Health Care,Biotechnology: Pharmaceutical Preparations
TEX,Terex Corporation Common Stock,$62.515,-0.295,-0.47%,7107955500.00,United States,,156456,Industrials,Construction/Ag Equipment/Trucks
TFC,Truist Financial Corporation Common Stock,$50.87,-0.53,-1.031%,63130166084.00,United States,,2733726,Finance,Major Banks
TFC^I,Truist Financial Corporation Depositary Shares,$19.215,0.025,0.13%,,United States,,2657,,
TFC^O,Truist Financial Corporation Depositary Shares Each Representing a 1/1000th Interest in a Share of Series O Non-Cumulative Perpetual Preferred Stock,$21.52,-0.035,-0.162%,,United States,,13863,,
TFC^R,Truist Financial Corporation Depositary Shares each representing 1/1000th interest in a share of Series R Non-Cumulative Perpetual Preferred Stock,$18.90,0.01,0.053%,,United States,,19330,,
TFII,TFI International Inc. Common Shares,$139.27,1.40,1.015%,11441174227.00,Canada,,87625,Industrials,Trucking Freight/Courier Services
TFIN,Triumph Financial Inc. Common Stock,$67.28,-0.04,-0.059%,1601684702.00,United States,,108902,Finance,Major Banks
TFIN^,Triumph Financial Inc. Depositary Shares Each Representing a 1/40th Interest in a Share of 7.125% Series C Fixed-Rate Non-Cumulative Perpetual Preferred Stock,$22.165,-0.045,-0.203%,,United States,,437,,
TFPM,Triple Flag Precious Metals Corp. Common Shares,$33.805,-0.145,-0.427%,6984245245.00,Canada,2022,251279,Industrials,Precious Metals
TFSL,TFS Financial Corporation Common Stock,$14.755,0.025,0.17%,4139822139.00,United States,2007,154712,Finance,Savings Institutions
TFX,Teleflex Incorporated Common Stock,$135.58,-1.07,-0.783%,5992712196.00,United States,,222875,Health Care,Medical/Dental Instruments
TG,Tredegar Corporation Common Stock,$9.38,0.18,1.957%,326020472.00,United States,,17194,Industrials,Metal Fabrications
TGB,Taseko Mines Ltd. Common Stock,$7.2125,0.0525,0.733%,2629368444.00,Canada,,1742589,Basic Materials,Precious Metals
TGE,The Generation Essentials Group Class A Ordinary Shares,$1.125,0.035,3.211%,54518704.00,,2025,6146,Consumer Discretionary,Newspapers/Magazines
TGEN,Tecogen Inc. Common Stock,$4.345,0.175,4.197%,129938220.00,United States,2025,103409,Industrials,Industrial Machinery/Components
TGHL,The GrowHub Limited Class A Ordinary Shares,$0.3285,-0.0282,-7.906%,8310988.00,Singapore,2025,17235,Technology,EDP Services
TGL,Treasure Global Inc. Common Stock,$4.28,-0.05,-1.155%,7172103.00,United States,2022,13725,Real Estate,Real Estate
TGLS,Tecnoglass Inc. Ordinary Shares,$44.40,0.29,0.657%,1986355034.00,Colombia,2022,93746,Consumer Discretionary,Electronic Components
TGS,Transportadora de Gas del Sur SA TGS Common Stock,$30.145,-0.545,-1.776%,4538396431.00,Argentina,,47469,Utilities,Natural Gas Distribution
TGT,Target Corporation Common Stock,$129.09,-1.08,-0.83%,58459127984.00,United States,,919780,Consumer Discretionary,Department/Specialty Retail Stores
TGTX,TG Therapeutics Inc. Common Stock,$36.80,-0.12,-0.325%,5876527821.00,United States,,470947,Health Care,Biotechnology: Pharmaceutical Preparations
TH,Target Hospitality Corp. Common Stock,$14.285,0.285,2.036%,1422222814.00,United States,2018,436740,Consumer Discretionary,Hotels/Resorts
THC,Tenet Healthcare Corporation Common Stock,$179.51,-8.82,-4.683%,15726578319.00,United States,,1478106,Health Care,Hospital/Nursing Management
THCH,TH International Limited Ordinary shares,$2.09,0.015,0.723%,69479086.00,China,,1566,Consumer Discretionary,Restaurants
THFF,First Financial Corporation Common Stock,$66.38,0.17,0.257%,789384056.00,United States,,71230,Finance,Major Banks
THG,Hanover Insurance Group Inc,$179.12,-2.75,-1.512%,6303017856.00,United States,,47840,Finance,Property-Casualty Insurers
THH,TryHard Holdings Limited Ordinary Shares,$0.4128,0.0117,2.917%,22145172.00,Japan,2025,37916,Consumer Discretionary,Services-Misc. Amusement & Recreation
THM,International Tower Hill Mines Ltd. Ordinary Shares (Canada),$2.61,0.08,3.162%,682873805.00,Canada,,1166471,Basic Materials,Metal Mining
THO,Thor Industries Inc. Common Stock,$78.65,-0.16,-0.203%,4136670130.00,United States,,227685,Industrials,Homebuilding
THQ,abrdn Healthcare Opportunities Fund Shares of Beneficial Interest,$17.70,-0.17,-0.951%,0.00,United States,2014,88310,Finance,Finance Companies
THR,Thermon Group Holdings Inc. Common Stock,$54.40,0.33,0.61%,1786951437.00,United States,2011,134736,Energy,Industrial Machinery/Components
THRM,Gentherm Inc Common Stock,$29.71,0.10,0.338%,910582711.00,United States,,235618,Consumer Discretionary,Auto Parts:O.E.M.
THRY,Thryv Holdings Inc. Common Stock,$3.255,0.095,3.006%,143757150.00,United States,,119599,Consumer Discretionary,Advertising
THW,abrdn World Healthcare Fund Shares of Beneficial Interest,$12.085,-0.125,-1.024%,0.00,United States,2015,72209,Finance,Finance Companies
TIC,TIC Solutions Inc. Common Stock,$8.505,-0.175,-2.016%,1880909599.00,United States,2025,506768,Real Estate,Real Estate
TIGO,Millicom International Cellular S.A. Common Stock,$83.75,-0.48,-0.57%,14031544429.00,Luxembourg,,336397,Telecommunications,Telecommunications Equipment
TIGR,UP Fintech Holding Ltd American Depositary Share representing fifteen Class A Ordinary Shares,$6.88,0.28,4.242%,1223706253.00,China,2019,1158737,Finance,Investment Bankers/Brokers/Service
TII,Titan Mining Corporation Common Shares,$2.625,0.035,1.351%,258006273.00,,2025,55350,,
TIL,Instil Bio Inc. Common Stock,$7.83,-0.35,-4.279%,53102872.00,United States,2021,12714,Health Care,Biotechnology: Biological Products (No Diagnostic Substances)
TILE,Interface Inc. Common Stock,$27.79,-0.15,-0.537%,1623742716.00,United States,,188413,Consumer Discretionary,Home Furnishings
TIMB,TIM S.A. American Depositary Shares (Each representing 5 Common Shares) ,$26.04,0.01,0.038%,12458191635.00,Brazil,2020,42249,Telecommunications,Telecommunications Equipment
TIPT,Tiptree Inc. Common Stock,$17.27,-0.01,-0.058%,654136774.00,United States,,70368,Finance,Property-Casualty Insurers
TISI,Team Inc. Common Stock,$16.63,-0.15,-0.894%,76022083.00,United States,,3838,Consumer Discretionary,Other Consumer Services
TITN,Titan Machinery Inc. Common Stock,$21.05,-0.39,-1.819%,491612204.00,United States,2007,50919,Consumer Discretionary,Other Specialty Stores
TIVC,Tivic Health Systems Inc. Common Stock,$1.24,0.12,10.714%,3568628.00,United States,2021,1013546,Health Care,Biotechnology: Electromedical & Electrotherapeutic Apparatus
TJGC,TJGC Group Limited Ordinary Shares,$1.58,0.09,6.04%,24174000.00,Hong Kong,2025,88988,Consumer Discretionary,Advertising
TJX,TJX Companies Inc. (The) Common Stock,$156.72,-1.63,-1.029%,173459365695.00,United States,,1193114,Consumer Discretionary,Clothing/Shoe/Accessory Stores
TK,Teekay Corporation Ltd. Common Stock,$12.765,0.185,1.471%,1107727961.00,Bermuda,,138541,Consumer Discretionary,Marine Transportation
TKC,Turkcell Iletisim Hizmetleri AS Common Stock,$6.37,0.04,0.632%,5605600000.00,Turkey,,95299,Telecommunications,Telecommunications Equipment
TKLF,Tokyo Lifestyle Co. Ltd. American Depositary Shares,$2.1463,0.0366,1.735%,9084818.00,Japan,2022,262,Consumer Discretionary,Other Specialty Stores
TKNO,Alpha Teknova Inc. Common Stock,$3.22,0.19,6.271%,172624844.00,United States,2021,39770,Health Care,Biotechnology: In Vitro & In Vivo Diagnostic Substances
TKO,TKO Group Holdings Inc. Class A Common Stock,$187.63,1.37,0.736%,36423664931.00,United States,2023,346533,Consumer Discretionary,Services-Misc. Amusement & Recreation
TKR,Timken Company (The) Common Stock,$108.17,-0.53,-0.488%,7547891560.00,United States,,119560,Industrials,Metal Fabrications
TLF,Tandy Leather Factory Inc. Common Stock,$2.34,-0.01,-0.426%,18890528.00,United States,,3657,Consumer Discretionary,Apparel
TLIH,Ten-League International Holdings Limited Ordinary Shares,$0.2715,0.0275,11.27%,7983279.00,Singapore,2025,27659,,
TLK,PT Telekomunikasi Indonesia Tbk,$16.81,-0.41,-2.381%,16652358610.00,Indonesia,,612421,Telecommunications,Telecommunications Equipment
TLN,Talen Energy Corporation Common Stock,$357.875,12.625,3.657%,16245738130.00,United States,,201817,Utilities,Electric Utilities: Central
TLNC,Talon Capital Corp. Class A Ordinary Shares,$10.205,0.00,0.00%,0.00,United States,2025,1,,
TLNCU,Talon Capital Corp. Units,$10.35,0.00,0.00%,0.00,United States,2025,10,Finance,Blank Checks
TLPH,Talphera Inc. Common Stock,$0.7855,-0.0135,-1.69%,39314137.00,United States,2011,31562,Health Care,Biotechnology: Pharmaceutical Preparations
TLRY,Tilray Brands Inc. Common Stock ,$6.795,-0.145,-2.089%,791771067.00,United States,2018,6057613,Health Care, Medicinal Chemicals and Botanical Products 
TLS,Telos Corporation Common Stock,$4.35,0.09,2.113%,336063644.00,United States,2020,124678,Technology,EDP Services
TLSA,Tiziana Life Sciences Ltd. Common Shares,$1.25,0.02,1.626%,159073914.00,United Kingdom,2018,58737,Health Care,Biotechnology: Pharmaceutical Preparations
TLSI,TriSalus Life Sciences Inc. Common Stock,$4.585,-0.045,-0.972%,281584818.00,United States,2021,13110,Health Care,Medical Specialities
TLSIW,TriSalus Life Sciences Inc. Warrant,$0.95,0.10,11.765%,58343637.00,United States,2021,812,Health Care,Medical Specialities
TLX,Telix Pharmaceuticals Limited American Depositary Shares,$10.55,0.36,3.533%,3574097867.00,Australia,,83917,Health Care,Biotechnology: Pharmaceutical Preparations
TLYS,Tilly's Inc. Common Stock,$4.04,-0.23,-5.386%,123173217.00,United States,2012,308424,Consumer Discretionary,Clothing/Shoe/Accessory Stores
TM,Toyota Motor Corporation Common Stock,$192.90,-3.18,-1.622%,251713855263.00,Japan,,315523,Industrials,Auto Manufacturing
TMC,TMC the metals company Inc. Common Stock,$5.115,-0.125,-2.385%,2215757577.00,Canada,,1701964,Basic Materials,Metal Mining
TMCI,Treace Medical Concepts Inc. Common Stock,$1.905,0.085,4.67%,123414351.00,United States,2021,139331,Health Care,Medical/Dental Instruments
TMCR,The Metals Royalty Company Inc. Common Stock,$14.53,0.14,0.973%,800037972.00,Canada,,84164,Basic Materials,Precious Metals
TMCWW,TMC the metals company Inc. Warrants,$0.34,-0.0112,-3.189%,147283984.00,Canada,,30579,Basic Materials,Metal Mining
TMDE,TMD Energy Limited Ordinary Shares,$1.2294,-0.0906,-6.864%,28970811.00,,2025,288046,Energy,Oil Refining/Marketing
TMDX,TransMedics Group Inc. Common Stock,$110.21,-3.00,-2.65%,3807111653.00,United States,2019,276874,Health Care,Biotechnology: Electromedical & Electrotherapeutic Apparatus
TME,Tencent Music Entertainment Group American Depositary Shares each representing two Class A Ordinary Shares,$9.31,0.06,0.649%,14653050895.00,United States,2018,2457903,Consumer Discretionary,Broadcasting
TMHC,Taylor Morrison Home Corporation Common Stock,$64.09,-0.24,-0.373%,5987778345.00,United States,2013,240724,Consumer Discretionary,Homebuilding
TMO,Thermo Fisher Scientific Inc Common Stock,$472.43,5.73,1.228%,175500301393.00,United States,,1405588,Industrials,Industrial Machinery/Components
TMP,Tompkins Financial Corporation Common Stock,$82.94,-1.78,-2.101%,1195537137.00,United States,1997,30692,Finance,Major Banks
TMQ,Trilogy Metals Inc. Common Stock,$4.145,-0.045,-1.074%,715201674.00,Canada,,930507,Basic Materials,Precious Metals
TMTS,Spartacus Acquisition Corp. II Class A Ordinary Shares,$10.00,0.02,0.20%,0.00,United States,2026,25502,,
TMTSU,Spartacus Acquisition Corp. II Unit,$10.0703,0.00,0.00%,0.00,United States,2026,10,Finance,Blank Checks
TMUS,T-Mobile US Inc. Common Stock,$187.91,-6.16,-3.174%,207051027285.00,United States,,1821948,Telecommunications,Telecommunications Equipment
TMUSI,T-Mobile US Inc. 5.500% Senior Notes due June 2070,$22.295,0.105,0.473%,0.00,United States,,7961,Telecommunications,Telecommunications Equipment
TMUSL,T-Mobile US Inc. 6.250% Senior Notes due 2069,$24.945,0.095,0.382%,0.00,United States,,7778,Telecommunications,Telecommunications Equipment
TMUSZ,T-Mobile US Inc. 5.500% Senior Notes due March 2070,$22.08,0.09,0.409%,0.00,United States,,2045,Telecommunications,Telecommunications Equipment
TNC,Tennant Company Common Stock,$82.36,2.20,2.745%,1483091523.00,United States,,139088,Industrials,Industrial Machinery/Components
TNDM,Tandem Diabetes Care Inc. Common Stock,$20.28,-0.40,-1.934%,1388641039.00,United States,2013,364785,Health Care,Medical/Dental Instruments
TNET,TriNet Group Inc. Common Stock,$39.49,0.58,1.491%,1821327333.00,United States,2014,67702,Real Estate,Real Estate
TNGX,Tango Therapeutics Inc.,$25.20,-0.67,-2.59%,3634905229.00,United States,2020,2011263,Health Care,Biotechnology: Pharmaceutical Preparations
TNK,Teekay Tankers Ltd.,$75.24,1.44,1.951%,2606603876.00,Bermuda,2007,122000,Consumer Discretionary,Marine Transportation
TNL,Travel   Leisure Co. Common  Stock,$67.145,2.005,3.078%,4191299406.00,United States,,359300,Consumer Discretionary,Hotels/Resorts
TNMG,TNL Mediagene Ordinary Shares,$1.11,-0.06,-5.128%,2837610.00,Taiwan,,14909,Consumer Discretionary,Advertising
TNON,Tenon Medical Inc. Common Stock,$0.8149,-0.0003,-0.037%,9205418.00,United States,2022,12904,Health Care,Medical/Dental Instruments
TNXP,Tonix Pharmaceuticals Holding Corp. Common Stock,$12.645,0.155,1.241%,169511296.00,United States,,126152,Health Care,Biotechnology: Pharmaceutical Preparations
TNYA,Tenaya Therapeutics Inc. Common Stock,$0.699,0.0151,2.208%,151682214.00,United States,2021,1327575,Health Care,Biotechnology: Biological Products (No Diagnostic Substances)
TOI,The Oncology Institute Inc. Common Stock,$3.255,-0.015,-0.459%,321721414.00,United States,2020,381439,Health Care,Medical/Nursing Services
TOIIW,The Oncology Institute Inc. Warrant,$0.055,0.0059,12.016%,5436153.00,United States,2020,4905,Health Care,Medical/Nursing Services
TOL,Toll Brothers Inc. Common Stock,$148.14,-1.11,-0.744%,14029894980.00,United States,,192916,Consumer Discretionary,Homebuilding
TOMZ,TOMI Environmental Solutions Inc. Common Stock,$0.6568,0.0568,9.467%,13491026.00,United States,,402090,Industrials,Major Chemicals
TONX,TON Strategy Company Common Stock,$2.40,0.04,1.695%,135673481.00,United States,,37361,Consumer Discretionary,Other Consumer Services
TOON,Kartoon Studios Inc. Common Stock,$0.6993,-0.0037,-0.526%,39395789.00,United States,,141205,Consumer Discretionary,Movies/Entertainment
TOP,TOP Financial Group Limited Class A Ordinary Shares,$0.78,-0.0329,-4.047%,28913200.00,Hong Kong,2022,20008,Finance,Investment Bankers/Brokers/Service
TOPP,Toppoint Holdings Inc. Common Stock,$0.839,0.0206,2.517%,16528300.00,,2025,6707,Industrials,Trucking Freight/Courier Services
TOPS,TOP Ships Inc. Common Stock,$2.46,-0.25,-9.225%,13359077.00,Greece,,104287,Consumer Discretionary,Marine Transportation
TORO,Toro Corp. Common Stock,$6.86,0.19,2.849%,197925296.00,Cyprus,,301998,Consumer Discretionary,Marine Transportation
TOST,Toast Inc. Class A Common Stock,$28.145,0.225,0.806%,16577405000.00,United States,2021,3768802,Technology,EDP Services
TOUR,Tuniu Corporation American Depositary Shares,$6.9666,0.2666,3.979%,75683450.00,China,2014,31772,Consumer Discretionary,Transportation Services
TOVX,Theriva Biologics Inc. Common Stock,$0.3703,-0.0107,-2.808%,16994055.00,United States,,4999813,Health Care,Biotechnology: Pharmaceutical Preparations
TOWN,TowneBank Common Stock,$35.42,0.20,0.568%,2642945829.00,United States,,124612,Finance,Major Banks
TOYO,TOYO Co. Ltd Ordinary Shares,$11.96,-0.48,-3.859%,451597604.00,Japan,,139003,Consumer Discretionary,Miscellaneous manufacturing industries
TPB,Turning Point Brands Inc. Common Stock,$77.25,2.05,2.726%,1494070775.00,United States,2016,93258,Consumer Discretionary,Tobacco
TPC,Tutor Perini Corporation Common Stock,$87.00,0.52,0.601%,4577479161.00,United States,1970,169140,Consumer Discretionary,General Bldg Contractors - Nonresidential Bldgs
TPCS,TechPrecision Corporation Common stock,$3.96,0.07,1.799%,39644875.00,United States,,12127,Industrials,Metal Fabrications
TPET,Trio Petroleum Corp. Common Stock,$0.496,-0.029,-5.524%,18472118.00,,2023,2207949,Energy,Oil & Gas Production
TPG,TPG Inc. Class A Common Stock,$43.72,0.23,0.529%,16510175137.00,United States,2022,563399,Finance,Investment Managers
TPGXL,TPG Operating Group II L.P. 6.950% Fixed-Rate Junior Subordinated Notes due 2064,$24.92,-0.08,-0.32%,9091458313.00,United States,,4297,,
TPH,Tri Pointe Homes Inc. Common Stock,$46.90,0.01,0.021%,3992848478.00,United States,2013,791663,Consumer Discretionary,Homebuilding
TPL,Texas Pacific Land Corporation Common Stock,$431.52,-7.63,-1.737%,29749659382.00,United States,,117953,Energy,Oil & Gas Production
TPR,Tapestry Inc. Common Stock,$147.72,1.27,0.867%,29908015022.00,United States,,409553,Consumer Discretionary,Apparel
TPST,Tempest Therapeutics Inc. Common Stock,$1.815,0.015,0.833%,26034422.00,United States,,40619,Health Care,Biotechnology: Pharmaceutical Preparations
TPTA,Terra Property Trust Inc. 6.00% Notes due 2026,$23.35,-0.15,-0.638%,568340611.00,,2021,946,Real Estate,Real Estate Investment Trusts
TPVG,TriplePoint Venture Growth BDC Corp. Common Stock,$5.265,0.095,1.838%,213185878.00,United States,2014,273246,Consumer Discretionary,Other Consumer Services
TR,Tootsie Roll Industries Inc. Common Stock,$42.57,-0.04,-0.094%,3107040839.00,United States,,16877,Consumer Staples,Specialty Foods
TRAD,APEX Tech Acquisition Inc. Ordinary Shares,$9.87,-0.005,-0.051%,0.00,,2026,137436,Finance,Investment Bankers/Brokers/Service
TRAK,ReposiTrak Inc. Common Stock,$7.51,-0.04,-0.53%,136707609.00,United States,,24030,Technology,EDP Services
TRAW,Traws Pharma Inc. Common Stock,$1.14,-0.08,-6.557%,11579273.00,United States,2013,89816,Health Care,Biotechnology: Pharmaceutical Preparations
TRAX,First Tracks Biotherapeutics Inc. Ordinary Shares ,$20.13,1.13,5.947%,699494169.00,United States,,268772,Health Care,Biotechnology: Pharmaceutical Preparations
TRC,Tejon Ranch Co Common Stock,$19.78,0.20,1.021%,534143749.00,United States,2000,13253,Finance,Real Estate
TRDA,Entrada Therapeutics Inc. Common Stock,$12.54,-0.27,-2.108%,480085285.00,United States,2021,66053,Health Care,Biotechnology: Pharmaceutical Preparations
TREE,LendingTree Inc. Common Stock,$47.76,0.78,1.66%,661752626.00,United States,,51847,Finance,Finance: Consumer Services
TREX,Trex Company Inc. Common Stock,$41.83,-0.54,-1.274%,4345678167.00,United States,,460124,Basic Materials,Forest Products
TRGP,Targa Resources Inc. Common Stock,$237.60,-2.31,-0.963%,51036947834.00,United States,2010,125057,Utilities,Natural Gas Distribution
TRGS,TRG Latin America Acquisitions Corp. Class A Ordinary Shares,$9.84,-0.01,-0.102%,0.00,United States,2026,1100,Finance,Blank Checks
TRGSR,TRG Latin America Acquisitions Corp. Rights,$0.20,0.00,0.00%,0.00,United States,2026,105001,Finance,Blank Checks
TRGSU,TRG Latin America Acquisitions Corp. Units,$10.01,0.01,0.10%,0.00,United States,2026,34318,,
TRI,Thomson Reuters Corporation Common Shares,$88.82,-1.36,-1.508%,39521568362.00,United States,,368270,Consumer Discretionary,Publishing
TRIB,Trinity Biotech plc American Depositary Shares,$0.65,-0.0145,-2.182%,12282315.00,Ireland,1992,27253,Health Care,Biotechnology: In Vitro & In Vivo Diagnostic Substances
TRIN,Trinity Capital Inc. Common Stock,$15.805,0.205,1.314%,1314579500.00,United States,2021,296615,Finance,Finance: Consumer Services
TRINI,Trinity Capital Inc. 7.875% Notes Due 2029,$25.285,0.025,0.099%,1777893536.00,United States,,6547,Finance,Finance: Consumer Services
TRINZ,Trinity Capital Inc. 7.875% Notes due 2029,$25.30,-0.08,-0.315%,1778948248.00,United States,,4727,Finance,Finance: Consumer Services
TRIP,TripAdvisor Inc. Common Stock,$10.965,0.105,0.967%,1258290998.00,United States,,997062,Technology,Computer Software: Programming Data Processing
TRMB,Trimble Inc. Common Stock,$67.179,0.139,0.207%,15591488860.00,United States,1990,377155,Industrials,Industrial Machinery/Components
TRMD,TORM plc Class A Common Stock,$31.07,0.54,1.769%,3148407206.00,United Kingdom,,210261,Consumer Discretionary,Marine Transportation
TRMK,Trustmark Corporation Common Stock,$44.45,-0.46,-1.024%,2616855022.00,United States,,68950,Finance,Major Banks
TRN,Trinity Industries Inc. Common Stock,$31.67,0.06,0.19%,2522595150.00,United States,,134197,Industrials,Railroads
TRNO,Terreno Realty Corporation Common Stock,$65.68,-0.65,-0.98%,6978923308.00,United States,2010,126238,Finance,Real Estate
TRNR,Interactive Strength Inc. Common Stock,$1.06,0.00,0.00%,2381163.00,United States,2023,12356,Technology,Consumer Electronics/Appliances
TRNS,Transcat Inc. Common Stock,$78.80,-1.54,-1.917%,735376414.00,United States,,26517,Industrials,Electrical Products
TRON,Tron Inc. Common Stock,$2.01,-0.16,-7.373%,551507949.00,United States,2023,840797,Consumer Discretionary,Recreational Games/Products/Toys
TROO,TROOPS Inc. Ordinary Shares ,$3.10,0.36,13.139%,348781515.00,China,,219884,Finance,Diversified Financial Services
TROW,T. Rowe Price Group Inc. Common Stock,$99.71,0.22,0.221%,21697483392.00,United States,1986,480834,Finance,Investment Bankers/Brokers/Service
TROX,Tronox Holdings plc Ordinary Shares (UK),$10.18,0.74,7.839%,1623842320.00,United States,,1803940,Industrials,Major Chemicals
TRP,TC Energy Corporation Common Stock,$61.3494,0.4794,0.788%,63909898006.00,Canada,,949190,Utilities,Natural Gas Distribution
TRS,TriMas Corporation Common Stock,$36.495,0.295,0.815%,1338832177.00,United States,2007,133565,Industrials,Industrial Specialties
TRSG,Tungray Technologies Inc Class A Ordinary Shares,$1.2651,-0.0049,-0.386%,20688794.00,Singapore,2024,891,Industrials,Industrial Machinery/Components
TRST,TrustCo Bank Corp NY Common Stock,$46.23,-0.25,-0.538%,809343109.00,United States,,18841,Finance,Major Banks
TRT,Trio-Tech International Common Stock,$15.51,1.73,12.554%,135706544.00,United States,1998,4484163,Technology,Industrial Machinery/Components
TRTN^A,Triton International Limited 8.50% Series A Cumulative Redeemable Perpetual  Preference Shares,$25.78,-0.1645,-0.634%,,United States,,1296,,
TRTN^B,Triton International Limited 8.00% Series B Cumulative Redeemable Perpetual Preference Shares,$25.34,0.0201,0.079%,,United States,,2990,,
TRTN^C,Triton International Limited 7.375% Series C Cumulative Redeemable Perpetual Preference Shares,$25.18,0.018,0.072%,,United States,,3484,,
TRTN^D,Triton International Limited 6.875% Series D Cumulative Redeemable Perpetual Preference Shares,$23.6687,0.1586,0.675%,,United States,,1799,,
TRTN^E,Triton International Limited 5.75% Series E Cumulative Redeemable Perpetual Preference Shares,$19.45,-0.14,-0.715%,,United States,,3224,,
TRTN^F,Triton International Limited 7.625% Series F Cumulative Redeemable Perpetual Preference Shares,$24.8899,0.1399,0.565%,,United States,,1564,,
TRTN^G,Triton International Limited 7.500% Series G Cumulative Redeemable Perpetual Preference Shares,$24.14,-0.09,-0.371%,,United States,,550,,
TRTX,TPG RE Finance Trust Inc. Common Stock,$8.36,0.03,0.36%,648065060.00,United States,2017,146585,Real Estate,Real Estate Investment Trusts
TRTX^C,TPG RE Finance Trust Inc. 6.25% Series C Cumulative Redeemable Preferred Stock $0.001 par value per share,$18.39,0.23,1.267%,,United States,,6566,,
TRU,TransUnion Common Stock,$71.965,-1.115,-1.526%,13884962579.00,United States,2015,353276,Finance,Finance: Consumer Services
TRUG,TruGolf Holdings Inc. Class A Common Stock,$2.26,-0.46,-16.912%,3152182.00,United States,2021,120730,Consumer Discretionary,Recreational Games/Products/Toys
TRUP,Trupanion Inc. Common Stock,$27.195,0.355,1.323%,1181083446.00,United States,,64119,Health Care,Medical Specialities
TRV,The Travelers Companies Inc. Common Stock,$304.445,-2.885,-0.939%,64738613560.00,United States,,704632,Finance,Property-Casualty Insurers
TRVG,trivago N.V. American Depositary Shares,$2.75,-0.02,-0.722%,194204104.00,Germany,2016,5705,Technology,EDP Services
TRVI,Trevi Therapeutics Inc. Common Stock,$14.32,0.13,0.916%,1841362861.00,United States,2019,316381,Health Care,Biotechnology: Pharmaceutical Preparations
TRX,TRX Gold Corporation Common Stock,$1.225,-0.015,-1.21%,398961508.00,Canada,,1315580,Basic Materials,Precious Metals
TS,Tenaris S.A. American Depositary Shares,$63.02,0.39,0.623%,33778560244.00,Luxembourg,,714529,Industrials,Steel/Iron Ore
TSAT,Telesat Corporation Class A Common Shares and Class B Variable Voting Shares ,$48.435,0.065,0.134%,1751392454.00,Canada,,153045,Industrials,Metal Fabrications
TSBK,Timberland Bancorp Inc. Common Stock,$40.84,0.30,0.74%,321995874.00,United States,,11352,Finance,Banks
TSCO,Tractor Supply Company Common Stock,$37.075,-1.095,-2.869%,19501684092.00,United States,1994,4933126,Consumer Discretionary,RETAIL: Building Materials
TSEM,Tower Semiconductor Ltd. Ordinary Shares,$199.49,-1.78,-0.884%,22294328722.00,Israel,1994,1775071,Technology,Semiconductors
TSHA,Taysha Gene Therapies Inc. Common Stock,$6.335,-0.065,-1.016%,1820311564.00,United States,2020,733546,Health Care,Biotechnology: Biological Products (No Diagnostic Substances)
TSI,TCW Strategic Income Fund Inc. Common Stock,$4.55,-0.003,-0.066%,0.00,United States,,65229,Finance,Investment Managers
TSLA,Tesla Inc. Common Stock,$373.5498,-0.1702,-0.046%,1401720217137.00,United States,2010,37811062,Industrials,Auto Manufacturing
TSLX,Sixth Street Specialty Lending Inc. Common Stock,$18.83,0.28,1.509%,1789219068.00,,2014,225030,Finance,Investment Managers
TSM,Taiwan Semiconductor Manufacturing Company Ltd.,$406.47,23.81,6.222%,2108158648329.00,Taiwan,1997,13946409,Technology,Semiconductors
TSN,Tyson Foods Inc. Common Stock,$63.68,-1.55,-2.376%,22420388555.00,United States,,642166,Consumer Staples,Meat/Poultry/Fish
TSQ,Townsquare Media Inc. Class A Common Stock,$6.88,0.07,1.028%,117683177.00,United States,2014,91049,Consumer Discretionary,Broadcasting
TSSI,TSS Inc. Common Stock,$15.60,-0.20,-1.266%,433268066.00,United States,,724616,Consumer Discretionary,Professional Services
TSUI,21shares Sui ETF Common Shares of Beneficial Interest Shares,$18.92,0.1829,0.976%,0.00,United States,,943,Finance,Investment Bankers/Brokers/Service
TT,Trane Technologies plc,$484.999,-0.531,-0.109%,107345752593.00,Ireland,,327616,Industrials,Auto Parts:O.E.M.
TTAM,Titan America SA Common Shares,$16.51,0.11,0.671%,3043824297.00,,2025,65671,Industrials,Mining & Quarrying of Nonmetallic Minerals (No Fuels)
TTAN,ServiceTitan Inc. Class A Common Stock,$60.87,-0.06,-0.098%,5798550644.00,United States,2024,306021,Technology,Computer Software: Prepackaged Software
TTC,Toro Company (The) Common Stock,$95.16,-1.10,-1.143%,9224138666.00,United States,,149346,Consumer Discretionary,Tools/Hardware
TTD,The Trade Desk Inc. Class A Common Stock,$23.615,0.995,4.399%,11101358815.00,United States,2016,10898177,Technology,Computer Software: Programming Data Processing
TTE,TotalEnergies SE Ordinary Shares,$89.645,-0.825,-0.912%,195593001420.00,France,,454252,Energy,Oil & Gas Production
TTEC,TTEC Holdings Inc. Common Stock,$3.03,0.00,0.00%,147291836.00,United States,1996,124939,Consumer Discretionary,Professional Services
TTEK,Tetra Tech Inc. Common Stock,$31.275,-0.055,-0.176%,8156756470.00,United States,1991,992436,Consumer Discretionary,Military/Government/Technical
TTGT,TechTarget Inc. Common Stock,$5.595,0.355,6.775%,404477399.00,United States,,153042,Telecommunications,Telecommunications Equipment
TTI,Tetra Technologies Inc. Common Stock,$9.71,0.18,1.889%,1313707808.00,United States,,341560,Energy,Oil & Gas Production
TTMI,TTM Technologies Inc. Common Stock,$148.565,15.585,11.72%,15427462482.00,United States,2000,1466321,Technology,Electrical Products
TTRX,Turn Therapeutics Inc. Common Stock,$3.395,0.045,1.343%,101130396.00,United States,,7157,Health Care,Biotechnology: Pharmaceutical Preparations
TTWO,Take-Two Interactive Software Inc. Common Stock,$209.40,-0.50,-0.238%,38775740486.00,United States,1997,350417,Consumer Discretionary,Services-Misc. Amusement & Recreation
TU,Telus Corporation Ordinary Shares,$12.295,-0.125,-1.006%,18823645000.00,Canada,,1185989,Telecommunications,Telecommunications Equipment
TULP,Bloomia Holdings Inc. Common Stock,$3.8928,-0.0572,-1.448%,6902398.00,United States,,3974,Consumer Staples,Farming/Seeds/Milling
TURB,Turbo Energy S.A. American Depositary Shares,$1.895,-0.095,-4.774%,22772480.00,Spain,2023,129579,Miscellaneous,Industrial Machinery/Components
TUSK,Mammoth Energy Services Inc. Common Stock,$2.54,0.06,2.419%,122830120.00,United States,2016,54043,Energy,Oilfield Services/Equipment
TUYA,Tuya Inc. American Depositary Shares each representing one Class A Ordinary Share,$2.38,0.08,3.478%,1459620928.00,China,2021,217807,Technology,Computer Software: Prepackaged Software
TV,Grupo Televisa S.A.B. Common Stock,$3.105,0.025,0.812%,5930550000.00,Mexico,1993,286811,Industrials,Broadcasting
TVA,Texas Ventures Acquisition III Corp Class A Ordinary Share,$10.435,0.015,0.144%,0.00,United States,2025,1732,,
TVACU,Texas Ventures Acquisition III Corp Unit,$10.60,0.00,0.00%,0.00,United States,2025,10,Finance,Blank Checks
TVACW,Texas Ventures Acquisition III Corp Warrants,$0.50,0.00,0.00%,0.00,United States,2025,3,,
TVAI,Thayer Ventures Acquisition Corporation II Class A Ordinary Shares,$10.24,0.00,0.00%,0.00,United States,2025,3,,
TVAIR,Thayer Ventures Acquisition Corporation II Rights,$0.17,0.00,0.00%,0.00,United States,2025,25,,
TVC,Tennessee Valley Authority Common Stock,$24.33,-0.14,-0.572%,0.00,United States,,2263,Utilities,Electric Utilities: Central
TVE,Tennessee Valley Authority,$24.15,0.10,0.416%,0.00,United States,,2109,Utilities,Electric Utilities: Central
TVGN,Tevogen Bio Holdings Inc. Common Stock,$7.30,0.29,4.137%,30398697.00,United States,2022,8219,Health Care,Biotechnology: Biological Products (No Diagnostic Substances)
TVGNW,Tevogen Bio Holdings Inc. Warrant,$0.0368,-0.0001,-0.271%,153243.00,United States,2022,701,Health Care,Biotechnology: Biological Products (No Diagnostic Substances)
TVRD,Tvardi Therapeutics Inc. Common Stock,$3.14,0.13,4.319%,29457420.00,United States,2014,6627,Health Care,Biotechnology: Pharmaceutical Preparations
TVTX,Travere Therapeutics Inc. Common Stock,$40.18,-0.64,-1.568%,3711419046.00,United States,,447128,Health Care,Biotechnology: Pharmaceutical Preparations
TW,Tradeweb Markets Inc. Class A Common Stock,$111.48,-2.14,-1.883%,26283636033.00,United States,2019,434238,Finance,Investment Bankers/Brokers/Service
TWAV,TaoWeave Inc. Common Stock,$1.79,0.00,0.00%,5955706.00,United States,,30066,Technology,Computer Software: Programming Data Processing
TWFG,TWFG Inc. Class A Common Stock,$19.90,-0.07,-0.351%,1102017126.00,United States,2024,80215,Finance,Specialty Insurers
TWG,Top Wealth Group Holding Limited Class A Ordinary Shares,$3.4499,-0.0801,-2.269%,89398007.00,Hong Kong,2024,74774,Consumer Staples,Packaged Foods
TWI,Titan International Inc. (DE) Common Stock,$8.20,0.01,0.122%,524997251.00,United States,,97102,Industrials,Steel/Iron Ore
TWIN,Twin Disc Incorporated Common Stock,$17.86,-0.30,-1.652%,257570812.00,United States,,10844,Industrials,Industrial Machinery/Components
TWLO,Twilio Inc. Class A Common Stock,$143.395,1.805,1.275%,21726349887.00,United States,2016,512346,Technology,Computer Software: Prepackaged Software
TWLV,Twelve Seas Investment Company III Class A Ordinary Shares,$9.97,0.00,0.00%,0.00,United States,2026,3,Finance,Blank Checks
TWLVU,Twelve Seas Investment Company III Units,$10.10,0.00,0.00%,0.00,United States,2025,1300,Finance,Blank Checks
TWN,Taiwan Fund Inc. (The) Common Stock,$91.35,4.81,5.558%,0.00,United States,1986,19719,Finance,Trusts Except Educational Religious and Charitable
TWO,Two Harbors Investment Corp,$11.01,0.01,0.091%,1156525500.00,United States,,336436,Real Estate,Real Estate Investment Trusts
TWO^A,Two Harbors Investments Corp 8.125% Series A Fixed-to-Floating Rate Cumulative Redeemable Preferred Stock ($25.00 liquidation preference per share),$24.81,-0.01,-0.04%,,United States,,4398,,
TWO^B,Two Harbors Investments Corp 7.625% Series B Fixed-to-Floating Rate Cumulative Redeemable Preferred Stock,$24.80,-0.015,-0.06%,,United States,,1833,,
TWO^C,Two Harbors Investments Corp 7.25% Series C Fixed-to-Floating Rate Cumulative Redeemable Preferred Stock,$24.94,0.02,0.08%,,United States,,2477,,
TWOD,Two Harbors Investments Corp 9.375% Senior Notes due 2030,$25.7756,0.0356,0.138%,0.00,United States,2025,300,Real Estate,Real Estate Investment Trusts
TWST,Twist Bioscience Corporation Common Stock,$61.17,2.32,3.942%,3750436934.00,United States,2018,403863,Health Care,Biotechnology: Biological Products (No Diagnostic Substances)
TX,Ternium S.A. Ternium S.A. American Depositary Shares (each representing ten shares USD1.00 par value),$42.77,0.36,0.849%,8396079388.00,Luxembourg,,166259,Industrials,Steel/Iron Ore
TXG,10x Genomics Inc. Class A Common Stock,$22.04,0.62,2.894%,2815659678.00,United States,2019,554198,Industrials,Biotechnology: Laboratory Analytical Instruments
TXMD,TherapeuticsMD Inc. Common Stock,$2.145,-0.035,-1.606%,24827006.00,United States,,2763,Health Care,Biotechnology: Pharmaceutical Preparations
TXN,Texas Instruments Incorporated Common Stock,$276.20,-6.03,-2.137%,251469984727.00,United States,,5913837,Technology,Semiconductors
TXNM,TXNM Energy Inc. Common Stock,$58.95,-0.05,-0.085%,6420913936.00,United States,,197368,Utilities,Electric Utilities: Central
TXO,TXO Partners L.P. Common Units Representing Limited Partner Interests,$12.24,0.01,0.082%,676168286.00,United States,2023,71058,Energy,Oil & Gas Production
TXRH,Texas Roadhouse Inc. Common Stock,$160.685,0.245,0.153%,10581679289.00,United States,2004,423270,Consumer Discretionary,Restaurants
TXT,Textron Inc. Common Stock,$87.15,-3.22,-3.563%,15178256385.00,United States,,403716,Industrials,Aerospace
TY,Tri Continental Corporation Common Stock,$34.0158,0.1658,0.49%,1848790535.00,United States,,4676,Finance,Finance Companies
TY^,Tri Continental Corporation Preferred Stock,$44.2819,0.2219,0.504%,,United States,,809,,
TYG,Tortoise Energy Infrastructure Corporation Common Stock,$47.83,-0.87,-1.786%,570511600.00,United States,2004,46616,Finance,Investment Managers
TYGO,Tigo Energy Inc. Common Stock,$4.99,0.10,2.045%,378540542.00,United States,2021,226908,Technology,Semiconductors
TYL,Tyler Technologies Inc. Common Stock,$336.47,0.73,0.217%,14284396439.00,United States,,82147,Technology,Computer Software: Prepackaged Software
TYRA,Tyra Biosciences Inc. Common Stock,$36.90,0.21,0.572%,2195005245.00,United States,2021,386734,Health Care,Biotechnology: Pharmaceutical Preparations
TZOO,Travelzoo Common Stock,$9.35,-0.13,-1.371%,102217351.00,United States,,538816,Consumer Discretionary,Advertising
U,Unity Software Inc. Common Stock,$25.05,0.74,3.044%,10930067201.00,United States,2020,3204317,Technology,Computer Software: Prepackaged Software
UA,Under Armour Inc. Class C Common Stock,$6.11,-0.08,-1.292%,2602187906.00,United States,2016,491841,Consumer Discretionary,Apparel
UAA,Under Armour Inc. Class A Common Stock,$6.3201,-0.0599,-0.939%,2691667395.00,United States,,1877861,Consumer Discretionary,Apparel
UAC,United Acquisition Corp. I Class A Ordinary Shares,$9.835,0.00,0.00%,0.00,,2026,21,Finance,Blank Checks
UAL,United Airlines Holdings Inc. Common Stock,$92.48,1.23,1.348%,30016300925.00,United States,,3342101,Consumer Discretionary,Air Freight/Delivery Services
UAMY,United States Antimony Corporation Common Stock,$9.66,-0.46,-4.545%,1382136137.00,United States,,6465271,Industrials,Metal Fabrications
UAN,CVR Partners LP Common Units representing Limited Partner Interests,$130.335,0.095,0.073%,1377593638.00,United States,2011,23857,Industrials,Agricultural Chemicals
UAVS,AgEagle Aerial Systems Inc. Common Stock,$1.085,-0.025,-2.252%,62112760.00,United States,,882798,Industrials,Aerospace
UBCP,United Bancorp Inc. Common Stock,$16.245,0.00,0.00%,93520061.00,United States,,103,Finance,Major Banks
UBER,Uber Technologies Inc. Common Stock,$74.12,-0.58,-0.776%,151423182943.00,United States,2019,4891592,Real Estate,Real Estate
UBS,UBS Group AG Registered Ordinary Shares,$41.48,0.44,1.072%,128243682443.00,Switzerland,2014,963955,Finance,Major Banks
UBSI,United Bankshares Inc. Common Stock,$43.615,-0.295,-0.672%,6091730733.00,United States,,223009,Finance,Major Banks
UBXG,U-BX Technology Ltd. Class A Ordinary Shares,$1.13,0.075,7.109%,34221080.00,China,2024,3672,Technology,Computer Software: Programming Data Processing
UCAR,U Power Limited Class A Ordinary Shares,$1.7201,0.0301,1.781%,1371174.00,China,2023,1058440,Consumer Discretionary,Auto Parts:O.E.M.
UCB,United Community Banks Inc. Common Stock,$33.20,-0.47,-1.396%,3973508568.00,United States,2024,205952,Finance,Major Banks
UCL,uCloudlink Group Inc. American Depositary Shares,$1.20,0.00,0.00%,45710700.00,Hong Kong,2020,6578,Consumer Discretionary,Telecommunications Equipment
UCTT,Ultra Clean Holdings Inc. Common Stock,$83.50,5.26,6.723%,3798418173.00,United States,2004,687390,Technology,Semiconductors
UDMY,Udemy Inc. Common Stock,$4.265,-0.465,-9.831%,620222740.00,United States,2021,3218225,Real Estate,Other Consumer Services
UDR,UDR Inc. Common Stock,$34.72,-0.19,-0.544%,11315040409.00,United States,,517888,Real Estate,Real Estate Investment Trusts
UE,Urban Edge Properties Common Shares of Beneficial Interest,$21.64,0.05,0.232%,2726051024.00,United States,2015,95179,Finance,Real Estate
UEC,Uranium Energy Corp. Common Stock,$14.305,-0.645,-4.314%,7012608301.00,Canada,,4019075,Basic Materials,Other Metals and Minerals
UEIC,Universal Electronics Inc. Common Stock,$4.18,0.06,1.456%,52729053.00,United States,1993,22300,Consumer Staples,Consumer Electronics/Appliances
UFCS,United Fire Group Inc. Common Stock,$40.40,0.44,1.101%,1034816952.00,United States,,34325,Finance,Property-Casualty Insurers
UFG,Uni-Fuels Holdings Limited Class A Ordinary Shares,$0.98,0.035,3.704%,31815700.00,Singapore,2025,171933,Energy,Oil Refining/Marketing
UFI,Unifi Inc. New Common Stock,$3.65,0.10,2.817%,67820836.00,United States,,21638,Consumer Discretionary,Textiles
UFPI,UFP Industries Inc. Common Stock,$95.44,-1.04,-1.078%,5420981979.00,United States,1993,102853,Basic Materials,Forest Products
UFPT,UFP Technologies Inc. Common Stock,$195.69,-2.41,-1.217%,1509415677.00,United States,1993,138167,Health Care,Medical/Dental Instruments
UG,United-Guardian Inc. Common Stock,$7.025,0.225,3.309%,32275091.00,United States,,11832,Consumer Discretionary,Package Goods/Cosmetics
UGI,UGI Corporation Common Stock,$36.90,-0.30,-0.806%,7920080835.00,United States,,216148,Utilities,Natural Gas Distribution
UGP,Ultrapar Participacoes S.A. (New) American Depositary Shares (Each representing one Common Share),$5.71,-0.02,-0.349%,6178634506.00,Brazil,,756992,Utilities,Oil/Gas Transmission
UGRO,urban-gro Inc. Common Stock,$8.5448,-0.7452,-8.022%,9639731.00,United States,,74167,Consumer Discretionary,Industrial Specialties
UHAL,U-Haul Holding Company Common Stock,$52.51,-0.78,-1.464%,10296049479.00,United States,2022,30690,Consumer Discretionary,Rental/Leasing Companies
UHG,United Homes Group Inc Class A Common Stock,$1.185,-0.005,-0.42%,69710252.00,United States,2021,5700,Consumer Discretionary,Homebuilding
UHGWW,United Homes Group Inc. Warrant,$0.1817,-0.0001,-0.055%,10688905.00,United States,2021,33000,Consumer Discretionary,Homebuilding
UHS,Universal Health Services Inc. Common Stock,$174.06,-7.12,-3.93%,10622834456.00,United States,,341952,Health Care,Hospital/Nursing Management
UHT,Universal Health Realty Income Trust Common Stock,$40.8117,0.1217,0.299%,566247768.00,United States,,6303,Real Estate,Real Estate Investment Trusts
UI,Ubiquiti Inc. Common Stock,$1052.19,14.32,1.38%,63679374239.00,United States,,23825,Technology,Radio And Television Broadcasting And Communications Equipment
UIS,Unisys Corporation New Common Stock,$2.615,0.045,1.751%,189133444.00,United States,,310654,Technology,EDP Services
UK,Ucommune International Ltd Ordinary Shares,$0.2699,-0.0149,-5.232%,1229646.00,United States,2019,78396,Real Estate,Real Estate
UL,Unilever PLC American Depositary Shares (each representing One Ordinary Share),$58.10,0.58,1.008%,129715826240.00,United Kingdom,2025,2101969,Consumer Discretionary,Package Goods/Cosmetics
ULBI,Ultralife Corporation Common Stock,$7.6298,-0.2102,-2.681%,127085787.00,United States,1992,6468,Miscellaneous,Industrial Machinery/Components
ULCC,Frontier Group Holdings Inc. Common Stock,$3.925,0.085,2.214%,901698587.00,United States,2021,2131344,Consumer Discretionary,Air Freight/Delivery Services
ULH,Universal Logistics Holdings Inc. Common Stock,$24.20,-0.62,-2.498%,637671404.00,United States,2005,47115,Industrials,Trucking Freight/Courier Services
ULS,UL Solutions Inc. Class A Common Stock,$89.765,0.275,0.307%,18060866561.00,United States,2024,215287,Health Care,Precision Instruments
ULTA,Ulta Beauty Inc. Common Stock,$556.375,-8.065,-1.429%,24235926452.00,United States,2007,156829,Consumer Discretionary,Other Specialty Stores
UMAC,Unusual Machines Inc. Common Stock,$14.715,-1.415,-8.772%,703149624.00,United States,2024,2376721,Technology,Radio And Television Broadcasting And Communications Equipment
UMBF,UMB Financial Corporation Common Stock,$122.05,-1.57,-1.27%,9292470565.00,United States,,122448,Finance,Major Banks
UMBFO,UMB Financial Corporation Depositary Shares Each Representing a 1/400th Interest in a Share of 7.750% Fixed-Rate Reset Non-Cumulative Perpetual Preferred Stock Series B,$26.3801,-0.0099,-0.038%,2008490805.00,United States,,10912,Finance,Major Banks
UMC,United Microelectronics Corporation (NEW) Common Stock,$12.245,0.245,2.042%,30761194476.00,Taiwan,,4190803,Technology,Semiconductors
UMH,UMH Properties Inc. Common Stock,$15.645,0.145,0.935%,1330233663.00,United States,1994,86238,Real Estate,Real Estate Investment Trusts
UMH^D,UMH Properties Inc. 6.375% Series D Cumulative Redeemable Preferred Stock Liquidation Preference $25 per share,$21.73,0.09,0.416%,,United States,,2064,,
UNB,Union Bankshares Inc. Common Stock,$24.76,0.13,0.528%,114243878.00,United States,,2388,Finance,Major Banks
UNCY,Unicycive Therapeutics Inc. Common Stock,$7.258,-0.092,-1.252%,183175822.00,United States,2021,165898,Health Care,Biotechnology: Pharmaceutical Preparations
UNF,Unifirst Corporation Common Stock,$261.17,-0.71,-0.271%,4722726141.00,United States,,25938,Consumer Discretionary,Other Consumer Services
UNFI,United Natural Foods Inc. Common Stock,$47.92,0.31,0.651%,2911234163.00,United States,2019,101383,Consumer Discretionary,Food Distributors
UNH,UnitedHealth Group Incorporated Common Stock (DE),$351.64,-2.92,-0.824%,319364082615.00,United States,,4283659,Health Care,Medical Specialities
UNIT,Uniti Group Inc. Common Stock,$11.975,0.225,1.915%,2906022946.00,United States,,607251,Real Estate,Real Estate Investment Trusts
UNM,Unum Group Common Stock,$76.91,-0.85,-1.093%,12594306142.00,United States,,286079,Finance,Accident &Health Insurance
UNMA,Unum Group 6.250% Junior Subordinated Notes due 2058,$23.675,0.015,0.063%,4032165957.00,United States,2018,4698,Finance,Accident &Health Insurance
UNP,Union Pacific Corporation Common Stock,$270.7801,-0.4799,-0.177%,160756269442.00,United States,,1352483,Industrials,Railroads
UNTY,Unity Bancorp Inc. Common Stock,$52.76,-0.01,-0.019%,528466689.00,United States,,35710,Finance,Major Banks
UONE,Urban One Inc. Class A Common Stock,$5.68,0.04,0.709%,25644348.00,United States,,1459,Consumer Discretionary,Broadcasting
UONEK,Urban One Inc. Class D Common Stock,$4.92,-0.055,-1.106%,22213062.00,United States,,6221,Consumer Discretionary,Broadcasting
UP,Wheels Up Experience Inc. Class A Common Stock,$0.3977,0.0028,0.709%,288119949.00,Singapore,2020,1278868,Consumer Discretionary,Transportation Services
UPB,Upstream Bio Inc. Common Stock,$9.52,-0.08,-0.833%,518078267.00,United States,2024,168870,Health Care,Biotechnology: Pharmaceutical Preparations
UPBD,Upbound Group Inc. Common Stock,$19.655,0.115,0.589%,1146904570.00,United States,,157925,Consumer Discretionary,Diversified Commercial Services
UPC,Universe Pharmaceuticals Inc. Class A Ordinary Shares,$3.30,-0.06,-1.786%,1859015.00,China,2021,14715,Health Care,Biotechnology: Pharmaceutical Preparations
UPLD,Upland Software Inc. Common Stock,$0.6039,0.0138,2.339%,17732437.00,United States,2014,31279,Technology,Computer Software: Prepackaged Software
UPS,United Parcel Service Inc. Common Stock,$107.11,-0.61,-0.566%,90962942248.00,United States,1999,1718925,Industrials,Trucking Freight/Courier Services
UPST,Upstart Holdings Inc. Common stock,$33.19,0.37,1.127%,3176523959.00,United States,2020,1138220,Finance,Finance: Consumer Services
UPWK,Upwork Inc. Common Stock,$10.525,0.045,0.429%,1372251742.00,United States,2018,1084109,Technology,EDP Services
UPXI,Upexi Inc. Common Stock,$1.3906,-0.0294,-2.07%,97009064.00,United States,2021,1373577,Health Care, Medicinal Chemicals and Botanical Products 
URBN,Urban Outfitters Inc. Common Stock,$73.92,0.07,0.095%,6536274434.00,United States,1993,249803,Consumer Discretionary,Clothing/Shoe/Accessory Stores
URG,Ur Energy Inc Common Shares (Canada),$1.685,-0.045,-2.601%,669504172.00,Canada,,2085612,Basic Materials,Precious Metals
URGN,UroGen Pharma Ltd. Ordinary Shares,$24.07,-0.24,-0.987%,1172408300.00,Israel,2017,215923,Health Care,Biotechnology: Pharmaceutical Preparations
URI,United Rentals Inc. Common Stock,$970.565,-16.215,-1.643%,60802555595.00,United States,1997,490769,Consumer Discretionary,Diversified Commercial Services
UROY,Uranium Royalty Corp. Common Stock,$3.75,0.01,0.267%,549290651.00,Canada,,1261114,Finance,Investment Bankers/Brokers/Service
USA,Liberty All-Star Equity Fund Common Stock,$5.785,0.045,0.784%,0.00,United States,1986,409525,Finance,Finance Companies
USAC,USA Compression Partners LP Common Units Representing Limited Partner Interests,$27.53,0.10,0.365%,3991089016.00,United States,2013,57954,Utilities,Natural Gas Distribution
USAR,USA Rare Earth Inc. Class A Common Stock,$21.955,-1.135,-4.916%,4785666922.00,United States,2023,10414059,Basic Materials,Metal Mining
USAS,Americas Gold and Silver Corporation Common Shares no par value,$5.885,-0.055,-0.926%,1917880923.00,Canada,2017,3260904,Basic Materials,Metal Mining
USAU,U.S. Gold Corp. Common Stock,$16.21,-0.16,-0.977%,267483852.00,United States,,57746,Basic Materials,Metal Mining
USB,U.S. Bancorp Common Stock,$55.90,-0.73,-1.289%,86851595164.00,United States,,2161011,Finance,Major Banks
USB^A,U.S. Bancorp Depositary Shares Each representing a 1/100th interest in a share of Series A Non-CumulativePerpetual Pfd Stock,$786.3001,-0.1998,-0.025%,,United States,,631,,
USB^H,U.S. Bancorp Depositary Shares repstg 1/1000th Pfd Ser B,$18.70,-0.02,-0.107%,,United States,,10068,,
USB^P,U.S. Bancorp Depositary Shares each representing a 1/1000th interest in a share of Series K Non-Cumulative Perpetual Preferred Stock,$22.0501,-0.0199,-0.09%,,United States,,13580,,
USB^Q,U.S. Bancorp Depositary Shares Each Representing a 1/1000th Interest in a Share of Series L Non-Cumulative Perpetual Preferred Stock,$15.1599,0.0599,0.397%,,United States,,22176,,
USB^R,U.S. Bancorp Depositary Shares Each Representing a 1/1000th Interest in a Share of Series M Non-Cumulative Perpetual Preferred Stock,$15.96,-0.01,-0.063%,,United States,,24515,,
USB^S,U.S. Bancorp Depositary Shares each representing a 1/1000th interest in a share of Series O Non-Cumulative Perpetual Preferred Stock,$17.99,0.06,0.335%,,United States,,38434,,
USBC,USBC Inc. Common Stock,$0.366,0.00,0.00%,142060861.00,,,24114,Industrials,Industrial Machinery/Components
USCB,USCB Financial Holdings Inc. Class A Common Stock,$19.16,-0.31,-1.592%,349811784.00,United States,2021,11960,Finance,Major Banks
USEA,United Maritime Corporation Common Stock,$2.03,0.00,0.00%,18520999.00,Greece,,13875,Consumer Discretionary,Marine Transportation
USEG,U.S. Energy Corp. Common Stock (DE),$0.8723,-0.0298,-3.303%,46292256.00,United States,,666140,Energy,Oil & Gas Production
USFD,US Foods Holding Corp. Common Stock,$93.205,0.375,0.404%,20527683105.00,United States,2016,383557,Consumer Discretionary,Food Distributors
USGO,U.S. GoldMining Inc. Common stock,$13.1601,0.0801,0.612%,175322708.00,United States,2023,26904,Basic Materials,Precious Metals
USGOW,U.S. GoldMining Inc. Warrant,$0.2347,0.1492,174.503%,3126742.00,United States,2023,1930155,Basic Materials,Precious Metals
USIO,Usio Inc. Common Stock,$1.19,-0.01,-0.833%,33017988.00,United States,,3593,Finance,Investment Bankers/Brokers/Service
USLM,United States Lime & Minerals Inc. Common Stock,$132.47,0.10,0.076%,3797922318.00,United States,,78650,Industrials,Mining & Quarrying of Nonmetallic Minerals (No Fuels)
USNA,USANA Health Sciences Inc. Common Stock,$19.45,0.21,1.091%,358987386.00,United States,,36334,Health Care, Medicinal Chemicals and Botanical Products 
USPH,U.S. Physical Therapy Inc. Common Stock,$73.425,-1.335,-1.786%,1110374115.00,United States,1992,52670,Health Care,Medical/Nursing Services
UTF,Cohen & Steers Infrastructure Fund Inc Common Stock,$26.288,0.018,0.069%,0.00,United States,2004,110482,Finance,Finance Companies
UTG,Reaves Utility Income Fund Common Shares of Beneficial Interest,$42.2999,0.1599,0.379%,0.00,United States,2004,80858,Finance,Investment Managers
UTHR,United Therapeutics Corporation Common Stock,$563.74,-9.11,-1.59%,24707419706.00,United States,1999,107399,Health Care,Biotechnology: Pharmaceutical Preparations
UTI,Universal Technical Institute Inc Common Stock,$35.77,-0.56,-1.541%,1968083500.00,United States,2003,147173,Real Estate,Other Consumer Services
UTL,UNITIL Corporation Common Stock,$52.995,0.115,0.217%,953171727.00,United States,1985,32771,Utilities,Power Generation
UTMD,Utah Medical Products Inc. Common Stock,$68.06,0.19,0.28%,216772802.00,United States,,1540,Health Care,Medical/Dental Instruments
UTSI,UTStarcom Holdings Corp. Ordinary Shares,$2.58,-0.03,-1.149%,24433258.00,China,2000,1785,Telecommunications,Telecommunications Equipment
UTZ,Utz Brands Inc Class A Common Stock ,$7.785,0.215,2.84%,1119324638.00,United States,2018,403145,Consumer Staples,Packaged Foods
UUU,Universal Safety Products Inc. Common Stock,$6.0438,0.0538,0.898%,16425761.00,United States,2003,10831,Technology,Electronic Components
UUUU,Energy Fuels Inc Ordinary Shares (Canada),$20.63,-1.28,-5.842%,4984331780.00,Canada,,6714360,Industrials,Mining & Quarrying of Nonmetallic Minerals (No Fuels)
UVE,UNIVERSAL INSURANCE HOLDINGS INC Common Stock,$36.57,1.39,3.951%,1024259472.00,United States,,185566,Finance,Property-Casualty Insurers
UVSP,Univest Financial Corporation Common Stock,$37.84,0.33,0.88%,1062680889.00,United States,,81005,Finance,Major Banks
UVV,Universal Corporation Common Stock,$53.40,-0.37,-0.688%,1330914686.00,United States,,35187,Industrials,Farming/Seeds/Milling
UWMC,UWM Holdings Corporation Class A Common Stock,$3.705,0.035,0.954%,5927802712.00,United States,,2893383,Finance,Finance: Consumer Services
UXIN,Uxin Limited ADS,$2.9009,0.0809,2.869%,598076340.00,China,2018,144239,Real Estate,Real Estate
UYSC,UY Scuti Acquisition Corp. Ordinary Shares,$10.62,0.14,1.336%,0.00,United States,2025,344,Finance,Blank Checks
UZD,Array Digital Infrastructure Inc. 6.250% Senior Notes due 2069,$20.17,0.00,0.00%,1734620000.00,United States,2020,8,Telecommunications,Telecommunications Equipment
UZE,Array Digital Infrastructure Inc. 5.500% Senior Notes due 2070,$18.14,0.10,0.554%,1560040000.00,United States,2020,197,Telecommunications,Telecommunications Equipment
UZF,Array Digital Infrastructure Inc. 5.500% Senior Notes due 2070,$17.86,-0.19,-1.053%,1535960000.00,United States,2021,2119,Telecommunications,Telecommunications Equipment
V,Visa Inc.,$307.76,-1.12,-0.363%,589671024015.00,United States,,2351597,Real Estate,Real Estate
VABK,Virginia National Bankshares Corporation Common Stock,$41.705,0.275,0.664%,226127930.00,United States,,650,Finance,Major Banks
VAC,Marriott Vacations Worldwide Corporation Common Stock,$71.49,0.17,0.238%,2452592918.00,United States,,78967,Finance,Real Estate
VACH,Voyager Acquisition Corp Class A Ordinary Shares,$12.92,0.48,3.859%,0.00,United States,2024,21575,,
VACHW,Voyager Acquisition Corp Warrants,$0.1248,0.0048,4.00%,0.00,United States,2024,29000,Finance,Blank Checks
VACI,Viking Acquisition Corp. I Class A Ordinary Shares,$10.15,0.00,0.00%,0.00,,2025,7430,Telecommunications,Telecommunications Equipment
VAL,Valaris Limited Common Shares,$91.69,1.36,1.506%,6349695066.00,United States,2021,209314,Energy,Oil & Gas Production
VALE,VALE S.A.  American Depositary Shares Each Representing one common share,$17.175,0.035,0.204%,73328909013.00,Brazil,,13528593,Basic Materials,Metal Mining
VALN,Valneva SE American Depositary Shares,$5.47,0.14,2.627%,474291185.00,France,2021,94239,Health Care,Biotechnology: Biological Products (No Diagnostic Substances)
VALU,Value Line Inc. Common Stock,$35.33,-0.65,-1.807%,331651119.00,United States,1983,2624,Finance,Investment Managers
VANI,Vivani Medical Inc. Common Stock (DE),$1.35,0.04,3.053%,114274534.00,United States,2014,140675,Health Care,Biotechnology: Electromedical & Electrotherapeutic Apparatus
VATE,INNOVATE Corp. Common Stock,$12.245,0.165,1.366%,167084580.00,United States,,18834,Industrials,Metal Fabrications
VAVX,VanEck Avalanche ETF Common Shares of Beneficial Interest,$19.5494,0.2409,1.248%,11731263.00,United States,,528,,
VBF,Invesco Bond Fund Common Stock,$15.04,0.00,0.00%,0.00,United States,,14574,Finance,Trusts Except Educational Religious and Charitable
VBIX,Viewbix Inc. Common Stock,$2.87,0.1235,4.497%,38275445.00,Israel,,18779,Technology,Computer Software: Prepackaged Software
VBNK,VersaBank Common Shares,$18.29,0.395,2.207%,586550186.00,Canada,,54944,Finance,Commercial Banks
VC,Visteon Corporation Common Stock,$114.84,5.44,4.973%,3079949772.00,United States,,662971,Consumer Discretionary,Auto Parts:O.E.M.
VCEL,Vericel Corporation Common Stock,$35.30,0.90,2.616%,1797885409.00,United States,,160431,Health Care,Biotechnology: Biological Products (No Diagnostic Substances)
VCIG,VCI Global Limited Ordinary Share,$0.9875,-0.0425,-4.126%,3639875.00,Malaysia,2023,95161,Consumer Discretionary,Diversified Commercial Services
VCTR,Victory Capital Holdings Inc. Class A Common Stock,$74.98,0.46,0.617%,4782937460.00,United States,2018,73884,Finance,Investment Managers
VCV,Invesco California Value Municipal Income Trust Common Stock,$10.60,-0.02,-0.188%,507639565.00,United States,,18667,Finance,Trusts Except Educational Religious and Charitable
VCX,Fundrise Innovation Fund LLC Common Shares of Limited Liability Company Interests,$85.70,-4.04,-4.502%,0.00,,2026,113347,,
VCYT,Veracyte Inc. Common Stock,$33.76,0.61,1.84%,2693773059.00,United States,2013,161399,Health Care,Medical Specialities
VECO,Veeco Instruments Inc. Common Stock,$53.2425,3.0725,6.124%,3215420581.00,United States,1994,644786,Technology,Industrial Machinery/Components
VEEA,Veea Inc. Common Stock,$0.589,-0.0027,-0.456%,29690057.00,United States,2021,96700,Finance,Blank Checks
VEEAW,Veea Inc. Warrant,$0.0872,0.00,0.00%,4395540.00,United States,2021,6,Finance,Blank Checks
VEEE,Twin Vee PowerCats Co. Common Stock,$0.1946,-0.0017,-0.866%,2547956.00,United States,2021,243253,Industrials,Marine Transportation
VEEV,Veeva Systems Inc. Class A Common Stock,$158.18,2.03,1.30%,25835686982.00,United States,2013,708944,Technology,Computer Software: Prepackaged Software
VEL,Velocity Financial Inc. Common Stock,$19.48,0.09,0.464%,764303274.00,United States,2020,4129,Finance,Finance: Consumer Services
VELO,Velo3D Inc. Common stock,$17.47,0.70,4.174%,458007880.00,United States,,1330883,Technology,Industrial Machinery/Components
VENU,Venu Holding Corporation Common Stock,$4.035,0.015,0.373%,243501428.00,United States,2024,161015,Consumer Discretionary,Services-Misc. Amusement & Recreation
VEON,VEON Ltd. ADS,$54.02,-0.74,-1.351%,3995731211.00,Netherlands,,43359,Telecommunications,Telecommunications Equipment
VERA,Vera Therapeutics Inc. Class A Common Stock,$36.62,-1.77,-4.611%,2626163201.00,United States,2021,546364,Health Care,Biotechnology: Pharmaceutical Preparations
VERI,Veritone Inc. Common Stock,$2.17,-0.01,-0.459%,201693102.00,United States,2017,1168028,Technology,EDP Services
VERU,Veru Inc. Common Stock,$2.365,0.055,2.381%,37959007.00,United States,,4029,Health Care,Biotechnology: Pharmaceutical Preparations
VERX,Vertex Inc. Class A Common Stock,$12.17,0.48,4.106%,1946675400.00,United States,2020,394603,Technology,Computer Software: Prepackaged Software
VET,Vermilion Energy Inc. Common (Canada),$12.33,-0.13,-1.043%,1881551884.00,Canada,,477929,Energy,Oil & Gas Production
VFC,V.F. Corporation Common Stock,$20.04,0.02,0.10%,7840917394.00,United States,,2429653,Industrials,Garments and Clothing
VFF,Village Farms International Inc. Common Shares,$2.8899,0.0799,2.843%,332640263.00,Canada,,823458,,
VFL,abrdn National Municipal Income Fund Common Stock,$10.2099,0.0399,0.392%,0.00,United States,1993,12529,Finance,Finance/Investors Services
VFS,VinFast Auto Ltd. Ordinary Shares,$4.385,-0.025,-0.567%,10258763084.00,Singapore,,265326,Industrials,Auto Manufacturing
VFSWW,VinFast Auto Ltd. Warrant,$0.49,-0.0101,-2.02%,1146361211.00,Singapore,,1544,Industrials,Auto Manufacturing
VG,Venture Global Inc. Class A common stock,$12.125,-0.825,-6.371%,30101144045.00,United States,2025,11707547,Utilities,Oil/Gas Transmission
VGAS,Verde Clean Fuels Inc. Class A Common Stock,$1.74,0.05,2.959%,77516341.00,United States,2021,18599,Industrials,Major Chemicals
VGASW,Verde Clean Fuels Inc. Warrant,$0.0325,-0.0001,-0.307%,1447863.00,United States,2021,29871,Industrials,Major Chemicals
VGI,Virtus Global Multi-Sector Income Fund Common Shares of Beneficial Interest,$7.5601,-0.0299,-0.394%,0.00,United States,2012,18013,Finance,Investment Managers
VGM,Invesco Trust for Investment Grade Municipals Common Stock (DE),$10.13,0.01,0.099%,549369836.00,United States,,106446,Finance,Trusts Except Educational Religious and Charitable
VGNT,Versigent PLC Ordinary Shares,$35.53,1.22,3.556%,2524303747.00,United Kingdom,2026,520320,,
VGZ,Vista Gold Corp Common Stock,$2.26,0.10,4.63%,327581395.00,United States,1986,441205,Basic Materials,Precious Metals
VHC,VirnetX Holding Corp Common Stock,$14.30,-0.08,-0.556%,59858341.00,United States,,7784,Miscellaneous,Multi-Sector Companies
VHCP,Vine Hill Capital Investment Corp. II Class A Ordinary Shares,$9.91,0.00,0.00%,0.00,United States,2026,50,,
VHCPU,Vine Hill Capital Investment Corp. II Units,$10.0208,0.00,0.00%,0.00,United States,2025,22,Finance,Blank Checks
VHI,Valhi Inc. Common Stock,$14.32,0.06,0.421%,405288836.00,United States,,4235,Basic Materials,Major Chemicals
VHUB,VenHub Global Inc. Common Stock,$0.6978,0.0101,1.469%,59353373.00,United States,,17261,Technology,Industrial Machinery/Components
VIA,Via Transportation Inc. Class A Common Stock,$15.485,-0.115,-0.737%,1257951182.00,United States,2025,114029,Technology,Computer Software: Prepackaged Software
VIASP,Via Renewables Inc. 8.75% Series A Fixed-to-Floating Rate Cumulative Redeemable Perpetual Preferred Stock,$25.49,-0.03,-0.118%,186671656.00,United States,,4047,Utilities,Power Generation
VIAV,Viavi Solutions Inc. Common Stock,$48.58,2.43,5.265%,11240894380.00,United States,,2429569,Technology,Semiconductors
VICI,VICI Properties Inc. Common Stock,$28.365,-0.145,-0.509%,30321872957.00,United States,2018,1605803,Real Estate,Real Estate Investment Trusts
VICR,Vicor Corporation Common Stock,$273.47,13.34,5.128%,12408193690.00,United States,,405421,Technology,Industrial Machinery/Components
VIK,Viking Holdings Ltd Ordinary Shares,$81.695,0.715,0.883%,36418490456.00,United States,2024,495418,Consumer Discretionary,Marine Transportation
VINP,Vinci Compass Investments Ltd. Class A Common Shares,$11.49,0.38,3.42%,751699906.00,Brazil,2021,27245,Finance,Investment Managers
VIOT,Viomi Technology Co. Ltd American Depositary Shares,$1.00,0.0247,2.533%,67321729.00,China,2018,104947,Consumer Discretionary,Consumer Electronics/Appliances
VIPS,Vipshop Holdings Limited American Depositary Shares each representing two ordinary shares,$14.34,0.09,0.632%,6887079544.00,China,2012,532692,Consumer Discretionary,Catalog/Specialty Distribution
VIR,Vir Biotechnology Inc. Common Stock,$10.255,-0.095,-0.918%,1653455265.00,United States,2019,533660,Health Care,Biotechnology: Biological Products (No Diagnostic Substances)
VIRC,Virco Manufacturing Corporation Common Stock,$6.10,0.06,0.993%,96142960.00,United States,,10266,Consumer Discretionary,Industrial Specialties
VIRT,Virtu Financial Inc. Class A Common Stock,$48.155,-0.045,-0.093%,7447872513.00,United States,,185447,Finance,Investment Bankers/Brokers/Service
VISN,Vistance Networks Inc. Common Stock,$19.115,0.035,0.183%,4309722569.00,United States,2013,1217656,Technology,Radio And Television Broadcasting And Communications Equipment
VIST,Vista Energy S.A.B. de C.V. American Depositary Shares each representing one series A share with no par value,$69.58,-0.72,-1.024%,7257267407.00,Mexico,2019,836542,Energy,Oil & Gas Production
VITL,Vital Farms Inc. Common Stock,$12.50,-0.23,-1.807%,559964063.00,United States,2020,811314,Consumer Staples,Packaged Foods
VIV,Telefonica Brasil S.A. American Depositary Shares (Each representing One Common Share),$16.02,0.04,0.25%,51193613759.00,Brazil,2020,276907,Telecommunications,Telecommunications Equipment
VIVO,VivoPower PLC Ordinary Shares,$3.42,-0.07,-2.006%,57285838.00,United Kingdom,,3283282,Utilities,Power Generation
VIVS,VivoSim Labs Inc. Common Stock,$1.46,-0.02,-1.351%,3807625.00,United States,,9264,Health Care,Biotechnology: Biological Products (No Diagnostic Substances)
VKI,Invesco Advantage Municipal Income Trust II Common Shares of Beneficial Interest (DE),$8.745,-0.005,-0.057%,388330645.00,United States,1993,53231,Finance,Finance Companies
VKQ,Invesco Municipal Trust Common Stock,$9.6712,0.0012,0.012%,535160833.00,United States,,139115,Finance,Trusts Except Educational Religious and Charitable
VKTX,Viking Therapeutics Inc. Common Stock,$32.755,-0.045,-0.137%,3796106103.00,United States,2015,847688,Health Care,Biotechnology: Pharmaceutical Preparations
VLGEA,Village Super Market Inc. Class A Common Stock,$42.25,-0.79,-1.836%,623270733.00,United States,,9581,Consumer Staples,Food Chains
VLN,Valens Semiconductor Ltd. Ordinary Shares,$1.7592,0.1092,6.618%,185230918.00,,,769359,Technology,Semiconductors
VLO,Valero Energy Corporation Common Stock,$233.5663,-0.2637,-0.113%,69825502807.00,United States,,672861,Energy,Integrated oil Companies
VLRS,Controladora Vuela Compania de Aviacion S.A.B. de C.V. American Depositary Shares each representing ten (10) Ordinary Participation Certificates,$7.57,0.20,2.714%,882644347.00,,2013,116155,Consumer Discretionary,Air Freight/Delivery Services
VLT,Invesco High Income Trust II,$10.35,-0.01,-0.097%,0.00,United States,1989,12128,Finance,Trusts Except Educational Religious and Charitable
VLTO,Veralto Corp Common Stock ,$88.275,-0.515,-0.58%,21677260703.00,United States,2023,261402,Industrials,Electrical Products
VLY,Valley National Bancorp Common Stock,$13.425,-0.345,-2.505%,7456597004.00,United States,,3283686,Finance,Major Banks
VLYPN,Valley National Bancorp 8.250% Fixed-Rate Reset Non-Cumulative Perpetual Preferred Stock Series C,$26.25,-0.09,-0.342%,14579938275.00,United States,,872,Finance,Major Banks
VLYPO,Valley National Bancorp 5.50% Fixed-to-Floating Rate Non-Cumulative Perpetual Preferred Stock Series B,$24.97,0.00,0.00%,13868992713.00,United States,,2918,Finance,Major Banks
VLYPP,Valley National Bancorp 6.25% Fixed-to-Floating Rate Non-Cumulative Perpetual Preferred Stock Series A,$25.155,0.065,0.259%,13971746564.00,United States,,866,Finance,Major Banks
VMAR,Vision Marine Technologies Inc. Common Shares,$1.25,-0.11,-8.088%,1950855.00,Canada,2020,77744,Industrials,Marine Transportation
VMC,Vulcan Materials Company (Holding Company) Common Stock,$292.97,0.26,0.089%,38221525675.00,United States,,277767,Industrials,Mining & Quarrying of Nonmetallic Minerals (No Fuels)
VMD,Viemed Healthcare Inc. Common Shares,$9.63,0.14,1.475%,371743337.00,United States,,47640,Health Care,Misc Health and Biotechnology Services
VMET,Versamet Royalties Corporation Common Stock,$12.245,-0.325,-2.586%,1293626992.00,Canada,,58519,,
VMI,Valmont Industries Inc. Common Stock,$494.99,0.55,0.111%,9675674963.00,United States,,119180,Industrials,Metal Fabrications
VMO,Invesco Municipal Opportunity Trust Common Stock,$9.67,0.01,0.104%,652151424.00,United States,,101563,Finance,Trusts Except Educational Religious and Charitable
VNCE,Vince Holding Corp. Common Stock,$4.72,0.41,9.513%,60639228.00,United States,,325233,Consumer Discretionary,Clothing/Shoe/Accessory Stores
VNDA,Vanda Pharmaceuticals Inc. Common Stock,$6.675,-0.015,-0.224%,394546100.00,United States,2006,342009,Health Care,Biotechnology: Pharmaceutical Preparations
VNET,VNET Group Inc. American Depositary Shares,$9.16,0.32,3.62%,2607775450.00,China,2011,2183344,Technology,Computer Software: Programming Data Processing
VNME,Vendome Acquisition Corporation I Class A Ordinary Shares,$10.13,0.00,0.00%,0.00,United States,2025,2001,Finance,Blank Checks
VNMEU,Vendome Acquisition Corporation I Unit,$10.22,0.02,0.196%,0.00,United States,2025,199,Finance,Blank Checks
VNO,Vornado Realty Trust Common Stock,$29.47,0.55,1.902%,5618937835.00,United States,,541344,Real Estate,Real Estate Investment Trusts
VNO^L,Vornado Realty Trust Pfd Ser L %,$17.66,0.02,0.113%,,United States,,1271,,
VNO^M,Vornado Realty Trust 5.25% Series M Cumulative Redeemable Preferred Shares of Beneficial Interest liquidation preference $25.00 per share no par value per share,$17.68,0.13,0.741%,,United States,,17238,,
VNO^N,Vornado Realty Trust 5.25% Series N Cumulative Redeemable Preferred Shares of Beneficial Interest liquidation preference $25.00 per share,$17.48,0.03,0.172%,,United States,,894,,
VNO^O,Vornado Realty Trust 4.45% Series O Cumulative Redeemable Preferred Shares Liquidation Preference $25.00 Per Share,$15.11,0.12,0.801%,,United States,,10839,,
VNOM,Viper Energy Inc. Class A Common Stock,$47.31,-0.44,-0.921%,16990085712.00,United States,2014,450119,Energy,Oil & Gas Production
VNRX,VolitionRX Limited Common Stock,$0.14,-0.004,-2.778%,22187374.00,Singapore,2015,1156001,Health Care,Biotechnology: In Vitro & In Vivo Diagnostic Substances
VNT,Vontier Corporation Common Stock ,$36.32,-0.51,-1.385%,5142912000.00,United States,2020,397847,Industrials,Industrial Machinery/Components
VNTG,Vantage Corp Class A Ordinary Shares,$0.7795,-0.0245,-3.047%,24739381.00,,2025,5941,Industrials,Integrated Freight & Logistics
VOC,VOC Energy Trust Units of Beneficial Interest,$3.445,-0.045,-1.289%,58565000.00,United States,2011,10477,Energy,Oil & Gas Production
VOD,Vodafone Group Plc American Depositary Shares,$15.635,0.015,0.096%,37147209602.00,United Kingdom,,1197434,Telecommunications,Telecommunications Equipment
VOR,Vor Biopharma Inc. Common Stock,$14.50,-0.12,-0.821%,708288808.00,United States,2021,375524,Health Care,Biotechnology: Biological Products (No Diagnostic Substances)
VOXR,Vox Royalty Corp. Common Stock,$5.42,0.10,1.88%,373441312.00,Canada,,80178,Basic Materials,Precious Metals
VOYA,Voya Financial Inc. Common Stock,$80.07,1.20,1.521%,7395455767.00,United States,2013,422483,Finance,Life Insurance
VOYA^B,Voya Financial Inc. Depositary Shares each representing a 1/40th interest in a share of 5.35% Fixed-Rate Reset Non-Cumulative Preferred Stock Series B,$24.15,0.08,0.332%,,United States,,4778,,
VOYG,Voyager Technologies Inc. Class A Common Stock,$29.455,-0.665,-2.208%,1742216210.00,United States,2025,372516,Industrials,Military/Government/Technical
VPG,Vishay Precision Group Inc. Common Stock,$60.59,2.80,4.845%,805690011.00,United States,,115370,Technology,Electrical Products
VPV,Invesco Pennsylvania Value Municipal Income Trust Common Stock (DE),$10.6063,0.0063,0.059%,252743293.00,United States,,5175,Finance,Trusts Except Educational Religious and Charitable
VRA,Vera Bradley Inc. Common Stock,$3.86,-0.13,-3.258%,107946205.00,United States,2010,45573,Consumer Discretionary,Apparel
VRAX,Virax Biolabs Group Limited Ordinary Shares,$0.1544,-0.0045,-2.832%,1146178.00,United Kingdom,2022,1686869,Health Care,Biotechnology: In Vitro & In Vivo Diagnostic Substances
VRCA,Verrica Pharmaceuticals Inc. Common Stock,$6.70,0.21,3.236%,115097866.00,United States,2018,53101,Health Care,Biotechnology: Pharmaceutical Preparations
VRDN,Viridian Therapeutics Inc. Common Stock,$13.75,-0.48,-3.373%,1417238474.00,United States,2014,393270,Health Care,Medical Specialities
VRE,Veris Residential Inc. Common Stock,$18.925,0.005,0.026%,1775884472.00,United States,,148017,Real Estate,Real Estate Investment Trusts
VREX,Varex Imaging Corporation Common Stock,$12.285,0.025,0.204%,514741500.00,United States,,53483,Technology,Industrial Machinery/Components
VRM,Vroom Inc. Common Stock,$16.56,0.00,0.00%,86212569.00,United States,,515,Consumer Discretionary,Retail-Auto Dealers and Gas Stations
VRME,VerifyMe Inc. Common Stock,$0.8642,0.0111,1.301%,11337496.00,United States,,24911,Technology,EDP Services
VRNS,Varonis Systems Inc. Common Stock,$23.7062,-0.2138,-0.894%,2786589183.00,United States,2014,467804,Technology,Computer Software: Prepackaged Software
VRRM,Verra Mobility Corporation Class A Common Stock,$15.005,-0.105,-0.695%,2279356792.00,United States,2017,367708,Consumer Discretionary,Transportation Services
VRSK,Verisk Analytics Inc. Common Stock,$176.0986,-1.0414,-0.588%,23069010989.00,United States,2009,669569,Industrials,Diversified Commercial Services
VRSN,VeriSign Inc. Common Stock,$260.68,-16.27,-5.875%,23752042240.00,United States,1998,679275,Technology,EDP Services
VRT,Vertiv Holdings LLC Class A Common Stock,$327.735,5.985,1.86%,125885902812.00,United States,2018,2787535,Technology,Industrial Machinery/Components
VRTS,Virtus Investment Partners Inc. Common Stock,$142.95,0.37,0.26%,955199762.00,United States,,93361,Finance,Investment Managers
VRTX,Vertex Pharmaceuticals Incorporated Common Stock,$430.31,-4.79,-1.101%,109495374888.00,United States,1991,329473,Health Care,Biotechnology: Pharmaceutical Preparations
VS,Versus Systems Inc. Common Stock,$1.15,-0.01,-0.862%,5636929.00,Canada,,2830,Technology,EDP Services
VSA,VisionSys AI Inc. American Depositary Shares,$0.7271,-0.0729,-9.113%,4518977.00,China,2014,339695,Real Estate,Other Consumer Services
VSAT,ViaSat Inc. Common Stock,$62.13,-0.45,-0.719%,8439204944.00,United States,1996,392360,Technology,Radio And Television Broadcasting And Communications Equipment
VSCO,Victorias Secret & Co. Common Stock ,$53.45,1.27,2.434%,4300961791.00,United States,2021,301978,Consumer Discretionary,Clothing/Shoe/Accessory Stores
VSEC,VSE Corporation Common Stock,$180.445,-3.325,-1.809%,5062455390.00,United States,,181070,Consumer Discretionary,Military/Government/Technical
VSECU,VSE Corporation Tangible Equity Units,$49.395,-0.945,-1.877%,0.00,United States,,7506,,
VSEE,VSee Health Inc. Common Stock,$0.2185,0.0065,3.066%,10334923.00,United States,2021,337560,Health Care,Medical/Nursing Services
VSEEW,VSee Health Inc. Warrant,$0.04,0.0046,12.994%,1891977.00,United States,2021,118,Health Care,Medical/Nursing Services
VSH,Vishay Intertechnology Inc. Common Stock,$28.42,1.09,3.988%,3868110779.00,United States,,1224708,Technology,Electrical Products
VSME,VS Media Holdings Limited Class A Ordinary Shares,$0.9723,0.0084,0.871%,2674490.00,Singapore,2023,37370,Consumer Discretionary,Publishing
VSNT,Versant Media Group Inc. Class A Common Stock ,$39.06,-1.43,-3.532%,5631226141.00,United States,,777792,Industrials,Broadcasting
VST,Vistra Corp. Common Stock,$163.58,6.73,4.291%,55379893185.00,United States,,1676977,Utilities,Electric Utilities: Central
VSTD,Vestand Inc. Class A Common Stock,$0.4401,-0.0154,-3.381%,6260414.00,United States,2022,11468,Consumer Discretionary,Restaurants
VSTM,Verastem Inc. Common Stock,$5.96,-0.27,-4.334%,523543678.00,United States,2012,792940,Health Care,Biotechnology: Pharmaceutical Preparations
VSTS,Vestis Corporation Common Stock,$9.595,0.095,1.00%,1266050060.00,United States,2023,316668,Consumer Discretionary,Consumer Specialties
VTAK,Catheter Precision Inc. Common Stock,$0.8897,-0.0517,-5.492%,2395493.00,,2018,50777,Health Care,Medical/Dental Instruments
VTEX,VTEX Class A Common Shares,$3.9936,0.0836,2.138%,760236297.00,United Kingdom,2021,411070,Technology,Computer Software: Prepackaged Software
VTGN,Vistagen Therapeutics Inc. Common Stock,$0.5874,0.0174,3.053%,23272974.00,United States,,320795,Health Care,Biotechnology: Pharmaceutical Preparations
VTIX,Virtuix Holdings Inc. Class A Common Stock,$4.115,-0.285,-6.477%,131060474.00,United States,,465509,Technology,Computer peripheral equipment
VTMX,Corporacion Inmobiliaria Vesta S.A.B de C.V. American Depositary Shares each representing ten (10) Common Shares,$35.80,0.35,0.987%,3166461455.00,,2023,26702,Finance,Real Estate
VTN,Invesco Trust for Investment Grade New York Municipals Common Stock,$11.25,-0.01,-0.089%,219217264.00,United States,,21737,Finance,Finance Companies
VTOL,Bristow Group Inc. Common Stock,$48.59,0.34,0.705%,1438546502.00,United States,,50203,Consumer Discretionary,Transportation Services
VTR,Ventas Inc. Common Stock,$84.14,1.21,1.459%,40005471376.00,United States,,1076926,Real Estate,Real Estate Investment Trusts
VTRS,Viatris Inc. Common Stock,$14.655,-0.095,-0.644%,17064588421.00,United States,,6291274,Health Care,Biotechnology: Pharmaceutical Preparations
VTS,Vitesse Energy Inc. Common Stock,$18.265,-0.305,-1.642%,761877424.00,United States,2023,68853,Energy,Oil & Gas Production
VTSI,VirTra Inc. Common Stock,$4.525,-0.075,-1.63%,51150080.00,United States,,26203,Consumer Discretionary,Miscellaneous manufacturing industries
VTVT,vTv Therapeutics Inc. Class A Common Stock,$32.50,-2.35,-6.743%,128014088.00,United States,2015,64174,Health Care,Biotechnology: Pharmaceutical Preparations
VUZI,Vuzix Corporation Common Stock,$2.475,0.085,3.556%,205816689.00,United States,,360632,Technology,Radio And Television Broadcasting And Communications Equipment
VVOS,Vivos Therapeutics Inc. Common Stock,$0.8666,-0.0293,-3.27%,11686973.00,United States,2020,78758,Health Care,Medical/Dental Instruments
VVR,Invesco Senior Income Trust Common Stock (DE),$3.115,-0.015,-0.479%,0.00,United States,1998,151400,Finance,Trusts Except Educational Religious and Charitable
VVV,Valvoline Inc. Common Stock,$32.22,-0.11,-0.34%,4102115914.00,United States,2016,1758253,Industrials,Major Chemicals
VVX,V2X Inc. Common Stock,$63.34,-0.34,-0.534%,1980650224.00,United States,2014,139562,Consumer Discretionary,Diversified Commercial Services
VWAV,VisionWave Holdings Inc. Common Stock,$5.77,0.18,3.22%,137597980.00,United States,,279809,Technology,Computer Software: Prepackaged Software
VWAVW,VisionWave Holdings Inc. Warrant,$1.00,-0.04,-3.846%,23847137.00,United States,,8357,Technology,Computer Software: Prepackaged Software
VYGR,Voyager Therapeutics Inc. Common Stock,$3.915,-0.125,-3.094%,236115709.00,United States,2015,208606,Health Care,Biotechnology: Biological Products (No Diagnostic Substances)
VYNE,VYNE Therapeutics Inc. Common Stock,$0.6435,0.0033,0.515%,21443461.00,United States,2018,45532,Health Care,Biotechnology: Pharmaceutical Preparations
VYX,NCR Voyix Corporation Common Stock,$6.935,0.215,3.199%,964043809.00,United States,,584228,Miscellaneous,Office Equipment/Supplies/Services
VZ,Verizon Communications Inc. Common Stock,$46.79,-0.43,-0.911%,197345442221.00,United States,,10283782,Telecommunications,Telecommunications Equipment
VZLA,Vizsla Silver Corp. Common Shares,$3.375,0.075,2.273%,1179558568.00,Canada,2024,2064612,Basic Materials,Precious Metals
W,Wayfair Inc. Class A Common Stock,$78.735,1.795,2.333%,10295036182.00,United States,2014,836805,Consumer Discretionary,Catalog/Specialty Distribution
WAB,Westinghouse Air Brake Technologies Corporation Common Stock,$268.92,-0.53,-0.197%,45629631886.00,United States,,306906,Industrials,Railroads
WABC,Westamerica Bancorporation Common Stock,$54.95,0.30,0.549%,1329207750.00,United States,,46483,Finance,Major Banks
WAFD,WaFd Inc. Common Stock,$35.325,-0.095,-0.268%,2679872274.00,United States,,144879,Finance,Major Banks
WAFDP,WaFd Inc. Depositary Shares,$16.55,-0.06,-0.361%,1255538178.00,United States,,1782,Finance,Major Banks
WAFU,Wah Fu Education Group Limited Ordinary Shares,$1.67,0.01,0.602%,7365634.00,China,2019,6922,Real Estate,Other Consumer Services
WAI,Top KingWin Ltd Class A Ordinary Shares,$2.2001,0.0057,0.26%,5186133.00,China,2023,2724,Real Estate,Real Estate
WAL,Western Alliance Bancorporation Common Stock (DE),$79.605,-0.325,-0.407%,8650694614.00,United States,2005,222011,Finance,Major Banks
WAL^A,Western Alliance Bancorporation Depositary Shares Each Representing a 1/400th Interest in a Share of 4.250% Fixed-Rate Non-Cumulative Perpetual Preferred Stock Series A,$23.5999,0.1999,0.854%,,United States,,4427,,
WALD,Waldencast plc Class A Ordinary Share,$0.828,0.028,3.50%,106199174.00,United States,2021,80150,Consumer Discretionary,Package Goods/Cosmetics
WALDW,Waldencast plc Warrant ,$0.0399,-0.0044,-9.932%,5117569.00,United States,2021,1102,Consumer Discretionary,Package Goods/Cosmetics
WASH,Washington Trust Bancorp Inc. Common Stock,$31.20,-0.24,-0.763%,594046378.00,United States,,55098,Finance,Major Banks
WAT,Waters Corporation Common Stock,$314.42,3.22,1.035%,30865193680.00,United States,1995,256534,Industrials,Biotechnology: Laboratory Analytical Instruments
WATT,Energous Corporation Common Stock,$25.56,2.15,9.184%,140608090.00,United States,2014,166088,Technology,Radio And Television Broadcasting And Communications Equipment
WAVE,Eco Wave Power Global AB (publ) American Depositary Shares,$7.0532,0.0532,0.76%,329506517.00,Israel,2021,10474,Utilities,Electric Utilities: Central
WAY,Waystar Holding Corp. Common Stock,$25.16,0.31,1.247%,4826012338.00,United States,2024,602193,Technology,EDP Services
WB,Weibo Corporation American Depositary Share,$8.41,0.08,0.96%,2058980605.00,China,2014,195705,Technology,Computer Software: Programming Data Processing
WBD,Warner Bros. Discovery Inc. Series A Common Stock ,$27.11,0.21,0.781%,67230889152.00,United States,,8728679,Consumer Discretionary,Services-Misc. Amusement & Recreation
WBI,WaterBridge Infrastructure LLC Class A Shares Representing Limited Liability Company Interests,$27.90,-0.30,-1.064%,3444428231.00,,2025,123404,Energy,Oilfield Services/Equipment
WBS,Webster Financial Corporation Common Stock,$71.83,0.10,0.139%,11580905601.00,United States,,985007,Finance,Major Banks
WBS^F,Webster Financial Corporation Depositary Shares Each Representing 1/1000th Interest in a Share of 5.25% Series F Non-Cumulative Perpetual Preferred Stock,$21.01,0.11,0.526%,,United States,,5539,,
WBS^G,Webster Financial Corporation Depositary Shares each representing a 1/40th interest in a share of 6.50% Series G non-cumulative perpetual preferred stock,$23.8301,0.0301,0.126%,,United States,,1244,,
WBTN,WEBTOON Entertainment Inc. Common stock,$11.04,-0.83,-6.992%,1486598939.00,United States,2024,174997,Consumer Discretionary,Publishing
WBUY,WEBUY GLOBAL LTD. Class A Ordinary Shares,$1.23,0.02,1.653%,2516027.00,Singapore,2023,128571,Consumer Discretionary,Other Specialty Stores
WBX,Wallbox N.V. Class A Ordinary Shares,$2.88,-0.03,-1.031%,49402377.00,Spain,,1174,Consumer Discretionary,Industrial Specialties
WCC,WESCO International Inc. Common Stock,$318.16,-0.03,-0.009%,15508452127.00,United States,1999,151068,Consumer Discretionary,Telecommunications Equipment
WCN,Waste Connections Inc. Common Shares,$166.51,-2.38,-1.409%,42434577966.00,Canada,,580588,Utilities,Environmental Services
WCT,Wellchange Holdings Company Limited Class A Ordinary shares,$2.03,0.00,0.00%,6222559.00,Hong Kong,2024,1266,Technology,Computer Software: Prepackaged Software
WD,Walker & Dunlop Inc Common Stock,$50.97,1.31,2.638%,1748835187.00,United States,2010,71526,Finance,Finance: Consumer Services
WDAY,Workday Inc. Class A Common Stock,$116.705,2.035,1.775%,29993185000.00,United States,,2636706,Technology,EDP Services
WDC,Western Digital Corporation Common Stock,$411.13,8.01,1.987%,139388660872.00,United States,,3018865,Technology,Electronic Components
WDFC,WD-40 Company Common Stock,$225.48,2.42,1.085%,3033924043.00,United States,1973,93439,Industrials,Major Chemicals
WDH,Waterdrop Inc. American Depositary Shares (each representing the right to receive 10 Class A Ordinary Shares),$1.69,0.00,0.00%,611209642.00,Cayman Islands,2021,147651,Finance,Specialty Insurers
WDI,Western Asset Diversified Income Fund Common Shares of Beneficial Interest,$13.64,-0.06,-0.438%,0.00,United States,2021,49831,Finance,Trusts Except Educational Religious and Charitable
WDS,Woodside Energy Group Limited American Depositary Shares each representing one Ordinary Share,$23.039,0.009,0.039%,43799446195.00,Australia,2022,253198,Energy,Oil & Gas Production
WEA,Western Asset Bond Fund Share of Beneficial Interest,$10.625,0.025,0.236%,0.00,United States,2002,3514,Finance,Trusts Except Educational Religious and Charitable
WEAV,Weave Communications Inc. Common Stock,$4.7425,0.0325,0.69%,372991038.00,United States,2021,422264,Technology,Computer Software: Prepackaged Software
WEC,WEC Energy Group Inc. Common Stock,$114.55,-1.02,-0.883%,37308890096.00,United States,,235655,Utilities,Power Generation
WELL,Welltower Inc. Common Stock,$210.505,2.265,1.088%,148307190587.00,United States,,846921,Real Estate,Real Estate Investment Trusts
WEN,Wendy's Company (The) Common Stock,$6.975,0.045,0.649%,1328502066.00,United States,,2628883,Consumer Discretionary,Restaurants
WENN,Wen Acquisition Corp Class A Ordinary Shares,$10.225,0.00,0.00%,0.00,United States,2025,1557,,
WENNW,Wen Acquisition Corp Warrant,$0.40,0.025,6.667%,0.00,United States,2025,100,Finance,Blank Checks
WERN,Werner Enterprises Inc. Common Stock,$34.12,0.21,0.619%,2045497924.00,United States,1986,220896,Industrials,Trucking Freight/Courier Services
WES,Western Midstream Partners LP Common Units Representing Limited Partner Interests,$41.04,-0.07,-0.17%,16156111491.00,United States,2012,363816,Utilities,Natural Gas Distribution
WEST,Westrock Coffee Company Common Stock,$5.52,0.18,3.371%,534772698.00,United States,,92264,Consumer Staples,Beverages (Production/Distribution)
WETH,Wetouch Technology Inc. Common Stock,$1.88,0.0036,0.192%,22431284.00,China,,40047,Technology,Computer peripheral equipment
WETO,Wetour Robotics Limited Ordinary Shares,$0.5201,-0.0119,-2.237%,11442200.00,China,2025,7422,Industrials,Other Transportation
WEX,WEX Inc. common stock,$153.46,-1.30,-0.84%,5265307438.00,United States,,320125,Real Estate,Real Estate
WEYS,Weyco Group Inc. Common Stock,$33.225,-0.415,-1.234%,316674585.00,United States,,5370,Consumer Staples,Apparel
WF,Woori Financial Group Inc. American Depositary Shares (each representing three (3) shares of Common Stock),$68.335,-2.305,-3.263%,16651846559.00,South Korea,,129736,Finance,Commercial Banks
WFC,Wells Fargo & Company Common Stock,$79.585,-0.925,-1.149%,245549258118.00,United States,,5523535,Finance,Major Banks
WFC^A,Wells Fargo & Company Depositary Shares each representing a 1/1000th interest in a share of Non-Cumulative Perpetual Class A Preferred Stock Series AA,$19.1016,0.0116,0.061%,,United States,,10785,,
WFC^C,Wells Fargo & Company Depositary Shares each representing a 1/1000th interest in a share of Non-Cumulative Perpetual Class A Preferred Stock Series CC,$17.77,0.00,0.00%,,United States,,22052,,
WFC^D,Wells Fargo & Company Depositary Shares each representing a 1/1000th interest in  a share of Non-Cumulative Perpetual Class A Preferred Stock Series DD,$17.48,0.04,0.229%,,United States,,20099,,
WFC^L,Wells Fargo & Company 7.50% Non-Cumulative Perpetual Convertible Class A Preferred Stock Series L,$1204.37,0.3599,0.03%,,United States,,536,,
WFC^Y,Wells Fargo & Company Depositary Shares each representing a 1/1000th interest in a share of Non-Cumulative Perpetual Class A Preferred Stock Series Y,$24.07,0.00,0.00%,,United States,,8413,,
WFC^Z,Wells Fargo & Company Depositary Shares each representing a 1/1000th interest in a share of Non-Cumulative Perpetual Class A Preferred Stock Series Z,$19.23,0.01,0.052%,,United States,,33874,,
WFCF,Where Food Comes From Inc. Common Stock,$12.32,0.00,0.00%,62221606.00,United States,,73,Technology,Computer Software: Prepackaged Software
WFF,WF Holding Limited Ordinary Shares,$1.35,-0.027,-1.961%,6801300.00,Malaysia,2025,4464,Consumer Discretionary,Miscellaneous manufacturing industries
WFG,West Fraser Timber Co. Ltd Common stock,$65.00,-0.70,-1.065%,5089488430.00,Canada,2021,39352,Basic Materials,Forest Products
WFRD,Weatherford International plc Ordinary Shares,$107.65,4.72,4.586%,7742761990.00,United States,,381995,Consumer Discretionary,Oil and Gas Field Machinery
WGO,Winnebago Industries Inc. Common Stock,$32.45,-0.19,-0.582%,917224788.00,United States,,110263,Industrials,Homebuilding
WGRX,Wellgistics Health Inc. Common Stock,$0.1273,-0.0084,-6.19%,16122974.00,United States,2025,2343749,Health Care,Other Pharmaceuticals
WGS,GeneDx Holdings Corp. Class A Common Stock,$67.04,0.80,1.208%,1963517063.00,United States,2020,162940,Technology,Retail: Computer Software & Peripheral Equipment
WGSWW,GeneDx Holdings Corp. Warrant,$0.0061,-0.0001,-1.613%,178661.00,United States,2020,3760,Technology,Retail: Computer Software & Peripheral Equipment
WH,Wyndham Hotels & Resorts Inc. Common Stock ,$85.79,-0.65,-0.752%,6438690834.00,United States,2018,292699,Consumer Discretionary,Hotels/Resorts
WHD,Cactus Inc. Class A Common Stock,$56.38,1.01,1.824%,4520202452.00,United States,2018,194629,Consumer Discretionary,Oil and Gas Field Machinery
WHF,WhiteHorse Finance Inc. Common Stock,$7.57,0.11,1.475%,168311721.00,United States,,22930,Finance,Finance Companies
WHFCL,WhiteHorse Finance Inc. 7.875% Notes due 2028,$25.36,-0.15,-0.588%,589444712.00,United States,,183,,
WHG,Westwood Holdings Group Inc Common Stock,$15.645,-0.365,-2.28%,148439338.00,United States,,1326,Finance,Investment Managers
WHLR,Wheeler Real Estate Investment Trust Inc. Common Stock,$1.82,-0.06,-3.191%,1099961.00,United States,2012,2276647,Real Estate,Real Estate Investment Trusts
WHLRD,Wheeler Real Estate Investment Trust Inc. Series D Cumulative Preferred Stock,$36.00,0.15,0.418%,21757464.00,United States,,100,Real Estate,Real Estate Investment Trusts
WHLRP,Wheeler Real Estate Investment Trust Inc. Class B Preferred Stock,$7.10,0.10,1.429%,4291055.00,United States,,1725,Real Estate,Real Estate Investment Trusts
WHR,Whirlpool Corporation Common Stock,$53.10,-1.10,-2.03%,3002281965.00,United States,,1331935,Consumer Discretionary,Consumer Electronics/Appliances
WHR^A,Whirlpool Corporation Depositary Shares each representing a 1/20th interest in a share of 8.50% Series A Mandatory Convertible Preferred Stock,$40.4399,-0.5601,-1.366%,,United States,,170021,,
WHWK,Whitehawk Therapeutics Inc. Common Stock,$3.99,-0.18,-4.317%,188314290.00,United States,,71762,Health Care,Biotechnology: Pharmaceutical Preparations
WIA,Western Asset Inflation-Linked Income Fund,$8.1102,-0.0098,-0.121%,0.00,United States,2003,101550,Finance,Trusts Except Educational Religious and Charitable
WILC,G. Willi-Food International  Ltd. Ordinary Shares,$31.12,1.19,3.976%,433511247.00,Israel,,386,Consumer Discretionary,Food Distributors
WIMI,WiMi Hologram Cloud Inc. Class B Ordinary Shares,$1.81,0.03,1.685%,8887829.00,China,2020,17833291,Technology,Computer Software: Prepackaged Software
WINA,Winmark Corporation Common Stock,$396.59,-3.71,-0.927%,1418868542.00,United States,,7256,Consumer Discretionary,Other Specialty Stores
WING,Wingstop Inc. Common Stock,$190.64,3.90,2.088%,5239658425.00,United States,2015,293197,Consumer Discretionary,Restaurants
WIT,Wipro Limited Common Stock,$2.045,0.015,0.739%,21415518220.00,India,,4065076,Technology,EDP Services
WIW,Western Asset Inflation-Linked Opportunities & Income Fund,$8.515,0.005,0.059%,0.00,United States,2004,299677,Finance,Finance Companies
WIX,Wix.com Ltd. Ordinary Shares,$72.53,0.56,0.778%,3992591766.00,Israel,2013,292306,Technology,Computer Software: Programming Data Processing
WK,Workiva Inc. Class A Common Stock,$52.61,0.42,0.805%,2965513693.00,United States,2014,709853,Technology,Computer Software: Prepackaged Software
WKC,World Kinect Corporation Common Stock,$26.37,2.83,12.022%,1352226966.00,United States,,1153454,Energy,Oil Refining/Marketing
WKEY,WISeKey International Holding Ltd American Depositary Shares,$7.2831,-0.0269,-0.368%,66348706.00,Switzerland,,49701,Technology,EDP Services
WKHS,Workhorse Group Inc. Common Stock,$2.67,0.01,0.376%,27901121.00,United States,,78870,Industrials,Auto Manufacturing
WKSP,Worksport Ltd. Common Stock,$1.1199,0.0299,2.743%,10991667.00,Canada,,143251,Consumer Discretionary,Auto Parts:O.E.M.
WLAC,Willow Lane Acquisition Corp. Class A Ordinary Shares,$16.17,1.17,7.80%,0.00,United States,2024,725980,Finance,Blank Checks
WLACW,Willow Lane Acquisition Corp. Warrants,$6.19,0.13,2.145%,0.00,United States,2024,223674,Finance,Blank Checks
WLDN,Willdan Group Inc. Common Stock,$78.72,1.99,2.594%,1164749779.00,United States,2006,85218,Consumer Discretionary,Military/Government/Technical
WLDS,Wearable Devices Ltd. Ordinary Share,$1.1301,0.1301,13.01%,3990469.00,Israel,2022,1731302,Telecommunications,Computer Communications Equipment
WLDSW,Wearable Devices Ltd. Warrant,$2.65,0.00,0.00%,9357351.00,Israel,2022,12,Telecommunications,Computer Communications Equipment
WLFC,Willis Lease Finance Corporation Common Stock,$190.715,0.715,0.376%,1475431887.00,United States,1996,27579,Consumer Discretionary,Industrial Specialties
WLII,Willow Lane Acquisition Corp. II Class A Ordinary Shares,$9.96,0.00,0.00%,0.00,United States,2026,6,Finance,Blank Checks
WLIIU,Willow Lane Acquisition Corp. II Unit,$10.11,0.00,0.00%,0.00,United States,2026,14,,
WLIIW,Willow Lane Acquisition Corp. II Warrants,$0.55,0.00,0.00%,0.00,United States,2026,10406,Finance,Blank Checks
WLK,Westlake Corporation Common Stock,$111.66,-0.59,-0.526%,14301802493.00,United States,2004,320874,Industrials,Major Chemicals
WLKP,Westlake Chemical Partners LP Common Units representing limited partner interests,$22.35,-0.11,-0.49%,787745396.00,United States,2014,9276,Industrials,Major Chemicals
WLTH,Wealthfront Corporation Common Stock,$10.465,-0.045,-0.428%,1571009808.00,United States,2025,188918,Finance,Finance: Consumer Services
WLY,John Wiley & Sons Inc. Common Stock,$41.05,-0.27,-0.653%,2106808986.00,United States,,96935,Consumer Discretionary,Books
WLYB,John Wiley & Sons Inc. Common Stock,$41.20,0.00,0.00%,2114507435.00,United States,,73,Consumer Discretionary,Books
WM,Waste Management Inc. Common Stock,$229.22,-3.58,-1.538%,92355834533.00,United States,,580463,Utilities,Environmental Services
WMB,Williams Companies Inc. (The) Common Stock,$71.48,-0.17,-0.237%,87407951159.00,United States,,1438874,Utilities,Natural Gas Distribution
WMG,Warner Music Group Corp. Class A Common Stock,$28.99,0.00,0.00%,15142815410.00,United States,2020,230929,Consumer Discretionary,Services-Misc. Amusement & Recreation
WMK,Weis Markets Inc. Common Stock,$69.20,-1.67,-2.356%,1712326112.00,United States,,20802,Consumer Staples,Food Chains
WMS,Advanced Drainage Systems Inc. Common Stock,$150.875,-2.145,-1.402%,11752496387.00,United States,2014,214638,Consumer Discretionary,Containers/Packaging
WMT,Walmart Inc. Common Stock,$129.955,-2.075,-1.572%,1036053567017.00,United States,,6200929,Consumer Discretionary,Department/Specialty Retail Stores
WNC,Wabash National Corporation Common Stock,$9.13,0.24,2.70%,371353319.00,United States,1991,144876,Industrials,Construction/Ag Equipment/Trucks
WNEB,Western New England Bancorp Inc. Common Stock,$13.95,0.21,1.528%,282611264.00,United States,,21243,Finance,Savings Institutions
WNW,Meiwu Technology Company Limited Ordinary Shares,$3.301,-0.349,-9.562%,4391885.00,China,2020,153842,Consumer Discretionary,Catalog/Specialty Distribution
WOK,WORK Medical Technology Group LTD Class A Ordinary Shares,$1.18,0.005,0.426%,2035033.00,China,2024,6931,Health Care,Medical/Dental Instruments
WOLF,Wolfspeed Inc. Common Stock New,$31.87,4.32,15.681%,1436974033.00,United States,2025,5210817,Technology,Semiconductors
WOOF,Petco Health and Wellness Company Inc. Class A Common Stock,$2.915,-0.075,-2.508%,939056832.00,United States,2021,379442,Consumer Discretionary,Other Specialty Stores
WOR,Worthington Enterprises Inc. Common Shares,$55.43,0.59,1.076%,2730093457.00,United States,,26280,Industrials,Steel/Iron Ore
WPC,W. P. Carey Inc. REIT,$73.135,-0.585,-0.794%,16037654794.00,United States,,382205,Real Estate,Real Estate Investment Trusts
WPM,Wheaton Precious Metals Corp Common Shares (Canada),$140.25,-1.30,-0.918%,63678683360.00,Canada,,869058,Basic Materials,Precious Metals
WPP,WPP plc American Depositary Shares,$17.64,-0.13,-0.732%,3806014726.00,Ireland,,154434,Consumer Discretionary,Advertising
WPRT,Westport Fuel Systems Inc Common Shares,$1.88,-0.22,-10.476%,32619889.00,Canada,2008,156040,Industrials,Industrial Machinery/Components
WRAP,Wrap Technologies Inc. Common Stock,$1.55,0.07,4.73%,86025084.00,United States,,75658,Industrials,Ordnance And Accessories
WRB,W.R. Berkley Corporation Common Stock,$67.03,-1.42,-2.075%,26142973302.00,United States,,716224,Finance,Property-Casualty Insurers
WRB^E,W.R. Berkley Corporation 5.70% Subordinated Debentures due 2058,$21.5506,-0.0094,-0.044%,,United States,,3764,,
WRB^F,W.R. Berkley Corporation 5.10% Subordinated Debentures due 2059,$19.50,0.00,0.00%,,United States,,5325,,
WRB^G,W.R. Berkley Corporation 4.25% Subordinated Debentures due 2060,$16.6678,0.0678,0.408%,,United States,,871,,
WRB^H,W.R. Berkley Corporation 4.125% Subordinated Debentures due 2061,$16.02,0.04,0.25%,,United States,,5785,,
WRBY,Warby Parker Inc. Class A Common Stock,$22.32,-0.14,-0.623%,2733034383.00,United States,2021,658789,Health Care,Ophthalmic Goods
WRD,WeRide Inc. American Depositary Shares,$7.885,0.215,2.803%,2243510416.00,China,2024,1048380,Technology,EDP Services
WRLD,World Acceptance Corporation Common Stock,$151.99,-0.09,-0.059%,750356239.00,United States,1991,129532,Finance,Finance: Consumer Services
WRN,Western Copper and Gold Corporation Common Stock,$2.77,0.01,0.362%,624991455.00,Canada,2011,575267,Basic Materials,Metal Mining
WS,Worthington Steel Inc. Common Shares,$36.75,0.92,2.568%,1867132922.00,United States,2023,25662,Industrials,Steel/Iron Ore
WSBC,WesBanco Inc. Common Stock,$33.875,-0.225,-0.66%,3255829874.00,United States,,181441,Finance,Major Banks
WSBCO,WesBanco Inc. Depositary Shares each representing 1/40th interest in a share of 7.375% Fixed-Rate Reset Non-Cumulative Perpetual Preferred Stock Series B,$25.69,0.015,0.058%,2469144486.00,United States,,2016,Finance,Major Banks
WSBF,Waterstone Financial Inc. Common Stock (MD),$17.87,-0.10,-0.556%,324550169.00,United States,2005,19800,Finance,Savings Institutions
WSBK,Winchester Bancorp Inc. Common Stock,$12.965,0.00,0.00%,0.00,United States,2025,506,,
WSC,WillScot Holdings Corporation Class A Common Stock,$22.505,0.015,0.067%,4073285251.00,United States,2015,1152676,Industrials,Misc Corporate Leasing Services
WSFS,WSFS Financial Corporation Common Stock,$70.29,0.14,0.20%,3673150223.00,United States,,225829,Finance,Major Banks
WSHP,WeShop Holdings Limited Class A Ordinary Shares,$10.4578,0.0978,0.944%,245169348.00,Jersey,,132431,Consumer Discretionary,Other Specialty Stores
WSM,Williams-Sonoma Inc. Common Stock (DE),$191.11,-1.28,-0.665%,22745157124.00,United States,,251843,Consumer Discretionary,Home Furnishings
WSO,Watsco Inc. Common Stock,$440.855,3.365,0.769%,17899985308.00,United States,,112098,Consumer Discretionary,Industrial Machinery/Components
WSO/B,Watsco Inc.,$368.33,0.00,0.00%,,United States,,4,,
WSR,Whitestone REIT Common Shares,$18.945,-0.015,-0.079%,973616401.00,United States,2010,130733,Real Estate,Real Estate Investment Trusts
WST,West Pharmaceutical Services Inc. Common Stock,$303.585,-6.115,-1.974%,21882895572.00,United States,,419294,Health Care,Medical/Dental Instruments
WSTN,Westin Acquisition Corp Class A Ordinary Share,$10.03,0.00,0.00%,80791650.00,Singapore,2025,1,,
WSTNR,Westin Acquisition Corp Right,$0.1602,-0.0248,-13.405%,1290411.00,Singapore,2025,5331,,
WSTNU,Westin Acquisition Corp Units,$10.19,0.00,0.00%,0.00,Singapore,2026,106,,
WT,WisdomTree Inc. Common Stock,$16.66,-0.25,-1.478%,2359334189.00,United States,2022,596564,Finance,Investment Bankers/Brokers/Service
WTBA,West Bancorporation Common Stock,$24.27,-0.21,-0.858%,411152852.00,United States,,12591,Finance,Major Banks
WTF,Waton Financial Limited Ordinary Shares,$3.35,-0.54,-13.882%,161595531.00,Hong Kong,2025,8386,Finance,Investment Bankers/Brokers/Service
WTFC,Wintrust Financial Corporation Common Stock,$149.23,-1.32,-0.877%,10063668279.00,United States,,167018,Finance,Major Banks
WTFCN,Wintrust Financial Corporation Depositary Shares Each Representing a 1/1000th Interest in a Share of 7.875% Fixed-Rate Reset Non-Cumulative Perpetual Preferred StocK,$26.39,0.03,0.114%,1779670347.00,United States,,1161,Finance,Major Banks
WTG,Wintergreen Acquisition Corp. Ordinary Shares,$10.29,0.00,0.00%,0.00,China,2025,68,Finance,Blank Checks
WTI,W&T Offshore Inc. Common Stock,$3.765,-0.035,-0.921%,560148033.00,United States,2005,2478375,Energy,Oil & Gas Production
WTM,White Mountains Insurance Group Ltd. Common Stock,$2262.00,-23.39,-1.023%,5602227540.00,United States,,3113,Finance,Property-Casualty Insurers
WTO,UTime Limited Class A Ordinary Shares,$2.29,0.0519,2.319%,3875708.00,China,2021,3293,Technology,Consumer Electronics/Appliances
WTRG,Essential Utilities Inc. Common Stock,$39.99,-0.34,-0.843%,11329314843.00,United States,,752620,Utilities,Water Supply
WTS,Watts Water Technologies Inc. Class A Common Stock,$301.655,-1.735,-0.572%,10070084612.00,United States,1986,89620,Industrials,Metal Fabrications
WTTR,Select Water Solutions Inc. Class A common stock,$16.84,0.07,0.417%,2325007780.00,United States,2017,685714,Energy,Oilfield Services/Equipment
WTW,Willis Towers Watson Public Limited Company Ordinary Shares,$286.575,-4.315,-1.483%,26996253669.00,United Kingdom,,212643,Finance,Specialty Insurers
WU,Western Union Company (The) Common Stock,$8.975,-0.355,-3.805%,2812920160.00,United States,,33606437,Real Estate,Real Estate
WULF,TeraWulf Inc. Common Stock,$20.32,-0.05,-0.245%,8846961427.00,United States,,20812501,Technology,EDP Services
WVE,Wave Life Sciences Ltd. Ordinary Shares,$7.155,-0.155,-2.12%,1376288849.00,Singapore,2015,927702,Health Care,Biotechnology: Pharmaceutical Preparations
WVVI,Willamette Valley Vineyards Inc. Common Stock,$2.7177,0.00,0.00%,13532866.00,United States,,320,Consumer Staples,Beverages (Production/Distribution)
WVVIP,Willamette Valley Vineyards Inc. Series A Redeemable Preferred Stock,$2.85,-0.01,-0.35%,14191658.00,United States,,410,Consumer Staples,Beverages (Production/Distribution)
WW,WW International Inc.  Common Stock,$9.82,0.53,5.705%,98165316.00,United States,,69749,Consumer Discretionary,Other Consumer Services
WWD,Woodward Inc. Common Stock,$366.90,-0.62,-0.169%,21873062336.00,United States,,183121,Energy,Industrial Machinery/Components
WWR,Westwater Resources Inc. Common Stock,$0.6775,-0.0025,-0.368%,84486250.00,United States,,557887,Basic Materials,Metal Mining
WWW,Wolverine World Wide Inc. Common Stock,$17.705,0.025,0.141%,1451473587.00,United States,,332152,Consumer Discretionary,Shoe Manufacturing
WXM,WF International Limited Ordinary Shares,$0.50,0.0101,2.062%,4310344.00,China,2025,4584,Consumer Discretionary,Engineering & Construction
WY,Weyerhaeuser Company Common Stock,$25.035,0.035,0.14%,18051301716.00,United States,,1503926,Real Estate,Real Estate Investment Trusts
WYFI,WhiteFiber Inc. Ordinary Shares,$16.795,0.075,0.449%,644346255.00,United States,2025,381748,Finance,Finance: Consumer Services
WYHG,Wing Yip Food Holdings Group Limited American Depositary Shares,$0.6889,0.1648,31.444%,34672976.00,China,2024,1807669,Consumer Staples,Specialty Foods
WYNN,Wynn Resorts Limited Common stock,$105.10,-0.51,-0.483%,10934960920.00,United States,2002,343009,Consumer Discretionary,Hotels/Resorts
WYY,WidePoint Corporation Common Stock,$4.75,-0.01,-0.21%,46440304.00,United States,,12429,Technology,EDP Services
XAIR,Beyond Air Inc. Common Stock,$0.5135,-0.0335,-6.124%,5406818.00,United States,,125686,Health Care,Medical/Dental Instruments
XBIO,Xenetic Biosciences Inc. Common Stock,$3.03,-0.10,-3.195%,6941900.00,United States,,4859,Health Care,Biotechnology: Pharmaceutical Preparations
XBIT,XBiotech Inc. Common Stock,$2.495,-0.035,-1.383%,76066889.00,United States,2015,7374,Health Care,Biotechnology: Pharmaceutical Preparations
XBP,XBP Global Holdings Inc. Common Stock,$2.74,-0.20,-6.803%,32244457.00,United States,2021,866,Technology,EDP Services
XBPEW,XBP Europe Holdings Inc. Warrant,$0.0691,-0.0007,-1.003%,813172.00,United States,2021,2368,Technology,EDP Services
XCBEU,X3 Acquisition Corp. Ltd. Unit,$10.005,-0.015,-0.15%,0.00,United States,2026,2005,Finance,Blank Checks
XCH,XCHG Limited American Depositary Share,$0.99,-0.04,-3.883%,58857023.00,Germany,2024,1737,Industrials,Electrical Products
XCUR,Exicure Inc. Common Stock,$3.50,-0.14,-3.846%,22308703.00,United States,,11336,Health Care,Biotechnology: Pharmaceutical Preparations
XE,X-Energy Inc. Class A Common Stock,$30.47,7.47,32.478%,0.00,United States,,8688867,,
XEL,Xcel Energy Inc. Common Stock,$78.895,-0.585,-0.736%,49243276217.00,United States,,1145675,Utilities,Power Generation
XELB,Xcel Brands Inc. Common Stock,$2.21,0.08,3.756%,13068817.00,United States,,12920,Miscellaneous,Multi-Sector Companies
XELLL,Xcel Energy Inc. 6.25% Junior Subordinated Notes Series due 2085,$24.72,0.11,0.447%,0.00,United States,,10102,Utilities,Power Generation
XENE,Xenon Pharmaceuticals Inc. Common Shares,$54.97,-0.44,-0.794%,5312455925.00,Canada,2014,238746,Health Care,Biotechnology: Pharmaceutical Preparations
XERS,Xeris Biopharma Holdings Inc. Common Stock,$6.03,0.08,1.345%,1039760679.00,United States,2018,480337,Health Care,Biotechnology: Pharmaceutical Preparations
XFLH,XFLH Capital Corporation Ordinary Shares,$9.92,0.00,0.00%,0.00,,2026,963,Finance,Blank Checks
XFLT,XAI Octagon Floating Rate & Alternative Income Trust Common Shares of Beneficial Interest,$18.165,0.125,0.693%,644285884.00,United States,2017,27176,Finance,Investment Managers
XFOR,X4 Pharmaceuticals Inc. Common Stock,$4.205,-0.075,-1.752%,382317322.00,United States,2017,256281,Health Care,Biotechnology: Biological Products (No Diagnostic Substances)
XGN,Exagen Inc. Common Stock,$2.70,0.02,0.746%,64943257.00,United States,2019,48845,Health Care,Medical Specialities
XHG,XChange TEC.INC American Depositary Shares ,$1.07,0.05,4.902%,55156281.00,China,2019,5298,Finance,Real Estate
XHLD,TEN Holdings Inc. Common Stock,$1.51,-0.06,-3.822%,6005939.00,United States,2025,5137,Real Estate,Real Estate
XHR,Xenia Hotels & Resorts Inc. Common Stock,$16.095,0.005,0.031%,1484696714.00,United States,2015,505308,Consumer Discretionary,Hotels/Resorts
XIFR,XPLR Infrastructure LP Common Units representing limited partner interests,$10.00,0.07,0.705%,942946700.00,United States,2014,259487,Utilities,Electric Utilities: Central
XLO,Xilio Therapeutics Inc. Common Stock,$8.33,-0.14,-1.653%,48168317.00,United States,2021,17802,Health Care,Biotechnology: Pharmaceutical Preparations
XMTR,Xometry Inc. Class A Common Stock,$47.795,0.915,1.952%,2476948345.00,United States,2021,151621,Real Estate,Real Estate
XNCR,Xencor Inc. Common Stock,$13.16,0.71,5.703%,965136529.00,United States,2013,292356,Health Care,Biotechnology: Pharmaceutical Preparations
XNDU,Xanadu Quantum Technologies Limited Class B Subordinate Voting Shares,$32.40,3.55,12.305%,9671768194.00,Canada,,2367247,Technology,Computer Manufacturing
XNET,Xunlei Limited American Depositary Shares,$6.44,0.08,1.258%,2008380532.00,China,2014,70177,Technology,Computer Software: Prepackaged Software
XOM,Exxon Mobil Corporation Common Stock,$147.44,-3.09,-2.053%,614347603510.00,United States,,4504311,Energy,Integrated oil Companies
XOMA,XOMA Royalty Corporation Common Stock,$38.10,0.21,0.554%,453989313.00,United States,1986,33634,Health Care,Biotechnology: Pharmaceutical Preparations
XOMAO,XOMA Royalty Corporation Depositary Shares Rep Series B 8.375% Cumulative Preferred Stock,$25.3601,-0.1799,-0.704%,302184104.00,United States,,885,Health Care,Biotechnology: Pharmaceutical Preparations
XOMAP,XOMA Royalty Corporation 8.625% Series A Cumulative Perpetual Preferred Stock,$25.9232,0.00,0.00%,308893852.00,United States,,18,Health Care,Biotechnology: Pharmaceutical Preparations
XOS,Xos Inc. Common Stock,$1.71,0.005,0.293%,20490292.00,United States,2020,1918,Consumer Discretionary,Auto Parts:O.E.M.
XOSWW,Xos Inc. Warrants,$0.0029,0.0003,11.538%,34750.00,United States,2020,500,Consumer Discretionary,Auto Parts:O.E.M.
XP,XP Inc. Class A Common Stock,$19.605,-0.025,-0.127%,10166508466.00,Brazil,2019,1202918,Finance,Investment Bankers/Brokers/Service
XPEL,XPEL Inc. Common Stock,$46.79,-0.05,-0.107%,1291599723.00,United States,,28956,Industrials,Industrial Specialties
XPER,Xperi Inc. Common Stock ,$6.54,0.11,1.711%,307182499.00,United States,2022,40417,Technology,Computer Software: Prepackaged Software
XPEV,XPeng Inc. American depositary shares each representing two Class A ordinary shares,$16.32,0.42,2.642%,15599134176.00,China,2020,3459753,Industrials,Auto Manufacturing
XPL,Solitario Resources Corp. Common Stock,$0.8673,0.0093,1.084%,79978058.00,United States,,61671,Basic Materials,Precious Metals
XPO,XPO Inc. Common Stock,$225.57,0.81,0.36%,26483794291.00,United States,,236152,Consumer Discretionary,Transportation Services
XPOF,Xponential Fitness Inc. Class A Common Stock,$6.73,-0.02,-0.296%,330106500.00,United States,2021,55004,Consumer Discretionary,Services-Misc. Amusement & Recreation
XPON,Expion360 Inc. Common Stock,$0.6969,-0.0027,-0.386%,7558671.00,United States,2022,60840,Miscellaneous,Industrial Machinery/Components
XPRO,Expro Group Holdings N.V. Common Stock,$17.50,0.42,2.459%,1990897318.00,United States,2013,263762,Energy,Oilfield Services/Equipment
XRAY,DENTSPLY SIRONA Inc. Common Stock,$11.89,-0.01,-0.084%,2375019569.00,United States,1987,956429,Health Care,Medical/Dental Instruments
XRN,Chiron Real Estate Inc. Common Stock,$35.66,0.53,1.509%,471954038.00,United States,2016,24480,Real Estate,Real Estate Investment Trusts
XRN^A,Chiron Real Estate Inc. Series A Cumulative Redeemable Preferred Stock,$24.29,0.19,0.788%,,United States,,224,,
XRN^B,Chiron Real Estate Inc. 8.00% Series B Cumulative Redeemable Preferred Stock $0.001 par value per share,$24.725,-0.095,-0.383%,,United States,,506,,
XRPN,Armada Acquisition Corp. II Class A Ordinary Shares,$10.335,0.00,0.00%,0.00,United States,2025,17457,Finance,Blank Checks
XRPNU,Armada Acquisition Corp. II Units,$10.61,0.00,0.00%,0.00,United States,2025,45,Finance,Blank Checks
XRPNW,Armada Acquisition Corp. II Warrant,$0.66,0.0353,5.651%,0.00,United States,2025,20208,Finance,Blank Checks
XRTX,XORTX Therapeutics Inc. Common Shares,$3.10,0.33,11.913%,4316576.00,Canada,,313228,Health Care,Biotechnology: Pharmaceutical Preparations
XRX,Xerox Holdings Corporation Common Stock,$1.595,-0.075,-4.491%,208588124.00,United States,,1808898,Technology,Computer peripheral equipment
XRXDW,Xerox Holdings Corporation Warrants,$0.1201,-0.0001,-0.083%,15706228.00,United States,,30573,Technology,Computer peripheral equipment
XSLL,Xsolla SPAC 1 Class A Ordinary Shares,$9.85,0.00,0.00%,0.00,United States,2026,55803,Finance,Blank Checks
XSLLU,Xsolla SPAC 1 Units,$9.9892,0.00,0.00%,0.00,United States,2026,2,Finance,Blank Checks
XSLLW,Xsolla SPAC 1 Warrants,$0.1711,-0.0188,-9.90%,0.00,United States,2026,102,Finance,Blank Checks
XTIA,XTI Aerospace Inc. Common Stock,$2.05,0.03,1.485%,78868018.00,United States,2014,717549,Technology,EDP Services
XTLB,XTL Biopharmaceuticals Ltd. American Depositary Shares,$2.43,-0.015,-0.613%,5748427.00,Israel,,4151,Health Care,Biotechnology: Pharmaceutical Preparations
XTNT,Xtant Medical Holdings Inc. Common Stock,$0.5232,0.0136,2.669%,73283714.00,United States,,117885,Health Care,Biotechnology: Biological Products (No Diagnostic Substances)
XWEL,XWELL Inc. Common Stock,$1.22,0.08,7.018%,9670655.00,United States,,112539,Consumer Discretionary,Other Consumer Services
XWIN,XMAX Inc. Common Stock,$7.245,0.005,0.069%,342009115.00,United States,,586519,Consumer Discretionary,Home Furnishings
XXI,Twenty One Capital Inc. Class A Common Stock,$7.865,0.065,0.833%,5123189523.00,,2025,277843,Finance,Finance: Consumer Services
XXII,22nd Century Group Inc. Common Stock,$1.72,0.01,0.585%,1240701.00,United States,,64844,Health Care, Medicinal Chemicals and Botanical Products 
XYF,X Financial American Depositary Shares each representing six Class A Ordinary Shares,$4.97,0.02,0.404%,209780688.00,Cayman Islands,2018,19744,Finance,Finance: Consumer Services
XYL,Xylem Inc. Common Stock New,$121.36,-0.33,-0.271%,29507640911.00,United States,2011,864755,Industrials,Fluid Controls
XYZ,Block Inc. Class A Common Stock,$70.915,0.985,1.409%,42484892840.00,United States,2015,1541145,Technology,Computer Software: Prepackaged Software
XZO,Exzeo Group Inc. Common Stock,$16.66,0.30,1.834%,1514619576.00,,2025,42270,Finance,Property-Casualty Insurers
YAAS,Youxin Technology Ltd Class A Ordinary shares,$0.925,-0.015,-1.596%,4290335.00,China,2024,11642,Technology,Computer Software: Prepackaged Software
YALA,Yalla Group Limited American Depositary Shares each representing one Class A Ordinary Share,$6.53,-0.07,-1.061%,991443285.00,United Arab Emirates,2020,161918,Technology,Computer Software: Programming Data Processing
YB,Yuanbao Inc. American Depositary Shares,$16.85,-0.50,-2.882%,776451387.00,China,2025,14761,Finance,Specialty Insurers
YCBD,cbdMD Inc. Common Stock,$0.9741,-0.0359,-3.554%,10223726.00,United States,2017,1668729,Consumer Discretionary,Package Goods/Cosmetics
YCY,AA Mission Acquisition Corp. II Class A Ordinary Shares,$10.09,0.00,0.00%,0.00,,2025,1,,
YDDL,One and One Green Technologies. Inc Class A Ordinary Shares,$4.64,-0.12,-2.521%,252880000.00,Philippines,2025,128103,Consumer Discretionary,Industrial Specialties
YDES,YD Bio Limited Ordinary Shares,$5.32,0.075,1.43%,375173630.00,United States,,3489,Health Care,Medical Specialities
YDESW,YD Bio Limited Warrants,$0.4005,-0.0387,-8.811%,28243804.00,United States,,1271,Health Care,Medical Specialities
YDKG,Yueda Digital Holding Class A Ordinary Share,$0.8932,-0.0093,-1.03%,4950314.00,China,2007,16850,Consumer Discretionary,Advertising
YELP,Yelp Inc. Common Stock,$28.45,0.13,0.459%,1588454256.00,United States,2012,172175,Consumer Discretionary,Other Consumer Services
YETI,YETI Holdings Inc. Common Stock,$40.115,0.195,0.488%,3036450449.00,United States,2018,289577,Consumer Discretionary,Recreational Games/Products/Toys
YEXT,Yext Inc. Common Stock,$3.80,0.03,0.796%,468711486.00,United States,2017,426384,Technology,EDP Services
YHC,LQR House Inc. Common Stock,$0.8925,0.0035,0.394%,19074203.00,United States,2023,8501,Consumer Staples,Beverages (Production/Distribution)
YHGJ,Yunhong Green CTI Ltd. Common Stock,$2.6919,0.00,0.00%,6991841.00,United States,,31,Industrials,Specialty Chemicals
YHNA,YHN Acquisition I Limited Ordinary Shares,$10.78,0.00,0.00%,0.00,Hong Kong,2024,1,,
YHNAR,YHN Acquisition I Limited Right,$0.1301,0.0201,18.273%,0.00,Hong Kong,2024,26103,,
YI,111 Inc. American Depositary Shares,$6.83,0.00,0.00%,59198588.00,China,2018,51,Consumer Staples,Retail-Drug Stores and Proprietary Stores
YIBO,Planet Image International Limited Class A Ordinary Shares,$1.01,-0.01,-0.98%,59826563.00,China,2024,1767,Industrials,Industrial Machinery/Components
YJ,Yunji Inc. American Depository Shares,$1.84,-0.02,-1.075%,9062994.00,China,2019,7468,Consumer Discretionary,Other Specialty Stores
YMAT,J-Star Holding Co. Ltd. Class A Ordinary Shares,$0.25,-0.0094,-3.624%,4253222.00,Taiwan,2025,4307,Consumer Discretionary,Recreational Games/Products/Toys
YMM,Full Truck Alliance Co. Ltd. American Depositary Shares (each representing 20 Class A Ordinary Shares),$8.5999,0.0999,1.175%,8922777475.00,China,2021,1557086,Technology,Computer Software: Prepackaged Software
YMT,Yimutian Inc. American Depositary Shares,$0.1929,-0.0037,-1.882%,22063337.00,China,2025,355574,Technology,EDP Services
YOOV,Concorde International Group Ltd Class A Ordinary Shares,$1.5787,-0.0613,-3.738%,42601958.00,Singapore,2025,11583,Consumer Discretionary,Diversified Commercial Services
YORW,York Water Company (The) Common Stock,$30.08,-0.10,-0.331%,434612324.00,United States,,37452,Utilities,Water Supply
YOU,Clear Secure Inc. Class A Common Stock,$54.07,0.32,0.595%,7227065842.00,United States,2021,240154,Technology,Computer Software: Prepackaged Software
YOUL,Youlife Group Inc. American Depositary Shares,$0.9336,-0.0155,-1.633%,70998973.00,China,,3254,Real Estate,Other Consumer Services
YPF,YPF Sociedad Anonima Common Stock,$42.26,-1.05,-2.424%,16621398632.00,Argentina,1993,609435,Energy,Integrated oil Companies
YQ,17 Education & Technology Group Inc. American Depositary Shares,$2.41,-0.18,-6.95%,21332621.00,China,2020,5730,Real Estate,Other Consumer Services
YRD,Yiren Digital Ltd. American Depositary Shares each representing two ordinary shares,$2.07,-0.01,-0.481%,178861422.00,China,2015,9525,Finance,Finance: Consumer Services
YSG,Yatsen Holding Limited American Depositary Shares each representing twenty (20) Class A Ordinary Shares,$2.89,-0.10,-3.344%,271221512.00,China,,110964,Consumer Discretionary,Package Goods/Cosmetics
YSS,York Space Systems Inc. Common Stock,$33.25,-2.46,-6.889%,4243006399.00,,2026,1557894,Industrials,Military/Government/Technical
YSWY,Yesway Inc. Class A Common Stock,$21.77,0.07,0.323%,1319481703.00,United States,2026,200758,Consumer Staples,Food Chains
YSXT,YSX Tech. Co. Ltd Class A Ordinary Shares,$1.2401,0.0001,0.008%,29064844.00,China,2024,56011,Consumer Discretionary,Automotive Aftermarket
YTRA,Yatra Online Inc. Ordinary Shares,$0.9976,-0.0224,-2.196%,61906816.00,India,,17766,Consumer Discretionary,Transportation Services
YUM,Yum! Brands Inc.,$159.775,-0.955,-0.594%,44125585013.00,United States,,299586,Consumer Discretionary,Restaurants
YUMC,Yum China Holdings Inc. Common Stock,$48.99,0.95,1.978%,17205151465.00,United States,2016,535238,Consumer Discretionary,Restaurants
YXT,YXT.COM GROUP HOLDING LIMITED American Depository Shares,$0.6094,-0.0164,-2.621%,36610029.00,China,2024,74806,Technology,Computer Software: Prepackaged Software
YYAI,AiRWA Inc. Common Stock,$0.8225,-0.0005,-0.061%,34662150.00,United States,,218231,Consumer Discretionary,Recreational Games/Products/Toys
YYGH,YY Group Holding Limited Class A Ordinary Shares,$1.33,-0.12,-8.276%,8461096.00,Singapore,2024,92142,Consumer Discretionary,Professional Services
Z,Zillow Group Inc. Class C Capital Stock,$45.235,0.735,1.652%,10362572445.00,United States,,1043790,Real Estate,Real Estate
ZBAI,ATIF Holdings Limited Ordinary Shares,$9.27,0.01,0.108%,95604968.00,United States,2019,2175,Consumer Discretionary,Professional Services
ZBAO,Zhibao Technology Inc. Class A Ordinary Shares,$0.6901,-0.0297,-4.126%,33300496.00,China,2024,4730,Finance,Specialty Insurers
ZBH,Zimmer Biomet Holdings Inc. Common Stock,$90.06,-2.38,-2.575%,17432831525.00,United States,,908608,Health Care,Industrial Specialties
ZBIO,Zenas BioPharma Inc. Common Stock,$18.39,-0.10,-0.541%,1055053499.00,United States,2024,252309,Health Care,Biotechnology: Pharmaceutical Preparations
ZBRA,Zebra Technologies Corporation Class A Common Stock,$226.81,-0.06,-0.026%,10969123120.00,United States,1991,224615,Industrials,Industrial Machinery/Components
ZCMD,Zhongchao Inc. Class A Ordinary Shares,$2.05,-0.005,-0.243%,7902213.00,China,2020,586,Real Estate,Other Consumer Services
ZD,Ziff Davis Inc. Common Stock,$46.505,-0.465,-0.99%,1759612475.00,United States,,122713,Telecommunications,Telecommunications Equipment
ZDAI,DirectBooking Technology Co. Ltd. Class A Ordinary Shares,$2.45,-0.04,-1.606%,19707188.00,Hong Kong,2024,23557,Consumer Discretionary,General Bldg Contractors - Nonresidential Bldgs
ZDGE,Zedge Inc. Class B Common Stock ,$3.125,-0.005,-0.16%,40755925.00,,2016,17683,Technology,Computer Software: Prepackaged Software
ZENA,ZenaTech Inc. Common Stock,$2.095,0.005,0.239%,117971304.00,Canada,,680387,Technology,Computer Software: Prepackaged Software
ZEO,Zeo Energy Corporation Class A Common Stock,$0.8855,-0.0186,-2.057%,51335744.00,United States,2021,51939,Miscellaneous,Industrial Machinery/Components
ZEOWW,Zeo Energy Corporation Warrants,$0.0491,-0.0023,-4.475%,2846510.00,United States,2021,7750,Miscellaneous,Industrial Machinery/Components
ZEPP,Zepp Health Corporation American depositary shares each representing sixteen Class A ordinary shares,$16.335,-0.185,-1.12%,234702293.00,China,,29600,Technology,Computer Manufacturing
ZETA,Zeta Global Holdings Corp. Class A Common Stock,$17.245,0.155,0.907%,4209911482.00,United States,2021,1787626,Technology,Computer Software: Prepackaged Software
ZG,Zillow Group Inc. Class A Common Stock,$45.39,0.89,2.00%,10398080320.00,United States,2011,273212,Real Estate,Real Estate
ZGN,Ermenegildo Zegna N.V. Ordinary Shares,$11.86,-0.10,-0.836%,3182180913.00,,2021,457366,Consumer Discretionary,Apparel
ZH,Zhihu Inc. American Depositary Shares each representing three (3) Class A Ordinary Shares,$3.3723,-0.0877,-2.535%,297386417.00,China,,88195,Real Estate,Real Estate
ZIM,ZIM Integrated Shipping Services Ltd. Ordinary Shares,$26.02,-0.06,-0.23%,3134522926.00,,2021,437772,Consumer Discretionary,Marine Transportation
ZION,Zions Bancorporation N.A. Common Stock,$61.68,-0.95,-1.517%,9071218140.00,United States,,355572,Finance,Major Banks
ZIONP,Zions Bancorporation N.A. Depositary Shares (Each representing 1/40th Interest in a Share of Series A Floating-Rate Non-Cumulative Perpetual Preferred Stock),$19.16,0.00,0.00%,2817842730.00,United States,,2412,Finance,Major Banks
ZIP,ZipRecruiter Inc. Class A Common Stock,$2.925,0.065,2.273%,417595739.00,United States,2021,127867,Technology,Computer Software: Programming Data Processing
ZJK,ZJK Industrial Co. Ltd. Class A Ordinary Shares,$2.51,-0.05,-1.953%,154066935.00,China,2024,4415,Industrials,Metal Fabrications
ZJYL,JIN MEDICAL INTERNATIONAL LTD. Class A Ordinary Shares,$2.265,0.11,5.104%,17728959.00,China,2023,3833,Health Care,Industrial Specialties
ZKH,ZKH Group Limited American Depositary Shares each representing thirty-five (35) Class A Ordinary Shares,$3.00,0.00,0.00%,479440596.00,Cayman Islands,2023,91138,Consumer Discretionary,RETAIL: Building Materials
ZKIN,ZK International Group Co. Ltd Ordinary Share,$1.69,0.0793,4.923%,29190201.00,China,2017,5479,Industrials,Metal Fabrications
ZKP,Lafayette Digital Acquisition Corp. I Class A Ordinary Shares,$9.90,-0.0395,-0.397%,0.00,United States,2026,6468,Finance,Blank Checks
ZKPW,Lafayette Digital Acquisition Corp. I Warrant,$0.265,0.0151,6.042%,0.00,United States,2026,251682,Finance,Blank Checks
ZLAB,Zai Lab Limited American Depositary Shares,$22.91,1.03,4.707%,2574024321.00,China,2017,171085,Health Care,Biotechnology: Pharmaceutical Preparations
ZM,Zoom Communications Inc. Class A Common Stock,$92.41,2.40,2.666%,27230166935.00,United States,2019,2044802,Technology,Computer Software: Programming Data Processing
ZNB,Zeta Network Group Class A Ordinary Shares,$1.59,-0.11,-6.471%,2513467.00,United States,,23433,Consumer Discretionary,Engineering & Construction
ZNTL,Zentalis Pharmaceuticals Inc. Common Stock,$3.985,0.095,2.442%,282660099.00,United States,2020,428984,Health Care,Biotechnology: Pharmaceutical Preparations
ZONE,CleanCore Solutions Inc. Class B Common Stock,$0.2969,-0.0035,-1.165%,62514144.00,,2024,599338,Industrials,Industrial Machinery/Components
ZOOZ,ZOOZ Strategy Ltd. Ordinary Shares,$0.3148,-0.0022,-0.694%,51004677.00,Israel,,142561,Technology,Industrial Machinery/Components
ZOOZW,ZOOZ Strategy Ltd. Warrant,$0.027,0.00,0.00%,4374607.00,Israel,,1109,Technology,Industrial Machinery/Components
ZS,Zscaler Inc. Common Stock,$131.98,-0.99,-0.745%,21221156982.00,United States,2018,866443,Technology,EDP Services
ZSPC,zSpace Inc. Common stock,$0.4811,-0.0889,-15.596%,1462194.00,United States,2024,1800400,Technology,Computer Software: Prepackaged Software
ZSTK,ZeroStack Corp. Common Stock,$7.2957,-0.1143,-1.543%,17734446.00,Canada,2021,9663,Health Care,Biotechnology: Pharmaceutical Preparations
ZTEK,Zentek Ltd. Common Stock,$0.47,-0.0103,-2.144%,50545471.00,Canada,,49662,Industrials,Major Chemicals
ZTG,Zenta Group Company Limited Class A Ordinary Shares,$2.23,-0.03,-1.327%,26333711.00,Macau,2025,67701,Consumer Discretionary,Professional Services
ZTO,ZTO Express (Cayman) Inc. American Depositary Shares each representing one Class A ordinary share.,$25.745,0.235,0.921%,19821093341.00,China,2016,468509,Industrials,Trucking Freight/Courier Services
ZTR,Virtus Total Return Fund Inc.,$6.795,-0.005,-0.074%,0.00,United States,1988,91469,Finance,Investment Managers
ZTS,Zoetis Inc. Class A Common Stock,$115.90,-0.16,-0.138%,48752176464.00,United States,2013,1497796,Health Care,Biotechnology: Pharmaceutical Preparations
ZUMZ,Zumiez Inc. Common Stock,$24.79,0.15,0.609%,420677624.00,United States,2005,33292,Consumer Discretionary,Clothing/Shoe/Accessory Stores
ZURA,Zura Bio Limited Class A Ordinary Shares,$5.22,-0.30,-5.435%,495277306.00,Cayman Islands,,176710,Health Care,Biotechnology: Biological Products (No Diagnostic Substances)
ZVIA,Zevia PBC Class A Common Stock,$1.29,0.01,0.781%,96880889.00,United States,2021,151345,Consumer Staples,Beverages (Production/Distribution)
ZVRA,Zevra Therapeutics Inc. Common Stock,$9.92,-0.19,-1.879%,586419312.00,United States,,250996,Health Care,Biotechnology: Pharmaceutical Preparations
ZWS,Zurn Elkay Water Solutions Corporation Common Stock,$52.57,-0.19,-0.36%,8772456466.00,United States,2012,311811,Industrials,Industrial Machinery/Components
ZYBT,Zhengye Biotechnology Holding Limited Class A Ordinary Shares,$0.9202,0.0001,0.011%,43609544.00,China,2025,5357,Health Care,Biotechnology: Pharmaceutical Preparations
ZYME,Zymeworks Inc. Common Stock,$28.15,0.72,2.625%,2076051437.00,United States,,184702,Health Care,Biotechnology: Pharmaceutical Preparations
